"crash_record_id","crash_date_est_i","crash_date","posted_speed_limit","traffic_control_device","device_condition","weather_condition","lighting_condition","first_crash_type","trafficway_type","lane_cnt","alignment","roadway_surface_cond","road_defect","report_type","crash_type","intersection_related_i","private_property_i","hit_and_run_i","damage","date_police_notified","prim_contributory_cause","sec_contributory_cause","street_no","street_direction","street_name","beat_of_occurrence","photos_taken_i","statements_taken_i","dooring_i","work_zone_i","work_zone_type","workers_present_i","num_units","most_severe_injury","injuries_total","injuries_fatal","injuries_incapacitating","injuries_non_incapacitating","injuries_reported_not_evident","injuries_no_indication","injuries_unknown","crash_hour","crash_day_of_week","crash_month","latitude","longitude","location"
"f0111043802bae898fdeedc0a253d8df0f4faa7d73eb727c0f84e910ec244544266b07e2f0328259944e89aac101a0767dcf1cae6e678b18b008acf5a65a6763",,"2025-01-31T18:00:00.000","30","NO CONTROLS","NO CONTROLS","RAIN","DARKNESS","REAR END","NOT DIVIDED",,"STRAIGHT AND LEVEL","WET","UNKNOWN","ON SCENE","INJURY AND / OR TOW DUE TO CRASH",,,,"OVER $1,500","2025-01-31T18:01:00.000","FAILING TO REDUCE SPEED TO AVOID CRASH","NOT APPLICABLE","2610","N","PULASKI RD","2524",,,,,,,"3","NO INDICATION OF INJURY","0","0","0","0","0","3","0","18","6","1","41.9284989544","-87.7270323012","POINT (-87.727032301182 41.928498954449)"
"465a477f6d73c01dcdc76d42e98186d7d983a085046817531f4ded356847b7c41b214c728d2317b607430a421692695e4d6e4cd9147e3237d55cfe7fae1c3d1a",,"2025-01-31T17:53:00.000","30","NO CONTROLS","NO CONTROLS","CLEAR","DARKNESS, LIGHTED ROAD","SIDESWIPE OPPOSITE DIRECTION","ONE-WAY",,"STRAIGHT AND LEVEL","WET","NO DEFECTS","ON SCENE","NO INJURY / DRIVE AWAY",,,"Y","OVER $1,500","2025-01-31T17:54:00.000","IMPROPER BACKING","NOT APPLICABLE","5243","S","RICHMOND ST","923",,,,,,,"2","NO INDICATION OF INJURY","0","0","0","0","0","3","0","17","6","1","41.7978209053","-87.6974307952","POINT (-87.697430795226 41.797820905329)"
"b70a0e9efdc7b45a1e74d04eb3bda5015af0decc6d3f4ee1d809c50e2df9761307b6ce99d64f023184b49448ad5b30999d871be5be7ba3d8683e97a0a7624f56",,"2025-01-31T17:47:00.000","30","TRAFFIC SIGNAL","FUNCTIONING PROPERLY","CLEAR","DARKNESS","TURNING","NOT DIVIDED",,"STRAIGHT AND LEVEL","DRY","UNKNOWN","ON SCENE","NO INJURY / DRIVE AWAY",,,"Y","OVER $1,500","2025-01-31T17:49:00.000","UNABLE TO DETERMINE","UNABLE TO DETERMINE","5531","N","NAGLE AVE","1622",,,,,,,"2","NO INDICATION OF INJURY","0","0","0","0","0","5","0","17","6","1","41.9820111293","-87.7876050701","POINT (-87.787605070098 41.982011129306)"
"902c875046317f933b2c545d24712524faf6ec3b3d33c2f31b93bb00bc2c44114c2d779f67fe7e7930c1516c0f0cf27925b95a026b2062c07769bcebc868907f",,"2025-01-31T17:45:00.000","30","NO CONTROLS","NO CONTROLS","UNKNOWN","UNKNOWN","PARKED MOTOR VEHICLE","ONE-WAY",,"STRAIGHT AND LEVEL","UNKNOWN","UNKNOWN","NOT ON SCENE (DESK REPORT)","NO INJURY / DRIVE AWAY",,,,"$501 - $1,500","2025-01-31T18:51:00.000","UNABLE TO DETERMINE","UNABLE TO DETERMINE","4448","W","VAN BUREN ST","1131",,,,,,,"2","NO INDICATION OF INJURY","0","0","0","0","0","1","0","17","6","1","41.8752299927","-87.7372338951","POINT (-87.737233895142 41.875229992713)"
"9b046545ad1a45d84a67213cebb9388f4e8dcfa6bbc784403ec6dc13b98a705aa833dc747a42a481fb976b39482d9345318fb0e4d52d12a268ad9dafc70d4047",,"2025-01-31T17:45:00.000","35","UNKNOWN","UNKNOWN","UNKNOWN","UNKNOWN","SIDESWIPE SAME DIRECTION","UNKNOWN",,"STRAIGHT AND LEVEL","UNKNOWN","UNKNOWN","NOT ON SCENE (DESK REPORT)","NO INJURY / DRIVE AWAY",,,,"OVER $1,500","2025-01-31T18:15:00.000","UNABLE TO DETERMINE","UNABLE TO DETERMINE","3779","S","ARCHER AVE","911",,,,,,,"2","NO INDICATION OF INJURY","0","0","0","0","0","2","0","17","6","1","41.8247460139","-87.6866619693","POINT (-87.686661969262 41.824746013862)"
"a6de3400efdd5bcdedc22ff0614fa299765bf4f830d25b76150d1ab16353f90f5474ad6e60396d888ed655873381ed1567589ab7c6373fa50b90e27c159657c0",,"2025-01-31T17:45:00.000","5","NO CONTROLS","NO CONTROLS","RAIN","DARKNESS, LIGHTED ROAD","PARKED MOTOR VEHICLE","PARKING LOT",,"STRAIGHT AND LEVEL","WET","NO DEFECTS","ON SCENE","NO INJURY / DRIVE AWAY",,,,"OVER $1,500","2025-01-31T17:49:00.000","DRIVING SKILLS/KNOWLEDGE/EXPERIENCE","UNABLE TO DETERMINE","1","W","PARKING LOT D ST","1654",,,,,,,"2","NO INDICATION OF INJURY","0","0","0","0","0","1","0","17","6","1",,,
"578e3d582defc51983487de0d6b4b6125d6b5aa316db6285211c5b546cc764167603614d0a99975ab04572358e10b8da1b4616571c456bbed8fab2c4a1f04a1e",,"2025-01-31T17:44:00.000","30","TRAFFIC SIGNAL","FUNCTIONING PROPERLY","CLEAR","DARKNESS, LIGHTED ROAD","PEDESTRIAN","T-INTERSECTION",,"STRAIGHT AND LEVEL","DRY","NO DEFECTS","ON SCENE","INJURY AND / OR TOW DUE TO CRASH","Y",,,"$500 OR LESS","2025-01-31T17:46:00.000","FAILING TO YIELD RIGHT-OF-WAY","FAILING TO YIELD RIGHT-OF-WAY","5201","W","ROSCOE ST","1634",,,,,,,"2","NONINCAPACITATING INJURY","1","0","0","1","0","1","0","17","6","1","41.9422399086","-87.7569268541","POINT (-87.756926854124 41.942239908646)"
"59a59cce4265cbc0f820d489cc12eae470ca5bf0b11133c80f94c1e9be6fae9ff991f4392ebd06aad93031cd90547999d27cd7596eb329628cae874f6be730b4",,"2025-01-31T17:41:00.000","35","NO CONTROLS","NO CONTROLS","RAIN","DARKNESS","PARKED MOTOR VEHICLE","NOT DIVIDED",,"STRAIGHT AND LEVEL","WET","NO DEFECTS","ON SCENE","NO INJURY / DRIVE AWAY",,,,"OVER $1,500","2025-01-31T17:41:00.000","IMPROPER BACKING","WEATHER","2341","W","70TH ST","832",,"Y",,,,,"2","NO INDICATION OF INJURY","0","0","0","0","0","1","0","17","6","1","41.7664192303","-87.6824040244","POINT (-87.682404024398 41.766419230311)"
"fed592110b33ddba5ef8b7132c21c7bb7bd0c053238d421c8f38a60d453cc2107e197b0e9d46b44c44a94bea71562a742fbe0ade1a2a0b7d90d8a6488371751d",,"2025-01-31T17:39:00.000","30","STOP SIGN/FLASHER","FUNCTIONING PROPERLY","CLEAR","DARKNESS, LIGHTED ROAD","PEDESTRIAN","T-INTERSECTION",,"STRAIGHT AND LEVEL","DRY","NO DEFECTS","ON SCENE","INJURY AND / OR TOW DUE TO CRASH",,,"Y","$500 OR LESS","2025-01-31T17:45:00.000","IMPROPER TURNING/NO SIGNAL","NOT APPLICABLE","5200","S","DR MARTIN LUTHER KING JR DR","231",,,,,,,"2","NONINCAPACITATING INJURY","1","0","0","1","0","2","0","17","6","1","41.8001398169","-87.6162607332","POINT (-87.616260733229 41.800139816872)"
"b1172711be79440e0cd54acd85b6d07346bfefc41dfb7ef53825381034a077076e0362f840151c73f05e7351a8754ad366be6fd68da478dc6ff8138cfdfe57e2",,"2025-01-31T17:35:00.000","30","NO CONTROLS","NO CONTROLS","CLEAR","DARKNESS, LIGHTED ROAD","SIDESWIPE SAME DIRECTION","NOT DIVIDED",,"STRAIGHT AND LEVEL","DRY","NO DEFECTS","NOT ON SCENE (DESK REPORT)","NO INJURY / DRIVE AWAY",,,,"$501 - $1,500","2025-01-31T19:55:00.000","IMPROPER OVERTAKING/PASSING","NOT APPLICABLE","515","N","DEARBORN ST","1831",,,,,,,"2","NO INDICATION OF INJURY","0","0","0","0","0","3","0","17","6","1","41.8913884853","-87.62949496","POINT (-87.629494959988 41.891388485281)"
"b65dc062139f3e009626af0ae28cb5d6c43e7a63cb6493edbd5f76b5f5b1cb237980127687b88386d7f89a8604ce4a6cf34dd126a08192b35ded6a1b8028c118",,"2025-01-31T17:35:00.000","30","NO CONTROLS","NO CONTROLS","CLEAR","DARKNESS","SIDESWIPE SAME DIRECTION","PARKING LOT",,"STRAIGHT AND LEVEL","WET","NO DEFECTS","ON SCENE","NO INJURY / DRIVE AWAY",,,"Y","OVER $1,500","2025-01-31T17:53:00.000","IMPROPER BACKING","UNABLE TO DETERMINE","3220","W","111TH ST","2211",,,,,,,"2","NO INDICATION OF INJURY","0","0","0","0","0","3","0","17","6","1","41.6916649245","-87.7017536658","POINT (-87.701753665789 41.691664924456)"
"0e5c601609b9c51ccde6a5a5f029ef374f24587c0e125c08b780aebab1a5b041e5f62db2ac75610190f30205dc8f144d43160040350c464c35e09a898518231d",,"2025-01-31T17:30:00.000","30","UNKNOWN","UNKNOWN","CLEAR","DARKNESS, LIGHTED ROAD","PARKED MOTOR VEHICLE","PARKING LOT",,"STRAIGHT AND LEVEL","UNKNOWN","UNKNOWN","NOT ON SCENE (DESK REPORT)","NO INJURY / DRIVE AWAY",,,"Y","OVER $1,500","2025-02-04T16:50:00.000","UNABLE TO DETERMINE","UNABLE TO DETERMINE","1609","W","WARREN BLVD","1224",,,,,,,"2","NO INDICATION OF INJURY","0","0","0","0","0","1","0","17","6","1","41.8822632053","-87.6672691551","POINT (-87.667269155059 41.882263205305)"
"241e844a20e1985dcde8093430ab987e8d4825189c08ea39bedbe0c1af83626eef8ed75ce5c2584bd54fd517b276b0ba99834b86784018d98576e6ee9857b46d",,"2025-01-31T17:30:00.000","30","STOP SIGN/FLASHER","FUNCTIONING PROPERLY","CLEAR","DARKNESS, LIGHTED ROAD","ANGLE","DIVIDED - W/MEDIAN (NOT RAISED)",,"STRAIGHT AND LEVEL","WET","UNKNOWN","NOT ON SCENE (DESK REPORT)","NO INJURY / DRIVE AWAY",,,"Y","OVER $1,500","2025-01-31T17:40:00.000","FAILING TO YIELD RIGHT-OF-WAY","NOT APPLICABLE","1132","N","CALIFORNIA AVE","1211",,,,,,,"2","NO INDICATION OF INJURY","0","0","0","0","0","2","0","17","6","1","41.9020745437","-87.6970056004","POINT (-87.697005600405 41.902074543664)"
"548e6110265c58249c99c595ef538c14eb9cad98b74409ee65e0ad3184af231908ad2660d43febb8a4183b62cc885c01a04ae1f697ebf04aa1ff501c57bb4ae2","Y","2025-01-31T17:30:00.000","30","NO CONTROLS","NO CONTROLS","UNKNOWN","DUSK","ANGLE","NOT DIVIDED",,"STRAIGHT AND LEVEL","UNKNOWN","UNKNOWN","NOT ON SCENE (DESK REPORT)","NO INJURY / DRIVE AWAY",,,,"OVER $1,500","2025-01-31T18:00:00.000","FAILING TO YIELD RIGHT-OF-WAY","NOT APPLICABLE","343","N","ADA ST","1215",,,,,,,"2","NO INDICATION OF INJURY","0","0","0","0","0","2","0","17","6","1","41.8878326323","-87.6606772667","POINT (-87.660677266685 41.887832632285)"
"f3e52db98bc529b77e1359f10a502a77bc3fc587f652313a2e832fca84547efc4f167d78ca0076f5af10a1cbbdf5facb5dc11d0062e7552103b4b4cb3638427d",,"2025-01-31T17:30:00.000","20","NO CONTROLS","NO CONTROLS","RAIN","DAYLIGHT","REAR TO REAR","PARKING LOT",,"STRAIGHT AND LEVEL","WET","NO DEFECTS","NOT ON SCENE (DESK REPORT)","NO INJURY / DRIVE AWAY",,"Y",,"OVER $1,500","2025-01-31T17:50:00.000","UNABLE TO DETERMINE","UNABLE TO DETERMINE","4626","W","DIVERSEY AVE","2521",,,,,,,"2","NO INDICATION OF INJURY","0","0","0","0","0","2","0","17","6","1","41.9316889194","-87.7430169468","POINT (-87.743016946831 41.931688919351)"
"8371ef09b4b07d571d126c75f36bce18374e8631d604623947b833f94b9b2ec9e9497819cbf7acfa820592be917ead8a4557766f536f8b2b74389b42bb4f56e2",,"2025-01-31T17:20:00.000","30","STOP SIGN/FLASHER","FUNCTIONING PROPERLY","CLEAR","DARKNESS, LIGHTED ROAD","ANGLE","FOUR WAY",,"STRAIGHT AND LEVEL","WET","NO DEFECTS","ON SCENE","INJURY AND / OR TOW DUE TO CRASH","Y",,,"OVER $1,500","2025-01-31T17:20:00.000","FAILING TO YIELD RIGHT-OF-WAY","DISREGARDING STOP SIGN","1700","W","CERMAK RD","1234",,,,,,,"2","NO INDICATION OF INJURY","0","0","0","0","0","4","0","17","6","1","41.8523938231","-87.6685735914","POINT (-87.668573591383 41.852393823109)"
"21b49d9725279281d84ad848adfc9521dfb0b79cd8b62a0d0496343185669d4a33de41115b4309564752825c538fde53158c6759954478459e91274d6527ae0a",,"2025-01-31T17:17:00.000","35","TRAFFIC SIGNAL","FUNCTIONING PROPERLY","RAIN","DARKNESS","REAR END","NOT DIVIDED",,"STRAIGHT AND LEVEL","WET","NO DEFECTS","ON SCENE","INJURY AND / OR TOW DUE TO CRASH",,,"Y","$501 - $1,500","2025-01-31T17:17:00.000","UNABLE TO DETERMINE","UNABLE TO DETERMINE","9800","S","EWING AVE","432",,,,"N",,,"2","NO INDICATION OF INJURY","0","0","0","0","0","2","0","17","6","1","41.7176510773","-87.5354278603","POINT (-87.535427860344 41.717651077265)"
"338a901073a9ea3015ae3bc3469668424d1e0000c3c4bb7292393da12731e5c04df1b5fd9f72ae53ec102b416a6e6a7c6814288fd4473eb45438c574b29fb507",,"2025-01-31T17:17:00.000","30","NO CONTROLS","NO CONTROLS","CLEAR","DARKNESS, LIGHTED ROAD","ANGLE","NOT DIVIDED",,"STRAIGHT AND LEVEL","UNKNOWN","UNKNOWN","NOT ON SCENE (DESK REPORT)","NO INJURY / DRIVE AWAY","Y",,,"OVER $1,500","2025-01-31T18:00:00.000","UNABLE TO DETERMINE","UNABLE TO DETERMINE","6234","W","GRAND AVE","2512",,,,,,,"2","NO INDICATION OF INJURY","0","0","0","0","0","2","0","17","6","1","41.9218174172","-87.7818308834","POINT (-87.781830883401 41.921817417239)"
"137c82cedaf638787aa2cd0bd8ef9bba3d6b23508bb47aab1a5bf13aaa32fc1d2d4219ff9c5a3f2e9cb0a9d58486a5bb72672ad51e4688d01804a96b064d98ac",,"2025-01-31T17:15:00.000","30","NO CONTROLS","NO CONTROLS","CLOUDY/OVERCAST","DUSK","REAR END","DIVIDED - W/MEDIAN (NOT RAISED)",,"STRAIGHT AND LEVEL","UNKNOWN","UNKNOWN","NOT ON SCENE (DESK REPORT)","NO INJURY / DRIVE AWAY",,,,"OVER $1,500","2025-01-31T19:20:00.000","UNABLE TO DETERMINE","UNABLE TO DETERMINE","5205","N","NAGLE AVE","1622",,,,,,,"2","NO INDICATION OF INJURY","0","0","0","0","0","2","0","17","6","1","41.9759110646","-87.7877227201","POINT (-87.787722720107 41.975911064634)"
"0bd4b8b145e77fd600989e6f738faa66cd63e46d7ceb8377b1ac1bd10df823e05134aecc9692cf369e6550bd60bbca44b9bb3f731ecebfb470fa0fb272fd805a",,"2025-01-31T17:12:00.000","30","STOP SIGN/FLASHER","FUNCTIONING PROPERLY","CLEAR","DARKNESS, LIGHTED ROAD","HEAD ON","DIVIDED - W/MEDIAN (NOT RAISED)",,"STRAIGHT AND LEVEL","WET","NO DEFECTS","ON SCENE","INJURY AND / OR TOW DUE TO CRASH","Y",,,"OVER $1,500","2025-01-31T17:14:00.000","IMPROPER OVERTAKING/PASSING","NOT APPLICABLE","7600","S","PARNELL AVE","621",,,,,,,"3","FATAL","1","1","0","0","0","2","0","17","6","1","41.7560782528","-87.6385395763","POINT (-87.638539576341 41.756078252806)"
"47d2ffea2b23f1536ffb9cf4a0199d8b07f8065baebe15e6b13bfa6d0420e24efe9f27eeba1a162233f49bc014058f043b2d7b65d73a7c4b11ee400c8e73ebf9",,"2025-01-31T17:07:00.000","30","NO CONTROLS","NO CONTROLS","RAIN","DARKNESS","TURNING","NOT DIVIDED",,"STRAIGHT AND LEVEL","WET","NO DEFECTS","ON SCENE","INJURY AND / OR TOW DUE TO CRASH",,,,"OVER $1,500","2025-01-31T17:08:00.000","IMPROPER OVERTAKING/PASSING","NOT APPLICABLE","1350","W","69TH ST","724",,,,,,,"2","NONINCAPACITATING INJURY","1","0","0","1","0","1","0","17","6","1","41.7687383142","-87.6586716616","POINT (-87.658671661579 41.7687383142)"
"e7160a86bc26dd95620003586960fff328dfcf637089394b91e8ae719fb86a4a79b224be6bd2bc648b51aea9eaaafb3bbd5c8c2faec7259a123e47a074f4a28e",,"2025-01-31T17:05:00.000","35","NO CONTROLS","NO CONTROLS","CLEAR","DUSK","REAR TO FRONT","NOT DIVIDED",,"STRAIGHT AND LEVEL","DRY","UNKNOWN","ON SCENE","INJURY AND / OR TOW DUE TO CRASH",,,,"OVER $1,500","2025-01-31T17:07:00.000","VISION OBSCURED (SIGNS, TREE LIMBS, BUILDINGS, ETC.)","FAILING TO YIELD RIGHT-OF-WAY","10611","S","HAMLIN AVE","2211",,"Y",,,,,"3","NO INDICATION OF INJURY","0","0","0","0","0","3","0","17","6","1","41.7001000481","-87.7156432998","POINT (-87.715643299835 41.700100048095)"
"ad7a88d5b775a72e436566bfef97371bcc9f2276d7bc9efc92a9ec848019c6233f717eb46586f286daa402cfd2075955859f0febdac600c3c10be186109f2708",,"2025-01-31T17:00:00.000","30","TRAFFIC SIGNAL","FUNCTIONING PROPERLY","CLEAR","DAYLIGHT","REAR END","NOT DIVIDED",,"STRAIGHT AND LEVEL","DRY","NO DEFECTS","NOT ON SCENE (DESK REPORT)","NO INJURY / DRIVE AWAY",,,,"$501 - $1,500","2025-02-02T16:00:00.000","FOLLOWING TOO CLOSELY","NOT APPLICABLE","1131","W","SHERIDAN RD","2433",,,,,,,"2","NO INDICATION OF INJURY","0","0","0","0","0","2","0","17","6","1","41.9980889401","-87.6597322802","POINT (-87.659732280232 41.998088940111)"
"1de128b951053f092e83f442cc1b02f6859905635554e95dba080312de38f89f4ec8fc81b1fb46a1eb346fcb09e1a946950e65048c93ddd9e14281d95834b6f5",,"2025-01-31T16:50:00.000","15","NO CONTROLS","NO CONTROLS","CLEAR","DARKNESS, LIGHTED ROAD","PARKED MOTOR VEHICLE","NOT DIVIDED",,"STRAIGHT AND LEVEL","DRY","NO DEFECTS","NOT ON SCENE (DESK REPORT)","NO INJURY / DRIVE AWAY",,,,"$501 - $1,500","2025-01-31T23:05:00.000","IMPROPER BACKING","IMPROPER BACKING","4547","N","KENMORE AVE","1914",,,,,,,"2","NO INDICATION OF INJURY","0","0","0","0","0","1","0","16","6","1","41.9650470684","-87.656040203","POINT (-87.656040203012 41.965047068362)"
"f25e26a6bfa64fbf49e458e2d30db1a58bd449619ee1daf0ceb195b1a8ecdcf0efd8eddf1fe953e4ebad5e991de9ccc9c4e11e02166efea5190e528a00276ea5",,"2025-01-31T16:50:00.000","30","NO CONTROLS","NO CONTROLS","UNKNOWN","UNKNOWN","REAR END","NOT DIVIDED",,"STRAIGHT AND LEVEL","UNKNOWN","UNKNOWN","NOT ON SCENE (DESK REPORT)","NO INJURY / DRIVE AWAY",,,,"OVER $1,500","2025-01-31T17:25:00.000","UNABLE TO DETERMINE","UNABLE TO DETERMINE","358","N","LARAMIE AVE","1523",,,,,,,"2","NO INDICATION OF INJURY","0","0","0","0","0","2","0","16","6","1","41.8872269805","-87.7554649413","POINT (-87.755464941283 41.887226980528)"
"9185d6acd0aaed23b573fa4675094175e9f55bf6e8e00ed1e61961e93decbf8367cfcb13da030a500cfa4310d20abecdc265fed0f9035d4dad8fe1d4c03a41b9",,"2025-01-31T16:45:00.000","25","UNKNOWN","UNKNOWN","CLEAR","DAYLIGHT","REAR END","NOT DIVIDED",,"STRAIGHT AND LEVEL","DRY","UNKNOWN","ON SCENE","INJURY AND / OR TOW DUE TO CRASH",,,,"OVER $1,500","2025-01-31T16:50:00.000","FOLLOWING TOO CLOSELY","NOT APPLICABLE","12700","S","WENTWORTH AVE","523","N",,,"N",,,"2","NONINCAPACITATING INJURY","4","0","0","4","0","1","0","16","6","1","41.6633485999","-87.6271306877","POINT (-87.627130687705 41.663348599857)"
"8032b8cdc11f17bc5dbaae6f6b2cc8002097b28cdd7db2c914ed6080d59196b13fcb84faa77bcc5305bec639cb3564e992d5ed0534d3f8b887362b32c27d3c8c",,"2025-01-31T16:44:00.000","30","NO CONTROLS","NO CONTROLS","CLEAR","DAYLIGHT","PARKED MOTOR VEHICLE","OTHER",,"STRAIGHT AND LEVEL","DRY","NO DEFECTS","ON SCENE","NO INJURY / DRIVE AWAY",,,,"OVER $1,500","2025-01-31T16:55:00.000","UNABLE TO DETERMINE","NOT APPLICABLE","5","W","TERMINAL ST","1655",,,,,,,"2","NO INDICATION OF INJURY","0","0","0","0","0","1","0","16","6","1",,,
"c0222e59a3120e968c906a95442e7f0130264d8754291c9c99f72637da363fa5ba99c9e1aa4d42db27d64833bd7edb6c7dbb4c3328833726a324cc8e293bbbe0",,"2025-01-31T16:42:00.000","30","NO CONTROLS","NO CONTROLS","CLEAR","DAYLIGHT","TURNING","NOT DIVIDED",,"STRAIGHT AND LEVEL","WET","NO DEFECTS","ON SCENE","INJURY AND / OR TOW DUE TO CRASH",,,"Y","OVER $1,500","2025-01-31T16:42:00.000","UNABLE TO DETERMINE","NOT APPLICABLE","8316","S","JEFFERY BLVD","414",,,,,,,"2","NONINCAPACITATING INJURY","1","0","0","1","0","1","0","16","6","1","41.7443414791","-87.5760000998","POINT (-87.576000099798 41.74434147911)"
"f9b910c99ac3abe3ce328b83bb8ae74fffc596b43b0c244c336b383e063afec5797fd11998830b2cb9333f51d6298ba7e7a1950cfbd612c7bce9b0b2c7de4ac3",,"2025-01-31T16:42:00.000","15","NO CONTROLS","NO CONTROLS","RAIN","DUSK","REAR TO SIDE","PARKING LOT",,"STRAIGHT AND LEVEL","WET","NO DEFECTS","NOT ON SCENE (DESK REPORT)","NO INJURY / DRIVE AWAY",,"Y",,"$501 - $1,500","2025-01-31T17:35:00.000","UNABLE TO DETERMINE","DRIVING SKILLS/KNOWLEDGE/EXPERIENCE","2141","W","79TH ST","611",,,,,,,"2","NO INDICATION OF INJURY","0","0","0","0","0","3","0","16","6","1","41.7500689009","-87.6772472726","POINT (-87.677247272584 41.750068900853)"
"82d3130ee920dc4cce0f08e828b7a862d0327db0dea2526adef4ba999f6f5fb6d757e2e8fb05d46147325ecacacc589e1b9f482a1cf6cf3ed4d8f23ea51ceea5",,"2025-01-31T16:40:00.000","30","TRAFFIC SIGNAL","FUNCTIONING PROPERLY","RAIN","DAYLIGHT","SIDESWIPE SAME DIRECTION","DIVIDED - W/MEDIAN (NOT RAISED)",,"STRAIGHT AND LEVEL","OTHER","UNKNOWN","NOT ON SCENE (DESK REPORT)","NO INJURY / DRIVE AWAY",,,,"OVER $1,500","2025-02-01T13:22:00.000","UNABLE TO DETERMINE","NOT APPLICABLE","2924","W","LOGAN BLVD","1411",,,,,,,"2","NO INDICATION OF INJURY","0","0","0","0","0","2","0","16","6","1","41.9285457866","-87.700984827","POINT (-87.700984826974 41.928545786606)"
"f96d3a3d7b5953cf03da709d427fcb2620fee896e8bd2b06f67014f117179fe0b9f7447320e7522ae410ab81253bfcc2b476cb885f4f9f1ee67ad70dd08a8432",,"2025-01-31T16:40:00.000","55","NO CONTROLS","NO CONTROLS","CLOUDY/OVERCAST","DAYLIGHT","REAR END","OTHER",,"STRAIGHT AND LEVEL","WET","UNKNOWN","ON SCENE","NO INJURY / DRIVE AWAY",,,,"OVER $1,500","2025-01-31T16:43:00.000","UNABLE TO DETERMINE","NOT APPLICABLE","9800","W","KENNEDY EXPY IB","1654",,,,,,,"4","NO INDICATION OF INJURY","0","0","0","0","0","4","0","16","6","1",,,
"dfc5706ecc480a62f66e8d65ca621c6d1c297f1d1c9413e2b39f2fded8e280cbc53464cad49d5423ad3881200e38269f6e8981dab25d3de6f6d297b3e14da5f2",,"2025-01-31T16:39:00.000","30","TRAFFIC SIGNAL","FUNCTIONING PROPERLY","CLEAR","DAYLIGHT","REAR END","NOT DIVIDED",,"STRAIGHT AND LEVEL","DRY","NO DEFECTS","NOT ON SCENE (DESK REPORT)","NO INJURY / DRIVE AWAY",,,,"OVER $1,500","2025-01-31T17:41:00.000","FOLLOWING TOO CLOSELY","NOT APPLICABLE","6900","S","DR MARTIN LUTHER KING JR DR","322",,,,,,,"2","NO INDICATION OF INJURY","0","0","0","0","0","2","0","16","6","1","41.769246677","-87.6154989599","POINT (-87.61549895992 41.769246676973)"
"0038949789ad359e86a923905af1830cccba63bb11b846e43196fd845f320a858e624c7b700ab3102decfbdd2174ee2135e33bf84294dbf97f971493aaeed48a",,"2025-01-31T16:35:00.000","20","TRAFFIC SIGNAL","FUNCTIONING PROPERLY","CLOUDY/OVERCAST","DAYLIGHT","REAR END","NOT DIVIDED",,"STRAIGHT AND LEVEL","WET","NO DEFECTS","ON SCENE","INJURY AND / OR TOW DUE TO CRASH",,,,"OVER $1,500","2025-01-31T16:38:00.000","UNABLE TO DETERMINE","NOT APPLICABLE","2631","W","ADDISON ST","1921",,,,,,,"2","NO INDICATION OF INJURY","0","0","0","0","0","2","0","16","6","1","41.9466012053","-87.6940903028","POINT (-87.694090302787 41.946601205261)"
"1c0cfee88aa437a494243102036721582e02a12314dc482d097df71947c340bb2594deb69c8ed43ac559896bcc12401c31d21ecbbdf33b14ba5e66ab063ae07e",,"2025-01-31T16:31:00.000","30","NO CONTROLS","NO CONTROLS","CLEAR","DAYLIGHT","SIDESWIPE SAME DIRECTION","NOT DIVIDED",,"STRAIGHT AND LEVEL","DRY","NO DEFECTS","NOT ON SCENE (DESK REPORT)","NO INJURY / DRIVE AWAY",,,,"$501 - $1,500","2025-01-31T17:35:00.000","IMPROPER OVERTAKING/PASSING","IMPROPER OVERTAKING/PASSING","8413","W","FOREST PRESERVE AVE","1631",,,,,,,"2","NO INDICATION OF INJURY","0","0","0","0","0","2","0","16","6","1","41.9401225972","-87.8368219983","POINT (-87.836821998263 41.940122597184)"
"82638db88cff609721531b7f83044014227f32bce96804662093863f681a42f3faf2c9ef24212a244bf77b6046e10f5b7899007b1df59270a8614889d93e24bc",,"2025-01-31T16:30:00.000","30","NO CONTROLS","NO CONTROLS","CLEAR","DUSK","ANGLE","NOT DIVIDED",,"STRAIGHT AND LEVEL","DRY","NO DEFECTS","NOT ON SCENE (DESK REPORT)","NO INJURY / DRIVE AWAY",,,,"OVER $1,500","2025-01-31T17:00:00.000","FAILING TO YIELD RIGHT-OF-WAY","NOT APPLICABLE","1013","S","LAFLIN ST","1231",,,,,,,"2","NO INDICATION OF INJURY","0","0","0","0","0","2","0","16","6","1","41.8688358628","-87.6639157262","POINT (-87.663915726238 41.868835862835)"
"898c1f52af3e4c5a9511b38c82d088966fcf863b52619d0cdf81110ae9077e4bcfbcf7b306535cd4ed4640af297d5a147e8dbd6565d3ac3443a189b5d70ecec4",,"2025-01-31T16:30:00.000","30","TRAFFIC SIGNAL","FUNCTIONING PROPERLY","CLOUDY/OVERCAST","DAYLIGHT","SIDESWIPE SAME DIRECTION","DIVIDED - W/MEDIAN (NOT RAISED)",,"STRAIGHT AND LEVEL","DRY","NO DEFECTS","NOT ON SCENE (DESK REPORT)","NO INJURY / DRIVE AWAY","Y",,,"OVER $1,500","2025-01-31T16:45:00.000","FAILING TO YIELD RIGHT-OF-WAY","DRIVING SKILLS/KNOWLEDGE/EXPERIENCE","4000","N","CLARK ST","1912",,,,,,,"2","NO INDICATION OF INJURY","0","0","0","0","0","3","0","16","6","1","41.9544324414","-87.6624462591","POINT (-87.662446259141 41.954432441417)"