"crash_record_id","crash_date_est_i","crash_date","posted_speed_limit","traffic_control_device","device_condition","weather_condition","lighting_condition","first_crash_type","trafficway_type","lane_cnt","alignment","roadway_surface_cond","road_defect","report_type","crash_type","intersection_related_i","private_property_i","hit_and_run_i","damage","date_police_notified","prim_contributory_cause","sec_contributory_cause","street_no","street_direction","street_name","beat_of_occurrence","photos_taken_i","statements_taken_i","dooring_i","work_zone_i","work_zone_type","workers_present_i","num_units","most_severe_injury","injuries_total","injuries_fatal","injuries_incapacitating","injuries_non_incapacitating","injuries_reported_not_evident","injuries_no_indication","injuries_unknown","crash_hour","crash_day_of_week","crash_month","latitude","longitude","location"
"dae1b998b2ff714830146e75d57daa403f45ca2837e1874d1bd79b0ef73f05ca7b7b98d2afa4a0ef23b35fb4e02fb1cd905b918cb9dd7ac9d19f01c80ef36e6d",,"2025-01-31T16:30:00.000","30","NO CONTROLS","NO CONTROLS","CLEAR","UNKNOWN","PARKED MOTOR VEHICLE","ONE-WAY",,"STRAIGHT AND LEVEL","UNKNOWN","UNKNOWN",,"NO INJURY / DRIVE AWAY",,,"Y","OVER $1,500","2025-02-01T10:55:00.000","UNABLE TO DETERMINE","NOT APPLICABLE","15","E","112TH PL","531",,,,,,,"2","NO INDICATION OF INJURY","0","0","0","0","0","1","0","16","6","1","41.6897637422","-87.6223950849","POINT (-87.622395084894 41.689763742246)"
"df30fad1d621f01416de3d67d16aaf0a6c384dafdb89d26fdbc447d0b38dd841643511f0f3b26ad9860e09ff637a4ee03dc6cedba3e8a0db39319b7e4f3d9dd5",,"2025-01-31T16:30:00.000","30","TRAFFIC SIGNAL","FUNCTIONING PROPERLY","CLEAR","DAYLIGHT","REAR END","NOT DIVIDED",,"STRAIGHT AND LEVEL","DRY","NO DEFECTS","NOT ON SCENE (DESK REPORT)","INJURY AND / OR TOW DUE TO CRASH",,,"Y","$501 - $1,500","2025-01-31T20:15:00.000","UNABLE TO DETERMINE","UNABLE TO DETERMINE","1700","W","95TH ST","2221",,,,,,,"2","REPORTED, NOT EVIDENT","2","0","0","0","2","1","0","16","6","1","41.7212936994","-87.6648291827","POINT (-87.664829182706 41.721293699434)"
"6056ad10381f7b6566b588bbcf7372a078d285744f687ccb86be4e8c48715458567b484e0d016e12d18215c416f611ce9adc827d7bc6f9a41cc228b9b5294d8c",,"2025-01-31T16:22:00.000","25","NO CONTROLS","NO CONTROLS","CLOUDY/OVERCAST","DAYLIGHT","ANGLE","NOT DIVIDED",,"STRAIGHT AND LEVEL","WET","UNKNOWN","ON SCENE","INJURY AND / OR TOW DUE TO CRASH",,,,"OVER $1,500","2025-01-31T16:22:00.000","FAILING TO YIELD RIGHT-OF-WAY","NOT APPLICABLE","3164","W","45TH ST","922",,,,,,,"2","NO INDICATION OF INJURY","0","0","0","0","0","2","0","16","6","1","41.8118693305","-87.7040585196","POINT (-87.704058519624 41.811869330467)"
"c1b2fc542c3c5cacf424269c6b4cf0eb0befae40a9e934a6d9a96fa89677139805e27ada4be658c1b7c29bfb451ff1311cfc557dd4b9a2b994303b123a9d1f6c",,"2025-01-31T16:22:00.000","35","STOP SIGN/FLASHER","FUNCTIONING PROPERLY","RAIN","DAYLIGHT","HEAD ON","NOT DIVIDED",,"STRAIGHT AND LEVEL","WET","UNKNOWN",,"INJURY AND / OR TOW DUE TO CRASH",,,,"OVER $1,500","2025-01-31T16:22:00.000","IMPROPER LANE USAGE","FAILING TO REDUCE SPEED TO AVOID CRASH","8500","S","JEFFERY BLVD","412",,"Y",,,,,"3","NONINCAPACITATING INJURY","3","0","0","3","0","1","0","16","6","1","41.7406021145","-87.5759214601","POINT (-87.575921460076 41.7406021145)"
"0403d355c226f77f93912163056fa86c5d93ee029a0ce88b6ce93c944d7896ef5074d1a8b58f14a1069d724413f480a2028aa1ebe5c9aadc4faf41a998e1c8d0",,"2025-01-31T16:20:00.000","30","UNKNOWN","UNKNOWN","UNKNOWN","UNKNOWN","PARKED MOTOR VEHICLE","NOT DIVIDED",,"STRAIGHT AND LEVEL","UNKNOWN","UNKNOWN","NOT ON SCENE (DESK REPORT)","NO INJURY / DRIVE AWAY",,,"Y","$500 OR LESS","2025-02-12T18:50:00.000","UNABLE TO DETERMINE","UNABLE TO DETERMINE","1642","N","BOSWORTH AVE","1433",,,,,,,"2","NO INDICATION OF INJURY","0","0","0","0","0","1","0","16","6","1","41.9119392567","-87.6667236241","POINT (-87.666723624109 41.911939256699)"
"d9e3d53c7e5370e5eb590bf3907d969d83218ba387650e47533c8ffa96e6f8e4480d2ebb755b985275db15aadb3b479056f46751bc403b37d3126cdc446ec829","Y","2025-01-31T16:20:00.000","25","STOP SIGN/FLASHER","FUNCTIONING PROPERLY","OTHER","DAYLIGHT","PEDESTRIAN","DIVIDED - W/MEDIAN (NOT RAISED)",,"STRAIGHT AND LEVEL","WET","NO DEFECTS","ON SCENE","INJURY AND / OR TOW DUE TO CRASH",,,"Y","$500 OR LESS","2025-01-31T16:21:00.000","UNABLE TO DETERMINE","DISREGARDING STOP SIGN","12299","S","MICHIGAN AVE","532",,,,,,,"2","REPORTED, NOT EVIDENT","1","0","0","0","1","1","0","16","6","1","41.6708130305","-87.6201455847","POINT (-87.620145584689 41.670813030491)"
"f29a3222bf1834ed1ccdf98b3ecc5cf2dfa5c38cfcd55980cb6dd2be7c04374c6beba5430d77131b73f004ca65aa9f5926175a1c89853e2a1aeb3ac7521ec658",,"2025-01-31T16:20:00.000","30","NO CONTROLS","NO CONTROLS","CLEAR","DAYLIGHT","SIDESWIPE SAME DIRECTION","NOT DIVIDED",,"STRAIGHT AND LEVEL","WET","NO DEFECTS","ON SCENE","NO INJURY / DRIVE AWAY",,,,"OVER $1,500","2025-01-31T16:36:00.000","UNABLE TO DETERMINE","NOT APPLICABLE","1953","W","DIVERSEY PKWY","1931",,,,,,,"2","NO INDICATION OF INJURY","0","0","0","0","0","2","0","16","6","1","41.9321859871","-87.6772949709","POINT (-87.677294970895 41.932185987053)"
"400493a7afc19e3197145beb49ba5899a5ea66c1c0622a934d02344ef412b5989ec7298c9796566d78b59358d6c1dace5cad7a1b5c1bf4c0e15a354adecabd55",,"2025-01-31T16:19:00.000","30","TRAFFIC SIGNAL","FUNCTIONING PROPERLY","CLEAR","DAWN","TURNING","FOUR WAY",,"STRAIGHT AND LEVEL","DRY","NO DEFECTS","ON SCENE","NO INJURY / DRIVE AWAY","Y",,,"OVER $1,500","2025-01-31T16:20:00.000","FAILING TO REDUCE SPEED TO AVOID CRASH","FAILING TO YIELD RIGHT-OF-WAY","3600","N","AUSTIN AVE","1633","N","Y",,,,,"3","NO INDICATION OF INJURY","0","0","0","0","0","3","0","16","6","1","41.9458132147","-87.7766521616","POINT (-87.776652161564 41.94581321467)"
"4a515af04bd72372cd6f84f6c8feb276598a4e2b927e9913d1f8dde070c8f3299cb6e3fbf02cbe775738ac2e543dcab40c1b093bf5a72da9cedd76f027776ee8",,"2025-01-31T16:11:00.000","35","NO CONTROLS","NO CONTROLS","CLEAR","DAYLIGHT","REAR END","NOT DIVIDED",,"STRAIGHT AND LEVEL","UNKNOWN","NO DEFECTS","ON SCENE","INJURY AND / OR TOW DUE TO CRASH",,,"Y","OVER $1,500","2025-01-31T16:27:00.000","FOLLOWING TOO CLOSELY","FOLLOWING TOO CLOSELY","7515","N","WESTERN AVE","2411",,,,,,,"2","NO INDICATION OF INJURY","0","0","0","0","0","2","0","16","6","1","42.0180170056","-87.6900429702","POINT (-87.690042970176 42.018017005573)"
"20018fd6de190274919de9b931699a1d93f5cb4353a6370c38bb4e02e91de9e1cdd62fdb2e15666c499fc5e1958073442e355cf56026212aa4d8c72d60fb6897",,"2025-01-31T16:05:00.000","30","NO CONTROLS","NO CONTROLS","CLEAR","DAYLIGHT","SIDESWIPE SAME DIRECTION","NOT DIVIDED",,"STRAIGHT AND LEVEL","WET","NO DEFECTS","NOT ON SCENE (DESK REPORT)","NO INJURY / DRIVE AWAY",,,"Y","$501 - $1,500","2025-01-31T16:45:00.000","IMPROPER OVERTAKING/PASSING","NOT APPLICABLE","7004","S","PULASKI RD","833",,,,,,,"2","NO INDICATION OF INJURY","0","0","0","0","0","2","0","16","6","1","41.7657624594","-87.7225852091","POINT (-87.722585209117 41.765762459354)"
"8916e44f75682fc64448f0acf9aa0099f15ce9f3e2393bdd77ca91654313ee1b2f2614a2ba44ea544296591e1aa6ba56467215ad7063bf768b7b3fc696a9d205",,"2025-01-31T16:05:00.000","30","UNKNOWN","UNKNOWN","UNKNOWN","UNKNOWN","REAR END","NOT DIVIDED",,"STRAIGHT AND LEVEL","UNKNOWN","UNKNOWN","NOT ON SCENE (DESK REPORT)","NO INJURY / DRIVE AWAY",,,,"$500 OR LESS","2025-01-31T17:59:00.000","UNABLE TO DETERMINE","UNABLE TO DETERMINE","2400","W","TOUHY AVE","2411",,,,,,,"2","NO INDICATION OF INJURY","0","0","0","0","0","3","0","16","6","1","42.0123891037","-87.690377997","POINT (-87.690377997032 42.012389103715)"
"b10f6d1a2330de331ee4290d0ba47e1e75b547285e447ec1afd61502581475c7beab60b2659c97036ee62d3a4bf25d82106e2cba1205d2818ff96685c2a29759",,"2025-01-31T16:01:00.000","30","NO CONTROLS","NO CONTROLS","RAIN","DAYLIGHT","PARKED MOTOR VEHICLE","ONE-WAY",,"STRAIGHT AND LEVEL","WET","NO DEFECTS","NOT ON SCENE (DESK REPORT)","INJURY AND / OR TOW DUE TO CRASH",,,"Y","OVER $1,500","2025-01-31T17:50:00.000","UNABLE TO DETERMINE","NOT APPLICABLE","8807","S","HONORE ST","2221",,,,,,,"2","NO INDICATION OF INJURY","0","0","0","0","0","1","0","16","6","1","41.7336488633","-87.6689367205","POINT (-87.668936720509 41.73364886335)"
"0b96c1b32ecf56345d0769ca05cf8e8e182329159043e51842c9ce4e0461a60a7f61f3b6c1783dfef33f124f2eacacda30ba53d97087f84473ff0de3ecc63405",,"2025-01-31T16:00:00.000","30","TRAFFIC SIGNAL","FUNCTIONING PROPERLY","CLEAR","DAYLIGHT","REAR END","FOUR WAY",,"STRAIGHT AND LEVEL","DRY","NO DEFECTS","NOT ON SCENE (DESK REPORT)","NO INJURY / DRIVE AWAY",,,,"OVER $1,500","2025-02-01T14:00:00.000","FOLLOWING TOO CLOSELY","UNABLE TO DETERMINE","8701","S","STATE ST","632",,,,,,,"2","NO INDICATION OF INJURY","0","0","0","0","0","2","0","16","6","1","41.7362124202","-87.6240124453","POINT (-87.624012445333 41.736212420227)"
"6bfa93d50ced802e2dcaea62cf2d47680ceee8d8b4700df7fd71885a5faf6e291f5626b796d00c3802bb4b468947e9aeb3a0a052ba9351778dbd18d0960d49f4",,"2025-01-31T16:00:00.000","30","NO CONTROLS","NO CONTROLS","RAIN","DAYLIGHT","ANGLE","NOT DIVIDED",,"STRAIGHT AND LEVEL","WET","NO DEFECTS","NOT ON SCENE (DESK REPORT)","NO INJURY / DRIVE AWAY",,,,"$501 - $1,500","2025-01-31T17:50:00.000","FAILING TO YIELD RIGHT-OF-WAY","NOT APPLICABLE","6220","N","CALIFORNIA AVE","2413",,,,,,,"2","NO INDICATION OF INJURY","0","0","0","0","0","2","0","16","6","1","41.9946209588","-87.6996868624","POINT (-87.699686862371 41.994620958775)"
"79cbe70304224fac7f6ade7cccf3945368fbce29e40681bcd4d833b512cca45982c055d5997ad90f871419ece2ef2b8800d4874495bfd04594f0f249a28a7489",,"2025-01-31T16:00:00.000","30","NO CONTROLS","NO CONTROLS","CLEAR","DAYLIGHT","SIDESWIPE SAME DIRECTION","NOT DIVIDED",,"STRAIGHT AND LEVEL","DRY","NO DEFECTS","NOT ON SCENE (DESK REPORT)","NO INJURY / DRIVE AWAY",,,"Y","OVER $1,500","2025-02-05T15:23:00.000","NOT APPLICABLE","NOT APPLICABLE","7100","S","PULASKI RD","833",,,,,,,"2","NO INDICATION OF INJURY","0","0","0","0","0","2","0","16","6","1","41.7640077493","-87.7224991077","POINT (-87.722499107707 41.764007749308)"
"8b6e00b5449f29307523f3649149095630477bc9d1f37008b5449cde661ff2967b34835fa3238412e4394de93ca70bfcaaa938723d5235509215dc586dd8160f",,"2025-01-31T16:00:00.000","30","NO CONTROLS","NO CONTROLS","CLOUDY/OVERCAST","DUSK","ANGLE","UNKNOWN INTERSECTION TYPE",,"STRAIGHT AND LEVEL","WET","UNKNOWN","NOT ON SCENE (DESK REPORT)","NO INJURY / DRIVE AWAY","Y",,,"$501 - $1,500","2025-01-31T17:30:00.000","FAILING TO YIELD RIGHT-OF-WAY","FAILING TO YIELD RIGHT-OF-WAY","1200","W","CERMAK RD","1235",,,,,,,"3","NO INDICATION OF INJURY","0","0","0","0","0","4","0","16","6","1","41.8526026256","-87.6563271856","POINT (-87.656327185598 41.852602625629)"
"e71649bf9358a47d11d14bad0d14ee04d6e9f0b6e9535ec8f5811388e35f982a4809ddbecfa361483fa6409ae846cc3979c2f24130d334230e4c2e202d013fb9",,"2025-01-31T16:00:00.000","30","TRAFFIC SIGNAL","UNKNOWN","UNKNOWN","UNKNOWN","REAR END","DIVIDED - W/MEDIAN (NOT RAISED)",,"STRAIGHT AND LEVEL","UNKNOWN","UNKNOWN","NOT ON SCENE (DESK REPORT)","NO INJURY / DRIVE AWAY",,,,"$501 - $1,500","2025-02-03T13:00:00.000","UNABLE TO DETERMINE","NOT APPLICABLE","6600","N","CLARK ST","2432",,,,,,,"2","NO INDICATION OF INJURY","0","0","0","0","0","2","0","16","6","1","42.001719973","-87.6720154516","POINT (-87.672015451555 42.001719972989)"
"e7f9f3c0811d803671c1263db15939b9032b98475414f7f8e95e2176e4a251518539ea77a22e6c7c2a947b901742bfede7f640d6f14403b27f654bb817246193",,"2025-01-31T16:00:00.000","30","NO CONTROLS","NO CONTROLS","CLEAR","DAYLIGHT","PEDALCYCLIST","ONE-WAY",,"STRAIGHT AND LEVEL","DRY","UNKNOWN","ON SCENE","NO INJURY / DRIVE AWAY",,,,"$500 OR LESS","2025-01-31T16:15:00.000","UNABLE TO DETERMINE","UNABLE TO DETERMINE","1196","N","CAMPBELL AVE","1211",,,"N",,,,"2","NO INDICATION OF INJURY","0","0","0","0","0","1","0","16","6","1","41.9029661114","-87.6896347787","POINT (-87.689634778742 41.902966111376)"
"02be76295288ff813ca1bb0dea086e44f2dec6f03cadab80562c3f53858d05c909d968f90d6403b18e487866c8991a4032b28eae39a7fcd10b2aa78e8d15b7a6",,"2025-01-31T15:57:00.000","30","NO CONTROLS","NO CONTROLS","CLOUDY/OVERCAST","DAYLIGHT","TURNING","NOT DIVIDED",,"STRAIGHT AND LEVEL","WET","NO DEFECTS","ON SCENE","NO INJURY / DRIVE AWAY",,,,"$501 - $1,500","2025-01-31T15:57:00.000","IMPROPER TURNING/NO SIGNAL","DISREGARDING ROAD MARKINGS","5874","N","RIDGE AVE","2013",,,,,,,"2","NO INDICATION OF INJURY","0","0","0","0","0","2","0","15","6","1","41.9885024373","-87.6682645367","POINT (-87.66826453671 41.988502437266)"
"92488ca20d659435385f752ec0a5a85286233f7d1ada12b24b9b9385c7a37f86ad2b5c725615e1f3c3fee7661f3491a542d58b073b7b1a253f347d6bb574c892",,"2025-01-31T15:55:00.000","30","NO CONTROLS","NO CONTROLS","CLEAR","DAYLIGHT","REAR TO FRONT","ONE-WAY",,"STRAIGHT AND LEVEL","UNKNOWN","UNKNOWN","NOT ON SCENE (DESK REPORT)","NO INJURY / DRIVE AWAY",,,,"$501 - $1,500","2025-01-31T16:05:00.000","UNABLE TO DETERMINE","UNABLE TO DETERMINE","3149","W","ARGYLE ST","1713",,,,,,,"2","NO INDICATION OF INJURY","0","0","0","0","0","3","0","15","6","1","41.9719838623","-87.7081255099","POINT (-87.708125509922 41.97198386234)"
"94b5c11938b3e68dc79c5f40853c398b53e316747420686324a5eb91143d5cca32d0b1b80a9e5c1da14371d943551440871d4b2b7321794958853f3a2b1c0cab",,"2025-01-31T15:55:00.000","35","TRAFFIC SIGNAL","FUNCTIONING PROPERLY","RAIN","DAYLIGHT","ANGLE","NOT DIVIDED",,"STRAIGHT AND LEVEL","WET","NO DEFECTS","NOT ON SCENE (DESK REPORT)","NO INJURY / DRIVE AWAY","Y",,,"OVER $1,500","2025-01-31T17:00:00.000","UNABLE TO DETERMINE","UNABLE TO DETERMINE","1201","W","CONGRESS PKWY","1231",,,,,,,"2","NO INDICATION OF INJURY","0","0","0","0","0","2","0","15","6","1","41.8752302384","-87.6570560079","POINT (-87.657056007917 41.875230238351)"
"9e4f959d6f0e7faaeaf4e3547a5fe50eb4471c2d74394fe0d11e30dbbe4b93391230473c23236b0810e94b49978078e8c936cb28466b488b2ae0bedd48e6c9a5",,"2025-01-31T15:55:00.000","30","NO CONTROLS","NO CONTROLS","CLEAR","DAYLIGHT","SIDESWIPE SAME DIRECTION","ONE-WAY",,"STRAIGHT AND LEVEL","WET","NO DEFECTS","NOT ON SCENE (DESK REPORT)","NO INJURY / DRIVE AWAY",,,,"$501 - $1,500","2025-01-31T16:30:00.000","IMPROPER LANE USAGE","IMPROPER OVERTAKING/PASSING","5411","S","WELLS ST","935",,,,,,,"2","NO INDICATION OF INJURY","0","0","0","0","0","3","0","15","6","1","41.7959426415","-87.6317162084","POINT (-87.631716208387 41.795942641467)"
"3a24de093785a3a153c1456f2f49475c6518ace736b720308b7597fce661d34de7a982ce707ae13738d5a291934ad0f46549368d7fc2b8a53d7d11fc42a52350",,"2025-01-31T15:52:00.000","30","NO CONTROLS","NO CONTROLS","CLEAR","DAYLIGHT","ANGLE","ONE-WAY",,"STRAIGHT AND LEVEL","UNKNOWN","UNKNOWN","NOT ON SCENE (DESK REPORT)","NO INJURY / DRIVE AWAY",,,,"OVER $1,500","2025-01-31T16:00:00.000","FAILING TO YIELD RIGHT-OF-WAY","NOT APPLICABLE","2350","N","WINCHESTER AVE","1432",,,,,,,"2","NO INDICATION OF INJURY","0","0","0","0","0","2","0","15","6","1","41.9242514509","-87.6764104766","POINT (-87.676410476587 41.924251450865)"
"6402d6b2f7a8934c1a5ff4857846b295f627b3b223503af4b2bc7c79357964c28ee02ada197e56e3feffbf5713cf6c79afe747c8e5e506e18a31ffce1b3b1f04",,"2025-01-31T15:45:00.000","25","NO CONTROLS","NO CONTROLS","RAIN","DAYLIGHT","TURNING","NOT DIVIDED",,"STRAIGHT AND LEVEL","WET","NO DEFECTS","NOT ON SCENE (DESK REPORT)","INJURY AND / OR TOW DUE TO CRASH","Y",,,"OVER $1,500","2025-01-31T15:53:00.000","UNABLE TO DETERMINE","UNABLE TO DETERMINE","6731","W","GRAND AVE","2512",,,,,,,"2","NO INDICATION OF INJURY","0","0","0","0","0","2","0","15","6","1","41.9235011774","-87.7936838213","POINT (-87.793683821267 41.923501177419)"
"fdeca8090c58d75983ff90384ce63788fc3a5b33cb6b8cfbfb63ab2cc763f349f11d9c0f2cb2e089dbbff8e483d9674bbdf08bdd9b010b280e65c19a707c3c8a",,"2025-01-31T15:32:00.000","30","NO CONTROLS","NO CONTROLS","RAIN","DAYLIGHT","TURNING","FOUR WAY",,"STRAIGHT AND LEVEL","WET","NO DEFECTS","ON SCENE","INJURY AND / OR TOW DUE TO CRASH","Y",,,"OVER $1,500","2025-01-31T15:35:00.000","IMPROPER TURNING/NO SIGNAL","FAILING TO YIELD RIGHT-OF-WAY","3200","N","PANAMA AVE","1631",,,,,,,"2","REPORTED, NOT EVIDENT","2","0","0","0","2","0","0","15","6","1","41.9377833233","-87.8289159951","POINT (-87.828915995141 41.937783323342)"
"5f85710b99715bdd22feaf084272057ae84192eb5cdfec038e86beac4e997a147f1db5fbfe4d8de125f682124cd42b8b11378016ad4fd25614e91ecb126eec1a",,"2025-01-31T15:30:00.000","30","NO CONTROLS","NO CONTROLS","CLEAR","DAYLIGHT","PARKED MOTOR VEHICLE","DIVIDED - W/MEDIAN (NOT RAISED)",,"STRAIGHT AND LEVEL","DRY","NO DEFECTS","NOT ON SCENE (DESK REPORT)","NO INJURY / DRIVE AWAY",,,,"$500 OR LESS","2025-01-31T16:20:00.000","IMPROPER BACKING","NOT APPLICABLE","1519","W","TAYLOR ST","1231",,,,,,,"2","NO INDICATION OF INJURY","0","0","0","0","0","3","0","15","6","1","41.8691781333","-87.664907281","POINT (-87.664907280963 41.869178133291)"
"7a3935617bd2e26a0bc94277a6360bb2a1a41deb662e3da5195ddaa31b42dd8aa60fad7f1d290decc2f6e5ffd20bf2149f1bdb30711ccbe65f1c6b8876bb3a65",,"2025-01-31T15:30:00.000","10","NO CONTROLS","NO CONTROLS","CLEAR","DAYLIGHT","ANGLE","PARKING LOT",,"STRAIGHT AND LEVEL","DRY","NO DEFECTS","NOT ON SCENE (DESK REPORT)","NO INJURY / DRIVE AWAY",,"Y",,"OVER $1,500","2025-01-31T16:10:00.000","FAILING TO YIELD RIGHT-OF-WAY","UNABLE TO DETERMINE","4830","N","PULASKI RD","1712",,,,,,,"2","NO INDICATION OF INJURY","0","0","0","0","0","3","0","15","6","1","41.9691923029","-87.7282034121","POINT (-87.72820341215 41.969192302937)"
"84ab29f4eb7644968a1d160e5764a8d6a074cf02fb75127cec2b00ce6c84f97982e6a6ef500256099b5d184cbc341b299ead5fefcfb5646a773192a9928cac31",,"2025-01-31T15:30:00.000","30","NO CONTROLS","NO CONTROLS","RAIN","DAYLIGHT","SIDESWIPE SAME DIRECTION","NOT DIVIDED",,"STRAIGHT AND LEVEL","WET","UNKNOWN","NOT ON SCENE (DESK REPORT)","NO INJURY / DRIVE AWAY",,,"Y","OVER $1,500","2025-01-31T16:30:00.000","UNABLE TO DETERMINE","UNABLE TO DETERMINE","2300","N","CICERO AVE","2522",,,,,,,"2","NO INDICATION OF INJURY","0","0","0","0","0","2","0","15","6","1","41.9224593711","-87.7464026916","POINT (-87.746402691551 41.922459371079)"
"bf171f8d62032059d2761392000978eea776c68dc0956acd132d71d9b60325449600b6bd02b3607608e48f78feac086888d11712e50a36be2707d01e6ddd4b01",,"2025-01-31T15:30:00.000","20","NO CONTROLS","NO CONTROLS","CLEAR","DAYLIGHT","PARKED MOTOR VEHICLE","PARKING LOT",,"STRAIGHT AND LEVEL","WET","UNKNOWN","NOT ON SCENE (DESK REPORT)","NO INJURY / DRIVE AWAY",,,"Y","OVER $1,500","2025-01-31T20:55:00.000","UNABLE TO DETERMINE","UNABLE TO DETERMINE","7900","S","INDIANA AVE","623",,,,,,,"2","NO INDICATION OF INJURY","0","0","0","0","0","1","0","15","6","1","41.7509404144","-87.6199127203","POINT (-87.619912720347 41.750940414378)"
"c24b1e5430f9951c1a3d72dc0585012cc23584967d936494a597459b407a540b614d080d2180b8e8c949bcdf6f9749b12aae8d4552f7bbb3d8b3daa1de924440",,"2025-01-31T15:29:00.000","30","NO CONTROLS","NO CONTROLS","CLEAR","DAYLIGHT","TURNING","NOT DIVIDED",,"STRAIGHT AND LEVEL","WET","UNKNOWN","ON SCENE","NO INJURY / DRIVE AWAY",,,,"OVER $1,500","2025-01-31T15:29:00.000","IMPROPER TURNING/NO SIGNAL","NOT APPLICABLE","3545","N","KIMBALL AVE","1733",,,,,,,"2","NO INDICATION OF INJURY","0","0","0","0","0","2","0","15","6","1","41.9460563641","-87.7125493527","POINT (-87.712549352676 41.946056364104)"
"d2680951a6b568389082a2d8f00cabd36e6d317348eb8f80116c8578b5bbe01a09394ef8cf226d142be6d6b9ee662d009e106e9233f76d4f293922b14623f619",,"2025-01-31T15:28:00.000","30","TRAFFIC SIGNAL","UNKNOWN","RAIN","DAYLIGHT","REAR END","NOT DIVIDED",,"STRAIGHT AND LEVEL","WET","UNKNOWN","NOT ON SCENE (DESK REPORT)","NO INJURY / DRIVE AWAY",,,,"OVER $1,500","2025-01-31T16:15:00.000","UNABLE TO DETERMINE","UNABLE TO DETERMINE","5428","S","ASHLAND AVE","932",,,,,,,"2","NO INDICATION OF INJURY","0","0","0","0","0","3","0","15","6","1","41.794963878","-87.6647566939","POINT (-87.664756693864 41.794963877997)"
"8577b4272220065cb79d1af2b82e8ede9da05fc6eee4aa77f36d771686b1b9b1bd6b6feddadb2ef02aad9fdec3ce500783c1d25cb7d5182dd4c7c7e5c6238d95",,"2025-01-31T15:25:00.000","30","STOP SIGN/FLASHER","FUNCTIONING PROPERLY","RAIN","DAYLIGHT","ANGLE","NOT DIVIDED",,"STRAIGHT AND LEVEL","WET","NO DEFECTS","ON SCENE","NO INJURY / DRIVE AWAY",,,,"OVER $1,500","2025-01-31T15:26:00.000","UNABLE TO DETERMINE","UNABLE TO DETERMINE","5000","S","WESTERN AVE","923",,,,,,,"2","NO INDICATION OF INJURY","0","0","0","0","0","2","0","15","6","1","41.8028708167","-87.6844163419","POINT (-87.684416341899 41.802870816721)"
"fa205776e8eab55ea670c74cbad1f3975bd9ab12d308a9d72305849e5959ed28760a48281961f4e482192969c0fee9cf3b96176bf7be031c692291c6990dd76b",,"2025-01-31T15:25:00.000","30","NO CONTROLS","NO CONTROLS","CLEAR","DAYLIGHT","TURNING","NOT DIVIDED",,"STRAIGHT AND LEVEL","DRY","UNKNOWN","ON SCENE","NO INJURY / DRIVE AWAY",,,,"OVER $1,500","2025-01-31T15:32:00.000","FAILING TO YIELD RIGHT-OF-WAY","FAILING TO YIELD RIGHT-OF-WAY","4921","N","MILWAUKEE AVE","1623",,,,,,,"2","NO INDICATION OF INJURY","0","0","0","0","0","2","0","15","6","1","41.9702610826","-87.7626736742","POINT (-87.76267367417 41.97026108256)"
"1f14e7bc4c9a17e6b96e42f3e24a02dc45a22b3f5a6c9cbc63c5c44b9e9ea6195599296be264d64535db0626fcb85f646a786a2a0f391321825753bdad6abf74",,"2025-01-31T15:20:00.000","30","TRAFFIC SIGNAL","FUNCTIONING PROPERLY","CLEAR","DAYLIGHT","ANGLE","DIVIDED - W/MEDIAN (NOT RAISED)",,"STRAIGHT AND LEVEL","DRY","UNKNOWN","NOT ON SCENE (DESK REPORT)","NO INJURY / DRIVE AWAY","Y",,"Y","OVER $1,500","2025-02-15T13:00:00.000","FAILING TO YIELD RIGHT-OF-WAY","FAILING TO YIELD RIGHT-OF-WAY","5700","S","STONY ISLAND AVE","235",,,,,,,"2","NO INDICATION OF INJURY","0","0","0","0","0","2","0","15","6","1","41.7914518348","-87.5868598793","POINT (-87.586859879304 41.791451834817)"
"a68d9aab736b42c02f291c3c72c22d24252999573651167747bae8f58e3bff9853330d59c2bd5a91735a98110c0984f8af43c4eb4cb248634e97cd9473b72c38","N","2025-01-31T15:20:00.000","25","NO CONTROLS","NO CONTROLS","RAIN","DAYLIGHT","PARKED MOTOR VEHICLE","NOT DIVIDED",,"STRAIGHT AND LEVEL","WET","NO DEFECTS","ON SCENE","NO INJURY / DRIVE AWAY",,,,"OVER $1,500","2025-01-31T15:45:00.000","UNABLE TO DETERMINE","UNABLE TO DETERMINE","4700","S","DR MARTIN LUTHER KING JR DR","224",,,,,,,"2","NO INDICATION OF INJURY","0","0","0","0","0","1","0","15","6","1","41.8092909105","-87.616733046","POINT (-87.616733045993 41.809290910501)"
"db5a95cd7d597a853d77a18702f8e686f392c31e157babc846749a677f07bc5b1bead0f96887462524e7b8b440fdfa837e088e8a3550437d13a716e41b4fae2f",,"2025-01-31T15:20:00.000","30","NO CONTROLS","NO CONTROLS","CLEAR","DAYLIGHT","REAR END","NOT DIVIDED",,"STRAIGHT AND LEVEL","DRY","NO DEFECTS","NOT ON SCENE (DESK REPORT)","NO INJURY / DRIVE AWAY",,,,"$501 - $1,500","2025-01-31T15:32:00.000","FOLLOWING TOO CLOSELY","FOLLOWING TOO CLOSELY","5737","N","NORTHWEST HWY","1611",,,,,,,"2","NO INDICATION OF INJURY","0","0","0","0","0","2","0","15","6","1","41.9860827","-87.7876743065","POINT (-87.7876743065 41.9860827)"