"crash_record_id","crash_date_est_i","crash_date","posted_speed_limit","traffic_control_device","device_condition","weather_condition","lighting_condition","first_crash_type","trafficway_type","lane_cnt","alignment","roadway_surface_cond","road_defect","report_type","crash_type","intersection_related_i","private_property_i","hit_and_run_i","damage","date_police_notified","prim_contributory_cause","sec_contributory_cause","street_no","street_direction","street_name","beat_of_occurrence","photos_taken_i","statements_taken_i","dooring_i","work_zone_i","work_zone_type","workers_present_i","num_units","most_severe_injury","injuries_total","injuries_fatal","injuries_incapacitating","injuries_non_incapacitating","injuries_reported_not_evident","injuries_no_indication","injuries_unknown","crash_hour","crash_day_of_week","crash_month","latitude","longitude","location"
"088f92be68bfb8876045e08290ad13ab1f5c13f07def13ae338753d52cf842912d075cbc23f8ede7ade6636ac345ca42d989b824e96f87b0b38896b345797284",,"2025-01-31T15:18:00.000","35","NO CONTROLS","NO CONTROLS","RAIN","DAYLIGHT","ANGLE","PARKING LOT",,"STRAIGHT AND LEVEL","WET","NO DEFECTS","NOT ON SCENE (DESK REPORT)","NO INJURY / DRIVE AWAY",,"Y",,"OVER $1,500","2025-01-31T16:30:00.000","UNABLE TO DETERMINE","UNABLE TO DETERMINE","1714","N","KOSTNER AVE","2533",,,,,,,"2","NO INDICATION OF INJURY","0","0","0","0","0","2","0","15","6","1","41.9120561839","-87.7363250329","POINT (-87.736325032927 41.912056183899)"
"0ae3084ce9580c4fa54fb8126ca8ab251073883f57f6a157d03774231043adbb1a6dd1d2793244225535642869efc50cd9d77e22f4bd9f9a5ab65ca09b5846a0",,"2025-01-31T15:15:00.000","30","NO CONTROLS","NO CONTROLS","CLEAR","DAYLIGHT","SIDESWIPE SAME DIRECTION","NOT DIVIDED",,"STRAIGHT AND LEVEL","DRY","NO DEFECTS","NOT ON SCENE (DESK REPORT)","NO INJURY / DRIVE AWAY",,,"Y","$501 - $1,500","2025-01-31T16:15:00.000","IMPROPER OVERTAKING/PASSING","UNABLE TO DETERMINE","5838","N","PULASKI RD","1711",,,,,,,"2","NO INDICATION OF INJURY","0","0","0","0","0","2","0","15","6","1","41.9873027075","-87.7286982518","POINT (-87.72869825182 41.987302707457)"
"36626891036e7fbaa1f3eecf77619b148c648aaa4b41ea1b506dba88bebb41753b8feafbd5e44c6d4121f9aa8b560ca3a9d480af267b29f82d94233ae84cae6e",,"2025-01-31T15:15:00.000","30","TRAFFIC SIGNAL","FUNCTIONING PROPERLY","CLEAR","DAYLIGHT","REAR TO FRONT","NOT DIVIDED",,"STRAIGHT AND LEVEL","WET","NO DEFECTS","NOT ON SCENE (DESK REPORT)","NO INJURY / DRIVE AWAY",,,,"$501 - $1,500","2025-01-31T15:45:00.000","IMPROPER BACKING","NOT APPLICABLE","1258","N","WELLS ST","1821",,,,,,,"2","NO INDICATION OF INJURY","0","0","0","0","0","2","0","15","6","1","41.9056246289","-87.634685086","POINT (-87.634685085953 41.905624628933)"
"dd6d4dc1ad14cd708a67463247cf2e95112a17e4523bda20fa26bdbf182c8974074935be31784a835a021b7ae3c4c25484d467ecc79adca0f11bbb409a7cc865",,"2025-01-31T15:15:00.000","30","NO CONTROLS","NO CONTROLS","RAIN","DAYLIGHT","PARKED MOTOR VEHICLE","DIVIDED - W/MEDIAN BARRIER",,"STRAIGHT AND LEVEL","WET","NO DEFECTS","NOT ON SCENE (DESK REPORT)","NO INJURY / DRIVE AWAY",,,,"OVER $1,500","2025-01-31T19:30:00.000","UNABLE TO DETERMINE","UNABLE TO DETERMINE","1450","N","ASHLAND AVE","1433","Y",,,,,,"2","NO INDICATION OF INJURY","0","0","0","0","0","1","0","15","6","1","41.908377716","-87.6677731892","POINT (-87.667773189178 41.908377715963)"
"be2cd06db00f26aad7ecf65b93192b7e52db443e889cd5a08e6d3900205c001eff24893aaf4114e9dcb4ed0c72c95d483b4d0236e1330881c35fee21b805bb59",,"2025-01-31T15:10:00.000","30","TRAFFIC SIGNAL","FUNCTIONING PROPERLY","RAIN","DAYLIGHT","TURNING","FOUR WAY",,"STRAIGHT AND LEVEL","WET","OTHER","NOT ON SCENE (DESK REPORT)","NO INJURY / DRIVE AWAY","Y",,"Y","OVER $1,500","2025-01-31T15:15:00.000","FAILING TO YIELD RIGHT-OF-WAY","IMPROPER OVERTAKING/PASSING","4048","S","ARCHER AVE","921",,,,,,,"2","NO INDICATION OF INJURY","0","0","0","0","0","2","0","15","6","1","41.8201435245","-87.6946012411","POINT (-87.694601241111 41.820143524489)"
"4cd8170fee9a776a282271ce2b3aa220e979bb4f77f032fee7a63356b8093c022cf6972d03c224b8ccabb854192c561b991a856412d609ee9744f62d5860bd01",,"2025-01-31T15:05:00.000","30","NO CONTROLS","NO CONTROLS","CLEAR","DAYLIGHT","SIDESWIPE SAME DIRECTION","FOUR WAY",,"STRAIGHT AND LEVEL","DRY","NO DEFECTS","ON SCENE","INJURY AND / OR TOW DUE TO CRASH",,,,"OVER $1,500","2025-01-31T15:38:00.000","IMPROPER OVERTAKING/PASSING","NOT APPLICABLE","1328","W","95TH ST","2222",,,,,,,"3","NONINCAPACITATING INJURY","1","0","0","1","0","1","0","15","6","1","41.7214049706","-87.656652318","POINT (-87.656652318038 41.721404970634)"
"0acc9ad44735029d087e171ab254b1633a115a0f7a9f52708eb11bd0a4f7c6aed25f83d434805453df483766e686682bc0ff8d5c387f131c9602d19c4fedaa2b",,"2025-01-31T15:00:00.000","30","NO CONTROLS","NO CONTROLS","RAIN","DAYLIGHT","REAR END","NOT DIVIDED",,"STRAIGHT AND LEVEL","WET","NO DEFECTS","NOT ON SCENE (DESK REPORT)","NO INJURY / DRIVE AWAY",,,"Y","OVER $1,500","2025-01-31T15:40:00.000","FOLLOWING TOO CLOSELY","NOT APPLICABLE","6150","N","BROADWAY","2433",,,,,,,"3","NO INDICATION OF INJURY","0","0","0","0","0","3","0","15","6","1","41.9937340373","-87.6605292879","POINT (-87.660529287875 41.993734037258)"
"3408d6d8ae71a69c51a9644defab333f506b1b315fd744518e1b5c63ce730099de8fff4683878b2316aeb9035718d474c9f8176a66f96ab0fe19f03c3041f648",,"2025-01-31T15:00:00.000","20","NO CONTROLS","NO CONTROLS","RAIN","DAYLIGHT","PARKED MOTOR VEHICLE","ONE-WAY",,"STRAIGHT AND LEVEL","WET","NO DEFECTS","ON SCENE","NO INJURY / DRIVE AWAY",,,,"$501 - $1,500","2025-01-31T15:10:00.000","UNABLE TO DETERMINE","UNABLE TO DETERMINE","5918","W","BYRON ST","1633",,,,,,,"2","NO INDICATION OF INJURY","0","0","0","0","0","1","0","15","6","1","41.9513408976","-87.7750727083","POINT (-87.775072708277 41.951340897573)"
"417aca687d2cfe7d7461464cb0459934e30fc291347f15671fb8928f26316da22bb15190a070626005b7073e878f06a37d1b746158d2037d93152b304d595488",,"2025-01-31T15:00:00.000","30","NO CONTROLS","NO CONTROLS","CLEAR","DAYLIGHT","PARKED MOTOR VEHICLE","DIVIDED - W/MEDIAN BARRIER",,"STRAIGHT AND LEVEL","DRY","NO DEFECTS","NOT ON SCENE (DESK REPORT)","NO INJURY / DRIVE AWAY",,,,"OVER $1,500","2025-01-31T16:40:00.000","NOT APPLICABLE","NOT APPLICABLE","217","W","CERMAK RD","914",,,,,,,"2",,,,,,,,,"15","6","1","41.8527319279","-87.6327413789","POINT (-87.632741378922 41.852731927855)"
"49ff21731911947d84cf89a3871abfc8ab6d21c58858bcfd38431ce58ed7559a80ba9f196752046a40f82978eb7778fb9d69db42eda9687b3f5df732f289b6e0",,"2025-01-31T15:00:00.000","30","TRAFFIC SIGNAL","FUNCTIONING PROPERLY","RAIN","DAYLIGHT","REAR END","NOT DIVIDED",,"STRAIGHT AND LEVEL","WET","NO DEFECTS","NOT ON SCENE (DESK REPORT)","NO INJURY / DRIVE AWAY","Y",,,"OVER $1,500","2025-01-31T17:40:00.000","FOLLOWING TOO CLOSELY","NOT APPLICABLE","2133","S","WENTWORTH AVE","914",,,,,,,"2","NO INDICATION OF INJURY","0","0","0","0","0","4","0","15","6","1","41.8531139136","-87.6316370007","POINT (-87.631637000749 41.853113913553)"
"bdc25cbe175684007e83b100ae1f47ce03ecd60072973f274ef08a5acc8432555678deb55f1673df6d40f7970c0e0b657867693aba5d40cee92695195ed407c4",,"2025-01-31T15:00:00.000","30","NO CONTROLS","NO CONTROLS","RAIN","DAYLIGHT","PARKED MOTOR VEHICLE","DIVIDED - W/MEDIAN (NOT RAISED)",,"STRAIGHT AND LEVEL","WET","NO DEFECTS","ON SCENE","INJURY AND / OR TOW DUE TO CRASH","N",,,"OVER $1,500","2025-01-31T15:15:00.000","IMPROPER LANE USAGE","NOT APPLICABLE","2029","W","GRAND AVE","1221",,,,,,,"3","REPORTED, NOT EVIDENT","2","0","0","0","2","1","0","15","6","1","41.8906941352","-87.6780891822","POINT (-87.678089182207 41.89069413519)"
"c51bbaf353df9a6ca015b94df0f2bd3bcbd1366d6b4b0a9ec682852361e7e0cb010e8fc163e72ac94ccd710a997ee987a4c845335410e45d0c8dd5474e4e37bd",,"2025-01-31T15:00:00.000","30","NO CONTROLS","NO CONTROLS","RAIN","DAYLIGHT","REAR END","NOT DIVIDED",,"STRAIGHT AND LEVEL","WET","UNKNOWN","NOT ON SCENE (DESK REPORT)","INJURY AND / OR TOW DUE TO CRASH",,,"Y","OVER $1,500","2025-01-31T15:00:00.000","UNABLE TO DETERMINE","UNABLE TO DETERMINE","5858","W","ROOSEVELT RD","1513",,,,,,,"2","REPORTED, NOT EVIDENT","1","0","0","0","1","1","0","15","6","1","41.8656056267","-87.7716138792","POINT (-87.771613879216 41.865605626722)"
"f3a5a424e9f669adaaa35dc0f859d3288d5b00404c9e50d2671d426bb9b36741b70649fb425453f0e90b7b17ddf2481e519a54cdb39814bb7359d15bda1cda59",,"2025-01-31T15:00:00.000","30","NO CONTROLS","NO CONTROLS","RAIN","DAYLIGHT","TURNING","NOT DIVIDED",,"STRAIGHT AND LEVEL","WET","UNKNOWN","NOT ON SCENE (DESK REPORT)","INJURY AND / OR TOW DUE TO CRASH",,,,"OVER $1,500","2025-01-31T15:25:00.000","IMPROPER TURNING/NO SIGNAL","WEATHER","3170","N","SHERIDAN RD","1934",,,,,,,"2","REPORTED, NOT EVIDENT","1","0","0","0","1","2","0","15","6","1","41.9397836464","-87.6396927655","POINT (-87.639692765466 41.939783646373)"
"bf1bd7eebe226ca32c870acad3be1f255a268e51ff78aa2ffe49f8c9c0c9d51cfc15c09eaf15e9c43cd473b92167826e82c08c9a3ea90e67a5e72d46458a73f5",,"2025-01-31T14:52:00.000","30","TRAFFIC SIGNAL","UNKNOWN","RAIN","DAYLIGHT","PEDESTRIAN","FOUR WAY",,"STRAIGHT AND LEVEL","WET","UNKNOWN","ON SCENE","INJURY AND / OR TOW DUE TO CRASH","Y",,,"$500 OR LESS","2025-01-31T14:52:00.000","FAILING TO YIELD RIGHT-OF-WAY","NOT APPLICABLE","2200","S","LOOMIS ST","1235",,,,,,,"3","NONINCAPACITATING INJURY","2","0","0","2","0","1","0","14","6","1","41.8524092963","-87.6613109926","POINT (-87.661310992602 41.852409296276)"
"460dea8ad4249bbb42cc70f45714ba2ea19959eece5a75789fd68e0cdba2216b6a8af267e321a87a35bf83aa6983cd84a1136ef04e7c8652ff3ffd768edda7b6",,"2025-01-31T14:51:00.000","30","TRAFFIC SIGNAL","UNKNOWN","RAIN","DAYLIGHT","TURNING","FOUR WAY",,"STRAIGHT AND LEVEL","WET","UNKNOWN","NOT ON SCENE (DESK REPORT)","NO INJURY / DRIVE AWAY",,,"Y","$500 OR LESS","2025-01-31T15:30:00.000","UNABLE TO DETERMINE","NOT APPLICABLE","122","W","CERMAK RD","914",,,,,,,"2","NO INDICATION OF INJURY","0","0","0","0","0","2","0","14","6","1","41.8529840313","-87.6303222683","POINT (-87.63032226832 41.852984031251)"
"1f13ed3eef450c2722c24eb7bf79d7a9c93e9b127fef12630de6e65b3051263763c8f38ad7f1beb9882e3726a0824837a7ff7f2ff1e444e5cc18f6feb5a2fdcb",,"2025-01-31T14:50:00.000","15","NO CONTROLS","NO CONTROLS","RAIN","DAYLIGHT","PARKED MOTOR VEHICLE","PARKING LOT",,"STRAIGHT AND LEVEL","WET","NO DEFECTS","ON SCENE","NO INJURY / DRIVE AWAY",,,,"OVER $1,500","2025-01-31T15:15:00.000","DRIVING SKILLS/KNOWLEDGE/EXPERIENCE","UNABLE TO DETERMINE","10020","W","BALMORAL AVE","1654",,,,,,,"2","NO INDICATION OF INJURY","0","0","0","0","0","1","0","14","6","1",,,
"d93e7fe6ffaead83eae495d88d0288bf1f8ac8182a862b4862b369ebf53dcd37f86150270d8926166f1d39c1011fa4ece03f46f4b611158499845bc31dacde03",,"2025-01-31T14:50:00.000","30","OTHER WARNING SIGN","FUNCTIONING PROPERLY","CLOUDY/OVERCAST","DAYLIGHT","TURNING","NOT DIVIDED",,"STRAIGHT AND LEVEL","DRY","NO DEFECTS","NOT ON SCENE (DESK REPORT)","NO INJURY / DRIVE AWAY",,,,"OVER $1,500","2025-01-31T19:50:00.000","FAILING TO YIELD RIGHT-OF-WAY","NOT APPLICABLE","6101","S","PULASKI RD","823",,,,"Y","UNKNOWN",,"2","NO INDICATION OF INJURY","0","0","0","0","0","3","0","14","6","1","41.7822524926","-87.7227149109","POINT (-87.722714910919 41.782252492599)"
"49b4a1e30136b03eddb15f3af9ca5193aee99c503061931ad409722f640ac19f982f5717d082e7cf9a4939f2ce81c030a95b06ab9ad3af3b4df42df5c9bee6ae",,"2025-01-31T14:46:00.000","30","STOP SIGN/FLASHER","FUNCTIONING PROPERLY","RAIN","DAYLIGHT","REAR END","NOT DIVIDED",,"STRAIGHT AND LEVEL","WET","UNKNOWN","NOT ON SCENE (DESK REPORT)","NO INJURY / DRIVE AWAY","Y",,,"OVER $1,500","2025-01-31T15:30:00.000","UNABLE TO DETERMINE","UNABLE TO DETERMINE","5601","W","DIVERSEY AVE","2514",,,,,,,"2","NO INDICATION OF INJURY","0","0","0","0","0","2","0","14","6","1","41.9311665019","-87.7663037491","POINT (-87.766303749057 41.93116650193)"
"0a401e3532056e43e520f18ea3501f4a5282b8a1c1043062be7f2c06678f8f83b308335e5a73efab3c5d7fac7eaee9bf74badcb57e80a038564fd988843edf82",,"2025-01-31T14:45:00.000","30","NO CONTROLS","NO CONTROLS","RAIN","DAYLIGHT","REAR END","NOT DIVIDED",,"STRAIGHT AND LEVEL","WET","NO DEFECTS","NOT ON SCENE (DESK REPORT)","INJURY AND / OR TOW DUE TO CRASH",,,,"OVER $1,500","2025-02-04T15:01:00.000","FOLLOWING TOO CLOSELY","NOT APPLICABLE","6100","S","PULASKI RD","813",,,,,,,"3","NONINCAPACITATING INJURY","1","0","0","1","0","2","0","14","6","1","41.7822483397","-87.7230081715","POINT (-87.723008171535 41.782248339738)"
"938d3d1bebe94f80a2e74487efa7d9df738411275db299571fc5f94a5e9e9a7294fc989ca206a3c2b4b1145179bb4c09c4221c3d79f57091cb1e936cbb62b050","Y","2025-01-31T14:45:00.000","30","NO CONTROLS","NO CONTROLS","RAIN","DAYLIGHT","ANGLE","NOT DIVIDED",,"STRAIGHT AND LEVEL","WET","UNKNOWN","NOT ON SCENE (DESK REPORT)","NO INJURY / DRIVE AWAY",,,,"OVER $1,500","2025-01-31T15:20:00.000","FAILING TO YIELD RIGHT-OF-WAY","NOT APPLICABLE","1000","W","WILSON AVE","1914",,,,,,,"2","NO INDICATION OF INJURY","0","0","0","0","0","2","0","14","6","1","41.9655391849","-87.6548598419","POINT (-87.654859841865 41.965539184933)"
"5b1337cd930b1b4789fa2ed3826a56af71deb83551bc27fc2069453766cdd424273996c1b8bdb38d460d107d77dff3b3698664ade240c49ecc6da072019867b1",,"2025-01-31T14:41:00.000","35","TRAFFIC SIGNAL","FUNCTIONING PROPERLY","RAIN","DUSK","PARKED MOTOR VEHICLE","DIVIDED - W/MEDIAN (NOT RAISED)",,"STRAIGHT AND LEVEL","WET","NO DEFECTS","ON SCENE","NO INJURY / DRIVE AWAY",,,,"OVER $1,500","2025-01-31T14:41:00.000","RELATED TO BUS STOP","RELATED TO BUS STOP","5758","S","COTTAGE GROVE AVE","233",,,,,,,"2","NO INDICATION OF INJURY","0","0","0","0","0","1","0","14","6","1","41.7896021988","-87.6062666983","POINT (-87.606266698255 41.789602198824)"
"c42278adf1e818bb5f2e21eae70b480f7292f92986c2f7fb27a4fb6ff696632fa7e7ff1d548a5beb23f3412934efd023f40e27d443e5a7e6a672321591504018",,"2025-01-31T14:40:00.000","30","NO CONTROLS","NO CONTROLS","CLEAR","DARKNESS","SIDESWIPE SAME DIRECTION","DIVIDED - W/MEDIAN (NOT RAISED)",,"STRAIGHT AND LEVEL","WET","NO DEFECTS","NOT ON SCENE (DESK REPORT)","NO INJURY / DRIVE AWAY",,,,"OVER $1,500","2025-01-31T15:05:00.000","UNABLE TO DETERMINE","UNABLE TO DETERMINE","3632","W","MONTROSE AVE","1723",,,,,,,"2","NO INDICATION OF INJURY","0","0","0","0","0","2","0","14","6","1","41.9611615491","-87.7194007137","POINT (-87.719400713679 41.961161549097)"
"6044a83c7ae91a12abddaacf6705ba2dd33db790281363d9d4f3f17d4bd399cf39c5352b273bb13d46b3f3d97b5fa4d82d085112360452c4a2b5a7211d2c5efe",,"2025-01-31T14:38:00.000","30","NO CONTROLS","NO CONTROLS","RAIN","DAYLIGHT","REAR END","NOT DIVIDED",,"STRAIGHT AND LEVEL","WET","UNKNOWN","NOT ON SCENE (DESK REPORT)","NO INJURY / DRIVE AWAY",,,,"OVER $1,500","2025-01-31T15:15:00.000","FOLLOWING TOO CLOSELY","FOLLOWING TOO CLOSELY","1800","W","MONTEREY AVE","2212",,,,,,,"2","NO INDICATION OF INJURY","0","0","0","0","0","2","0","14","6","1","41.691022398","-87.6672365396","POINT (-87.667236539587 41.691022398011)"
"813a1cd73bc432f21c789a7874902447112f8a75e90858dd2a95f9b7bbb938406b3da79eae86f54ed197e357e47d605fb809e5519ae2f958bd8a1844dbe41491",,"2025-01-31T14:35:00.000","10","NO CONTROLS","NO CONTROLS","RAIN","DAYLIGHT","REAR END","ALLEY",,"STRAIGHT AND LEVEL","WET","NO DEFECTS","NOT ON SCENE (DESK REPORT)","NO INJURY / DRIVE AWAY",,,,"$501 - $1,500","2025-01-31T15:20:00.000","IMPROPER BACKING","NOT APPLICABLE","5794","S","ARCHER AVE","814",,,,,,,"2","NO INDICATION OF INJURY","0","0","0","0","0","2","0","14","6","1","41.7964672316","-87.7582420193","POINT (-87.758242019349 41.796467231597)"
"79139b4d91013cfdba924be469a522a964bee4dc83814906ac717a2c2b3bb9644d4110e47c86e1f378c374c55fa724d68ce3f213886b11fa7c9d7fcb66f7dc34",,"2025-01-31T14:32:00.000","30","UNKNOWN","UNKNOWN","RAIN","DAYLIGHT","REAR END","OTHER",,"STRAIGHT AND LEVEL","WET","UNKNOWN","ON SCENE","NO INJURY / DRIVE AWAY",,,,"$500 OR LESS","2025-01-31T14:33:00.000","UNABLE TO DETERMINE","UNABLE TO DETERMINE","5458","S","LEAVITT ST","932",,,,,,,"3","NO INDICATION OF INJURY","0","0","0","0","0","3","0","14","6","1","41.7938990785","-87.6801265927","POINT (-87.680126592669 41.793899078494)"
"7f259768f0c21e31a0782d778bd8e9b1f14240d74477d47b2e581b959c47872c9cac65bcc1a82a0a219c4a239ec0f53683db4b9cd38644c23c2e95419039543e",,"2025-01-31T14:30:00.000","30","NO CONTROLS","NO CONTROLS","CLEAR","DAYLIGHT","PARKED MOTOR VEHICLE","NOT DIVIDED",,"STRAIGHT AND LEVEL","DRY","NO DEFECTS","NOT ON SCENE (DESK REPORT)","NO INJURY / DRIVE AWAY",,,,"OVER $1,500","2025-01-31T16:27:00.000","FAILING TO YIELD RIGHT-OF-WAY","NOT APPLICABLE","1441","N","ASHLAND AVE","1433",,,,,,,"2","NO INDICATION OF INJURY","0","0","0","0","0","2","0","14","6","1","41.9082190516","-87.6674732271","POINT (-87.66747322713 41.908219051605)"
"8bb2beeb9631eca3650714d9ebfb6d489ea1957c479558e1c1f07747f4ca33587626871a6dceec29e13c02e012ab2e8be0c83a88694cf7a3312b794918bcbd40",,"2025-01-31T14:30:00.000","30","NO CONTROLS","NO CONTROLS","RAIN","DAYLIGHT","SIDESWIPE SAME DIRECTION","DIVIDED - W/MEDIAN (NOT RAISED)",,"STRAIGHT AND LEVEL","WET","NO DEFECTS","NOT ON SCENE (DESK REPORT)","NO INJURY / DRIVE AWAY",,,,"OVER $1,500","2025-01-31T15:30:00.000","UNABLE TO DETERMINE","UNABLE TO DETERMINE","2645","N","NARRAGANSETT AVE","2512",,,,,,,"2","NO INDICATION OF INJURY","0","0","0","0","0","3","0","14","6","1","41.9286821833","-87.7854813672","POINT (-87.785481367187 41.928682183321)"
"caa0bd3ec34af45e1866f76396f9ff24b3ebb3666ff1af8e7c2845d27eca13585497a2e83db760a6c3abd3ac356a124fd64baaab709019834044843cab420ed1",,"2025-01-31T14:30:00.000","30","NO CONTROLS","NO CONTROLS","RAIN","DAYLIGHT","SIDESWIPE SAME DIRECTION","DIVIDED - W/MEDIAN (NOT RAISED)",,"STRAIGHT AND LEVEL","WET","NO DEFECTS",,"NO INJURY / DRIVE AWAY",,,"Y","$500 OR LESS","2025-01-31T15:15:00.000","FAILING TO YIELD RIGHT-OF-WAY","UNABLE TO DETERMINE","4601","W","PETERSON AVE","1711",,,,,,,"2","NO INDICATION OF INJURY","0","0","0","0","0","2","0","14","6","1","41.9898543464","-87.742639536","POINT (-87.742639535999 41.989854346429)"
"343dd15086075c88a181880ecee945a0b713f4095927cd2a0f37bce2a5fee75627dfb1a259d1c5ef0cb2b7d4e9331549bd20e9eb508148edbee20d61c0b6d27b","Y","2025-01-31T14:22:00.000","30","TRAFFIC SIGNAL","FUNCTIONING PROPERLY","RAIN","DAYLIGHT","SIDESWIPE SAME DIRECTION","DIVIDED - W/MEDIAN (NOT RAISED)",,"STRAIGHT AND LEVEL","WET","NO DEFECTS",,"INJURY AND / OR TOW DUE TO CRASH",,,,"OVER $1,500","2025-01-31T14:40:00.000","IMPROPER LANE USAGE","NOT APPLICABLE","3957","W","26TH ST","1031",,,,,,,"2","REPORTED, NOT EVIDENT","1","0","0","0","1","1","0","14","6","1","41.8441456656","-87.7244002022","POINT (-87.724400202223 41.844145665644)"
"67f0ccaffec9d449ed9a588f3d68fb98f3f4b8fd84db167eb25be7864aa1db3124f2f2d13e060fe5c3147d3fd7f7e8c497fbfe679aa025b05346dc6c8b7c1c22",,"2025-01-31T14:15:00.000","35","NO CONTROLS","NO CONTROLS","RAIN","DAYLIGHT","FIXED OBJECT","NOT DIVIDED",,"STRAIGHT AND LEVEL","WET","NO DEFECTS","NOT ON SCENE (DESK REPORT)","NO INJURY / DRIVE AWAY",,,,"OVER $1,500","2025-01-31T14:45:00.000","UNABLE TO DETERMINE","UNABLE TO DETERMINE","1755","N","AUSTIN AVE","2531",,,,,,,"1","NO INDICATION OF INJURY","0","0","0","0","0","1","0","14","6","1","41.9127022406","-87.7751901987","POINT (-87.775190198691 41.912702240588)"
"7f43df85ecc1ae1019b80823513fe50755d9b1972d484e694d1d6b9a736aa414aecf4414c7a621be4750c6f46d375145590bf97f81eff721a5aa24741d8f0632",,"2025-01-31T14:15:00.000","35","TRAFFIC SIGNAL","FUNCTIONING PROPERLY","RAIN","DAYLIGHT","PARKED MOTOR VEHICLE","NOT DIVIDED",,"STRAIGHT AND LEVEL","WET","NO DEFECTS","NOT ON SCENE (DESK REPORT)","NO INJURY / DRIVE AWAY",,,,"OVER $1,500","2025-01-31T15:05:00.000","UNABLE TO DETERMINE","UNABLE TO DETERMINE","5800","W","ADDISON ST","1633",,,,,,,"2","NO INDICATION OF INJURY","0","0","0","0","0","1","0","14","6","1","41.9459327504","-87.771753031","POINT (-87.771753030971 41.945932750402)"
"6500fb1b48a28f20a53cf114cc324b769dba44da41de535e76a55c0d2ae3a2521cd3fb128c8a9e57e6a39c9e735807463aeb6acffa2edc314bb78fd1b363f033",,"2025-01-31T14:14:00.000","30","UNKNOWN","UNKNOWN","CLEAR","DAYLIGHT","ANGLE","T-INTERSECTION",,"STRAIGHT AND LEVEL","UNKNOWN","UNKNOWN","NOT ON SCENE (DESK REPORT)","NO INJURY / DRIVE AWAY","Y",,,"OVER $1,500","2025-02-09T21:46:00.000","UNABLE TO DETERMINE","UNABLE TO DETERMINE","2335","E","83RD ST","412",,,,,,,"2","NO INDICATION OF INJURY","0","0","0","0","0","4","0","14","6","1","41.7443382521","-87.5671945337","POINT (-87.567194533676 41.744338252052)"
"723584c2b75f812fa10710de028361e3a2c0d17d9ed49fc5faa77da31c0f63f68fc4d1d1d53c02303ae48720f6be423bddd2deb9c03ca580353b2ef334e0e364",,"2025-01-31T14:10:00.000","30","NO CONTROLS","NO CONTROLS","RAIN","DAYLIGHT","REAR END","DIVIDED - W/MEDIAN (NOT RAISED)",,"STRAIGHT AND LEVEL","WET","NO DEFECTS","NOT ON SCENE (DESK REPORT)","NO INJURY / DRIVE AWAY",,,,"OVER $1,500","2025-01-31T17:20:00.000","UNABLE TO DETERMINE","UNABLE TO DETERMINE","1059","W","40TH ST","925",,,,,,,"2","NO INDICATION OF INJURY","0","0","0","0","0","2","0","14","6","1","41.8209691117","-87.6529852923","POINT (-87.65298529227 41.820969111684)"
"92b629b88a831027b10c0d97bd946ce63d950cec523bd43a0b41116097b6a12752ff9b32f56f3affa53a0f1c94951c5d7e2fced3236a11fc402eb0d41bbad836",,"2025-01-31T14:05:00.000","5","NO CONTROLS","NO CONTROLS","RAIN","DAYLIGHT","PARKED MOTOR VEHICLE","PARKING LOT",,"STRAIGHT AND LEVEL","WET","NO DEFECTS","ON SCENE","NO INJURY / DRIVE AWAY",,,,"$501 - $1,500","2025-01-31T15:14:00.000","UNABLE TO DETERMINE","NOT APPLICABLE","2701","W","68TH ST","831",,,,,,,"2","NO INDICATION OF INJURY","0","0","0","0","0","1","0","14","6","1","41.7699292423","-87.6908413389","POINT (-87.690841338941 41.769929242296)"
"0f9587fe493bbe0cdeebf026cda77698ee1dbb41b1633796990c4a0d0e4a40199458686f756cf5468a3185f05c44289e17b2e5e4316420a3101dd815396fb56b",,"2025-01-31T14:00:00.000","30","NO CONTROLS","NO CONTROLS","UNKNOWN","UNKNOWN","REAR END","DIVIDED - W/MEDIAN (NOT RAISED)",,"STRAIGHT AND LEVEL","UNKNOWN","UNKNOWN","NOT ON SCENE (DESK REPORT)","INJURY AND / OR TOW DUE TO CRASH",,,"Y","$501 - $1,500","2025-01-31T15:00:00.000","UNABLE TO DETERMINE","NOT APPLICABLE","4009","W","CHICAGO AVE","1111",,,,,,,"2","NONINCAPACITATING INJURY","1","0","0","1","0","1","0","14","6","1","41.8952525359","-87.7264351642","POINT (-87.726435164159 41.895252535891)"
"18ad0e19069832eee4b849cba9dc130efb469c9ab0315b8a78b32a952fff9321d788ae2b9342e992286a2e9eec2741b76bac84e327f86c9406b907857ca4e6a3",,"2025-01-31T14:00:00.000","30","NO CONTROLS","NO CONTROLS","RAIN","DAYLIGHT","TURNING","NOT DIVIDED",,"STRAIGHT AND LEVEL","WET","NO DEFECTS","NOT ON SCENE (DESK REPORT)","NO INJURY / DRIVE AWAY",,,,"$501 - $1,500","2025-01-31T14:40:00.000","UNABLE TO DETERMINE","NOT APPLICABLE","2501","N","WESTERN AVE","1432",,,,,,,"2","NO INDICATION OF INJURY","0","0","0","0","0","2","0","14","6","1","41.9264397014","-87.6875527922","POINT (-87.687552792191 41.92643970144)"