"crash_record_id","crash_date_est_i","crash_date","posted_speed_limit","traffic_control_device","device_condition","weather_condition","lighting_condition","first_crash_type","trafficway_type","lane_cnt","alignment","roadway_surface_cond","road_defect","report_type","crash_type","intersection_related_i","private_property_i","hit_and_run_i","damage","date_police_notified","prim_contributory_cause","sec_contributory_cause","street_no","street_direction","street_name","beat_of_occurrence","photos_taken_i","statements_taken_i","dooring_i","work_zone_i","work_zone_type","workers_present_i","num_units","most_severe_injury","injuries_total","injuries_fatal","injuries_incapacitating","injuries_non_incapacitating","injuries_reported_not_evident","injuries_no_indication","injuries_unknown","crash_hour","crash_day_of_week","crash_month","latitude","longitude","location"
"2d2d1d909d303c54fb6d1b660cfdfd498ea0d1f37e05170b0c0478c9a015bcffc896952cf641a277331c48b6b650de5e57a5fde96ee11224bb7ebb2147847dd9",,"2025-01-31T14:00:00.000","30","TRAFFIC SIGNAL","FUNCTIONING PROPERLY","RAIN","DAYLIGHT","REAR END","FOUR WAY",,"STRAIGHT AND LEVEL","WET","NO DEFECTS","NOT ON SCENE (DESK REPORT)","NO INJURY / DRIVE AWAY","Y",,"Y","OVER $1,500","2025-02-10T11:25:00.000","FOLLOWING TOO CLOSELY","UNABLE TO DETERMINE","258","S","OAKLEY BLVD","1225",,,,,,,"2","NO INDICATION OF INJURY","0","0","0","0","0","2","0","14","6","1","41.8776249705","-87.6840186688","POINT (-87.68401866877 41.877624970507)"
"593014e7186fc832b98c2cddd8fb5105a8a750a84dbbb6916ca8b0ce2d2a6a766d132366d6d340551005c44367dd0802619dd7ee6961d3c6b4d0d1f7c66000fc",,"2025-01-31T14:00:00.000","30","NO CONTROLS","NO CONTROLS","RAIN","DAYLIGHT","SIDESWIPE SAME DIRECTION","DIVIDED - W/MEDIAN (NOT RAISED)",,"STRAIGHT AND LEVEL","WET","UNKNOWN","NOT ON SCENE (DESK REPORT)","NO INJURY / DRIVE AWAY",,,"Y","OVER $1,500","2025-01-31T14:20:00.000","UNABLE TO DETERMINE","NOT APPLICABLE","1600","W","DIVISION ST","1424",,,,,,,"2","NO INDICATION OF INJURY","0","0","0","0","0","2","0","14","6","1","41.9034553165","-87.667558994","POINT (-87.66755899397 41.903455316484)"
"9d351d210a04b679e4692443e5249171b97277ae5a57b72d46ba0f2adcb3b62bb97666200c4c8f441a48425add5354920664f537deafcb46806d357e74494d4e",,"2025-01-31T14:00:00.000","35","TRAFFIC SIGNAL","FUNCTIONING PROPERLY","CLEAR","DAYLIGHT","TURNING","FOUR WAY",,"STRAIGHT AND LEVEL","WET","NO DEFECTS","ON SCENE","INJURY AND / OR TOW DUE TO CRASH","Y",,,"OVER $1,500","2025-01-31T14:25:00.000","NOT APPLICABLE","NOT APPLICABLE","8401","W","HIGGINS RD","1614",,,,,,,"2","REPORTED, NOT EVIDENT","2","0","0","0","2","0","0","14","6","1","41.9863426288","-87.8371039498","POINT (-87.837103949785 41.986342628794)"
"e3972f5dc95048cb265f067e422970e47cedc388a5582f8515826d31e39721acedb8f1fba1506e13d6227a16825c4e99cd4b13a2deda28c1b55e7adc6d523a6c",,"2025-01-31T14:00:00.000","30","NO CONTROLS","NO CONTROLS","RAIN","DAYLIGHT","PARKED MOTOR VEHICLE","NOT DIVIDED",,"STRAIGHT AND LEVEL","WET","UNKNOWN","ON SCENE","NO INJURY / DRIVE AWAY",,,"Y","OVER $1,500","2025-01-31T14:03:00.000","PHYSICAL CONDITION OF DRIVER","WEATHER","3835","W","MADISON ST","1122",,,,,,,"3","NO INDICATION OF INJURY","0","0","0","0","0","2","0","14","6","1","41.8806594115","-87.7221936689","POINT (-87.722193668857 41.880659411459)"
"c2346b850dfb88cc700722fcbf2b6246a5afc33517d82fbc893c5f02be698008985c59138d3dde56f2e5b7b547fc2a7b61470aed229ae7d0f164f66f06054bc3",,"2025-01-31T13:50:00.000","30","NO CONTROLS","NO CONTROLS","RAIN","DAYLIGHT","ANGLE","NOT DIVIDED",,"STRAIGHT AND LEVEL","WET","NO DEFECTS","NOT ON SCENE (DESK REPORT)","NO INJURY / DRIVE AWAY",,,,"OVER $1,500","2025-01-31T14:40:00.000","FAILING TO YIELD RIGHT-OF-WAY","NOT APPLICABLE","6250","N","CLARK ST","2433",,,,,,,"2","NO INDICATION OF INJURY","0","0","0","0","0","2","0","13","6","1","41.9958532536","-87.6703466224","POINT (-87.670346622447 41.995853253628)"
"6231400c9450508f1596e55c3183b6122d1d7229db82c366e6c4eed6cb69e310be3087fb70d0d0ab1162c1e1345bfa36a01983cb58a0794f0d74a3d02a2ee166",,"2025-01-31T13:48:00.000","30","NO CONTROLS","NO CONTROLS","RAIN","DAYLIGHT","TURNING","OTHER",,"STRAIGHT AND LEVEL","WET","NO DEFECTS","ON SCENE","NO INJURY / DRIVE AWAY",,,"Y","$501 - $1,500","2025-01-31T13:55:00.000","UNABLE TO DETERMINE","UNABLE TO DETERMINE","5059","N","ELSTON AVE","1712",,,,,,,"2","NO INDICATION OF INJURY","0","0","0","0","0","2","0","13","6","1","41.9729173066","-87.7477403483","POINT (-87.74774034826 41.972917306618)"
"29211bbd58cd8b619e58725fa0aea88f802ea690d49ee1f35f464738a850bfba06e640d473e1bcec2622429a2c8e9f358d788640ac9188ed5cdc840954a061a6",,"2025-01-31T13:45:00.000","30","NO CONTROLS","NO CONTROLS","RAIN","DAYLIGHT","ANGLE","NOT DIVIDED",,"STRAIGHT AND LEVEL","WET","NO DEFECTS","ON SCENE","INJURY AND / OR TOW DUE TO CRASH",,,"Y","OVER $1,500","2025-01-31T13:52:00.000","UNABLE TO DETERMINE","UNABLE TO DETERMINE","8700","S","HOLLAND RD","634",,,,,,,"4","NO INDICATION OF INJURY","0","0","0","0","0","5","0","13","6","1","41.7358672646","-87.6327948012","POINT (-87.632794801154 41.735867264645)"
"159c73518266fa3b28aeb4d9c7a340ac59132efeb4f86775dd0b770bc18e9fe1b0703e87021495c273b3de8cfa3f6edbd0118bc6611621673e3069d16315b7fd",,"2025-01-31T13:30:00.000","30","UNKNOWN","UNKNOWN","CLEAR","DAYLIGHT","PARKED MOTOR VEHICLE","PARKING LOT",,"STRAIGHT AND LEVEL","UNKNOWN","UNKNOWN","NOT ON SCENE (DESK REPORT)","NO INJURY / DRIVE AWAY",,,"Y","OVER $1,500","2025-02-01T11:22:00.000","UNABLE TO DETERMINE","UNABLE TO DETERMINE","8820","S","ASHLAND AVE","2221",,,,,,,"2","NO INDICATION OF INJURY","0","0","0","0","0","1","0","13","6","1","41.7333273675","-87.6631429418","POINT (-87.663142941758 41.733327367515)"
"215d0cbe2acb4f8896ff1de2f35af40b2d212151b0c7c06b815c2b80beb02b80f36c04c6725ed303691c663a8821947d1a04e321e6628a032bf0bce355cb42af",,"2025-01-31T13:30:00.000","30","NO CONTROLS","NO CONTROLS","RAIN","DAYLIGHT","REAR END","NOT DIVIDED",,"STRAIGHT AND LEVEL","WET","UNKNOWN","NOT ON SCENE (DESK REPORT)","NO INJURY / DRIVE AWAY",,,"Y","OVER $1,500","2025-01-31T13:50:00.000","UNABLE TO DETERMINE","UNABLE TO DETERMINE","4450","W","DIVISION ST","2533",,,,,,,"2","NO INDICATION OF INJURY","0","0","0","0","0","2","0","13","6","1","41.9025884925","-87.738112102","POINT (-87.738112102033 41.902588492505)"
"f785eeb2de55d792f31dd5b4744f0f04d25d0830855830faead152a93dd591a639c475cbc68f9ec37ffe524bb8391937fad88189cfe4c356ec1e781a8d19bd35",,"2025-01-31T13:30:00.000","30","STOP SIGN/FLASHER","FUNCTIONING PROPERLY","UNKNOWN","DAYLIGHT","ANGLE","DIVIDED - W/MEDIAN (NOT RAISED)",,"STRAIGHT AND LEVEL","UNKNOWN","UNKNOWN","NOT ON SCENE (DESK REPORT)","NO INJURY / DRIVE AWAY",,,,"OVER $1,500","2025-02-09T14:30:00.000","UNABLE TO DETERMINE","NOT APPLICABLE","1133","W","LAKE ST","1224",,,,,,,"2","NO INDICATION OF INJURY","0","0","0","0","0","2","0","13","6","1","41.8854131558","-87.6556939378","POINT (-87.655693937846 41.885413155756)"
"f34658cca3969300d25b6657164ac93acd22b7198e455f84679753164723eb311013fa20c5ab1699644b164bd8da4a0e7f5e83639c56de141a9b46573b8f26bc",,"2025-01-31T13:25:00.000","35","NO CONTROLS","NO CONTROLS","RAIN","DAYLIGHT","ANGLE","FOUR WAY",,"STRAIGHT ON GRADE","WET","UNKNOWN","ON SCENE","INJURY AND / OR TOW DUE TO CRASH","Y",,,"OVER $1,500","2025-01-31T13:30:00.000","FAILING TO YIELD RIGHT-OF-WAY","DRIVING SKILLS/KNOWLEDGE/EXPERIENCE","1100","E","130TH ST","532",,,,,,,"2","REPORTED, NOT EVIDENT","2","0","0","0","2","1","0","13","6","1","41.6599731423","-87.5950881379","POINT (-87.595088137891 41.659973142277)"
"3c8f33e142475f4acb704493f64786137ad0139a324161e422ec44b3250132ad43801e8d0783c51cc10aca7c79b90d37472ac8bdfc5695ad9c5b628478fbce09",,"2025-01-31T13:15:00.000","30","NO CONTROLS","NO CONTROLS","CLEAR","DAYLIGHT","TURNING","T-INTERSECTION",,"STRAIGHT AND LEVEL","DRY","UNKNOWN","NOT ON SCENE (DESK REPORT)","NO INJURY / DRIVE AWAY","Y",,,"OVER $1,500","2025-02-04T12:15:00.000","UNABLE TO DETERMINE","NOT APPLICABLE","9001","S","WESTERN AVE","2221",,,,,,,"2","NO INDICATION OF INJURY","0","0","0","0","0","2","0","13","6","1","41.7299694771","-87.6821963856","POINT (-87.682196385607 41.729969477098)"
"6b741022a7328a480f93f6d81ababae8a1c1a3e9ebfeff5c8a0923e3eb65e8c3f030e7abc194b12ad2891be41caedd98b2fe0dd53f0f4433b5165cb5a5037605",,"2025-01-31T13:11:00.000","15","STOP SIGN/FLASHER","FUNCTIONING PROPERLY","RAIN","DAYLIGHT","REAR TO FRONT","OTHER",,"STRAIGHT AND LEVEL","WET","UNKNOWN","NOT ON SCENE (DESK REPORT)","NO INJURY / DRIVE AWAY",,,"Y","OVER $1,500","2025-02-01T10:38:00.000","IMPROPER BACKING","UNABLE TO DETERMINE","716","W","JAMES M ROCHFORD ST","1232",,,,,,,"2","NO INDICATION OF INJURY","0","0","0","0","0","2","0","13","6","1","41.8661226506","-87.6457888044","POINT (-87.64578880442 41.866122650552)"
"2c655470440370b8bd0ed7ac6813c23e79759b8a22ed55afa2a587aa93f28767e49c35bc0b03b4a8af590503488f6c33d8b957df18ace5dfc26061437d908b76",,"2025-01-31T13:10:00.000","20","NO CONTROLS","NO CONTROLS","RAIN","DAYLIGHT","PARKED MOTOR VEHICLE","PARKING LOT",,"STRAIGHT AND LEVEL","WET","UNKNOWN","ON SCENE","NO INJURY / DRIVE AWAY",,,,"OVER $1,500","2025-01-31T13:14:00.000","IMPROPER BACKING","IMPROPER BACKING","2014","W","DIVISION ST","1424",,,,,,,"2","NO INDICATION OF INJURY","0","0","0","0","0","2","0","13","6","1","41.9032891416","-87.6779140956","POINT (-87.67791409557 41.903289141647)"
"ceafa5c5ee5e9d632f8c273ce580e17eaf628b99c5a40f1c28ef154d4f7d0a9336918af706e46fd8c7150e351dc0cfeacadfc697fc8cf45a8c97ebe96b971ee1",,"2025-01-31T13:05:00.000","30","NO CONTROLS","NO CONTROLS","RAIN","DAYLIGHT","ANGLE","FOUR WAY",,"STRAIGHT AND LEVEL","WET","NO DEFECTS","NOT ON SCENE (DESK REPORT)","NO INJURY / DRIVE AWAY","Y",,,"OVER $1,500","2025-01-31T14:10:00.000","FAILING TO YIELD RIGHT-OF-WAY","NOT APPLICABLE","1044","W","BRYN MAWR AVE","2022",,,,,,,"2","NO INDICATION OF INJURY","0","0","0","0","0","2","0","13","6","1","41.9837863649","-87.6569966424","POINT (-87.656996642387 41.983786364893)"
"6ba97b6f9bb7eea71f2a73ef5d31c639f8e7d70fbfaa0eafc88046b0aa647bb3444dc993afa1e7c573817bb5ff58128e5abb52d5518e812844a9604924010138",,"2025-01-31T13:00:00.000","25","STOP SIGN/FLASHER","FUNCTIONING PROPERLY","RAIN","DAYLIGHT","ANGLE","FOUR WAY",,"STRAIGHT AND LEVEL","WET","NO DEFECTS","NOT ON SCENE (DESK REPORT)","INJURY AND / OR TOW DUE TO CRASH","Y",,,"OVER $1,500","2025-01-31T13:25:00.000","UNABLE TO DETERMINE","UNABLE TO DETERMINE","6259","N","CALIFORNIA AVE","2413",,,,,,,"2","REPORTED, NOT EVIDENT","1","0","0","0","1","3","0","13","6","1","41.9956833587","-87.6994260723","POINT (-87.69942607231 41.995683358666)"
"cb882c47ce170b87abae2f9f06bb85b0a2d8052f8268833f659317e0714b9b1496c072e7242bf85c6c6f0073e756f6866fd89295627ecf0688b944ef8b321d24",,"2025-01-31T13:00:00.000","30","TRAFFIC SIGNAL","UNKNOWN","RAIN","DAYLIGHT","SIDESWIPE SAME DIRECTION","FOUR WAY",,"STRAIGHT AND LEVEL","WET","UNKNOWN","NOT ON SCENE (DESK REPORT)","NO INJURY / DRIVE AWAY","Y",,"N","OVER $1,500","2025-01-31T13:30:00.000","IMPROPER OVERTAKING/PASSING","NOT APPLICABLE","2401","W","26TH ST","1034","Y",,,,,,"2","NO INDICATION OF INJURY","0","0","0","0","0","2","0","13","6","1","41.8447233775","-87.6854516466","POINT (-87.685451646621 41.844723377514)"
"2589f1c20acfe6b4aebb999f80bbbe9dc687714c8b2a72e4d5b53c46f7322269c541ff8c41ca53c95607a69a1213dd3fce3e91184f01d8e958da14d9d85b2f46",,"2025-01-31T12:50:00.000","30","UNKNOWN","UNKNOWN","OTHER","UNKNOWN","SIDESWIPE SAME DIRECTION","FOUR WAY",,"STRAIGHT AND LEVEL","UNKNOWN","UNKNOWN","NOT ON SCENE (DESK REPORT)","NO INJURY / DRIVE AWAY","Y",,,"OVER $1,500","2025-02-01T17:11:00.000","UNABLE TO DETERMINE","DRIVING SKILLS/KNOWLEDGE/EXPERIENCE","564","W","RANDOLPH ST","121",,,,,,,"2","NO INDICATION OF INJURY","0","0","0","0","0","2","0","12","6","1","41.8845433977","-87.6423313867","POINT (-87.642331386727 41.884543397738)"
"a8bb0202a7b17ec002f7f4acd7127dbf17eecd8d021875ad53be2a2c0d19f2d24272561e02c676a33710b96156093546309b0760603859f524e78ab85979f8f8",,"2025-01-31T12:50:00.000","30","NO CONTROLS","NO CONTROLS","RAIN","DAYLIGHT","PARKED MOTOR VEHICLE","NOT DIVIDED",,"STRAIGHT AND LEVEL","WET","NO DEFECTS","ON SCENE","NO INJURY / DRIVE AWAY",,,"Y","OVER $1,500","2025-01-31T13:05:00.000","UNABLE TO DETERMINE","NOT APPLICABLE","2840","W","38TH ST","911",,,,,,,"2","NO INDICATION OF INJURY","0","0","0","0","0","2","0","12","6","1","41.8246929169","-87.6961616352","POINT (-87.696161635157 41.824692916896)"
"3467575132bd09c25c7707c4041883a7e2ea6aa6b911c6b668228cfc9320b68f10ab1880dafe98531ea951fd79d7e9b7887e404aaa747a8abf02f03a1b7b0aa8",,"2025-01-31T12:49:00.000","30","NO CONTROLS","NO CONTROLS","RAIN","DAYLIGHT","ANGLE","ALLEY",,"STRAIGHT AND LEVEL","WET","NO DEFECTS","ON SCENE","NO INJURY / DRIVE AWAY",,,"Y","$500 OR LESS","2025-01-31T12:50:00.000","FAILING TO YIELD RIGHT-OF-WAY","NOT APPLICABLE","4638","S","COTTAGE GROVE AVE","221",,,,,,,"2","NO INDICATION OF INJURY","0","0","0","0","0","2","0","12","6","1","41.8101874601","-87.606725489","POINT (-87.606725488952 41.810187460056)"
"df3e1f977164a6d442c57a03a47c7f0516b9c0c483a0491686c39c8c8e9748950e8ef69ba242de16734474bde265b80d8a3009ec893fd269d4a881c322af2932",,"2025-01-31T12:45:00.000","30","TRAFFIC SIGNAL","FUNCTIONING PROPERLY","CLEAR","DAYLIGHT","TURNING","NOT DIVIDED",,"STRAIGHT AND LEVEL","WET","NO DEFECTS","NOT ON SCENE (DESK REPORT)","NO INJURY / DRIVE AWAY","Y",,,"OVER $1,500","2025-01-31T17:00:00.000","DRIVING SKILLS/KNOWLEDGE/EXPERIENCE","NOT APPLICABLE","532","E","79TH ST","624",,,,,,,"2","NO INDICATION OF INJURY","0","0","0","0","0","2","0","12","6","1","41.7512904478","-87.6112354664","POINT (-87.611235466366 41.751290447792)"
"19f7c8686d757d9b51c381b8e7272b0ef7e493867709f941d83e2350a0696b54a0d2df3c688c5a0ba59e2b58b98bf31af01ecc86c1f4974bd9a62679b15050ca",,"2025-01-31T12:44:00.000","40","NO CONTROLS","NO CONTROLS","RAIN","DAYLIGHT","OTHER OBJECT","RAMP",,"STRAIGHT ON HILLCREST","WET","NO DEFECTS","ON SCENE","INJURY AND / OR TOW DUE TO CRASH",,,,"OVER $1,500","2025-01-31T12:50:00.000","DRIVING SKILLS/KNOWLEDGE/EXPERIENCE","WEATHER","4800","N","LAKE SHORE DR SB","2024",,,,,,,"1","NONINCAPACITATING INJURY","1","0","0","1","0","0","0","12","6","1","41.9694086179","-87.6483172637","POINT (-87.648317263699 41.969408617919)"
"14707710a6c3815031c4e90db8a2f1e248042fde82cc0a368c83fa8ad1f0ba9687ee8c7a9587fdde46bfd6aaeab63926ce6a00e8d32f8ef1d44c0d8a2f604e02",,"2025-01-31T12:41:00.000","30","NO CONTROLS","NO CONTROLS","RAIN","DAYLIGHT","PARKED MOTOR VEHICLE","DIVIDED - W/MEDIAN (NOT RAISED)",,"STRAIGHT AND LEVEL","WET","UNKNOWN","ON SCENE","INJURY AND / OR TOW DUE TO CRASH",,,,"OVER $1,500","2025-01-31T12:45:00.000","FAILING TO REDUCE SPEED TO AVOID CRASH","WEATHER","5947","N","WESTERN AVE","2012",,,,,,,"3","NO INDICATION OF INJURY","0","0","0","0","0","1","0","12","6","1","41.9900614594","-87.6895113927","POINT (-87.689511392714 41.990061459386)"
"e205b148891318cf8395c42fba2df678ee4e2423ab1b513444a1772877858fdae8c449aec99d0504f2e757f0a198d11539f809b23c0f2bf55d01136af1f737f3",,"2025-01-31T12:38:00.000","25","STOP SIGN/FLASHER","FUNCTIONING PROPERLY","RAIN","DAYLIGHT","SIDESWIPE SAME DIRECTION","DIVIDED - W/MEDIAN (NOT RAISED)",,"STRAIGHT AND LEVEL","WET","UNKNOWN","NOT ON SCENE (DESK REPORT)","NO INJURY / DRIVE AWAY","N",,"Y","OVER $1,500","2025-01-31T13:12:00.000","DRIVING SKILLS/KNOWLEDGE/EXPERIENCE","IMPROPER LANE USAGE","1440","W","DEVON AVE","2432",,,,,,,"2","NO INDICATION OF INJURY","0","0","0","0","0","3","0","12","6","1","41.9982282538","-87.6671044665","POINT (-87.667104466469 41.998228253767)"
"e1486e0553f42f2f47a66fad0e7c3c7fbec0f2eab03bb7b6a478647f9685637d6890d24d87d71ac236dd53548a35f06ee73ced77b6226eaeea5e1fe3e9fe0731",,"2025-01-31T12:26:00.000","30","TRAFFIC SIGNAL","FUNCTIONING PROPERLY","CLEAR","DAYLIGHT","REAR END","FOUR WAY",,"STRAIGHT AND LEVEL","DRY","NO DEFECTS","ON SCENE","INJURY AND / OR TOW DUE TO CRASH","Y",,,"OVER $1,500","2025-01-31T12:35:00.000","FAILING TO REDUCE SPEED TO AVOID CRASH","NOT APPLICABLE","3501","W","103RD ST","2211",,,,,,,"2","REPORTED, NOT EVIDENT","1","0","0","0","1","1","0","12","6","1","41.7059825368","-87.7087890612","POINT (-87.708789061152 41.705982536824)"
"5560122a24b43045801c9639c2a1e7d545454e86dcec96770355c025a6d063e8eb20d225c2203e562d0603082ec41424a8231a015e2765779aeb1c2bb10e924a",,"2025-01-31T12:25:00.000","35","NO CONTROLS","NO CONTROLS","RAIN","DAYLIGHT","TURNING","NOT DIVIDED",,"STRAIGHT AND LEVEL","WET","NO DEFECTS","NOT ON SCENE (DESK REPORT)","INJURY AND / OR TOW DUE TO CRASH",,,"Y","OVER $1,500","2025-01-31T14:12:00.000","FAILING TO YIELD RIGHT-OF-WAY","NOT APPLICABLE","4801","S","CICERO AVE","815",,,,,,,"2","NO INDICATION OF INJURY","0","0","0","0","0","2","0","12","6","1","41.8057097755","-87.7429586308","POINT (-87.742958630818 41.805709775504)"
"2df59bc31085f6a934eb253248a7b71e514a30fcb6c4d924184411b90c651eb0ad896f33fbb7d6473ea469a27bd0cc018569f887b96e17391fc428616022a718",,"2025-01-31T12:13:00.000","30","STOP SIGN/FLASHER","FUNCTIONING PROPERLY","RAIN","DAYLIGHT","TURNING","T-INTERSECTION",,"STRAIGHT AND LEVEL","WET","NO DEFECTS","ON SCENE","NO INJURY / DRIVE AWAY","Y",,,"OVER $1,500","2025-01-31T12:29:00.000","FAILING TO YIELD RIGHT-OF-WAY","UNABLE TO DETERMINE","10007","W","BRYN MAWR AVE","1654",,,,,,,"2","NO INDICATION OF INJURY","0","0","0","0","0","2","0","12","6","1","41.9748477717","-87.8761560402","POINT (-87.876156040248 41.974847771724)"
"2e7197f002f4f39e6ac15bdfd2b1093d7d85b3df3ab35e7253287e5f44d9554f7fc833425f203d7c70aa6de24f3184591176f327aba7ed966d910d72e7449990",,"2025-01-31T12:05:00.000","30","NO CONTROLS","NO CONTROLS","RAIN","DAYLIGHT","SIDESWIPE SAME DIRECTION","DIVIDED - W/MEDIAN BARRIER",,"CURVE, LEVEL","WET","NO DEFECTS","ON SCENE","NO INJURY / DRIVE AWAY",,,,"OVER $1,500","2025-01-31T12:10:00.000","IMPROPER LANE USAGE","NOT APPLICABLE","521","W","OHARE ST","1654",,,,,,,"2","NO INDICATION OF INJURY","0","0","0","0","0","2","0","12","6","1",,,
"b251c98d3313eea51e1bf73c20e369757976bbb579bb946f171de30746834bd377cbb6a2dfd0712e8605250e2de1674661a3100be6d03325efe38e749c688965",,"2025-01-31T12:05:00.000","30","STOP SIGN/FLASHER","UNKNOWN","RAIN","DAYLIGHT","REAR END","FOUR WAY",,"STRAIGHT AND LEVEL","WET","UNKNOWN","NOT ON SCENE (DESK REPORT)","NO INJURY / DRIVE AWAY","Y",,,"OVER $1,500","2025-01-31T12:36:00.000","FOLLOWING TOO CLOSELY","DRIVING SKILLS/KNOWLEDGE/EXPERIENCE","5101","S","WENTWORTH AVE","225",,,,,,,"2","NO INDICATION OF INJURY","0","0","0","0","0","3","0","12","6","1","41.8018110912","-87.6305601801","POINT (-87.630560180083 41.801811091232)"
"cfa734d36596b1d6782625e91880d1208f39df8e4ce6b4774450a7abc6a093da6d3892edd4d564f46f4c04d81bfde3154e6bdcef528ddc69c42057d81fa0dccb",,"2025-01-31T12:05:00.000","30","NO CONTROLS","NO CONTROLS","RAIN","DAYLIGHT","REAR END","DIVIDED - W/MEDIAN (NOT RAISED)",,"STRAIGHT AND LEVEL","WET","NO DEFECTS","NOT ON SCENE (DESK REPORT)","NO INJURY / DRIVE AWAY",,,,"$501 - $1,500","2025-01-31T12:45:00.000","FOLLOWING TOO CLOSELY","DRIVING SKILLS/KNOWLEDGE/EXPERIENCE","8300","S","HOLLAND RD","622",,,,,,,"2","NO INDICATION OF INJURY","0","0","0","0","0","2","0","12","6","1","41.7434273331","-87.632181132","POINT (-87.632181132025 41.743427333057)"
"ad28af4df830b3e35ecfa38ff9cbc96e7b664f2075cf581fb4caa0572c9adc2151d8e89e36b9632be5b3109fd980e1d71a5d1dfb779b05c89255f55bbb356c92",,"2025-01-31T12:01:00.000","25","STOP SIGN/FLASHER","FUNCTIONING PROPERLY","RAIN","DAYLIGHT","REAR END","T-INTERSECTION",,"STRAIGHT AND LEVEL","WET","NO DEFECTS","NOT ON SCENE (DESK REPORT)","NO INJURY / DRIVE AWAY","Y",,"Y","$500 OR LESS","2025-01-31T13:00:00.000","UNABLE TO DETERMINE","UNABLE TO DETERMINE","3900","W","CONGRESS PKWY","1132",,,,,,,"2","NO INDICATION OF INJURY","0","0","0","0","0","2","0","12","6","1","41.8745024356","-87.7231329395","POINT (-87.723132939517 41.874502435614)"
"54d469c4d58b153f86b5a6c5ad26cdd55b4eb78dd76d92311e3c4d4ae015fee40a59cb63a2441818333f1cb6af47a83ac1e68116e6e0973f4d0b7b72681f197c",,"2025-01-31T12:00:00.000","30","NO CONTROLS","NO CONTROLS","RAIN","DAYLIGHT","REAR END","NOT DIVIDED",,"STRAIGHT AND LEVEL","WET","NO DEFECTS","NOT ON SCENE (DESK REPORT)","NO INJURY / DRIVE AWAY",,,,"$501 - $1,500","2025-01-31T12:45:00.000","FOLLOWING TOO CLOSELY","FOLLOWING TOO CLOSELY","4754","W","PETERSON AVE","1711",,,,,,,"2","NO INDICATION OF INJURY","0","0","0","0","0","2","0","12","6","1","41.9900095393","-87.7481824363","POINT (-87.748182436257 41.990009539314)"
"8b1763d702c98e9ff523e8b099d1fa441695cd9371d789416bc480b557f3807f7b9e8f540679dcb2647ed70cbfe8b8dd734bf2a4b0065e8736b18b0f676d020c",,"2025-01-31T12:00:00.000","30","NO CONTROLS","NO CONTROLS","RAIN","DAYLIGHT","PARKED MOTOR VEHICLE","DIVIDED - W/MEDIAN (NOT RAISED)",,"STRAIGHT AND LEVEL","WET","NO DEFECTS","NOT ON SCENE (DESK REPORT)","NO INJURY / DRIVE AWAY",,,,"OVER $1,500","2025-01-31T13:58:00.000","UNABLE TO DETERMINE","NOT APPLICABLE","1526","S","KOSTNER AVE","1012",,,,,,,"2","NO INDICATION OF INJURY","0","0","0","0","0","1","0","12","6","1","41.85972603","-87.7349125207","POINT (-87.734912520652 41.859726030027)"
"f8685f29c60cb2c1851f92eb75890a02bc522c4a7a8fa3385688759192e4545de69b6658aaffcd4fd36ede5103a7860819d187e105ca7f794d41d1427f605103",,"2025-01-31T12:00:00.000","30","NO CONTROLS","NO CONTROLS","RAIN","DAYLIGHT","REAR TO SIDE","NOT DIVIDED",,"STRAIGHT AND LEVEL","WET","NO DEFECTS","NOT ON SCENE (DESK REPORT)","NO INJURY / DRIVE AWAY",,,,"OVER $1,500","2025-02-01T12:10:00.000","FAILING TO YIELD RIGHT-OF-WAY","FAILING TO YIELD RIGHT-OF-WAY","4701","S","KOSTNER AVE","815",,,,,,,"2","NO INDICATION OF INJURY","0","0","0","0","0","2","0","12","6","1","41.8076573529","-87.7332219795","POINT (-87.733221979543 41.807657352864)"
"fc591aed7de87113786680141d22dc1c1d8f7cfeba30a58713101b2f6d05f624f677bd5dd4d2b5c46e57df98ccb8a5c6d2f00bb8a9a76ec450ae9800eecced18",,"2025-01-31T12:00:00.000","20","NO CONTROLS","NO CONTROLS","CLEAR","DAYLIGHT","PARKED MOTOR VEHICLE","OTHER",,"STRAIGHT AND LEVEL","DRY","NO DEFECTS","NOT ON SCENE (DESK REPORT)","NO INJURY / DRIVE AWAY",,,"Y","$500 OR LESS","2025-02-07T16:00:00.000","UNABLE TO DETERMINE","NOT APPLICABLE","1300","S","CLINTON ST","124",,,,,,,"2","NO INDICATION OF INJURY","0","0","0","0","0","1","0","12","6","1","41.8655346778","-87.6408133123","POINT (-87.64081331229 41.865534677771)"
"47b74d87d0385165df654c7f8678d738a54197525a04850729eaeba051b3d8af187f06c839ed6890db158075fcf596fb02452ea033c05be499dc267e64208f09",,"2025-01-31T11:50:00.000","30","NO CONTROLS","NO CONTROLS","RAIN","DAYLIGHT","TURNING","NOT DIVIDED",,"STRAIGHT AND LEVEL","WET","UNKNOWN","NOT ON SCENE (DESK REPORT)","NO INJURY / DRIVE AWAY","Y",,,"OVER $1,500","2025-01-31T12:50:00.000","IMPROPER TURNING/NO SIGNAL","WEATHER","3628","W","26TH ST","1013",,,,,,,"2","NO INDICATION OF INJURY","0","0","0","0","0","2","0","11","6","1","41.8444781398","-87.715952126","POINT (-87.715952126007 41.844478139765)"