"crash_record_id","crash_date_est_i","crash_date","posted_speed_limit","traffic_control_device","device_condition","weather_condition","lighting_condition","first_crash_type","trafficway_type","lane_cnt","alignment","roadway_surface_cond","road_defect","report_type","crash_type","intersection_related_i","private_property_i","hit_and_run_i","damage","date_police_notified","prim_contributory_cause","sec_contributory_cause","street_no","street_direction","street_name","beat_of_occurrence","photos_taken_i","statements_taken_i","dooring_i","work_zone_i","work_zone_type","workers_present_i","num_units","most_severe_injury","injuries_total","injuries_fatal","injuries_incapacitating","injuries_non_incapacitating","injuries_reported_not_evident","injuries_no_indication","injuries_unknown","crash_hour","crash_day_of_week","crash_month","latitude","longitude","location"
"6ebcd7110e985782f92e3be822ecf26f49a5e21fa0f80d53057236e7a64f4abde2f17b7a70724ab9692d68973bba48931cf180c65950dabe08c5de88393ce605",,"2025-01-31T11:50:00.000","30","TRAFFIC SIGNAL","FUNCTIONING PROPERLY","RAIN","DAYLIGHT","TURNING","CENTER TURN LANE",,"STRAIGHT AND LEVEL","WET","NO DEFECTS","NOT ON SCENE (DESK REPORT)","NO INJURY / DRIVE AWAY","Y",,"Y","OVER $1,500","2025-01-31T11:58:00.000","UNABLE TO DETERMINE","NOT APPLICABLE","16","W","79TH ST","623",,,,,,,"2","NO INDICATION OF INJURY","0","0","0","0","0","2","0","11","6","1","41.7510498065","-87.625188524","POINT (-87.625188523984 41.751049806465)"
"25c4a87a2bbbd017629fc6be66c3c9f0e2ceaae16b9177e447b95177239b1c95e697dd302c0b10822eef410019f5876d1b3a08dc6d452d70b77f50946113f3b7",,"2025-01-31T11:45:00.000","35","TRAFFIC SIGNAL","FUNCTIONING PROPERLY","RAIN","DAYLIGHT","PEDESTRIAN","FOUR WAY",,"STRAIGHT AND LEVEL","WET","UNKNOWN","ON SCENE","INJURY AND / OR TOW DUE TO CRASH",,,"Y","OVER $1,500","2025-01-31T11:50:00.000","FAILING TO YIELD RIGHT-OF-WAY","NOT APPLICABLE","3510","S","MICHIGAN AVE","213",,,,,,,"2","NONINCAPACITATING INJURY","1","0","0","1","0","1","0","11","6","1","41.8307016873","-87.6233953459","POINT (-87.623395345899 41.830701687298)"
"e6b7801799ff98b422eb9756363527ef59af69e93551d8f7798e134d9400213204ad496527ff0489e0e4b01e9670a090f3803e98b479422079d3a6b98df20c09",,"2025-01-31T11:45:00.000","30","STOP SIGN/FLASHER","FUNCTIONING PROPERLY","RAIN","DAYLIGHT","ANGLE","FOUR WAY",,"STRAIGHT AND LEVEL","WET","NO DEFECTS","ON SCENE","INJURY AND / OR TOW DUE TO CRASH","Y",,,"$501 - $1,500","2025-01-31T11:51:00.000","FAILING TO YIELD RIGHT-OF-WAY","NOT APPLICABLE","5500","W","ADDISON ST","1633",,,,,,,"2","REPORTED, NOT EVIDENT","1","0","0","0","1","1","0","11","6","1","41.9460170195","-87.7643622945","POINT (-87.764362294476 41.946017019504)"
"fbc916367ca7e4e6ec9ca897b062636505824b9a85a670ec583f22818f76299e1379f5de914726dbb78e7a555d076e7b7b00539342edb349687c023fb042b14b",,"2025-01-31T11:45:00.000","25","TRAFFIC SIGNAL","NO CONTROLS","RAIN","DAYLIGHT","REAR END","TRAFFIC ROUTE",,"STRAIGHT AND LEVEL","WET","NO DEFECTS","NOT ON SCENE (DESK REPORT)","NO INJURY / DRIVE AWAY",,,"Y","OVER $1,500","2025-01-31T14:09:00.000","WEATHER","NOT APPLICABLE","557","W","DIVISION ST","1823",,,,,,,"2","NO INDICATION OF INJURY","0","0","0","0","0","2","0","11","6","1","41.9036075625","-87.6431663049","POINT (-87.643166304874 41.903607562491)"
"1c58a20110433aece2d22b8085383a20dceab318be4ff9e4d51042f0c6b229587dd9ab5c23ac56b3640c1efd3afcab481f34f32c0c8d1a9e2219bfd17bcbf4b0",,"2025-01-31T11:40:00.000","30","TRAFFIC SIGNAL","FUNCTIONING PROPERLY","RAIN","DAYLIGHT","REAR TO FRONT","DIVIDED - W/MEDIAN (NOT RAISED)",,"STRAIGHT AND LEVEL","WET","NO DEFECTS","NOT ON SCENE (DESK REPORT)","NO INJURY / DRIVE AWAY",,,,"$501 - $1,500","2025-01-31T12:15:00.000","UNABLE TO DETERMINE","UNABLE TO DETERMINE","1305","W","18TH ST","1233",,,,,,,"2","NO INDICATION OF INJURY","0","0","0","0","0","2","0","11","6","1","41.8577995503","-87.6591240443","POINT (-87.659124044276 41.85779955033)"
"abf097164f765f52910e01f9551e6ed33aa42667f24667a5ab8feb2c74d343ac68ab5c9420ca0f9e4b66c11c83a5690f0b37be7c8ba14cfb20e124896fb88844",,"2025-01-31T11:37:00.000","15","NO CONTROLS","NO CONTROLS","RAIN","DAYLIGHT","PARKED MOTOR VEHICLE","PARKING LOT",,"STRAIGHT AND LEVEL","WET","NO DEFECTS","ON SCENE","NO INJURY / DRIVE AWAY",,"Y",,"$501 - $1,500","2025-01-31T12:01:00.000","IMPROPER BACKING","UNABLE TO DETERMINE","6055","S","HARLEM AVE","812",,,,,,,"2","NO INDICATION OF INJURY","0","0","0","0","0","1","0","11","6","1","41.7811195713","-87.8009178935","POINT (-87.800917893452 41.781119571326)"
"c50ee64dd18d81b39fc2dd1b1525cad6dceb05e5d196aa56003de6961325ad58e664f3413abc58b3222db5186c36e381ea3d0f8dbe0af1bb978a860ae98f05dc",,"2025-01-31T11:30:00.000","10","NO CONTROLS","NO CONTROLS","RAIN","DAYLIGHT","TURNING","PARKING LOT",,"STRAIGHT AND LEVEL","WET","NO DEFECTS","ON SCENE","NO INJURY / DRIVE AWAY",,,,"OVER $1,500","2025-01-31T11:32:00.000","FAILING TO YIELD RIGHT-OF-WAY","WEATHER","5200","N","HARLEM AVE","1613",,,,,,,"2","NO INDICATION OF INJURY","0","0","0","0","0","3","0","11","6","1","41.9745843274","-87.8072147406","POINT (-87.807214740588 41.97458432745)"
"be643a008e560e2d5e77e63bef3f252f52affbba93713f3cfa1ddf09903917d83a5ed3986f268cedb17667920a87935ea559383976f4eff6b053ffbc9bed8637",,"2025-01-31T11:15:00.000","30","STOP SIGN/FLASHER","NO CONTROLS","RAIN","DAYLIGHT","REAR END","UNKNOWN",,"STRAIGHT AND LEVEL","UNKNOWN","UNKNOWN","NOT ON SCENE (DESK REPORT)","NO INJURY / DRIVE AWAY",,,"Y","$501 - $1,500","2025-01-31T19:35:00.000","UNABLE TO DETERMINE","NOT APPLICABLE","820","W","LAKE ST","1214",,,,,,,"2","NO INDICATION OF INJURY","0","0","0","0","0","3","0","11","6","1","41.885758369","-87.6484105885","POINT (-87.648410588519 41.885758368983)"
"99cc9d7d90c39806e446a27d82bb9cb4e0ca80ad1399ce4024cc531bc6ec90101b75710af5e712cf058ba9b41efc9ef0772c95203af8e6260034408e21f52080",,"2025-01-31T11:14:00.000","20","NO CONTROLS","NO CONTROLS","RAIN","DAYLIGHT","PARKED MOTOR VEHICLE","ONE-WAY",,"STRAIGHT AND LEVEL","WET","NO DEFECTS","ON SCENE","NO INJURY / DRIVE AWAY",,,"Y","OVER $1,500","2025-01-31T13:00:00.000","FAILING TO REDUCE SPEED TO AVOID CRASH","FAILING TO REDUCE SPEED TO AVOID CRASH","6311","S","CLAREMONT AVE","825",,,,,,,"2","NO INDICATION OF INJURY","0","0","0","0","0","1","0","11","6","1","41.7788340347","-87.682131488","POINT (-87.682131488039 41.778834034709)"
"25010ab85e3cc0916f587dc3f8578e77f1ff0241a082a77309405b4dc7b396fdceda01621c27a1a04ac471fa4327c24d8bb6be15bbcb00fec6abb469891b3611",,"2025-01-31T11:13:00.000","20","NO CONTROLS","NO CONTROLS","RAIN","DAYLIGHT","FIXED OBJECT","ONE-WAY",,"STRAIGHT AND LEVEL","WET","NO DEFECTS","ON SCENE","INJURY AND / OR TOW DUE TO CRASH",,,"Y","OVER $1,500","2025-01-31T11:17:00.000","UNABLE TO DETERMINE","UNABLE TO DETERMINE","5700","S","NATOMA AVE","811",,,,,,,"1","NO INDICATION OF INJURY","0","0","0","0","0","1","0","11","6","1","41.7884824736","-87.7879182865","POINT (-87.787918286524 41.788482473606)"
"adbaec91816a16da3c6723eaab16a1726b10ae3643fe1e25d32fb7437d780dfaa6abb47cd55ebdccd8113ffa7d0c558057cf9c77f2bf16be962fe61d459eeee3",,"2025-01-31T11:10:00.000","30","NO CONTROLS","NO CONTROLS","RAIN","DAYLIGHT","PARKED MOTOR VEHICLE","PARKING LOT",,"STRAIGHT AND LEVEL","WET","NO DEFECTS","ON SCENE","NO INJURY / DRIVE AWAY",,"Y",,"$501 - $1,500","2025-01-31T11:20:00.000","IMPROPER BACKING","WEATHER","4550","W","AUGUSTA BLVD","1111",,,,,,,"2","NO INDICATION OF INJURY","0","0","0","0","0","1","0","11","6","1","41.8988975033","-87.7405123796","POINT (-87.740512379638 41.898897503276)"
"e9442fdcd6d3deb3e2aa88181a47450e3437021046aa0dd24499ee2ca012fee405e8e6c7edbc48cc3543e34d599809e7784d45c2e0e5ac06666fe8763920d701",,"2025-01-31T11:09:00.000","30","NO CONTROLS","NO CONTROLS","RAIN","DAYLIGHT","REAR END","DIVIDED - W/MEDIAN (NOT RAISED)",,"STRAIGHT AND LEVEL","WET","NO DEFECTS","ON SCENE","NO INJURY / DRIVE AWAY",,,"Y","$500 OR LESS","2025-01-31T11:20:00.000","DRIVING SKILLS/KNOWLEDGE/EXPERIENCE","NOT APPLICABLE","5546","W","ROOSEVELT RD","1522",,,,,,,"2","NO INDICATION OF INJURY","0","0","0","0","0","2","0","11","6","1","41.8657253332","-87.7636853326","POINT (-87.763685332647 41.86572533317)"
"97b109df8643cbb0fc9f3a629ee47855620dfee46476e81c05eea8a22efcfd292ea5a1d146565d3f5dfb982846bae475ebaaab4d7d45813bc43f08afb1d2d91b",,"2025-01-31T11:06:00.000","30","TRAFFIC SIGNAL","FUNCTIONING PROPERLY","RAIN","DAYLIGHT","REAR END","NOT DIVIDED",,"STRAIGHT AND LEVEL","WET","NO DEFECTS","NOT ON SCENE (DESK REPORT)","NO INJURY / DRIVE AWAY",,,,"OVER $1,500","2025-01-31T11:45:00.000","FOLLOWING TOO CLOSELY","FAILING TO REDUCE SPEED TO AVOID CRASH","3631","W","47TH ST","821",,,,,,,"2","NO INDICATION OF INJURY","0","0","0","0","0","2","0","11","6","1","41.8078730017","-87.7147711801","POINT (-87.714771180075 41.807873001715)"
"0fd444e8a2a1c62a169ab11cb6cc3bd3555bdc7d16dc9ff5a8202bd10604ebdcdf45924917d435362ad45dfddccb91feecbf8212c2a25370436ad170730f214f",,"2025-01-31T11:05:00.000","25","UNKNOWN","UNKNOWN","RAIN","DAYLIGHT","REAR END","DIVIDED - W/MEDIAN (NOT RAISED)",,"STRAIGHT AND LEVEL","WET","NO DEFECTS","NOT ON SCENE (DESK REPORT)","NO INJURY / DRIVE AWAY",,,,"OVER $1,500","2025-01-31T11:45:00.000","UNABLE TO DETERMINE","UNABLE TO DETERMINE","2600","N","WESTERN AVE","1411",,,,,,,"2","NO INDICATION OF INJURY","0","0","0","0","0","2","0","11","6","1","41.9286697899","-87.6879222355","POINT (-87.687922235539 41.92866978991)"
"9b5d01ca27091f2d10776f24f54c2c285885e4714a7059bbade6a5d91f533f75b08c046875c05a49d3ebb6f33046a572366702d998382af0d6876a3be5c2820f",,"2025-01-31T11:05:00.000","30","STOP SIGN/FLASHER","NO CONTROLS","RAIN","DARKNESS","REAR END","NOT DIVIDED",,"STRAIGHT AND LEVEL","WET","NO DEFECTS","ON SCENE","INJURY AND / OR TOW DUE TO CRASH",,,,"OVER $1,500","2025-01-31T11:09:00.000","FOLLOWING TOO CLOSELY","WEATHER","1558","S","RACINE AVE","1233",,,,,,,"2","REPORTED, NOT EVIDENT","3","0","0","0","3","2","0","11","6","1","41.8597812879","-87.6566264766","POINT (-87.656626476552 41.859781287931)"
"f57e51d9712dfb5e24647403297e3e685f5a0cde82b2b0a5b844494d28b3eef970f71f37d4aba80f00af7d3e24b5b9be0a3345cf593235e713cf1a52a5418b3e",,"2025-01-31T11:04:00.000","30","NO CONTROLS","NO CONTROLS","RAIN","DAYLIGHT","ANGLE","ALLEY",,"STRAIGHT AND LEVEL","WET","UNKNOWN","ON SCENE","INJURY AND / OR TOW DUE TO CRASH",,,,"OVER $1,500","2025-01-31T11:06:00.000","FAILING TO REDUCE SPEED TO AVOID CRASH","FAILING TO YIELD RIGHT-OF-WAY","198","E","74TH ST","323",,,,,,,"2","NO INDICATION OF INJURY","0","0","0","0","0","2","0","11","6","1","41.7602515996","-87.6200493272","POINT (-87.620049327156 41.760251599617)"
"682a7652126aaf5b7683ba3721eca40a8b8835076c2a53e9943a3659352dd5d0ce763794cdf015a52002f9fd3a237dffa28b48b25b60e80066114ee35c6805ab",,"2025-01-31T11:00:00.000","20","OTHER RAILROAD CROSSING","NO CONTROLS","RAIN","DAYLIGHT","TRAIN","NOT DIVIDED",,"STRAIGHT AND LEVEL","WET","NO DEFECTS","ON SCENE","INJURY AND / OR TOW DUE TO CRASH",,"Y",,"OVER $1,500","2025-01-31T11:05:00.000","UNABLE TO DETERMINE","UNABLE TO DETERMINE","11540","S","CHAMPLAIN AVE","532",,,,,,,"2","NO INDICATION OF INJURY","0","0","0","0","0","2","0","11","6","1","41.6843705796","-87.6071921316","POINT (-87.607192131567 41.684370579637)"
"d055a7c1f8af449d1be625d9321930ec4822288d21e7dbc194154879eeec52a1f293fc043a21e91f2d7f54a421485970a446b5070d822a5684280cdc1cc1510c",,"2025-01-31T11:00:00.000","30","NO CONTROLS","NO CONTROLS","RAIN","DAYLIGHT","SIDESWIPE SAME DIRECTION","DIVIDED - W/MEDIAN (NOT RAISED)",,"STRAIGHT AND LEVEL","WET","UNKNOWN","NOT ON SCENE (DESK REPORT)","NO INJURY / DRIVE AWAY",,,,"OVER $1,500","2025-01-31T15:45:00.000","WEATHER","FAILING TO REDUCE SPEED TO AVOID CRASH","2448","N","LINCOLN AVE","1932",,,,,,,"2","NO INDICATION OF INJURY","0","0","0","0","0","2","0","11","6","1","41.9264438828","-87.6503703396","POINT (-87.650370339579 41.92644388284)"
"6d3b9c0916b53a2800677bca9889bd14137463d3eed1fd45fae27f575d5e194e0314c5aad7be83779bc2a024dce02c5d210ed4a6b2318da13e5e084cbfbd1b5e",,"2025-01-31T10:45:00.000","20","NO CONTROLS","NO CONTROLS","RAIN","DAYLIGHT","ANGLE","NOT DIVIDED",,"STRAIGHT AND LEVEL","WET","NO DEFECTS","NOT ON SCENE (DESK REPORT)","NO INJURY / DRIVE AWAY",,,,"OVER $1,500","2025-01-31T15:30:00.000","FAILING TO YIELD RIGHT-OF-WAY","UNABLE TO DETERMINE","6452","W","HOBART AVE","1612",,,,,,,"2","NO INDICATION OF INJURY","0","0","0","0","0","2","0","10","6","1","41.9860299044","-87.789660496","POINT (-87.789660496023 41.986029904388)"
"7b4df6ed5a32cb15c18dec4d093a2d0aee61ac10cbaae9707d73ad27c9f35b0a246531f8b8c500a8dc35465f22373997fb6641b524975a2c30accf8df985545c",,"2025-01-31T10:40:00.000","30","TRAFFIC SIGNAL","FUNCTIONING PROPERLY","RAIN","DAYLIGHT","REAR END","NOT DIVIDED",,"STRAIGHT AND LEVEL","WET","NO DEFECTS","ON SCENE","INJURY AND / OR TOW DUE TO CRASH",,,,"$501 - $1,500","2025-01-31T10:53:00.000","DRIVING SKILLS/KNOWLEDGE/EXPERIENCE","DRIVING SKILLS/KNOWLEDGE/EXPERIENCE","998","W","MARQUETTE RD","723",,,,,,,"2","REPORTED, NOT EVIDENT","1","0","0","0","1","2","0","10","6","1","41.7725151109","-87.6493965763","POINT (-87.649396576257 41.772515110893)"
"94d2bd0543d1d21dbf0df44d71257db87b607c5b876626fa2f4ff596eeeb1db8e07fcdd8e1c10a31f98a69f5877218fc067e94907b05a03c02fee0ec632dd0fe",,"2025-01-31T10:39:00.000","30","TRAFFIC SIGNAL","FUNCTIONING PROPERLY","RAIN","DAYLIGHT","SIDESWIPE SAME DIRECTION","NOT DIVIDED",,"STRAIGHT AND LEVEL","WET","OTHER","ON SCENE","NO INJURY / DRIVE AWAY",,,,"$500 OR LESS","2025-01-31T10:40:00.000","UNABLE TO DETERMINE","NOT APPLICABLE","1036","W","SHERIDAN RD","2432",,,,,,,"2","NO INDICATION OF INJURY","0","0","0","0","0","2","0","10","6","1","41.9983294966","-87.6577314638","POINT (-87.65773146376 41.998329496638)"
"61b74ce5f69cd706d07726eeb29ff19d3734a2d74f648538b85ecf6ee610f215ad6a054badde82b6b0fa8536c891e6ba8c0d68e9148b855ac77840691dd0525b",,"2025-01-31T10:38:00.000","30","STOP SIGN/FLASHER","FUNCTIONING PROPERLY","RAIN","DAYLIGHT","TURNING","FOUR WAY",,"STRAIGHT AND LEVEL","WET","NO DEFECTS","ON SCENE","NO INJURY / DRIVE AWAY","Y",,,"OVER $1,500","2025-01-31T10:42:00.000","IMPROPER TURNING/NO SIGNAL","IMPROPER OVERTAKING/PASSING","4659","W","MADISON ST","1113",,,,,,,"2","NO INDICATION OF INJURY","0","0","0","0","0","2","0","10","6","1","41.8804176024","-87.7427164351","POINT (-87.742716435109 41.880417602363)"
"5ffd798d07981995f5c4be4614d8112664d21bc5da3bb9cf064fa493e708ad16edbb50d24878e4496ee5b9cdb5a5da1880ce99cef8f1df8b5bec8fb8aa2b8d50",,"2025-01-31T10:32:00.000","30","STOP SIGN/FLASHER","NO CONTROLS","RAIN","DAYLIGHT","ANGLE","NOT DIVIDED",,"STRAIGHT AND LEVEL","WET","NO DEFECTS","ON SCENE","NO INJURY / DRIVE AWAY","Y",,,"$501 - $1,500","2025-01-31T10:45:00.000","UNABLE TO DETERMINE","UNABLE TO DETERMINE","1201","W","GRAND AVE","1215",,,,,,,"2","NO INDICATION OF INJURY","0","0","0","0","0","5","0","10","6","1","41.8909699007","-87.6574664555","POINT (-87.657466455515 41.89096990067)"
"15332d3d6c0f6d441c778d7cd7af00beae72440c35318040a52764f7e71796bcc4c021bec1067d12ba4a1543aa8dd4ade945c36199a10ae4f70168bfa8df8ef3",,"2025-01-31T10:26:00.000","35","NO CONTROLS","NO CONTROLS","CLEAR","DAYLIGHT","SIDESWIPE SAME DIRECTION","DIVIDED - W/MEDIAN (NOT RAISED)",,"STRAIGHT AND LEVEL","DRY","NO DEFECTS","ON SCENE","NO INJURY / DRIVE AWAY",,,,"$500 OR LESS","2025-01-31T10:45:00.000","UNABLE TO DETERMINE","UNABLE TO DETERMINE","9002","S","ASHLAND AVE","2221",,,,,,,"2","NO INDICATION OF INJURY","0","0","0","0","0","3","0","10","6","1","41.7301483624","-87.6630451054","POINT (-87.663045105441 41.730148362369)"
"34a6c537b7df9bfe3a7d38e6eb05167d03676deace25846e813a54c0938cbf5f0a877522963ff1357f14ea9cbed6c21c1de7e2a589364c04cbf71af52417b4c5",,"2025-01-31T10:20:00.000","30","STOP SIGN/FLASHER","FUNCTIONING PROPERLY","RAIN","DAYLIGHT","ANGLE","T-INTERSECTION",,"STRAIGHT AND LEVEL","WET","NO DEFECTS","ON SCENE","NO INJURY / DRIVE AWAY","Y",,,"$501 - $1,500","2025-01-31T10:35:00.000","FAILING TO YIELD RIGHT-OF-WAY","NOT APPLICABLE","3400","N","BROADWAY","1925",,,,,,,"2","NO INDICATION OF INJURY","0","0","0","0","0","2","0","10","6","1","41.9436609963","-87.645183607","POINT (-87.64518360704 41.94366099625)"
"7781ab53bd5c7f1cfc1c6b419da41c880f2d76a65891e05fefc590053b7ff7db0932cd2943066d862f3ffb048ca144b5d1a09aa57a7df4f1488781f046b6e6f3","Y","2025-01-31T10:20:00.000","30","TRAFFIC SIGNAL","FUNCTIONING PROPERLY","RAIN","DAYLIGHT","SIDESWIPE SAME DIRECTION","NOT DIVIDED",,"STRAIGHT AND LEVEL","WET","UNKNOWN","NOT ON SCENE (DESK REPORT)","NO INJURY / DRIVE AWAY",,,,"OVER $1,500","2025-01-31T13:00:00.000","IMPROPER OVERTAKING/PASSING","NOT APPLICABLE","2400","W","LAWRENCE AVE","2031",,,,,,,"2","NO INDICATION OF INJURY","0","0","0","0","0","2","0","10","6","1","41.9687243488","-87.688968727","POINT (-87.688968726996 41.968724348822)"
"0f75a0501ff1223ffd85e6330e717a63f76ca22fbb9f0fe5c9cc18339ad6bc0b97811c96365abb1030f4cd4cd4a7a1773f51ac28f202f244fc0bc67aae8d8b2e",,"2025-01-31T10:14:00.000","15","OTHER","OTHER","RAIN","DAYLIGHT","PARKED MOTOR VEHICLE","OTHER",,"STRAIGHT AND LEVEL","WET","NO DEFECTS","ON SCENE","NO INJURY / DRIVE AWAY",,"Y",,"$500 OR LESS","2025-01-31T10:16:00.000","FAILING TO REDUCE SPEED TO AVOID CRASH","WEATHER","3510","S","ASHLAND AVE","912",,,,,,,"2","NO INDICATION OF INJURY","0","0","0","0","0","2","0","10","6","1","41.8301250664","-87.6657058222","POINT (-87.665705822192 41.830125066405)"
"3a438a5d7b49701fe087e036aeebad6375a0904e5d6a42933c00c9af3cae876713d1358ecdbb07b99075957ff832ee81044ff127b3e7ca3f989e1bf65d47db02",,"2025-01-31T10:05:00.000","30","TRAFFIC SIGNAL","FUNCTIONING PROPERLY","RAIN","DAYLIGHT","REAR END","NOT DIVIDED",,"STRAIGHT AND LEVEL","WET","NO DEFECTS","ON SCENE","NO INJURY / DRIVE AWAY","Y",,,"$501 - $1,500","2025-01-31T12:36:00.000","FOLLOWING TOO CLOSELY","NOT APPLICABLE","799","W","95TH ST","2223",,,,,,,"2","NO INDICATION OF INJURY","0","0","0","0","0","2","0","10","6","1","41.7213482825","-87.6431495393","POINT (-87.643149539329 41.721348282519)"
"3cf84734c7bd85902365dcd0371a3ab2cb0a8403ceaa9f5df816f298d13f60df8ba0271ba380a93582eb11ef2a70462251b23d8761892c21ab7c10e234b79af7",,"2025-01-31T10:00:00.000","30","TRAFFIC SIGNAL","FUNCTIONING PROPERLY","RAIN","DAYLIGHT","SIDESWIPE SAME DIRECTION","NOT DIVIDED",,"STRAIGHT AND LEVEL","WET","NO DEFECTS","NOT ON SCENE (DESK REPORT)","NO INJURY / DRIVE AWAY","Y",,,"OVER $1,500","2025-01-31T12:10:00.000","UNABLE TO DETERMINE","UNABLE TO DETERMINE","7100","S","ASHLAND AVE","735",,,,,,,"2","NO INDICATION OF INJURY","0","0","0","0","0","3","0","10","6","1","41.7648593824","-87.6639401763","POINT (-87.663940176305 41.764859382425)"
"08a3909c9a3960cc052e356682c50a6a9b70f36ea9d86d06d4aacecd99e59aaaef6d9a67faa9b56dc2016c479d678c6ac6ee1f5f542602bc82e1467a2019d392",,"2025-01-31T09:46:00.000","25","TRAFFIC SIGNAL","NO CONTROLS","RAIN","DAYLIGHT","ANGLE","TRAFFIC ROUTE",,"STRAIGHT AND LEVEL","DRY","NO DEFECTS","NOT ON SCENE (DESK REPORT)","NO INJURY / DRIVE AWAY",,,,"OVER $1,500","2025-01-31T13:24:00.000","UNABLE TO DETERMINE","NOT APPLICABLE","9000","S","STONY ISLAND AVE","413",,,,,,,"2","NO INDICATION OF INJURY","0","0","0","0","0","2","0","9","6","1","41.7313542099","-87.5856751268","POINT (-87.585675126771 41.731354209915)"
"7defd84ba277a1ea6478c415691022f687bbaa098db29967fe1287f59ab6615d596731bbc856ef91c798406f09317a2ecc62a5589221521ef2793e1a9b3e9001",,"2025-01-31T09:40:00.000","30","NO CONTROLS","NO CONTROLS","RAIN","DAYLIGHT","TURNING","NOT DIVIDED",,"STRAIGHT AND LEVEL","WET","NO DEFECTS","NOT ON SCENE (DESK REPORT)","NO INJURY / DRIVE AWAY",,,,"OVER $1,500","2025-01-31T10:29:00.000","UNABLE TO DETERMINE","UNABLE TO DETERMINE","7538","S","PULASKI RD","833",,,,,,,"2","NO INDICATION OF INJURY","0","0","0","0","0","2","0","9","6","1","41.7556961334","-87.722299343","POINT (-87.722299343 41.75569613336)"
"439392be8b4410bbc22e2f0a099dee0d70111a626468e5ed84ae1ba7f638f2ec02e08fd36aa69cbf5646616027db2240ce5d759da08922d71b90815eefd5edc8",,"2025-01-31T09:30:00.000","30","NO CONTROLS","NO CONTROLS","RAIN","DAYLIGHT","PEDESTRIAN","NOT DIVIDED",,"STRAIGHT AND LEVEL","WET","NO DEFECTS","NOT ON SCENE (DESK REPORT)","INJURY AND / OR TOW DUE TO CRASH",,,"Y","OVER $1,500","2025-01-31T11:15:00.000","UNABLE TO DETERMINE","UNABLE TO DETERMINE","3358","W","IRVING PARK RD","1724",,,,,,,"2","INCAPACITATING INJURY","1","0","1","0","0","1","0","9","6","1","41.9539674447","-87.7128466127","POINT (-87.712846612704 41.953967444654)"
"3d8d9c604d325349565edad2bf22050d19671aea4605c1b1a4db24fce54f8a42faf2212459f6f06cff22c59eaec3c3691550a66fed6390bd88fdf0dafbc15e8a",,"2025-01-31T09:27:00.000","30","TRAFFIC SIGNAL","FUNCTIONING PROPERLY","RAIN","DAYLIGHT","SIDESWIPE SAME DIRECTION","DIVIDED - W/MEDIAN (NOT RAISED)",,"STRAIGHT AND LEVEL","WET","NO DEFECTS","NOT ON SCENE (DESK REPORT)","INJURY AND / OR TOW DUE TO CRASH",,,,"OVER $1,500","2025-01-31T09:52:00.000","IMPROPER OVERTAKING/PASSING","DRIVING ON WRONG SIDE/WRONG WAY","1437","W","NORTH AVE","1433",,,,,,,"2","REPORTED, NOT EVIDENT","1","0","0","0","1","2","0","9","6","1","41.9105666471","-87.6643461947","POINT (-87.664346194703 41.91056664705)"
"dc3ba754abe9d3e78bd029c08916dd61439a624e7980e9d7df4c046a85e5ac93c0053e28f49f6506f827e8800938596d56824c683e358cf99f4db51f728887c4",,"2025-01-31T09:27:00.000","10","NO CONTROLS","NO CONTROLS","RAIN","DAYLIGHT","PARKED MOTOR VEHICLE","PARKING LOT",,"STRAIGHT AND LEVEL","WET","NO DEFECTS","NOT ON SCENE (DESK REPORT)","NO INJURY / DRIVE AWAY",,,,"$500 OR LESS","2025-01-31T10:00:00.000","UNABLE TO DETERMINE","UNABLE TO DETERMINE","111","S","HALSTED ST","1232",,,,,,,"2","NO INDICATION OF INJURY","0","0","0","0","0","1","0","9","6","1","41.880128783","-87.6471646008","POINT (-87.647164600769 41.880128783026)"
"cb521b52d533c2b9405ab888e38fd236fc27b2298d028eb191006188939dcfb756f08ef336d447f40e088027306e747e775c19d031f674dd924e85bbff634061",,"2025-01-31T09:25:00.000","30","NO CONTROLS","NO CONTROLS","UNKNOWN","UNKNOWN","PARKED MOTOR VEHICLE","ONE-WAY",,"STRAIGHT AND LEVEL","UNKNOWN","UNKNOWN","NOT ON SCENE (DESK REPORT)","NO INJURY / DRIVE AWAY",,,"Y","OVER $1,500","2025-01-31T11:22:00.000","UNABLE TO DETERMINE","NOT APPLICABLE","1551","E","65TH PL","321",,,,,,,"2","NO INDICATION OF INJURY","0","0","0","0","0","1","0","9","6","1","41.7759694973","-87.5868677945","POINT (-87.586867794466 41.775969497333)"
"912e60bc6c7cc37397ce79d6186e860ba415c8e8f5f54d3e3bf8818feeded6fad7c678f69b4ac90a6b01c5d3f8642a9da9ca4d5f99d4ebeb881fd7d702bab7c9",,"2025-01-31T09:21:00.000","30","TRAFFIC SIGNAL","FUNCTIONING PROPERLY","RAIN","DAYLIGHT","SIDESWIPE SAME DIRECTION","FOUR WAY",,"STRAIGHT AND LEVEL","WET","NO DEFECTS","ON SCENE","NO INJURY / DRIVE AWAY","Y",,"Y","$500 OR LESS","2025-01-31T09:30:00.000","UNABLE TO DETERMINE","UNABLE TO DETERMINE","398","E","79TH ST","623",,,,,,,"2","NO INDICATION OF INJURY","0","0","0","0","0","2","0","9","6","1","41.7512234832","-87.6150382493","POINT (-87.615038249327 41.751223483158)"
"baf6af63d234b3fe4e92490adcb735cb3ba7f62e6d6c9b2cc28268b90b9cd6eb7ca7487d91eb32a131029f18703720570e7cf4055a6e8ac92ac400b3218153f5",,"2025-01-31T09:15:00.000","30","NO CONTROLS","NO CONTROLS","RAIN","DAYLIGHT","SIDESWIPE SAME DIRECTION","NOT DIVIDED",,"STRAIGHT AND LEVEL","WET","NO DEFECTS",,"NO INJURY / DRIVE AWAY",,,,"$501 - $1,500","2025-01-31T09:30:00.000","IMPROPER LANE USAGE","NOT APPLICABLE","399","W","103RD ST","512",,,,,,,"2","NO INDICATION OF INJURY","0","0","0","0","0","3","0","9","6","1","41.7069332773","-87.6330975652","POINT (-87.633097565227 41.706933277344)"