"crash_record_id","crash_date_est_i","crash_date","posted_speed_limit","traffic_control_device","device_condition","weather_condition","lighting_condition","first_crash_type","trafficway_type","lane_cnt","alignment","roadway_surface_cond","road_defect","report_type","crash_type","intersection_related_i","private_property_i","hit_and_run_i","damage","date_police_notified","prim_contributory_cause","sec_contributory_cause","street_no","street_direction","street_name","beat_of_occurrence","photos_taken_i","statements_taken_i","dooring_i","work_zone_i","work_zone_type","workers_present_i","num_units","most_severe_injury","injuries_total","injuries_fatal","injuries_incapacitating","injuries_non_incapacitating","injuries_reported_not_evident","injuries_no_indication","injuries_unknown","crash_hour","crash_day_of_week","crash_month","latitude","longitude","location"
"1131eea727a815bee2ca3c5c84f6cc20e3a231d593b6cd08082c0f484045c1abd890c0156315599b139faac333d3ff87e541e8f2c5b04c060bbba1aed2d38ed9",,"2025-01-31T09:05:00.000","30","NO CONTROLS","NO CONTROLS","RAIN","DAYLIGHT","TURNING","NOT DIVIDED",,"STRAIGHT AND LEVEL","WET","NO DEFECTS","ON SCENE","INJURY AND / OR TOW DUE TO CRASH",,,,"OVER $1,500","2025-01-31T09:05:00.000","IMPROPER TURNING/NO SIGNAL","IMPROPER TURNING/NO SIGNAL","936","E","47TH ST","222",,,,,,,"2","REPORTED, NOT EVIDENT","2","0","0","0","2","1","0","9","6","1","41.8096900222","-87.6023918543","POINT (-87.602391854305 41.809690022209)"
"d21ab207ac657f1d86a77db5b4c33aa4156ab91acaf27a3cbc87d6e8927bc8d275df63bc1b1fabec098f630b871a0041b4ea99d52b14c978fcf7af1827588df3",,"2025-01-31T09:00:00.000","30","NO CONTROLS","NO CONTROLS","RAIN","DAYLIGHT","PEDESTRIAN","DIVIDED - W/MEDIAN (NOT RAISED)",,"STRAIGHT AND LEVEL","WET","NO DEFECTS","ON SCENE","INJURY AND / OR TOW DUE TO CRASH","Y",,,"$500 OR LESS","2025-01-31T09:00:00.000","UNABLE TO DETERMINE","UNABLE TO DETERMINE","3157","W","FLOURNOY ST","1134",,,,,,,"2","REPORTED, NOT EVIDENT","1","0","0","0","1","1","0","9","6","1","41.8726707227","-87.7056865536","POINT (-87.705686553633 41.872670722673)"
"90f1dd3b5777141fb63bc974bcf294dca20706bb238494694b5286d9540da5056494fb40b3ff47de69de30563182854364571adf7afc1130f08c19d3cab5c35c",,"2025-01-31T08:50:00.000","30","TRAFFIC SIGNAL","FUNCTIONING PROPERLY","RAIN","DAYLIGHT","ANGLE","TRAFFIC ROUTE",,"STRAIGHT AND LEVEL","WET","NO DEFECTS","ON SCENE","INJURY AND / OR TOW DUE TO CRASH","Y",,,"OVER $1,500","2025-01-31T09:15:00.000","DISREGARDING OTHER TRAFFIC SIGNS","WEATHER","929","N","RUSH ST","1833",,,,,,,"2","NO INDICATION OF INJURY","0","0","0","0","0","2","0","8","6","1","41.8999525094","-87.6269869323","POINT (-87.626986932321 41.899952509352)"
"53b25d4171f3198c7e969d21523264cccb426298f12abd743f4c69e34ec85ebf05b505c1464224cc2f07bea5da8f29d20f27ee5e11116d1c75d0de580bdc4e06",,"2025-01-31T08:45:00.000","25","TRAFFIC SIGNAL","FUNCTIONING PROPERLY","CLEAR","DAYLIGHT","REAR END","ONE-WAY",,"STRAIGHT AND LEVEL","DRY","NO DEFECTS","NOT ON SCENE (DESK REPORT)","NO INJURY / DRIVE AWAY",,,"Y","OVER $1,500","2025-01-31T10:00:00.000","FAILING TO REDUCE SPEED TO AVOID CRASH","NOT APPLICABLE","796","S","CENTRAL PARK AVE","1133",,,,,,,"2","NO INDICATION OF INJURY","0","0","0","0","0","3","0","8","6","1","41.8708823204","-87.7157072251","POINT (-87.715707225052 41.870882320445)"
"559c39fecd2818502353d8596f6f4916a39aff3fd70d73ef1ab7101b5ccbf9368f1fbb9dfbd9ac21406adb6d7e2792556a2df75d728b7096fae762933125c07a",,"2025-01-31T08:33:00.000","30","NO CONTROLS","NO CONTROLS","RAIN","DAYLIGHT","SIDESWIPE SAME DIRECTION","NOT DIVIDED",,"STRAIGHT AND LEVEL","WET","UNKNOWN","NOT ON SCENE (DESK REPORT)","NO INJURY / DRIVE AWAY",,,,"OVER $1,500","2025-01-31T09:00:00.000","UNABLE TO DETERMINE","UNABLE TO DETERMINE","2329","W","PERSHING RD","924",,,,,,,"2","NO INDICATION OF INJURY","0","0","0","0","0","2","0","8","6","1","41.8228927135","-87.6836625179","POINT (-87.68366251788 41.822892713532)"
"39fb2266445b3220c7d0150919ef0b409bb7192b10ad2c867feedf16046c090a7583bc3ce629dfff71ed985d87b273aa33326c340afbeb110f966201992a1f84",,"2025-01-31T08:30:00.000","30","NO CONTROLS","NO CONTROLS","RAIN","DAYLIGHT","SIDESWIPE SAME DIRECTION","NOT DIVIDED",,"STRAIGHT AND LEVEL","WET","NO DEFECTS","NOT ON SCENE (DESK REPORT)","NO INJURY / DRIVE AWAY",,,,"OVER $1,500","2025-01-31T09:00:00.000","IMPROPER LANE USAGE","NOT APPLICABLE","2701","S","ARCHER AVE","913",,,,,,,"2","NO INDICATION OF INJURY","0","0","0","0","0","2","0","8","6","1","41.8444859444","-87.6518470631","POINT (-87.651847063139 41.8444859444)"
"476cdd18988dd4cb974bdb5cda1ba570a44769167981bbb1382aa510ae09e7818a6a6182ae7be83d56f7a25e97581dfa8a058f494b56eb8534cef83781852178",,"2025-01-31T08:30:00.000","30","NO CONTROLS","NO CONTROLS","CLEAR","DAYLIGHT","PARKED MOTOR VEHICLE","NOT DIVIDED",,"STRAIGHT AND LEVEL","DRY","NO DEFECTS","NOT ON SCENE (DESK REPORT)","NO INJURY / DRIVE AWAY",,,"Y","OVER $1,500","2025-02-01T13:30:00.000","UNABLE TO DETERMINE","UNABLE TO DETERMINE","1020","W","14TH PL","1232",,,,,,,"2","NO INDICATION OF INJURY","0","0","0","0","0","1","0","8","6","1","41.8626521323","-87.6517342478","POINT (-87.651734247845 41.862652132299)"
"7e88285d89a7bfff144ef868b603629e7a478395b1683a7ca87bb7d1287feb57d205ad3dddf6b6d4caabb34b5a38d3ca6171f65f3bd4596e27c937b5e787fd9a",,"2025-01-31T08:30:00.000","30","NO CONTROLS","NO CONTROLS","RAIN","DAYLIGHT","ANIMAL","NOT DIVIDED",,"STRAIGHT AND LEVEL","WET","NO DEFECTS","NOT ON SCENE (DESK REPORT)","NO INJURY / DRIVE AWAY",,,"Y","OVER $1,500","2025-02-05T13:09:00.000","NOT APPLICABLE","NOT APPLICABLE","8000","S","TRIPP AVE","834",,,,,,,"1","NO INDICATION OF INJURY","0","0","0","0","0","1","0","8","6","1","41.7469849647","-87.7278159556","POINT (-87.727815955586 41.74698496469)"
"a7c4db914bb460937703a00e645f343de2c530b98122ffaace63816be9b70754e1e36e9bd2e05fed533412ebaa03ce9d9f54f89f56b4cae6da803a9d8749d433",,"2025-01-31T08:30:00.000","30","NO CONTROLS","NO CONTROLS","RAIN","DAYLIGHT","PARKED MOTOR VEHICLE","PARKING LOT",,"STRAIGHT AND LEVEL","WET","NO DEFECTS","NOT ON SCENE (DESK REPORT)","NO INJURY / DRIVE AWAY",,,,"OVER $1,500","2025-01-31T09:10:00.000","UNABLE TO DETERMINE","NOT APPLICABLE","2850","W","24TH BLVD","1033",,,,,,,"2","NO INDICATION OF INJURY","0","0","0","0","0","1","0","8","6","1","41.8479685881","-87.6972871231","POINT (-87.697287123089 41.847968588061)"
"be451ced6c0b613d69512b5ed9b488fb5ca3675e33b9d9ed5691283125d2d882ec7e664854aafe5846c4da3141ba1112de3f9482780846e0461cfd5f8ea701dc",,"2025-01-31T08:30:00.000","15","OTHER","OTHER","RAIN","DAYLIGHT","OTHER OBJECT","PARKING LOT",,"STRAIGHT AND LEVEL","WET","NO DEFECTS","NOT ON SCENE (DESK REPORT)","NO INJURY / DRIVE AWAY",,"Y",,"$501 - $1,500","2025-01-31T14:00:00.000","UNABLE TO DETERMINE","UNABLE TO DETERMINE","210","W","69TH ST","722",,,,,,,"1","NO INDICATION OF INJURY","0","0","0","0","0","1","0","8","6","1","41.7691836088","-87.6303500605","POINT (-87.630350060472 41.769183608785)"
"c84774a9ecc4e522f3e297bfa3a4a9d334f73637881373f4160b70d35c29b2ff8f2954a9d188e46ae06e5125afe3c548fe3a2b7c585c71eb35338bcf9e9734ab",,"2025-01-31T08:30:00.000","30","NO CONTROLS","NO CONTROLS","RAIN","DAYLIGHT","PARKED MOTOR VEHICLE","ALLEY",,"STRAIGHT AND LEVEL","WET","NO DEFECTS","ON SCENE","INJURY AND / OR TOW DUE TO CRASH","Y",,,"OVER $1,500","2025-01-31T08:35:00.000","IMPROPER LANE USAGE","DRIVING SKILLS/KNOWLEDGE/EXPERIENCE","5524","W","KAMERLING AVE","2532",,,,,,,"2","REPORTED, NOT EVIDENT","1","0","0","0","1","0","0","8","6","1","41.9049707618","-87.7650029132","POINT (-87.765002913203 41.904970761755)"
"aa9b939aed06c0c14c575f7c1dbcffaae02c020a786a7be5525bc9f40810aff1d602a23348b9a2482f119979248356620f8ec0b0ab4bf4129699097295459d1d",,"2025-01-31T08:28:00.000","30","TRAFFIC SIGNAL","FUNCTIONING PROPERLY","RAIN","DAYLIGHT","REAR END","NOT DIVIDED",,"STRAIGHT AND LEVEL","WET","NO DEFECTS","ON SCENE","NO INJURY / DRIVE AWAY","Y",,,"OVER $1,500","2025-01-31T08:28:00.000","WEATHER","UNABLE TO DETERMINE","2626","W","ADDISON ST","1921",,,,,,,"2","NO INDICATION OF INJURY","0","0","0","0","0","2","0","8","6","1","41.9468199559","-87.6942523828","POINT (-87.69425238284 41.946819955878)"
"e6f59459e746a2a023c4ad6794e07b8b8e3c565854e2fc12672972b8c53206c86b81580c6008faca541425fb6639801e990b6d6364b3e28ac4d3cb31ba64bc6c",,"2025-01-31T08:25:00.000","30","TRAFFIC SIGNAL","FUNCTIONING PROPERLY","RAIN","DARKNESS, LIGHTED ROAD","TURNING","NOT DIVIDED",,"STRAIGHT AND LEVEL","WET","NO DEFECTS","ON SCENE","NO INJURY / DRIVE AWAY","Y",,"Y","$501 - $1,500","2025-01-31T08:30:00.000","FOLLOWING TOO CLOSELY","FOLLOWING TOO CLOSELY","7100","S","HALSTED ST","733",,,,,,,"2","NO INDICATION OF INJURY","0","0","0","0","0","2","0","8","6","1","41.7651094319","-87.6445569518","POINT (-87.644556951763 41.765109431911)"
"58fc8dec73ca6c75140d55af4c5b571ea38d6e4dd07958c246451da51d0d216c03ac27a0a659d51aa88f29f2efe31fff6689b083dfe4540f411e83aa5999c942",,"2025-01-31T08:20:00.000","20","NO CONTROLS","NO CONTROLS","RAIN","DAYLIGHT","SIDESWIPE SAME DIRECTION","ONE-WAY",,"STRAIGHT AND LEVEL","WET","NO DEFECTS","ON SCENE","NO INJURY / DRIVE AWAY",,,"Y","OVER $1,500","2025-01-31T08:33:00.000","FAILING TO REDUCE SPEED TO AVOID CRASH","FOLLOWING TOO CLOSELY","6207","S","MAPLEWOOD AVE","825",,,,,,,"2","NO INDICATION OF INJURY","0","0","0","0","0","3","0","8","6","1","41.7807704347","-87.687201492","POINT (-87.687201492045 41.780770434706)"
"172dd7f8fd56e90ce44986ed6e5755ad0dc3ebc42929916045d2e301acabfe39696144f7f33ed4c81d1d7d22e47770c3781fc75bc25e50d88d981bf8f3bd7473",,"2025-01-31T08:19:00.000","25","UNKNOWN","UNKNOWN","RAIN","DAYLIGHT","REAR END","DIVIDED - W/MEDIAN (NOT RAISED)",,"STRAIGHT AND LEVEL","WET","NO DEFECTS","NOT ON SCENE (DESK REPORT)","NO INJURY / DRIVE AWAY",,,,"OVER $1,500","2025-01-31T09:25:00.000","UNABLE TO DETERMINE","UNABLE TO DETERMINE","3000","W","FULLERTON AVE","1414",,,,,,,"2","NO INDICATION OF INJURY","0","0","0","0","0","2","0","8","6","1","41.9248712432","-87.7024366591","POINT (-87.702436659073 41.924871243181)"
"cff75825ca43b0490f9d269b14d1c728fd9e38aea3a3b69eec94046f0ce145cea6a117b3a910271f61f82619cddf44d1916acc1e290d7d4b2c08357af320761c",,"2025-01-31T08:15:00.000","30","OTHER","FUNCTIONING PROPERLY","CLOUDY/OVERCAST","DAYLIGHT","ANGLE","FOUR WAY",,"STRAIGHT AND LEVEL","WET","WORN SURFACE","ON SCENE","INJURY AND / OR TOW DUE TO CRASH","Y",,,"OVER $1,500","2025-01-31T08:20:00.000","UNABLE TO DETERMINE","UNABLE TO DETERMINE","9000","S","ST LAWRENCE AVE","633",,,,,,,"2","NONINCAPACITATING INJURY","1","0","0","1","0","1","0","8","6","1","41.7310522923","-87.6096805429","POINT (-87.609680542927 41.731052292281)"
"6457a48b654d5f8b5a78e7385218e78d6eaef7b688785cf4cdded3e4a77d5e54ca6ad11c26452221a029a79f8afb16d856aa240fe5dcb18abfb05b8ee5d39b5e",,"2025-01-31T08:13:00.000","15","NO CONTROLS","NO CONTROLS","RAIN","DAYLIGHT","PARKED MOTOR VEHICLE","ALLEY",,"STRAIGHT AND LEVEL","WET","NO DEFECTS",,"NO INJURY / DRIVE AWAY",,,"Y","$501 - $1,500","2025-02-18T17:30:00.000","DRIVING SKILLS/KNOWLEDGE/EXPERIENCE","UNABLE TO DETERMINE","3753","W","WILSON AVE","1723",,,,,,,"2","NO INDICATION OF INJURY","0","0","0","0","0","1","0","8","6","1","41.9645447154","-87.7226818894","POINT (-87.722681889397 41.964544715403)"
"c0cc660dac62650af164a71869bde9f23f3af43de857bce411daead0ca738968fa3d5097c07ae44126543f775d7ad0bec6058c68eae0fc4d69ca407af28a21cc",,"2025-01-31T08:10:00.000","30","STOP SIGN/FLASHER","UNKNOWN","RAIN","DAYLIGHT","REAR END","FOUR WAY",,"STRAIGHT AND LEVEL","WET","UNKNOWN","NOT ON SCENE (DESK REPORT)","NO INJURY / DRIVE AWAY",,,,"OVER $1,500","2025-01-31T08:54:00.000","FOLLOWING TOO CLOSELY","DRIVING SKILLS/KNOWLEDGE/EXPERIENCE","1940","W","33RD ST","912",,,,,,,"2","NO INDICATION OF INJURY","0","0","0","0","0","3","0","8","6","1","41.8341473875","-87.6745978564","POINT (-87.674597856436 41.834147387528)"
"ba42cec42326b17c682e69f1bf067384ff046f20c7e5965daa20ccd7cd443de0b267fc8074efebce2f804bd196e28729847e9a787cf344eef11e86397459f9b3",,"2025-01-31T08:05:00.000","30","STOP SIGN/FLASHER","FUNCTIONING PROPERLY","RAIN","DAYLIGHT","ANGLE","FOUR WAY",,"STRAIGHT AND LEVEL","WET","NO DEFECTS","ON SCENE","INJURY AND / OR TOW DUE TO CRASH","Y",,,"OVER $1,500","2025-01-31T08:11:00.000","FAILING TO YIELD RIGHT-OF-WAY","UNABLE TO DETERMINE","800","W","HUBBARD ST","1214",,,,,,,"2","NO INDICATION OF INJURY","0","0","0","0","0","2","0","8","6","1","41.8901948827","-87.6476686991","POINT (-87.647668699131 41.890194882661)"
"c1a9e8a3ab5d6a7d816a1bd40619e376387134bf5038123a257baddcfaae100320d20e5a2293c1b395d181be51a592f601bc56bf56bedc045a1077735a27c27d",,"2025-01-31T08:05:00.000","30","NO CONTROLS","NO CONTROLS","RAIN","DAYLIGHT","SIDESWIPE SAME DIRECTION","DIVIDED - W/MEDIAN (NOT RAISED)",,"STRAIGHT AND LEVEL","WET","UNKNOWN","ON SCENE","NO INJURY / DRIVE AWAY",,,"Y","$500 OR LESS","2025-01-31T08:07:00.000","UNABLE TO DETERMINE","UNABLE TO DETERMINE","6400","S","WESTERN AVE","825",,,,,,,"2","NO INDICATION OF INJURY","0","0","0","0","0","2","0","8","6","1","41.7773252728","-87.6837383935","POINT (-87.683738393495 41.777325272828)"
"2b7a6f5bb31a30a0e6d16de9e8d40d18b83cd5af817d339bcb6ac8b3a50572bd2f8ca23b7ac93c1deecc4e80f94cd8f77c26021be9026b2a0030ee880afae2c5",,"2025-01-31T08:00:00.000","30","NO CONTROLS","NO CONTROLS","RAIN","DAYLIGHT","PARKED MOTOR VEHICLE","ONE-WAY",,"STRAIGHT AND LEVEL","WET","NO DEFECTS","NOT ON SCENE (DESK REPORT)","NO INJURY / DRIVE AWAY",,,"Y","$500 OR LESS","2025-01-31T08:50:00.000","UNABLE TO DETERMINE","UNABLE TO DETERMINE","5113","S","TRUMBULL AVE","822",,,,,,,"2","NO INDICATION OF INJURY","0","0","0","0","0","2","0","8","6","1","41.8003070879","-87.7097262543","POINT (-87.709726254293 41.800307087946)"
"f178725eb37847b77bc02d97d4c4769b75cedee5fb9d52dd4da19a7558a2c917df55b8a5ee485593ed2c7f4725960b9a3e4a408bc39c2e20a30dc581475ba2a5",,"2025-01-31T08:00:00.000","30","NO CONTROLS","NO CONTROLS","RAIN","DAYLIGHT","OTHER OBJECT","ONE-WAY",,"STRAIGHT AND LEVEL","WET","UNKNOWN","NOT ON SCENE (DESK REPORT)","NO INJURY / DRIVE AWAY",,,,"OVER $1,500","2025-02-05T06:40:00.000","UNABLE TO DETERMINE","UNABLE TO DETERMINE","10000","W","OHARE ST","1651",,,,,,,"1","NO INDICATION OF INJURY","0","0","0","0","0","1","0","8","6","1","41.976201139","-87.9053091251","POINT (-87.905309125103 41.976201139024)"
"0af04bc792e2c45d8a3879de1ebf1a894221cbf6c8c599a51097780a7db9e29117768b0dae2b5ff99a10e2fb4e6b685f7137ddb08ee0c365da171a71f30cc0f9",,"2025-01-31T07:58:00.000","30","STOP SIGN/FLASHER","NO CONTROLS","RAIN","DAWN","ANGLE","NOT DIVIDED",,"STRAIGHT AND LEVEL","WET","NO DEFECTS","ON SCENE","NO INJURY / DRIVE AWAY","Y",,,"OVER $1,500","2025-01-31T07:59:00.000","UNABLE TO DETERMINE","NOT APPLICABLE","7240","N","DAMEN AVE","2424",,,,,,,"2","NO INDICATION OF INJURY","0","0","0","0","0","2","0","7","6","1","42.0136068455","-87.6805715363","POINT (-87.680571536296 42.013606845495)"
"c554a4fa8297eaf99b52f91c37cade067bdd3a9a1ae61a2fafaade5ee18c26dbe653c4b417528894f4dd1032b95b21427bfc2dbaa96a623bd377292e61c72913","Y","2025-01-31T07:58:00.000","30","TRAFFIC SIGNAL","FUNCTIONING PROPERLY","RAIN","DAYLIGHT","REAR END","NOT DIVIDED",,"STRAIGHT AND LEVEL","WET","NO DEFECTS","ON SCENE","NO INJURY / DRIVE AWAY",,,,"OVER $1,500","2025-01-31T08:00:00.000","DRIVING SKILLS/KNOWLEDGE/EXPERIENCE","UNABLE TO DETERMINE","4250","N","OAK PARK AVE","1632",,,,,,,"2","NO INDICATION OF INJURY","0","0","0","0","0","2","0","7","6","1","41.9580676387","-87.7978653705","POINT (-87.797865370474 41.958067638696)"
"30a507d07c78d1c83ffbdc33d871873a364261f12ac0162536a627f08b1ffc3ac2e7a21b512e74079305e2bb972fc0666bc2a8f20c250de95e786af86e993c19","Y","2025-01-31T07:55:00.000","30","STOP SIGN/FLASHER","FUNCTIONING PROPERLY","UNKNOWN","DAYLIGHT","REAR END","NOT DIVIDED",,"STRAIGHT AND LEVEL","UNKNOWN","UNKNOWN","NOT ON SCENE (DESK REPORT)","NO INJURY / DRIVE AWAY","Y",,,"OVER $1,500","2025-02-01T13:00:00.000","FOLLOWING TOO CLOSELY","NOT APPLICABLE","830","W","WRIGHTWOOD AVE","1935",,,,,,,"2","NO INDICATION OF INJURY","0","0","0","0","0","2","0","7","6","1","41.9291791674","-87.6500380844","POINT (-87.65003808439 41.929179167395)"
"8c2927a3eaf9277b4841a7477579fedcb3f46315e130285c6e09307005d99c91ee3910a06e577a7b4c5a11a4a690e595ae5f530a98a549a1b56c5aa5e598d8d5",,"2025-01-31T07:55:00.000","30","NO CONTROLS","NO CONTROLS","RAIN","DAYLIGHT","REAR END","NOT DIVIDED",,"STRAIGHT AND LEVEL","WET","UNKNOWN","NOT ON SCENE (DESK REPORT)","NO INJURY / DRIVE AWAY",,,,"OVER $1,500","2025-01-31T09:20:00.000","FOLLOWING TOO CLOSELY","FOLLOWING TOO CLOSELY","1289","W","DIVISION ST","1213",,,,,,,"2","NO INDICATION OF INJURY","0","0","0","0","0","2","0","7","6","1","41.9033428748","-87.6606517064","POINT (-87.660651706444 41.90334287475)"
"40ebf6790eac36ab5555a9935f83f4824d6631eaec9d1249ff4e917de9feaf2acd3838e24d56835f73e4b9501bdc768220f9a996ef45786f3b0e44e58b347a11",,"2025-01-31T07:50:00.000","30","TRAFFIC SIGNAL","FUNCTIONING PROPERLY","RAIN","DAYLIGHT","TURNING","NOT DIVIDED",,"STRAIGHT AND LEVEL","WET","NO DEFECTS","NOT ON SCENE (DESK REPORT)","NO INJURY / DRIVE AWAY",,,,"OVER $1,500","2025-01-31T08:28:00.000","UNABLE TO DETERMINE","UNABLE TO DETERMINE","3403","W","GRAND AVE","1121",,,,,,,"2","NO INDICATION OF INJURY","0","0","0","0","0","2","0","7","6","1","41.8997653781","-87.7117234976","POINT (-87.711723497611 41.899765378144)"
"5f477641ff65817540c11a43e798c4dc23088ffc783a07c58c1d2b1c1a83a26041afeed37e157df811754ea6eec6da91a45375857e1689f4f1fb9466ee21cd1c",,"2025-01-31T07:50:00.000","30","NO CONTROLS","NO CONTROLS","RAIN","DAYLIGHT","SIDESWIPE SAME DIRECTION","DIVIDED - W/MEDIAN (NOT RAISED)",,"STRAIGHT AND LEVEL","WET","NO DEFECTS","NOT ON SCENE (DESK REPORT)","NO INJURY / DRIVE AWAY",,,"Y","$501 - $1,500","2025-01-31T08:25:00.000","UNABLE TO DETERMINE","UNABLE TO DETERMINE","1701","W","47TH ST","931",,,,,,,"2","NO INDICATION OF INJURY","0","0","0","0","0","3","0","7","6","1","41.8084712383","-87.6674545133","POINT (-87.667454513294 41.808471238307)"
"17a8a87b474e4e58da20b879a4b27fbb48a41eb402f4e634cfae08e9ed30332f05f2ec99ad62ec3d82e5c969661b9db6589adcbfa85791705a37cb74a4c523ca",,"2025-01-31T07:48:00.000","30","TRAFFIC SIGNAL","FUNCTIONING PROPERLY","RAIN","DAYLIGHT","TURNING","DIVIDED - W/MEDIAN (NOT RAISED)",,"STRAIGHT AND LEVEL","WET","UNKNOWN","ON SCENE","INJURY AND / OR TOW DUE TO CRASH","Y",,,"OVER $1,500","2025-01-31T07:48:00.000","FAILING TO YIELD RIGHT-OF-WAY","NOT APPLICABLE","5000","S","PULASKI RD","815",,,,,,,"2","NONINCAPACITATING INJURY","2","0","0","2","0","0","0","7","6","1","41.8022262411","-87.7235681506","POINT (-87.7235681506 41.802226241093)"
"2a1b617679d9b8e8df0bf85a11075ef89a624afe7132ce9151fdc3197b1f8c9dc715558a5c300ca8ce52f130a8e87907cf7a711c300ee87b9b74cbff7fbcc22d",,"2025-01-31T07:40:00.000","20","STOP SIGN/FLASHER","FUNCTIONING PROPERLY","CLEAR","DAYLIGHT","REAR TO FRONT","NOT DIVIDED",,"STRAIGHT AND LEVEL","WET","NO DEFECTS","ON SCENE","NO INJURY / DRIVE AWAY",,,,"OVER $1,500","2025-01-31T08:40:00.000","UNABLE TO DETERMINE","UNABLE TO DETERMINE","6356","W","54TH ST","811",,,,,,,"2","NO INDICATION OF INJURY","0","0","0","0","0","2","0","7","6","1","41.7943457613","-87.7817217556","POINT (-87.781721755638 41.794345761328)"
"13e143d816ac939aaeed5c8573beb68fb4735b97b6236dfa21cdc1cdc51eb9262e73788838a28e4351ed280c3f303c91f184dc6ddc827a1f0d9167046cde0aae",,"2025-01-31T07:35:00.000","30","NO CONTROLS","NO CONTROLS","RAIN","DAYLIGHT","REAR END","DIVIDED - W/MEDIAN (NOT RAISED)",,"STRAIGHT AND LEVEL","WET","NO DEFECTS","ON SCENE","NO INJURY / DRIVE AWAY",,,,"OVER $1,500","2025-01-31T07:35:00.000","FOLLOWING TOO CLOSELY","DRIVING SKILLS/KNOWLEDGE/EXPERIENCE","4331","W","DEVON AVE","1711",,,,,,,"2","NO INDICATION OF INJURY","0","0","0","0","0","2","0","7","6","1","41.9971383409","-87.7373595094","POINT (-87.737359509377 41.997138340885)"
"e7bf11b46273b780a113300f875c20f234d34b6e386e5cbe05879ac72741cb1350aa62d37952b594159aeaea726c76ef229c9e356db9966340b544d8f52927a3",,"2025-01-31T07:33:00.000","30","TRAFFIC SIGNAL","FUNCTIONING PROPERLY","RAIN","DAYLIGHT","SIDESWIPE SAME DIRECTION","DIVIDED - W/MEDIAN (NOT RAISED)",,"STRAIGHT AND LEVEL","WET","NO DEFECTS","ON SCENE","INJURY AND / OR TOW DUE TO CRASH","Y",,,"OVER $1,500","2025-01-31T07:34:00.000","WEATHER","IMPROPER LANE USAGE","8109","S","ASHLAND AVE","614",,"Y",,,,,"2","NO INDICATION OF INJURY","0","0","0","0","0","4","0","7","6","1","41.746399844","-87.6631909191","POINT (-87.663190919096 41.746399844007)"
"1a41fd1b233f8b2329a4b55d90e3a8e03ff3f8daa1419b52a1e2b96f0e5e9faa86aca67dcc2ce52a6158ffecdb03b20b0f3d041ea3be6df7da9b09170aa740ba",,"2025-01-31T07:30:00.000","30","TRAFFIC SIGNAL","FUNCTIONING IMPROPERLY","RAIN","DAYLIGHT","REAR END","FOUR WAY",,"STRAIGHT AND LEVEL","WET","UNKNOWN","NOT ON SCENE (DESK REPORT)","NO INJURY / DRIVE AWAY",,,,"OVER $1,500","2025-01-31T08:00:00.000","FOLLOWING TOO CLOSELY","UNABLE TO DETERMINE","4609","S","ASHLAND AVE","924",,,,,,,"2","NO INDICATION OF INJURY","0","0","0","0","0","3","0","7","6","1","41.8101381525","-87.664867266","POINT (-87.664867266043 41.810138152519)"
"e586f53e9edf904b1c22f7fd88ad0a5f4c4292757ddddfcf889f3f174e0681a2144d30c2e9abf4b5aa4dbc7b5cd85bee102af11f2d1394d84adcdc52c7ce6d29",,"2025-01-31T07:20:00.000","30","NO CONTROLS","NO CONTROLS","CLEAR","DAYLIGHT","ANGLE","NOT DIVIDED",,"STRAIGHT AND LEVEL","DRY","NO DEFECTS","NOT ON SCENE (DESK REPORT)","NO INJURY / DRIVE AWAY",,,,"$501 - $1,500","2025-01-31T16:40:00.000","IMPROPER BACKING","IMPROPER BACKING","5918","N","HARLEM AVE","1612",,,,,,,"2","NO INDICATION OF INJURY","0","0","0","0","0","2","0","7","6","1","41.9892530234","-87.8070268161","POINT (-87.807026816149 41.989253023427)"
"d2a715a31ecb07ed5313e08c1f49d9bccea5c66dbc349ddaa119becb45eedd323ca8fd903d83ae4d1ff65bc0e90f5f0c77e02445d7551fe164fea59da78c1dd6",,"2025-01-31T07:15:00.000","25","UNKNOWN","UNKNOWN","UNKNOWN","DAYLIGHT","PARKED MOTOR VEHICLE","DIVIDED - W/MEDIAN (NOT RAISED)",,"STRAIGHT AND LEVEL","UNKNOWN","NO DEFECTS","NOT ON SCENE (DESK REPORT)","NO INJURY / DRIVE AWAY",,,"Y","OVER $1,500","2025-01-31T08:30:00.000","UNABLE TO DETERMINE","UNABLE TO DETERMINE","3216","W","AUGUSTA BLVD","1121",,,,,,,"3","NO INDICATION OF INJURY","0","0","0","0","0","1","0","7","6","1","41.8992957697","-87.7073761521","POINT (-87.707376152149 41.899295769698)"
"49943cd5ba98ae497ae4468a9ec2ae4bcece96394cb45a0993639cdd50d5f58508de1b89d354d91b8f265927141a2cd0952e4a6fd05c45da879b67eed22121d5",,"2025-01-31T07:10:00.000","30","NO CONTROLS","NO CONTROLS","RAIN","DAWN","REAR END","NOT DIVIDED",,"STRAIGHT AND LEVEL","WET","NO DEFECTS","ON SCENE","NO INJURY / DRIVE AWAY",,,,"OVER $1,500","2025-01-31T07:19:00.000","EVASIVE ACTION DUE TO ANIMAL, OBJECT, NONMOTORIST","NOT APPLICABLE","4815","S","KEDZIE AVE","922",,,,,,,"2","NO INDICATION OF INJURY","0","0","0","0","0","1","0","7","6","1","41.8058279672","-87.7037631044","POINT (-87.703763104404 41.805827967159)"