"crash_record_id","crash_date_est_i","crash_date","posted_speed_limit","traffic_control_device","device_condition","weather_condition","lighting_condition","first_crash_type","trafficway_type","lane_cnt","alignment","roadway_surface_cond","road_defect","report_type","crash_type","intersection_related_i","private_property_i","hit_and_run_i","damage","date_police_notified","prim_contributory_cause","sec_contributory_cause","street_no","street_direction","street_name","beat_of_occurrence","photos_taken_i","statements_taken_i","dooring_i","work_zone_i","work_zone_type","workers_present_i","num_units","most_severe_injury","injuries_total","injuries_fatal","injuries_incapacitating","injuries_non_incapacitating","injuries_reported_not_evident","injuries_no_indication","injuries_unknown","crash_hour","crash_day_of_week","crash_month","latitude","longitude","location"
"cddfdb21941b9666e45d0ead82877243d456e22d3457dfc61d06c479955638b72e388e7ebfe50e01a0609db8d7ac075993d4d9cbef26560426694bef8cd2401a",,"2025-01-31T07:05:00.000","30","NO CONTROLS","NO CONTROLS","OTHER","UNKNOWN","TURNING","OTHER",,"STRAIGHT AND LEVEL","WET","UNKNOWN","NOT ON SCENE (DESK REPORT)","NO INJURY / DRIVE AWAY",,,"Y","$501 - $1,500","2025-01-31T07:45:00.000","UNABLE TO DETERMINE","NOT APPLICABLE","5119","S","PULASKI RD","822",,,,,,,"2","NO INDICATION OF INJURY","0","0","0","0","0","5","0","7","6","1","41.7998344238","-87.7232045609","POINT (-87.723204560948 41.799834423842)"
"75492bbb565df9d04ce9e0b04baa847d2653a9c3c419432fa145a12b8219dabb239510f4984171a8903f7afb0cf6f0096ca77a69221195ce6baa988e599619ec",,"2025-01-31T06:50:00.000","30","TRAFFIC SIGNAL","FUNCTIONING PROPERLY","RAIN","DAYLIGHT","TURNING","Y-INTERSECTION",,"STRAIGHT AND LEVEL","WET","SHOULDER DEFECT","NOT ON SCENE (DESK REPORT)","NO INJURY / DRIVE AWAY",,,,"OVER $1,500","2025-01-31T07:15:00.000","UNABLE TO DETERMINE","UNABLE TO DETERMINE","1970","W","DIVERSEY PKWY","1931",,,,,,,"2","NO INDICATION OF INJURY","0","0","0","0","0","3","0","6","6","1","41.932398107","-87.6778710361","POINT (-87.677871036117 41.932398106955)"
"d4c9e9fd82a3c278521316a046f34a51fc91e1f55eba5935b7d57b1eb19aa465ca142c92fc5aaa0b2789e79b05c5e40dcb5bbb53f4fc66a044eb7d3ad2676ec1",,"2025-01-31T06:50:00.000","30","STOP SIGN/FLASHER","FUNCTIONING PROPERLY","RAIN","DAYLIGHT","ANGLE","DIVIDED - W/MEDIAN (NOT RAISED)",,"STRAIGHT AND LEVEL","WET","NO DEFECTS","ON SCENE","INJURY AND / OR TOW DUE TO CRASH","Y",,,"OVER $1,500","2025-01-31T06:57:00.000","FAILING TO YIELD RIGHT-OF-WAY","FAILING TO YIELD RIGHT-OF-WAY","2300","W","ARMITAGE AVE","1432",,,,,,,"2","NO INDICATION OF INJURY","0","0","0","0","0","2","0","6","6","1","41.9177226303","-87.6850604377","POINT (-87.685060437685 41.917722630349)"
"9e6e8dfb530c9013fc1db1ec7e3d884de335bd27a61420a6db7ab7eb323ad5cdded5560eb792ee91929c050293f31c9373a66be70e1e5cf9f029d396084586f7",,"2025-01-31T06:43:00.000","30","OTHER REG. SIGN","FUNCTIONING PROPERLY","RAIN","DAWN","TURNING","FOUR WAY",,"STRAIGHT AND LEVEL","WET","NO DEFECTS","ON SCENE","NO INJURY / DRIVE AWAY","Y",,,"OVER $1,500","2025-01-31T06:52:00.000","UNABLE TO DETERMINE","DRIVING SKILLS/KNOWLEDGE/EXPERIENCE","238","N","STATE ST","111",,,,,,,"2","NO INDICATION OF INJURY","0","0","0","0","0","3","0","6","6","1","41.8867329508","-87.6281134347","POINT (-87.628113434678 41.88673295078)"
"83ab35be2487974ae4f04373ec45ee0884661822bc1f71d9aa3a64e06c8645fa560ff97f49412777d816a9eee64182381842e7768b6cd7f243696353b84179a5",,"2025-01-31T06:40:00.000","25","NO CONTROLS","NO CONTROLS","RAIN","DAWN","FIXED OBJECT","TRAFFIC ROUTE",,"STRAIGHT AND LEVEL","WET","NO DEFECTS","NOT ON SCENE (DESK REPORT)","INJURY AND / OR TOW DUE TO CRASH",,,,"OVER $1,500","2025-01-31T06:50:00.000","UNABLE TO DETERMINE","NOT APPLICABLE","6700","S","STONY ISLAND AVE","332",,,,,,,"1","NO INDICATION OF INJURY","0","0","0","0","0","1","0","6","6","1","41.7732928959","-87.5864423683","POINT (-87.586442368314 41.773292895851)"
"9f926a08742230c69a05f604858698765672260ad319b52bb95fd4fa69d83f0332f58416ba1d9187b459a390a37f4ed112315c9d65823ed4426f51b010b581bd",,"2025-01-31T06:40:00.000","30","TRAFFIC SIGNAL","FUNCTIONING PROPERLY","RAIN","DAYLIGHT","SIDESWIPE SAME DIRECTION","NOT DIVIDED",,"STRAIGHT AND LEVEL","WET","NO DEFECTS","NOT ON SCENE (DESK REPORT)","NO INJURY / DRIVE AWAY","Y",,,"OVER $1,500","2025-01-31T06:50:00.000","UNABLE TO DETERMINE","UNABLE TO DETERMINE","7900","S","HALSTED ST","621",,,,,,,"2","NO INDICATION OF INJURY","0","0","0","0","0","2","0","6","6","1","41.7505495594","-87.6441883678","POINT (-87.644188367841 41.750549559439)"
"d4c1b0a8fbd41525b4890c22a7f1d2fb149b0f387adc686bc28b3f25b43a41b82580922f43b5a8821307f30f3df4bddf5378cb99dbc1e00e91c13d2a5666d080",,"2025-01-31T06:15:00.000","35","NO CONTROLS","NO CONTROLS","RAIN","DARKNESS","FIXED OBJECT","DIVIDED - W/MEDIAN BARRIER",,"CURVE, LEVEL","WET","NO DEFECTS","ON SCENE","INJURY AND / OR TOW DUE TO CRASH",,,,"OVER $1,500","2025-01-31T06:15:00.000","WEATHER","FAILING TO REDUCE SPEED TO AVOID CRASH","990","N","LAKE SHORE DR SB","1833",,,,,,,"1","NONINCAPACITATING INJURY","1","0","0","1","0","1","0","6","6","1","41.9008061097","-87.6197239614","POINT (-87.619723961393 41.90080610974)"
"1ddc162e4f077981e70311587e87bd28fd225e4903e8f82dfd04a3767d7a104355455ca3a8eac849e8898d90a511a7c636b9504a6418f9cf22408bfd99df9897",,"2025-01-31T06:05:00.000","30","NO CONTROLS","NO CONTROLS","CLEAR","DARKNESS","REAR END","NOT DIVIDED",,"STRAIGHT AND LEVEL","DRY","NO DEFECTS","NOT ON SCENE (DESK REPORT)","NO INJURY / DRIVE AWAY",,,,"$501 - $1,500","2025-01-31T20:10:00.000","FOLLOWING TOO CLOSELY","FOLLOWING TOO CLOSELY","5235","W","MONTROSE AVE","1624",,,,,,,"2","NO INDICATION OF INJURY","0","0","0","0","0","2","0","6","6","1","41.9604737067","-87.7588078023","POINT (-87.758807802344 41.960473706705)"
"bf1bd465ad47cf1f9bac25874e3c315b0fec7716f4f4c40fe52c1d312db18d3888eb7fb46bff65adb3304abaee64fd6cc5b8f990700fde407b4f3d03b67daafc",,"2025-01-31T06:00:00.000","30","TRAFFIC SIGNAL","UNKNOWN","RAIN","DAWN","ANGLE","T-INTERSECTION",,"STRAIGHT AND LEVEL","WET","UNKNOWN","ON SCENE","NO INJURY / DRIVE AWAY","Y",,"Y","$501 - $1,500","2025-01-31T06:05:00.000","DISREGARDING TRAFFIC SIGNALS","NOT APPLICABLE","5913","S","ASHLAND AVE","713",,,,,,,"2","NO INDICATION OF INJURY","0","0","0","0","0","2","0","6","6","1","41.7863194637","-87.6642381653","POINT (-87.664238165275 41.786319463704)"
"f8abe83a03b4ba33ad75e2e143264885dfe0a047da9dbe9f5625b9fe7211151dc4eda9e4dddd92168fbc51e9f5c27b6038af825f56969d832e4a738799b64d7d",,"2025-01-31T06:00:00.000","30","TRAFFIC SIGNAL","FUNCTIONING PROPERLY","RAIN","DARKNESS, LIGHTED ROAD","TURNING","NOT DIVIDED",,"STRAIGHT AND LEVEL","WET","UNKNOWN","NOT ON SCENE (DESK REPORT)","NO INJURY / DRIVE AWAY","Y",,,"OVER $1,500","2025-01-31T19:30:00.000","DISTRACTION - FROM OUTSIDE VEHICLE","NOT APPLICABLE","2800","N","CENTRAL AVE","2514",,,,,,,"2","NO INDICATION OF INJURY","0","0","0","0","0","3","0","6","6","1","41.9313655524","-87.7663965288","POINT (-87.766396528792 41.931365552363)"
"15c2fe6262531d726ab43900b85d5168c371207319afcc387a4058db0b4ea0484a5afd8b5e058323823859ea0a1883870bbebaf5d9f15d497d6bbf09a3fb62e4",,"2025-01-31T05:57:00.000","30","STOP SIGN/FLASHER","FUNCTIONING PROPERLY","RAIN","DAYLIGHT","SIDESWIPE SAME DIRECTION","NOT DIVIDED",,"STRAIGHT AND LEVEL","WET","NO DEFECTS","NOT ON SCENE (DESK REPORT)","NO INJURY / DRIVE AWAY",,,,"OVER $1,500","2025-01-31T08:25:00.000","UNABLE TO DETERMINE","NOT APPLICABLE","600","N","KILBOURN AVE","1111",,,,,,,"2","NO INDICATION OF INJURY","0","0","0","0","0","2","0","5","6","1","41.8914662509","-87.7384465642","POINT (-87.738446564216 41.891466250878)"
"bb8e887af32d045c6a102d7f9c5f53a43e6a0fbc211099a62c6e5c61e61c109f31ca9822260fcce4b281da74640e2e4be15d21f80b2843a4a934f8a71a1dc32d",,"2025-01-31T05:52:00.000","25","NO CONTROLS","NO CONTROLS","RAIN","DARKNESS","SIDESWIPE OPPOSITE DIRECTION","NOT DIVIDED",,"STRAIGHT AND LEVEL","WET","NO DEFECTS","NOT ON SCENE (DESK REPORT)","NO INJURY / DRIVE AWAY",,,,"OVER $1,500","2025-01-31T05:52:00.000","DRIVING ON WRONG SIDE/WRONG WAY","NOT APPLICABLE","6029","S","HAMLIN AVE","823",,,,,,,"2","NO INDICATION OF INJURY","0","0","0","0","0","2","0","5","6","1","41.7833289509","-87.7178368168","POINT (-87.717836816836 41.783328950859)"
"f7b6386884330007058cee2c1ad09dd6c482848c67412cb51909ed4faa27970e1473b73fad3bc1430781724e2c9938fc78ed11ee40a231cd18abf1bd7b83770c",,"2025-01-31T05:50:00.000","30","TRAFFIC SIGNAL","FUNCTIONING PROPERLY","RAIN","DARKNESS, LIGHTED ROAD","ANGLE","FOUR WAY",,"STRAIGHT AND LEVEL","WET","NO DEFECTS","ON SCENE","INJURY AND / OR TOW DUE TO CRASH","Y",,,"OVER $1,500","2025-01-31T06:42:00.000","FAILING TO REDUCE SPEED TO AVOID CRASH","WEATHER","11100","S","CENTRAL PARK AVE","2211",,,,,,,"2","NO INDICATION OF INJURY","0","0","0","0","0","2","0","5","6","1","41.69131491","-87.7107217516","POINT (-87.710721751606 41.691314909986)"
"f6f946860c04de7b03dbc486818e4ac80c9f547ce1df9e6ca921258749ccc79a35d615f21637fb1a54fb01af611a5ede926bbc71f0c0e29f92ef51213c9afba3","Y","2025-01-31T05:40:00.000","30","NO CONTROLS","NO CONTROLS","UNKNOWN","DARKNESS","PARKED MOTOR VEHICLE","ONE-WAY",,"STRAIGHT AND LEVEL","UNKNOWN","NO DEFECTS","ON SCENE","INJURY AND / OR TOW DUE TO CRASH",,,"Y","OVER $1,500","2025-01-31T08:30:00.000","UNABLE TO DETERMINE","UNABLE TO DETERMINE","98","N","LATROBE AVE","1522",,,,,,,"2","NO INDICATION OF INJURY","0","0","0","0","0","1","0","5","6","1","41.8822512564","-87.7564997487","POINT (-87.756499748679 41.882251256374)"
"4340345e681c5fee57b61ecbd1e2984a6b0a13056819d0dc2cb50b3ff689fe4c3da87233c93ab6768728b4b44171b9d5662a250d8b01f8c7938ee732f78882b2",,"2025-01-31T05:00:00.000","30","TRAFFIC SIGNAL","FUNCTIONING PROPERLY","RAIN","DAYLIGHT","TURNING","DIVIDED - W/MEDIAN (NOT RAISED)",,"STRAIGHT AND LEVEL","WET","NO DEFECTS",,"NO INJURY / DRIVE AWAY",,,,"$500 OR LESS","2025-01-31T17:00:00.000","IMPROPER LANE USAGE","NOT APPLICABLE","116","W","CERMAK RD","131",,,,,,,"2","NO INDICATION OF INJURY","0","0","0","0","0","2","0","5","6","1","41.8529870791","-87.6300266133","POINT (-87.630026613318 41.85298707906)"
"c67c273a2204a07702ebac76baeb2d915beaf8ec3fb4fb87169cb0ebc53f3d4ebf2df8feb0a669cf00c53e37d41f32414b9b80dc16862278f5b83d5cf68ccd2c",,"2025-01-31T05:00:00.000","20","NO CONTROLS","NO CONTROLS","FOG/SMOKE/HAZE","DARKNESS, LIGHTED ROAD","PARKED MOTOR VEHICLE","ONE-WAY",,"STRAIGHT AND LEVEL","WET","NO DEFECTS","ON SCENE","NO INJURY / DRIVE AWAY",,,"Y","OVER $1,500","2025-01-31T05:05:00.000","UNABLE TO DETERMINE","UNABLE TO DETERMINE","346","E","80TH ST","623",,,,,,,"2","NO INDICATION OF INJURY","0","0","0","0","0","1","0","5","6","1","41.7493772739","-87.6162646584","POINT (-87.61626465838 41.749377273883)"
"d2250db651b214f8168954155391545d8621350a3196a6806637a4e4c42ce81d4637f5332dc645459a415f92c895ea481d9a3102a494ba29c23caf519958a822","Y","2025-01-31T05:00:00.000","25","NO CONTROLS","NO CONTROLS","RAIN","DUSK","PARKED MOTOR VEHICLE","ONE-WAY",,"STRAIGHT AND LEVEL","WET","NO DEFECTS","NOT ON SCENE (DESK REPORT)","NO INJURY / DRIVE AWAY",,,,"OVER $1,500","2025-01-31T12:00:00.000","UNABLE TO DETERMINE","UNABLE TO DETERMINE","6430","N","FAIRFIELD AVE","2412",,,,,,,"2","NO INDICATION OF INJURY","0","0","0","0","0","1","0","5","6","1","41.9985202924","-87.6985976848","POINT (-87.698597684752 41.998520292396)"
"20b7b728ae6f93e322702f04beb6d9b463a078d60aed17984eace4c8a53c5b605925a49cb6aad5d46e7af60c2953ee655105d7adb112484d6735f28308c9bc28",,"2025-01-31T03:50:00.000","30","NO CONTROLS","NO CONTROLS","CLEAR","DARKNESS, LIGHTED ROAD","SIDESWIPE SAME DIRECTION","NOT DIVIDED",,"STRAIGHT AND LEVEL","WET","NO DEFECTS","ON SCENE","INJURY AND / OR TOW DUE TO CRASH",,,,"OVER $1,500","2025-01-31T03:51:00.000","IMPROPER OVERTAKING/PASSING","DRIVING SKILLS/KNOWLEDGE/EXPERIENCE","601","N","PULASKI RD","1122",,,,,,,"2","NO INDICATION OF INJURY","0","0","0","0","0","2","0","3","6","1","41.8917285945","-87.7258264901","POINT (-87.72582649007 41.891728594504)"
"5f2f603ce233318e2a0a50538a898a57f9897bb62f870f80ea5955e51e5bde09b06a521e2fa8a68cc62a9a5264853b8bf66fa5c069f53e114d73498d7e090662",,"2025-01-31T03:35:00.000","30","NO CONTROLS","NO CONTROLS","FOG/SMOKE/HAZE","DARKNESS, LIGHTED ROAD","FIXED OBJECT","DIVIDED - W/MEDIAN BARRIER",,"STRAIGHT AND LEVEL","WET","NO DEFECTS","ON SCENE","INJURY AND / OR TOW DUE TO CRASH",,,,"OVER $1,500","2025-01-31T03:50:00.000","IMPROPER LANE USAGE","DISTRACTION - FROM INSIDE VEHICLE","398","W","18TH ST","1235",,,,,,,"1","NO INDICATION OF INJURY","0","0","0","0","0","1","0","3","6","1","41.8578113121","-87.6368885187","POINT (-87.636888518702 41.85781131206)"
"767bb09f17f04c742185a3de00676b27afe90ffea9143b94b2a1d5459d9e687657979415936675df973ecf408550f51832b38bf07aae2f672eabd08fa5445001",,"2025-01-31T02:23:00.000","45","NO CONTROLS","NO CONTROLS","FOG/SMOKE/HAZE","DARKNESS, LIGHTED ROAD","FIXED OBJECT","DIVIDED - W/MEDIAN BARRIER",,"STRAIGHT AND LEVEL","WET","NO DEFECTS","ON SCENE","INJURY AND / OR TOW DUE TO CRASH",,,,"OVER $1,500","2025-01-31T02:25:00.000","WEATHER","NOT APPLICABLE","5308","S","LAKE SHORE DR SB","234",,,,,,,"1","NO INDICATION OF INJURY","0","0","0","0","0","1","0","2","6","1","41.7993758381","-87.5815024558","POINT (-87.581502455799 41.799375838083)"
"0af188de699e5c5ef634e4a35138da22a46b048a0c204dcada430681c39f788b5d08ae863a501bd4e17565ae9c79968715d1ec76a38f9bc7f75b08513bdd1986",,"2025-01-31T02:00:00.000","30","NO CONTROLS","NO CONTROLS","RAIN","DARKNESS","PARKED MOTOR VEHICLE","DIVIDED - W/MEDIAN (NOT RAISED)",,"STRAIGHT AND LEVEL","WET","NO DEFECTS","NOT ON SCENE (DESK REPORT)","NO INJURY / DRIVE AWAY",,,"Y","OVER $1,500","2025-01-31T17:15:00.000","FOLLOWING TOO CLOSELY","UNABLE TO DETERMINE","5050","N","BROADWAY","2033",,,,,,,"2","NO INDICATION OF INJURY","0","0","0","0","0","1","0","2","6","1","41.9741295261","-87.6599553012","POINT (-87.659955301163 41.974129526103)"
"3b2dde8b901c764ca247363d60d8e3771b882924dd4875c92e45d90423e4b9525da3b2351f65cc77de3fa966bc32773067a43546461b361d73f5241f00e66015",,"2025-01-31T01:49:00.000","30","NO CONTROLS","NO CONTROLS","RAIN","DARKNESS, LIGHTED ROAD","FIXED OBJECT","NOT DIVIDED",,"STRAIGHT AND LEVEL","WET","NO DEFECTS","ON SCENE","INJURY AND / OR TOW DUE TO CRASH",,,,"OVER $1,500","2025-01-31T01:49:00.000","UNABLE TO DETERMINE","NOT APPLICABLE","5200","W","CHICAGO AVE","1524",,,,,,,"1","REPORTED, NOT EVIDENT","1","0","0","0","1","0","0","1","6","1","41.8950441424","-87.755665329","POINT (-87.755665329048 41.895044142418)"
"8c5a979c0d6fb9523c40e8c9c90720d116c2736a71168c3c6880841d71dd1e6b4d07b5a3965524549fea42573a163bb9b9dd151e4fb1adea06e2e5e5a8aeafca",,"2025-01-31T00:46:00.000","30","NO CONTROLS","NO CONTROLS","RAIN","DARKNESS, LIGHTED ROAD","PARKED MOTOR VEHICLE","NOT DIVIDED",,"STRAIGHT AND LEVEL","WET","NO DEFECTS","ON SCENE","INJURY AND / OR TOW DUE TO CRASH",,,,"OVER $1,500","2025-01-31T00:46:00.000","UNDER THE INFLUENCE OF ALCOHOL/DRUGS (USE WHEN ARREST IS EFFECTED)","NOT APPLICABLE","1075","N","MILWAUKEE AVE","1213",,,,,,,"2","NO INDICATION OF INJURY","0","0","0","0","0","1","0","0","6","1","41.9014028922","-87.6632175145","POINT (-87.663217514484 41.90140289224)"
"911ce5d775a2ac9d3a968f3252aa70a08b62b8ebf06b9ed0ee4ba66c341f50831ddaae9e925913f3ffe6febc2629999f0342dfa79007d61b41c4ffe12eb84201",,"2025-01-31T00:45:00.000","25","NO CONTROLS","NO CONTROLS","RAIN","DARKNESS, LIGHTED ROAD","FIXED OBJECT","NOT DIVIDED",,"STRAIGHT AND LEVEL","WET","UNKNOWN","ON SCENE","INJURY AND / OR TOW DUE TO CRASH",,,,"OVER $1,500","2025-01-31T00:51:00.000","UNDER THE INFLUENCE OF ALCOHOL/DRUGS (USE WHEN ARREST IS EFFECTED)","DRIVING ON WRONG SIDE/WRONG WAY","540","N","LAKE SHORE DR","1834",,,,,,,"1","NO INDICATION OF INJURY","0","0","0","0","0","1","0","0","6","1","41.8923492672","-87.6145571703","POINT (-87.614557170251 41.892349267241)"
"a9d8173e4429299d7291006b9d8198eafceb60f1b80d30ef5ed75e27fd19459b84d7399d18b371759c36379e66feb105fe9d48056a1f1140a27368d17316ecb9",,"2025-01-31T00:20:00.000","0","NO CONTROLS","NO CONTROLS","RAIN","DARKNESS","OTHER OBJECT","UNKNOWN",,"STRAIGHT AND LEVEL","WET","NO DEFECTS","ON SCENE","NO INJURY / DRIVE AWAY","N",,,"$500 OR LESS","2025-01-31T00:28:00.000","DRIVING SKILLS/KNOWLEDGE/EXPERIENCE","NOT APPLICABLE","10000","W","OHARE ST","1651",,,,,,,"2","NO INDICATION OF INJURY","0","0","0","0","0","4","0","0","6","1","41.976201139","-87.9053091251","POINT (-87.905309125103 41.976201139024)"
"57b164c73b090c9c0635bc50c67814ff0930b919ab556b853f8f6355254335ae6a6c3e06be91f09a9cc1a0b62437eac234440ca88275d87f1c4dcf3e959da23a",,"2025-01-31T00:15:00.000","30","NO CONTROLS","NO CONTROLS","RAIN","DARKNESS, LIGHTED ROAD","OTHER OBJECT","NOT DIVIDED",,"STRAIGHT AND LEVEL","WET","UNKNOWN","ON SCENE","INJURY AND / OR TOW DUE TO CRASH",,,,"OVER $1,500","2025-01-31T00:17:00.000","UNABLE TO DETERMINE","UNABLE TO DETERMINE","2311","N","LARAMIE AVE","2522",,,,,,,"1","NONINCAPACITATING INJURY","1","0","0","1","0","1","0","0","6","1","41.9226218389","-87.7559539954","POINT (-87.755953995376 41.922621838893)"
"ba135b2f1fb086e98aa6ffa7e7de672c7518dcefbae28af334c13862b0b9ea01f468ffb75e35f2c4295e01a904b9111f74d61f0959582eccc018d0bb2e5338c0","Y","2025-01-31T00:05:00.000","30","NO CONTROLS","NO CONTROLS","RAIN","DARKNESS, LIGHTED ROAD","PEDESTRIAN","NOT DIVIDED",,"STRAIGHT AND LEVEL","WET","UNKNOWN","ON SCENE","INJURY AND / OR TOW DUE TO CRASH",,,,"OVER $1,500","2025-01-31T00:07:00.000","NOT APPLICABLE","NOT APPLICABLE","3467","N","LAKE SHORE DR","1925",,,,,,,"2","NONINCAPACITATING INJURY","1","0","0","1","0","1","0","0","6","1","41.945701251","-87.6416112875","POINT (-87.641611287547 41.945701250953)"
"5454d9e1cf8647e29fba540c0ca27f0c2b39c223a941d9a8a76e5d13fd7e8b63bbfb5222859768ee581175a108e529724b79c968c8a25bee0b034102d9fa3f82",,"2025-01-31T00:03:00.000","30","NO CONTROLS","OTHER","RAIN","DARKNESS, LIGHTED ROAD","REAR END","DIVIDED - W/MEDIAN (NOT RAISED)",,"STRAIGHT AND LEVEL","WET","NO DEFECTS","ON SCENE","INJURY AND / OR TOW DUE TO CRASH",,,,"OVER $1,500","2025-01-31T00:05:00.000","UNABLE TO DETERMINE","NOT APPLICABLE","1707","E","103RD ST","434",,"N",,,,,"2","FATAL","1","1","0","0","0","1","0","0","6","1","41.7077255056","-87.5829279631","POINT (-87.582927963101 41.707725505587)"
"5205db4d591c2a0cef7451e6296148683bc8b3854ce2fb631dce3665da36a6a717e2b825e54a0e987d588b6c87a3eb713417ef232bbc815df4b4e9265cc0bdbe","Y","2025-01-31T00:00:00.000","30","NO CONTROLS","NO CONTROLS","UNKNOWN","UNKNOWN","FIXED OBJECT","NOT DIVIDED",,"STRAIGHT AND LEVEL","UNKNOWN","UNKNOWN","NOT ON SCENE (DESK REPORT)","NO INJURY / DRIVE AWAY",,"Y","Y","OVER $1,500","2025-02-09T13:00:00.000","UNABLE TO DETERMINE","NOT APPLICABLE","6637","S","DR MARTIN LUTHER KING JR DR","312",,,,,,,"1","NO INDICATION OF INJURY","0","0","0","0","0","1","0","0","6","1","41.7736823495","-87.6153210024","POINT (-87.615321002381 41.773682349479)"
"25bac4191acaaf8125da5f0c969b3e2e55b85a05d8fb9bd0620ab594a9af3e21a905214a3946e75010451d6b327cad2e2c362b4ffcbd5b2e0a7bd9c0c718c26a",,"2025-01-30T23:56:00.000","30","TRAFFIC SIGNAL","FUNCTIONING PROPERLY","RAIN","DARKNESS, LIGHTED ROAD","FIXED OBJECT","NOT DIVIDED",,"STRAIGHT ON GRADE","WET","UNKNOWN","ON SCENE","INJURY AND / OR TOW DUE TO CRASH","Y",,,"OVER $1,500","2025-01-31T00:57:00.000","IMPROPER TURNING/NO SIGNAL","EQUIPMENT - VEHICLE CONDITION","1736","S","MICHIGAN AVE","131",,,,,,,"1","NO INDICATION OF INJURY","0","0","0","0","0","1","0","23","5","1","41.8579908204","-87.6240828758","POINT (-87.624082875775 41.857990820414)"
"20e1fa27db8d099e9d50512c50e6b95b9e932efa69f9ab2feaa721121525aa077d7b26dc1de61d171cc40cdd0f91e6ec3286e80f4d1925bc1e122aedb1ee2ade","N","2025-01-30T23:50:00.000","25","NO CONTROLS","UNKNOWN","RAIN","DARKNESS","PARKED MOTOR VEHICLE","NOT DIVIDED",,"STRAIGHT AND LEVEL","WET","NO DEFECTS","ON SCENE","NO INJURY / DRIVE AWAY",,,"Y","OVER $1,500","2025-01-30T23:57:00.000","OPERATING VEHICLE IN ERRATIC, RECKLESS, CARELESS, NEGLIGENT OR AGGRESSIVE MANNER","OPERATING VEHICLE IN ERRATIC, RECKLESS, CARELESS, NEGLIGENT OR AGGRESSIVE MANNER","8233","S","DR MARTIN LUTHER KING JR DR","631",,,,,,,"4","NO INDICATION OF INJURY","0","0","0","0","0","2","0","23","5","1","41.7446420658","-87.6146467509","POINT (-87.614646750871 41.744642065828)"
"4a3079fed474c0c6ad98614291a4dec31f841358347d70f6eebdda101b2dc1f4985614ab99e951f3ea159c753df5c6b1159edef4cb54baaa76136b9843e44630",,"2025-01-30T23:50:00.000","30","TRAFFIC SIGNAL","FUNCTIONING PROPERLY","RAIN","DARKNESS, LIGHTED ROAD","REAR END","FOUR WAY",,"STRAIGHT AND LEVEL","WET","NO DEFECTS","ON SCENE","NO INJURY / DRIVE AWAY",,,"Y","$501 - $1,500","2025-01-31T00:05:00.000","FAILING TO REDUCE SPEED TO AVOID CRASH","NOT APPLICABLE","2800","W","DIVERSEY AVE","1411",,,,,,,"2","NO INDICATION OF INJURY","0","0","0","0","0","2","0","23","5","1","41.9322053951","-87.6976792439","POINT (-87.697679243869 41.932205395065)"
"cd05426226c702b9d9fb8af8b54332d7b8db73b96027f76ef2b82aeefb1ba1ffa5db3341bd12731e85b50868dea28a5a3c52c43c5762ccc735a064673ace71ee",,"2025-01-30T23:46:00.000","30","NO CONTROLS","NO CONTROLS","RAIN","DARKNESS, LIGHTED ROAD","PARKED MOTOR VEHICLE","NOT DIVIDED",,"STRAIGHT AND LEVEL","WET","NO DEFECTS","ON SCENE","NO INJURY / DRIVE AWAY",,,"Y","$500 OR LESS","2025-01-30T23:51:00.000","UNABLE TO DETERMINE","NOT APPLICABLE","8131","S","CALIFORNIA AVE","835",,,,,,,"2","NO INDICATION OF INJURY","0","0","0","0","0","1","0","23","5","1","41.7453704643","-87.6923579782","POINT (-87.692357978229 41.745370464276)"
"b05743383206ed003626040520c69eca69a566535d9a24f4ac0165ac6f881570832569bcefd220c0d7a5cf6571a0007f4568e5b90e61361cbccb3314f52ef6cc",,"2025-01-30T23:43:00.000","30","NO CONTROLS","NO CONTROLS","RAIN","DARKNESS, LIGHTED ROAD","TURNING","ALLEY",,"STRAIGHT AND LEVEL","WET","UNKNOWN","ON SCENE","NO INJURY / DRIVE AWAY",,,"Y","OVER $1,500","2025-01-30T23:43:00.000","FAILING TO YIELD RIGHT-OF-WAY","NOT APPLICABLE","6309","S","ABERDEEN ST","724",,,,,,,"2","NO INDICATION OF INJURY","0","0","0","0","0","2","0","23","5","1","41.7793299853","-87.6519177448","POINT (-87.651917744845 41.779329985262)"
"cb8128bfc586c99f553307d5c6ac9a8bf1f81c8b1e3fbfa280944be2346cd96c1f7b25a55f70ec810337a69cbd366a27ac7e6bd33e09536833a001620293b023",,"2025-01-30T23:26:00.000","30","OTHER","UNKNOWN","RAIN","DARKNESS, LIGHTED ROAD","TURNING","FIVE POINT, OR MORE",,"STRAIGHT AND LEVEL","UNKNOWN","UNKNOWN",,"NO INJURY / DRIVE AWAY",,,"N","OVER $1,500","2025-01-31T00:15:00.000","TURNING RIGHT ON RED","DRIVING SKILLS/KNOWLEDGE/EXPERIENCE","3424","N","SHEFFIELD AVE","1924","Y",,,,,,"2","NO INDICATION OF INJURY","0","0","0","0","0","2","0","23","5","1","41.9443569129","-87.6543884167","POINT (-87.654388416669 41.944356912897)"