"crash_record_id","crash_date_est_i","crash_date","posted_speed_limit","traffic_control_device","device_condition","weather_condition","lighting_condition","first_crash_type","trafficway_type","lane_cnt","alignment","roadway_surface_cond","road_defect","report_type","crash_type","intersection_related_i","private_property_i","hit_and_run_i","damage","date_police_notified","prim_contributory_cause","sec_contributory_cause","street_no","street_direction","street_name","beat_of_occurrence","photos_taken_i","statements_taken_i","dooring_i","work_zone_i","work_zone_type","workers_present_i","num_units","most_severe_injury","injuries_total","injuries_fatal","injuries_incapacitating","injuries_non_incapacitating","injuries_reported_not_evident","injuries_no_indication","injuries_unknown","crash_hour","crash_day_of_week","crash_month","latitude","longitude","location"
"30b38771e546299fed78c2bd23494b65399fc72f8ff75372a1efbe6d53aba7f9c273b3a7654ab3e8785238f5e5aba845c85c906e48795fae26c383de44001f86",,"2025-01-30T23:13:00.000","30","TRAFFIC SIGNAL","FUNCTIONING PROPERLY","RAIN","DARKNESS","HEAD ON","NOT DIVIDED",,"STRAIGHT AND LEVEL","WET","NO DEFECTS",,"INJURY AND / OR TOW DUE TO CRASH","Y",,"N","OVER $1,500","2025-01-30T23:17:00.000","UNABLE TO DETERMINE","UNABLE TO DETERMINE","4400","W","31ST ST","1031",,,,,,,"2","INCAPACITATING INJURY","2","0","1","1","0","1","0","23","5","1","41.8372404177","-87.734146511","POINT (-87.734146510962 41.837240417681)"
"343be5389c013055acac595ab9c8c3abbbec422e2cbe4fc63c7fe2891802af26c66753e823ada5e7a96f30755d054deeae367ebaf3b00c9594c2f175b75666fe",,"2025-01-30T22:56:00.000","40","NO CONTROLS","NO CONTROLS","RAIN","DARKNESS, LIGHTED ROAD","FIXED OBJECT","DIVIDED - W/MEDIAN BARRIER",,"STRAIGHT AND LEVEL","WET","NO DEFECTS","ON SCENE","INJURY AND / OR TOW DUE TO CRASH",,,,"OVER $1,500","2025-01-30T22:58:00.000","WEATHER","NOT APPLICABLE","1022","N","LAKE SHORE DR SB","1824",,,,,,,"1","NO INDICATION OF INJURY","0","0","0","0","0","1","0","22","5","1","41.9012287506","-87.6221287328","POINT (-87.62212873277 41.901228750595)"
"631b55c109e1bdb050f79c802948a3b7805aacbcd69932d037404e0db33cfa9b1ade444b72f74604678888526e55081cf9b19fd5b3713d2969196ccfdd319297",,"2025-01-30T22:54:00.000","25","STOP SIGN/FLASHER","FUNCTIONING PROPERLY","RAIN","DARKNESS, LIGHTED ROAD","ANGLE","FOUR WAY",,"STRAIGHT AND LEVEL","WET","UNKNOWN","ON SCENE","NO INJURY / DRIVE AWAY","Y",,,"OVER $1,500","2025-01-30T23:05:00.000","UNABLE TO DETERMINE","UNABLE TO DETERMINE","3532","W","WRIGHTWOOD AVE","1412",,,,,,,"2","NO INDICATION OF INJURY","0","0","0","0","0","3","0","22","5","1","41.9283783802","-87.7160074261","POINT (-87.716007426096 41.9283783802)"
"89fa2fedf67f884951f298872333dd6be8e8a0233eb93b6ccad0e1dfaa6406f64dfd29e2c4d70c4f38c62fd0f8895629f6c3271c9a3f48a23c0971c44d6223a1",,"2025-01-30T22:54:00.000","30","TRAFFIC SIGNAL","FUNCTIONING PROPERLY","RAIN","DARKNESS, LIGHTED ROAD","TURNING","FOUR WAY",,"STRAIGHT AND LEVEL","WET","NO DEFECTS","ON SCENE","NO INJURY / DRIVE AWAY",,,,"$500 OR LESS","2025-01-30T22:54:00.000","IMPROPER TURNING/NO SIGNAL","NOT APPLICABLE","631","S","AUSTIN BLVD","1513",,,,,,,"2","NO INDICATION OF INJURY","0","0","0","0","0","2","0","22","5","1","41.8718367292","-87.7742143245","POINT (-87.774214324507 41.871836729163)"
"c2c4862729f065d056a84de8f9e0d9627f163873ef77780c1d7d4ab410eab6757abdbf3964e309084d8f3fc9506ad6498a49c416ba4591e4362e2444ebac6fc8",,"2025-01-30T21:45:00.000","30","TRAFFIC SIGNAL","FUNCTIONING PROPERLY","RAIN","DARKNESS, LIGHTED ROAD","TURNING","FOUR WAY",,"STRAIGHT AND LEVEL","WET","NO DEFECTS","NOT ON SCENE (DESK REPORT)","NO INJURY / DRIVE AWAY","Y",,,"OVER $1,500","2025-01-30T23:30:00.000","FAILING TO YIELD RIGHT-OF-WAY","UNABLE TO DETERMINE","1600","W","FOSTER AVE","2012",,,,,,,"2","NO INDICATION OF INJURY","0","0","0","0","0","2","0","21","5","1","41.9762800772","-87.6697396565","POINT (-87.669739656476 41.97628007725)"
"c80636e7296566033b900ad8a7dfc4cea3d43621032f130ba8df2fb66ae18f206f9d1203959fd7da602fcbc8f554a973c9ea5feb69cd8a3aed90242115af0ade",,"2025-01-30T21:45:00.000","30","NO CONTROLS","NO CONTROLS","RAIN","DARKNESS, LIGHTED ROAD","TURNING","NOT DIVIDED",,"STRAIGHT AND LEVEL","WET","NO DEFECTS","ON SCENE","INJURY AND / OR TOW DUE TO CRASH","N",,"Y","OVER $1,500","2025-01-30T21:46:00.000","FAILING TO YIELD RIGHT-OF-WAY","UNABLE TO DETERMINE","3313","W","26TH ST","1032",,,,,,,"2","NONINCAPACITATING INJURY","1","0","0","1","0","3","0","21","5","1","41.8443659391","-87.7079708441","POINT (-87.707970844109 41.84436593907)"
"26e46a226c43bc676d877d587ae5c6aab4e931ee5767b169bc1d9836459f29017bf57c3dc027c5e633d004778011c0822c3173974d85bb65bf18ed3bc2074496",,"2025-01-30T21:30:00.000","25","STOP SIGN/FLASHER","UNKNOWN","RAIN","DARKNESS, LIGHTED ROAD","OTHER OBJECT","DIVIDED - W/MEDIAN BARRIER",,"STRAIGHT AND LEVEL","WET","UNKNOWN","NOT ON SCENE (DESK REPORT)","NO INJURY / DRIVE AWAY",,,,"OVER $1,500","2025-01-30T22:21:00.000","DRIVING SKILLS/KNOWLEDGE/EXPERIENCE","NOT APPLICABLE","4701","W","VAN BUREN ST","1131",,,,,,,"1","NO INDICATION OF INJURY","0","0","0","0","0","1","0","21","5","1","41.8749409832","-87.7427536174","POINT (-87.74275361742 41.874940983201)"
"d2802f6762324e173dd40cacc13c63734d873f78c975c31ff800f07deccc1b8dae170f1653b0aba3073d7453126046a2e9891ad1aeebc1d140044d51dd2a5908",,"2025-01-30T21:30:00.000","30","STOP SIGN/FLASHER","FUNCTIONING PROPERLY","RAIN","DARKNESS","REAR TO SIDE","ONE-WAY",,"STRAIGHT AND LEVEL","WET","NO DEFECTS","ON SCENE","NO INJURY / DRIVE AWAY","Y",,,"OVER $1,500","2025-01-31T11:45:00.000","FAILING TO YIELD RIGHT-OF-WAY","NOT APPLICABLE","4900","S","MICHIGAN AVE","224",,,,,,,"2","NO INDICATION OF INJURY","0","0","0","0","0","2","0","21","5","1","41.8055521718","-87.622887298","POINT (-87.622887297982 41.805552171805)"
"3f4d0c540bedfdef2224157e332d91eea4b05506c95dc637082f47eadf42e86414c9b211c991260139a970fc19eec66f84a72fcc44c7802074e9064e933a4cba",,"2025-01-30T21:24:00.000","30","NO CONTROLS","NO CONTROLS","RAIN","DARKNESS, LIGHTED ROAD","SIDESWIPE SAME DIRECTION","DIVIDED - W/MEDIAN (NOT RAISED)",,"STRAIGHT AND LEVEL","WET","NO DEFECTS",,"NO INJURY / DRIVE AWAY",,,,"$501 - $1,500","2025-01-30T22:18:00.000","VISION OBSCURED (SIGNS, TREE LIMBS, BUILDINGS, ETC.)","NOT APPLICABLE","3111","N","WESTERN AVE","1931",,,,,,,"2","NO INDICATION OF INJURY","0","0","0","0","0","2","0","21","5","1","41.9379804541","-87.6877449802","POINT (-87.687744980188 41.937980454137)"
"7463c5d2062f000d6cde146f2d7fddc687dcdc43efc3ebdc852babd1603597558b03fa0f1aeb7c7d2d581ac2593b0834010dcde5416e00e9297274d20afa4827",,"2025-01-30T21:20:00.000","30","NO CONTROLS","NO CONTROLS","RAIN","DARKNESS, LIGHTED ROAD","REAR TO FRONT","NOT DIVIDED",,"STRAIGHT AND LEVEL","WET","UNKNOWN","NOT ON SCENE (DESK REPORT)","NO INJURY / DRIVE AWAY",,,"Y","$501 - $1,500","2025-01-30T21:35:00.000","UNABLE TO DETERMINE","UNABLE TO DETERMINE","645","N","MC CLURG CT","1834",,,,,,,"2","NO INDICATION OF INJURY","0","0","0","0","0","2","0","21","5","1","41.8940665114","-87.6176075137","POINT (-87.617607513688 41.894066511365)"
"b1e8392ebc66b6d295b33906675e811ef59f60f6393ae4f3b1c9e1e3ed5654bf683f5f2fd9d7b214d6e7d01a4decde4a4e9746493c7f78ebe7e1453926035800",,"2025-01-30T21:15:00.000","20","UNKNOWN","UNKNOWN","UNKNOWN","DARKNESS","ANGLE","T-INTERSECTION",,"STRAIGHT AND LEVEL","UNKNOWN","UNKNOWN","NOT ON SCENE (DESK REPORT)","NO INJURY / DRIVE AWAY",,,,"OVER $1,500","2025-01-31T10:45:00.000","UNABLE TO DETERMINE","UNABLE TO DETERMINE","2212","S","WABASH AVE","131",,,,,,,"2","NO INDICATION OF INJURY","0","0","0","0","0","2","0","21","5","1","41.8524321032","-87.6256386874","POINT (-87.625638687437 41.852432103185)"
"19671deaba647d37f34389192e83c68eace552d9dde2e241a00c69c147bb7de5767b910233ee979d891e50f7fe6acbfcc7accf0967ff97b45f19a9c627f990d6",,"2025-01-30T21:10:00.000","30","NO CONTROLS","NO CONTROLS","RAIN","DARKNESS, LIGHTED ROAD","ANGLE","NOT DIVIDED",,"STRAIGHT AND LEVEL","WET","UNKNOWN","NOT ON SCENE (DESK REPORT)","NO INJURY / DRIVE AWAY",,,,"OVER $1,500","2025-01-30T22:00:00.000","UNABLE TO DETERMINE","UNABLE TO DETERMINE","435","N","ASHLAND AVE","1215",,,,,,,"2","NO INDICATION OF INJURY","0","0","0","0","0","2","0","21","5","1","41.8898374619","-87.6669631672","POINT (-87.666963167185 41.889837461891)"
"183be9e5b596c6971c5ef60bd68ae95e34e0008faffec6b281589cbd3a7d68dbd2b0e8b18dee2958d974069a4661227ba7ff20329c7323e1e9a9d66ab0680426",,"2025-01-30T21:00:00.000","30","UNKNOWN","UNKNOWN","UNKNOWN","UNKNOWN","PARKED MOTOR VEHICLE","NOT DIVIDED",,"STRAIGHT AND LEVEL","UNKNOWN","UNKNOWN","NOT ON SCENE (DESK REPORT)","NO INJURY / DRIVE AWAY",,,,"OVER $1,500","2025-02-02T12:20:00.000","UNABLE TO DETERMINE","UNABLE TO DETERMINE","3208","N","CENTRAL AVE","1633",,,,,,,"2","NO INDICATION OF INJURY","0","0","0","0","0","1","0","21","5","1","41.9388705185","-87.7666572942","POINT (-87.766657294206 41.9388705185)"
"2533193e3cc53183e78eea51b18dbab717930a3f977b763eab31dc71394cbeafcf5cdeafa0faa07c36ab4796395bd8a0520c41f1d42e23cbeced812c19d95ac1",,"2025-01-30T21:00:00.000","15","NO CONTROLS","NO CONTROLS","UNKNOWN","DARKNESS","FIXED OBJECT","PARKING LOT",,"STRAIGHT AND LEVEL","UNKNOWN","UNKNOWN","ON SCENE","NO INJURY / DRIVE AWAY",,"Y","N","OVER $1,500","2025-01-31T16:02:00.000","UNABLE TO DETERMINE","UNABLE TO DETERMINE","310","E","132ND ST","533",,,,,,,"1","NO INDICATION OF INJURY","0","0","0","0","0","1","0","21","5","1","41.6557263216","-87.6141310736","POINT (-87.61413107356 41.65572632156)"
"6c75e401d5b55f1a3c0a5c5642afe1b6d44495b9e867ca192da700df4708389b20d54f3848cd96042be4051a354bc4774bb9cd246d5e431a744e8741422bf1f0",,"2025-01-30T21:00:00.000","30","TRAFFIC SIGNAL","FUNCTIONING PROPERLY","CLEAR","DARKNESS, LIGHTED ROAD","ANGLE","DIVIDED - W/MEDIAN (NOT RAISED)",,"STRAIGHT AND LEVEL","DRY","NO DEFECTS","NOT ON SCENE (DESK REPORT)","NO INJURY / DRIVE AWAY","Y",,,"OVER $1,500","2025-01-30T22:00:00.000","IMPROPER OVERTAKING/PASSING","DISREGARDING TRAFFIC SIGNALS","5201","W","WRIGHTWOOD AVE","2515",,,,,,,"2","NO INDICATION OF INJURY","0","0","0","0","0","6","0","21","5","1","41.9276664654","-87.7564024905","POINT (-87.756402490464 41.927666465363)"
"5fdc45c664af2f9ab2d6c04e00ab4160b6de99929631fa78f33777d6bc6fc7fbc6e995406ff4a46c4b9417fa3148704c9983efaf600c61a11c65c17ceab66ecf",,"2025-01-30T20:50:00.000","35","NO CONTROLS","NO CONTROLS","RAIN","DARKNESS, LIGHTED ROAD","FIXED OBJECT","DIVIDED - W/MEDIAN (NOT RAISED)",,"STRAIGHT ON HILLCREST","WET","NO DEFECTS",,"INJURY AND / OR TOW DUE TO CRASH",,,"N","OVER $1,500","2025-01-30T20:58:00.000","UNABLE TO DETERMINE","NOT APPLICABLE","8622","S","WESTERN AVE","835",,,,,,,"1","NO INDICATION OF INJURY","0","0","0","0","0","1","0","20","5","1","41.7366606359","-87.6826882855","POINT (-87.68268828553 41.736660635856)"
"5a3e82b116365f520fb993c131a21d0243e8b7b0c7cbe7a3558e308137cc2ea23000172d9f9cc82ea2341dd5a8de32e3cb1f47fd0fd99e7d1677c63120a97f7b",,"2025-01-30T20:46:00.000","30","STOP SIGN/FLASHER","FUNCTIONING PROPERLY","RAIN","DARKNESS","ANGLE","NOT DIVIDED",,"STRAIGHT AND LEVEL","WET","NO DEFECTS","ON SCENE","INJURY AND / OR TOW DUE TO CRASH",,,,"OVER $1,500","2025-01-30T21:02:00.000","FAILING TO YIELD RIGHT-OF-WAY","NOT APPLICABLE","7221","S","TROY ST","831",,,,,,,"2","REPORTED, NOT EVIDENT","1","0","0","0","1","2","0","20","5","1","41.7619209874","-87.7013735249","POINT (-87.701373524903 41.761920987386)"
"d935ed2bf4daa3a0e35cf7e241dfad4abc08decaa3498edd3cfd693fa5f32869da39bf8c135e102c46cb7b5c7f5d334f952e84ae699c5dfab9c5e935b2d3599f",,"2025-01-30T20:46:00.000","30","STOP SIGN/FLASHER","FUNCTIONING PROPERLY","RAIN","DARKNESS, LIGHTED ROAD","ANGLE","FOUR WAY",,"STRAIGHT AND LEVEL","WET","NO DEFECTS","NOT ON SCENE (DESK REPORT)","NO INJURY / DRIVE AWAY","Y",,,"OVER $1,500","2025-01-30T22:10:00.000","FAILING TO YIELD RIGHT-OF-WAY","FAILING TO YIELD RIGHT-OF-WAY","9300","S","ASHLAND AVE","2221",,,,,,,"2","NO INDICATION OF INJURY","0","0","0","0","0","2","0","20","5","1","41.7247989752","-87.6629113988","POINT (-87.66291139883 41.724798975174)"
"d9e7fabd63f88e5e024206cab15e601f5e4bc4bad234d645896c46ae0bf9d6e773d7dbba49966624336e9862b6f49f80cc3dd311fc6d9c53ece4c052ea862d22",,"2025-01-30T20:40:00.000","10","NO CONTROLS","NO CONTROLS","RAIN","DARKNESS, LIGHTED ROAD","PARKED MOTOR VEHICLE","PARKING LOT",,"STRAIGHT AND LEVEL","WET","NO DEFECTS","NOT ON SCENE (DESK REPORT)","NO INJURY / DRIVE AWAY",,,,"OVER $1,500","2025-01-30T21:00:00.000","WEATHER","NOT APPLICABLE","1341","N","PAULINA ST","1433",,,,,,,"2","NO INDICATION OF INJURY","0","0","0","0","0","1","0","20","5","1","41.9062437031","-87.6698622813","POINT (-87.669862281285 41.906243703085)"
"592cc6faf1e2d5b4a24bc2bb8ffe4bcc0300d75afe870e31eebdc3edb3eede541f4bdd2a340ab06d8e41c20263c2f886e31acd768f3b1970d650c72c71828df8",,"2025-01-30T20:31:00.000","35","STOP SIGN/FLASHER","FUNCTIONING PROPERLY","RAIN","DARKNESS, LIGHTED ROAD","ANGLE","FOUR WAY",,"STRAIGHT AND LEVEL","WET","NO DEFECTS","ON SCENE","NO INJURY / DRIVE AWAY","Y",,,"OVER $1,500","2025-01-30T20:31:00.000","FAILING TO YIELD RIGHT-OF-WAY","FAILING TO YIELD RIGHT-OF-WAY","5000","S","MICHIGAN AVE","224",,,,,,,"2","NO INDICATION OF INJURY","0","0","0","0","0","3","0","20","5","1","41.8037268016","-87.6228384284","POINT (-87.622838428379 41.803726801644)"
"a1ae05b2edd8faeb2b63cb8e3e50b0d205e7881513c9df4e49bb1ae92f999d4327793ed1d9aa91f11a2837f95b7f031f4df8cd160cd0e50adfd7fd217a7a545e",,"2025-01-30T20:30:00.000","30","NO CONTROLS","NO CONTROLS","RAIN","DARKNESS, LIGHTED ROAD","SIDESWIPE SAME DIRECTION","NOT DIVIDED",,"STRAIGHT AND LEVEL","WET","NO DEFECTS","ON SCENE","INJURY AND / OR TOW DUE TO CRASH",,,,"OVER $1,500","2025-01-30T20:30:00.000","UNABLE TO DETERMINE","NOT APPLICABLE","330","N","CENTRAL AVE","1512",,,,,,,"2","NO INDICATION OF INJURY","0","0","0","0","0","3","0","20","5","1","41.8866720191","-87.76523838","POINT (-87.765238379981 41.886672019126)"
"e9408f7d443b91a84c681fa0b60649f92c2b3fb9bf7c2967c3314351fe38ddaac240880d0b8f87529bab15586ce6e8373429ba54f3ece029e041d8412124e0ec",,"2025-01-30T20:30:00.000","30","TRAFFIC SIGNAL","FUNCTIONING PROPERLY","RAIN","DARKNESS, LIGHTED ROAD","SIDESWIPE SAME DIRECTION","NOT DIVIDED",,"STRAIGHT AND LEVEL","WET","UNKNOWN","NOT ON SCENE (DESK REPORT)","NO INJURY / DRIVE AWAY",,,"Y","$501 - $1,500","2025-01-30T21:45:00.000","UNABLE TO DETERMINE","UNABLE TO DETERMINE","4501","N","WESTERN AVE","1911",,,,,,,"2","NO INDICATION OF INJURY","0","0","0","0","0","2","0","20","5","1","41.9632286579","-87.6885920724","POINT (-87.68859207241 41.963228657888)"
"17d55bbf5b5ab73acd48250c563e44f88ead07d490082728377a22b40334757392a49baf12a1f9fe9978d72d75bb93674569c8e7d8087f61100bf27cdc953c18",,"2025-01-30T20:24:00.000","35","NO CONTROLS","NO CONTROLS","RAIN","DARKNESS, LIGHTED ROAD","HEAD ON","NOT DIVIDED",,"STRAIGHT AND LEVEL","WET","UNKNOWN","NOT ON SCENE (DESK REPORT)","NO INJURY / DRIVE AWAY",,,"Y","OVER $1,500","2025-01-30T21:15:00.000","UNABLE TO DETERMINE","NOT APPLICABLE","630","W","123RD ST","523",,,,,,,"2","NO INDICATION OF INJURY","0","0","0","0","0","3","0","20","5","1","41.6706837536","-87.638208868","POINT (-87.638208867963 41.670683753571)"
"4971972f4f6afe94107f9a3c4f1bb1fa974f8e319b862a0392821691f39a253e0a9fc830506d1470f1d6a946e1956b559ab66d3c1a7cc11cb12d82765e7b88a2",,"2025-01-30T20:21:00.000","30","TRAFFIC SIGNAL","FUNCTIONING PROPERLY","RAIN","DARKNESS, LIGHTED ROAD","REAR END","NOT DIVIDED",,"STRAIGHT AND LEVEL","WET","NO DEFECTS","NOT ON SCENE (DESK REPORT)","NO INJURY / DRIVE AWAY",,,"Y","$501 - $1,500","2025-01-30T20:50:00.000","FOLLOWING TOO CLOSELY","UNABLE TO DETERMINE","1701","E","95TH ST","431",,,,,,,"2","NO INDICATION OF INJURY","0","0","0","0","0","2","0","20","5","1","41.7222677958","-87.5825101943","POINT (-87.582510194343 41.722267795816)"
"604b3ce88d2fdd3b2871aeac0d42724f57701e3aaa0b76a28c8e4c5a176bf3f11b404be4ceb8c48d64973761503af4ed985199fb39f9612f1de4fa48cc6c1f0b",,"2025-01-30T20:10:00.000","25","NO CONTROLS","NO CONTROLS","RAIN","DARKNESS, LIGHTED ROAD","PARKED MOTOR VEHICLE","NOT DIVIDED",,"STRAIGHT AND LEVEL","WET","NO DEFECTS","NOT ON SCENE (DESK REPORT)","NO INJURY / DRIVE AWAY",,,,"OVER $1,500","2025-01-30T21:35:00.000","UNABLE TO DETERMINE","NOT APPLICABLE","3348","S","KEDZIE AVE","1032",,,,,,,"2","NO INDICATION OF INJURY","0","0","0","0","0","1","0","20","5","1","41.8320171643","-87.7048209183","POINT (-87.704820918296 41.832017164284)"
"0d34f7498d916c3fed5d19eb585eb7366351fa7460c660d09ce790be2ebd23de8c00a2e1f04877c90da640c59027ab1a2f12be24088c929b9f769579846554ad",,"2025-01-30T20:00:00.000","30","NO CONTROLS","NO CONTROLS","RAIN","DARKNESS","ANGLE","ONE-WAY",,"STRAIGHT AND LEVEL","WET","NO DEFECTS","ON SCENE","INJURY AND / OR TOW DUE TO CRASH",,,,"$501 - $1,500","2025-01-30T20:10:00.000","FAILING TO YIELD RIGHT-OF-WAY","FAILING TO YIELD RIGHT-OF-WAY","7900","S","ESSEX AVE","422",,,,,,,"2","REPORTED, NOT EVIDENT","1","0","0","0","1","1","0","20","5","1","41.7516734119","-87.5639520896","POINT (-87.563952089612 41.751673411906)"
"4f90caca0a5ebdab58374ba98a1a03a00b591b5a80ffbe166191af52724719a67f64d404bcdf00cc383225138f7c7bd8021f947c7391a4b74cb0f331233bde5c",,"2025-01-30T20:00:00.000","15","NO CONTROLS","NO CONTROLS","RAIN","DARKNESS","FIXED OBJECT","PARKING LOT",,"STRAIGHT AND LEVEL","WET","NO DEFECTS","ON SCENE","NO INJURY / DRIVE AWAY",,"Y",,"OVER $1,500","2025-01-30T22:25:00.000","WEATHER","UNABLE TO DETERMINE","719","E","111TH ST","531",,,,,,,"1","NO INDICATION OF INJURY","0","0","0","0","0","1","0","20","5","1","41.692718183","-87.6049917419","POINT (-87.604991741949 41.692718182974)"
"78059565cc9a87ca1628e7dcc5965ecd4d2dc5350e1ed5c390ea12967055fc2c8c19290d9ef5b573ddcdb5ae17b4d5f4ad9bd8e05bfb15493db56c9aa35da2a5",,"2025-01-30T20:00:00.000","30","TRAFFIC SIGNAL","FUNCTIONING PROPERLY","RAIN","DARKNESS","SIDESWIPE SAME DIRECTION","DIVIDED - W/MEDIAN (NOT RAISED)",,"STRAIGHT AND LEVEL","WET","NO DEFECTS","NOT ON SCENE (DESK REPORT)","NO INJURY / DRIVE AWAY",,,,"$501 - $1,500","2025-01-30T20:10:00.000","IMPROPER OVERTAKING/PASSING","DRIVING SKILLS/KNOWLEDGE/EXPERIENCE","3600","N","HALSTED ST","1923",,,,,,,"2","NO INDICATION OF INJURY","0","0","0","0","0","2","0","20","5","1","41.947401735","-87.6496365844","POINT (-87.649636584396 41.94740173498)"
"8d77346fa9784dfe8cd58e374bd970ec089b553163297da28655817862d721b725c17345c3ee62a34405a649281ae89144c02e4363bfa2894aaecd5088ecfde5",,"2025-01-30T20:00:00.000","30","TRAFFIC SIGNAL","FUNCTIONING PROPERLY","RAIN","DARKNESS, LIGHTED ROAD","TURNING","NOT DIVIDED",,"STRAIGHT AND LEVEL","WET","NO DEFECTS","NOT ON SCENE (DESK REPORT)","NO INJURY / DRIVE AWAY",,,"Y","$501 - $1,500","2025-01-30T22:15:00.000","UNABLE TO DETERMINE","NOT APPLICABLE","6474","N","SHERIDAN RD","2432",,,,,,,"2","NO INDICATION OF INJURY","0","0","0","0","0","2","0","20","5","1","42.0003505604","-87.660855421","POINT (-87.660855420981 42.000350560382)"
"f6db2d4f5bda9fa95d572e8dd48d4078be63b72c594c8b2b676c64b786993e6d4f042968e1e016d139436a91a18a7d63900822e12f2d6137a3bb66b726e82c44",,"2025-01-30T20:00:00.000","30","UNKNOWN","UNKNOWN","UNKNOWN","DARKNESS, LIGHTED ROAD","REAR END","NOT DIVIDED",,"STRAIGHT AND LEVEL","UNKNOWN","NO DEFECTS","NOT ON SCENE (DESK REPORT)","NO INJURY / DRIVE AWAY",,,,"OVER $1,500","2025-01-30T20:20:00.000","UNABLE TO DETERMINE","NOT APPLICABLE","1501","W","DIVERSEY PKWY","1932",,,,,,,"2","NO INDICATION OF INJURY","0","0","0","0","0","2","0","20","5","1","41.9323307298","-87.6660420461","POINT (-87.666042046083 41.932330729835)"
"fe1135d3b8dbd6ae92a4c4753a6f80c6d2c25f321d5d99bc18b09f98699658d9080a4eebd027a8cfba5b70f7569791e2d9d257f15b2a31ca1955b7abeca0d9a0",,"2025-01-30T19:58:00.000","30","TRAFFIC SIGNAL","FUNCTIONING PROPERLY","RAIN","DARKNESS, LIGHTED ROAD","REAR END","NOT DIVIDED",,"STRAIGHT AND LEVEL","WET","NO DEFECTS","ON SCENE","INJURY AND / OR TOW DUE TO CRASH","Y",,,"OVER $1,500","2025-01-30T20:04:00.000","NOT APPLICABLE","NOT APPLICABLE","700","S","CENTRAL AVE","1513",,,,,,,"3","NO INDICATION OF INJURY","0","0","0","0","0","3","0","19","5","1","41.8717812412","-87.7647142909","POINT (-87.764714290938 41.87178124117)"
"fcfb50eab9f083b09bff948ee2acb5986f1d5ca815c367a370f3239cc2b4496641f183ac29f3d0f34b29d05fb7cf92a11dfd63365afc723adb90d232a91b5443",,"2025-01-30T19:53:00.000","30","NO CONTROLS","NO CONTROLS","RAIN","DARKNESS","PARKED MOTOR VEHICLE","NOT DIVIDED",,"STRAIGHT AND LEVEL","WET","UNKNOWN","ON SCENE","INJURY AND / OR TOW DUE TO CRASH",,,,"OVER $1,500","2025-01-30T19:54:00.000","UNABLE TO DETERMINE","UNABLE TO DETERMINE","6355","N","LAKEWOOD AVE","2433",,,,,,,"2","NO INDICATION OF INJURY","0","0","0","0","0","1","0","19","5","1","41.9979641926","-87.662884986","POINT (-87.66288498602 41.997964192649)"
"20f6326e025510f7a1c8cbf4d879a5965e404644744c5be074f0aa8211195640395a699c1c2ef120939be49ec1f915b18a9269fefe08838f097f55b5b7835ccd",,"2025-01-30T19:50:00.000","35","NO CONTROLS","NO CONTROLS","RAIN","DARKNESS, LIGHTED ROAD","SIDESWIPE SAME DIRECTION","ONE-WAY",,"STRAIGHT AND LEVEL","WET","NO DEFECTS","NOT ON SCENE (DESK REPORT)","NO INJURY / DRIVE AWAY",,,,"OVER $1,500","2025-01-30T21:00:00.000","IMPROPER OVERTAKING/PASSING","IMPROPER OVERTAKING/PASSING","235","S","FRANKLIN ST","122",,,,,,,"2","NO INDICATION OF INJURY","0","0","0","0","0","3","0","19","5","1","41.8784216267","-87.6350633059","POINT (-87.635063305894 41.878421626723)"
"37fe8b0e1c741e9e6b8caa02a8235061c8356c7cb9c6ed6e1666602a364fafb51204786e1de04ac936c4e7a60d9b98989a8780f8d9fd841b79ebda55143274d3",,"2025-01-30T19:30:00.000","30","NO CONTROLS","NO CONTROLS","RAIN","DARKNESS, LIGHTED ROAD","PARKED MOTOR VEHICLE","NOT DIVIDED",,"STRAIGHT AND LEVEL","WET","NO DEFECTS","NOT ON SCENE (DESK REPORT)","NO INJURY / DRIVE AWAY",,,"Y","OVER $1,500","2025-01-31T19:00:00.000","DRIVING SKILLS/KNOWLEDGE/EXPERIENCE","WEATHER","8216","S","COTTAGE GROVE AVE","631",,,,,,,"2","NO INDICATION OF INJURY","0","0","0","0","0","2","0","19","5","1","41.7452504489","-87.60521494","POINT (-87.605214939975 41.745250448938)"
"65406cf692246e6a801741ba2b04fc53af4e0ba8f620e40415aac57a704b9b2a23c514d307cbd5a4bb91e73ce52009b58af49da8cd09b290357d4c2f350a814d",,"2025-01-30T19:30:00.000","30","TRAFFIC SIGNAL","FUNCTIONING PROPERLY","RAIN","DARKNESS, LIGHTED ROAD","SIDESWIPE SAME DIRECTION","NOT DIVIDED",,"STRAIGHT AND LEVEL","WET","NO DEFECTS","NOT ON SCENE (DESK REPORT)","NO INJURY / DRIVE AWAY","Y",,,"OVER $1,500","2025-01-30T19:50:00.000","UNABLE TO DETERMINE","UNABLE TO DETERMINE","1350","W","CERMAK RD","1235",,,,,,,"2","NO INDICATION OF INJURY","0","0","0","0","0","2","0","19","5","1","41.8525340718","-87.6607992091","POINT (-87.660799209059 41.852534071756)"