"crash_record_id","crash_date_est_i","crash_date","posted_speed_limit","traffic_control_device","device_condition","weather_condition","lighting_condition","first_crash_type","trafficway_type","lane_cnt","alignment","roadway_surface_cond","road_defect","report_type","crash_type","intersection_related_i","private_property_i","hit_and_run_i","damage","date_police_notified","prim_contributory_cause","sec_contributory_cause","street_no","street_direction","street_name","beat_of_occurrence","photos_taken_i","statements_taken_i","dooring_i","work_zone_i","work_zone_type","workers_present_i","num_units","most_severe_injury","injuries_total","injuries_fatal","injuries_incapacitating","injuries_non_incapacitating","injuries_reported_not_evident","injuries_no_indication","injuries_unknown","crash_hour","crash_day_of_week","crash_month","latitude","longitude","location"
"0ac70ce63aacadffc211b3569ab6b6236ee1780aeb291176878af145a6750aa6783a8ec8b9edf0908fa70dbfad3a50a943302fe2b4f25a6d5405933fa2aa69cd",,"2025-01-30T19:19:00.000","30","TRAFFIC SIGNAL","UNKNOWN","UNKNOWN","UNKNOWN","TURNING","OTHER",,"STRAIGHT AND LEVEL","UNKNOWN","UNKNOWN","NOT ON SCENE (DESK REPORT)","NO INJURY / DRIVE AWAY",,,,"$501 - $1,500","2025-02-10T18:40:00.000","UNABLE TO DETERMINE","NOT APPLICABLE","481","N","MILWAUKEE AVE","1214",,,,,,,"2","NO INDICATION OF INJURY","0","0","0","0","0","2","0","19","5","1","41.8908243316","-87.646805103","POINT (-87.646805102987 41.890824331617)"
"bc5c050fd122202a84f2793c27f6f95ad7b0ee5372b98ba0d6254c3f05e16b0dedc2bc39cbdba2555fcc39999318365cb4593a1874e286c4f438f8929f878d3d",,"2025-01-30T19:15:00.000","30","NO CONTROLS","NO CONTROLS","CLEAR","DARKNESS, LIGHTED ROAD","PARKED MOTOR VEHICLE","NOT DIVIDED",,"STRAIGHT AND LEVEL","DRY","NO DEFECTS","NOT ON SCENE (DESK REPORT)","NO INJURY / DRIVE AWAY",,,,"OVER $1,500","2025-01-30T23:35:00.000","UNABLE TO DETERMINE","UNABLE TO DETERMINE","3833","N","CLARK ST","1923",,,,,,,"2","NO INDICATION OF INJURY","0","0","0","0","0","1","0","19","5","1","41.9518907105","-87.6601066963","POINT (-87.660106696324 41.951890710513)"
"c5859e2b8b4ba6f204a5aaef8a98a00f2702cf9fb714e46b4c16dd3dd790491391c645d0a4fa300cca9cd422ec24e8d26dce96150c3819a55db442b6a41ff91c",,"2025-01-30T19:15:00.000","30","NO CONTROLS","NO CONTROLS","RAIN","DARKNESS, LIGHTED ROAD","REAR END","ONE-WAY",,"STRAIGHT AND LEVEL","WET","NO DEFECTS","ON SCENE","NO INJURY / DRIVE AWAY",,,,"OVER $1,500","2025-01-30T19:30:00.000","UNABLE TO DETERMINE","NOT APPLICABLE","5611","N","MANNHEIM RD","1654",,,,,,,"2","NO INDICATION OF INJURY","0","0","0","0","0","2","0","19","5","1","41.981235859","-87.8786225346","POINT (-87.878622534619 41.981235859012)"
"fc5d55dc864a7d42ed49e71c4b874dfd3b0416d989e9935745f42eadee63c85bf50d90e3711f6bacd8c8a5241909533a159ba1eeb1f13960fd0eb3930b404434",,"2025-01-30T19:08:00.000","30","NO CONTROLS","NO CONTROLS","RAIN","DARKNESS, LIGHTED ROAD","SIDESWIPE SAME DIRECTION","ONE-WAY",,"STRAIGHT ON GRADE","WET","NO DEFECTS","ON SCENE","NO INJURY / DRIVE AWAY",,,,"OVER $1,500","2025-01-30T19:12:00.000","UNABLE TO DETERMINE","NOT APPLICABLE","1708","W","PIERCE AVE","1433",,,,,,,"2","NO INDICATION OF INJURY","0","0","0","0","0","2","0","19","5","1","41.9099390394","-87.6705377","POINT (-87.670537699963 41.909939039367)"
"8293745f53af012af158ab40c1f0454ade22f1dd4c6aa911791e3b96a427e4195b451dc931493a6fdaff428d396215a6371bdac9896c629e8f81be98033e6d1f",,"2025-01-30T19:05:00.000","30","TRAFFIC SIGNAL","NO CONTROLS","RAIN","DAYLIGHT","REAR TO FRONT","NOT DIVIDED",,"STRAIGHT AND LEVEL","WET","NO DEFECTS","NOT ON SCENE (DESK REPORT)","NO INJURY / DRIVE AWAY",,,,"OVER $1,500","2025-01-30T20:33:00.000","NOT APPLICABLE","NOT APPLICABLE","106","W","CHICAGO AVE","1832",,,,,,,"2","NO INDICATION OF INJURY","0","0","0","0","0","2","0","19","5","1","41.8967412204","-87.6315408967","POINT (-87.631540896746 41.896741220444)"
"26cb43a0422d54926994882fd403575dcd2d88a1cf6b22295b9f46521751ea37f9de13905e996ad35b0715ae5dd4e47fa863b0e8c593dc305e2225df4b8f9233",,"2025-01-30T19:00:00.000","30","TRAFFIC SIGNAL","FUNCTIONING PROPERLY","RAIN","DARKNESS","TURNING","FOUR WAY",,"STRAIGHT AND LEVEL","WET","NO DEFECTS","ON SCENE","INJURY AND / OR TOW DUE TO CRASH",,,,"OVER $1,500","2025-01-30T19:02:00.000","UNABLE TO DETERMINE","UNABLE TO DETERMINE","1612","W","DIVISION ST","1424",,,,,,,"2","NO INDICATION OF INJURY","0","0","0","0","0","3","0","19","5","1","41.9034493953","-87.6680316538","POINT (-87.668031653804 41.903449395272)"
"593f3619b4fbcbc5640659cc1ebd67a9788406ec66974e7819cd850dce111da9509869d79b19570f0841de57b411b7e731c3f8e798d8d80964ae3af3d6de719e",,"2025-01-30T19:00:00.000","30","TRAFFIC SIGNAL","FUNCTIONING PROPERLY","RAIN","DARKNESS, LIGHTED ROAD","HEAD ON","FOUR WAY",,"STRAIGHT AND LEVEL","WET","NO DEFECTS","NOT ON SCENE (DESK REPORT)","NO INJURY / DRIVE AWAY","Y",,,"$501 - $1,500","2025-01-30T20:45:00.000","IMPROPER BACKING","UNABLE TO DETERMINE","98","W","CHICAGO AVE","1832",,,,,,,"2","NO INDICATION OF INJURY","0","0","0","0","0","2","0","19","5","1","41.8967464354","-87.6311745036","POINT (-87.631174503605 41.896746435406)"
"76ca66c8d0988bbb9303f292b6b239e8f3d740454b9869c1cea4e7068285833b8aa1f8693c9653a5ab077766665d580f446d665244ffdd14b9178bc1127d9170",,"2025-01-30T19:00:00.000","30","TRAFFIC SIGNAL","FUNCTIONING PROPERLY","RAIN","DARKNESS, LIGHTED ROAD","SIDESWIPE SAME DIRECTION","DIVIDED - W/MEDIAN (NOT RAISED)",,"STRAIGHT AND LEVEL","WET","UNKNOWN",,"NO INJURY / DRIVE AWAY",,,,"OVER $1,500","2025-01-30T19:10:00.000","FOLLOWING TOO CLOSELY","FAILING TO YIELD RIGHT-OF-WAY","2411","W","NORTH AVE","1423",,,,,,,"2","NO INDICATION OF INJURY","0","0","0","0","0","2","0","19","5","1","41.9102051294","-87.6877022937","POINT (-87.687702293689 41.910205129391)"
"ca40760c64cb0bf17e18f3471311eaa355581b4cf60b914f92b65713686077244947ed048d416c06729dfa70befa95b38f82033796a4d6d90b3ea997f7b25676",,"2025-01-30T18:55:00.000","30","TRAFFIC SIGNAL","FUNCTIONING PROPERLY","RAIN","DARKNESS, LIGHTED ROAD","TURNING","DIVIDED - W/MEDIAN (NOT RAISED)",,"STRAIGHT AND LEVEL","WET","UNKNOWN","NOT ON SCENE (DESK REPORT)","NO INJURY / DRIVE AWAY",,,,"$501 - $1,500","2025-01-30T19:38:00.000","UNABLE TO DETERMINE","UNABLE TO DETERMINE","2463","W","FOSTER AVE","2031",,,,,,,"2","NO INDICATION OF INJURY","0","0","0","0","0","2","0","18","5","1","41.9757615081","-87.6916381158","POINT (-87.691638115805 41.975761508072)"
"12f0bef22ad3aefa4dd3990c4685a173bb818160f69a1b2026f6a37e39cc2299ff15a6fa019294521cb65ddb7f49d9c3bc8921ff4e21555520e61b548b04f5e0",,"2025-01-30T18:50:00.000","30","TRAFFIC SIGNAL","NO CONTROLS","RAIN","DARKNESS, LIGHTED ROAD","SIDESWIPE SAME DIRECTION","NOT DIVIDED",,"STRAIGHT AND LEVEL","WET","UNKNOWN","ON SCENE","NO INJURY / DRIVE AWAY",,,,"OVER $1,500","2025-01-30T18:54:00.000","IMPROPER OVERTAKING/PASSING","UNABLE TO DETERMINE","3316","W","ADDISON ST","1733",,,,,,,"2","NO INDICATION OF INJURY","0","0","0","0","0","2","0","18","5","1","41.9466986284","-87.7110823869","POINT (-87.711082386907 41.946698628393)"
"ec8af6ce26f36ec7f9124c4165573dcc92949a5d6d7bc3ded05cab20aa2edb91124fce23b63fda1b5a06eadfd1539c4a692604442351a35e9b958f19caf5f21d",,"2025-01-30T18:50:00.000","30","NO CONTROLS","NO CONTROLS","RAIN","DARKNESS, LIGHTED ROAD","SIDESWIPE SAME DIRECTION","NOT DIVIDED",,"STRAIGHT AND LEVEL","WET","NO DEFECTS","ON SCENE","NO INJURY / DRIVE AWAY",,,"Y","$500 OR LESS","2025-01-30T19:06:00.000","FAILING TO YIELD RIGHT-OF-WAY","UNABLE TO DETERMINE","4552","N","PULASKI RD","1722",,,,,,,"2","NO INDICATION OF INJURY","0","0","0","0","0","3","0","18","5","1","41.9640230237","-87.7280601283","POINT (-87.72806012834 41.96402302374)"
"fcd195b3468c309e2b0213a236a3b0b96b1cafd177597b603e7cec0115d158440b60493cb7e7ac127ba94b242e22af92a9330666314f1e43fca6a9cb4f003b23",,"2025-01-30T18:50:00.000","30","TRAFFIC SIGNAL","FUNCTIONING PROPERLY","RAIN","DARKNESS, LIGHTED ROAD","PEDESTRIAN","NOT DIVIDED",,"STRAIGHT AND LEVEL","WET","UNKNOWN","ON SCENE","INJURY AND / OR TOW DUE TO CRASH","Y",,"Y","OVER $1,500","2025-01-30T19:00:00.000","FAILING TO YIELD RIGHT-OF-WAY","NOT APPLICABLE","2800","W","MONTROSE AVE","1724",,,,,,,"2","NONINCAPACITATING INJURY","1","0","0","1","0","1","0","18","5","1","41.9613586525","-87.6985441744","POINT (-87.69854417437 41.96135865247)"
"37d85b6981156aa71b40375b1d86834341cb5d6a26dd8e241c9bd462c70ac2f521598d246bb062a5457dc7f136497d043aee9417de811340e21e36543f9609a5",,"2025-01-30T18:45:00.000","30","TRAFFIC SIGNAL","FUNCTIONING PROPERLY","RAIN","DARKNESS, LIGHTED ROAD","PEDESTRIAN","T-INTERSECTION",,"STRAIGHT AND LEVEL","WET","NO DEFECTS","ON SCENE","INJURY AND / OR TOW DUE TO CRASH",,,"Y","$500 OR LESS","2025-01-30T19:38:00.000","FAILING TO YIELD RIGHT-OF-WAY","FAILING TO YIELD RIGHT-OF-WAY","3654","W","NORTH AVE","2535",,,,,,,"2","NONINCAPACITATING INJURY","1","0","0","1","0","1","0","18","5","1","41.910078712","-87.7187705343","POINT (-87.718770534271 41.910078711966)"
"47e4eb3d82c352c39a82a52133e0c4c255224bca23861d607438286ab997a2bf18fcede7ab8191e673d78186965b6b7609c2df2d41bd36526b4c15c277a8114a",,"2025-01-30T18:40:00.000","30","TRAFFIC SIGNAL","FUNCTIONING PROPERLY","RAIN","DARKNESS, LIGHTED ROAD","TURNING","NOT DIVIDED",,"STRAIGHT AND LEVEL","WET","NO DEFECTS","ON SCENE","INJURY AND / OR TOW DUE TO CRASH","Y",,"Y","OVER $1,500","2025-01-30T18:40:00.000","DISREGARDING TRAFFIC SIGNALS","NOT APPLICABLE","5601","N","PULASKI RD","1711",,,,,,,"2","NO INDICATION OF INJURY","0","0","0","0","0","3","0","18","5","1","41.9829070578","-87.7282871487","POINT (-87.728287148718 41.982907057828)"
"a31960c80d04d6edab99a23e6165330d6532a3a59611b8cab36931f93b2568c3a2f059e2a64e7c928bd1fb9c591c5d12735105c892d6d882f925adfef994bc67",,"2025-01-30T18:40:00.000","10","NO CONTROLS","NO CONTROLS","RAIN","DARKNESS, LIGHTED ROAD","PARKED MOTOR VEHICLE","PARKING LOT",,"STRAIGHT AND LEVEL","WET","NO DEFECTS","ON SCENE","NO INJURY / DRIVE AWAY",,,"Y","OVER $1,500","2025-01-30T19:00:00.000","DISREGARDING ROAD MARKINGS","UNABLE TO DETERMINE","6560","W","FULLERTON AVE","2512",,,,,,,"2","NO INDICATION OF INJURY","0","0","0","0","0","1","0","18","5","1","41.923750201","-87.7898808596","POINT (-87.789880859626 41.923750201042)"
"2ef32907a18dca3d48b4438cd3812c623737782bbc855b559a2f4dc0da55b009abe7f15993b4f24fe8f0c69e3c7f63dae58f1dd9337fba2d019ef9861bff0db3",,"2025-01-30T18:36:00.000","30","STOP SIGN/FLASHER","NO CONTROLS","RAIN","DARKNESS, LIGHTED ROAD","ANGLE","FOUR WAY",,"STRAIGHT AND LEVEL","WET","NO DEFECTS","ON SCENE","INJURY AND / OR TOW DUE TO CRASH","Y",,,"OVER $1,500","2025-01-30T18:50:00.000","FAILING TO YIELD RIGHT-OF-WAY","FAILING TO YIELD RIGHT-OF-WAY","3929","W","MONTROSE AVE","1723",,,,,,,"2","NO INDICATION OF INJURY","0","0","0","0","0","4","0","18","5","1","41.9608538492","-87.7265405304","POINT (-87.726540530385 41.96085384924)"
"6b2d325f961893731c727f819062258c282950ce85ddb6ddc9f3e06a28e0382e98449bf05d40c43c145e7bb74ea31b7265327d9079f5770489a7770cb680c7f9",,"2025-01-30T18:35:00.000","30","UNKNOWN","UNKNOWN","RAIN","UNKNOWN","PARKED MOTOR VEHICLE","UNKNOWN INTERSECTION TYPE",,"STRAIGHT AND LEVEL","WET","UNKNOWN","NOT ON SCENE (DESK REPORT)","NO INJURY / DRIVE AWAY",,,,"OVER $1,500","2025-01-30T21:00:00.000","DRIVING SKILLS/KNOWLEDGE/EXPERIENCE","DRIVING SKILLS/KNOWLEDGE/EXPERIENCE","1201","W","WASHINGTON BLVD","1224",,,,,,,"2","NO INDICATION OF INJURY","0","0","0","0","0","1","0","18","5","1","41.8828727959","-87.6567461959","POINT (-87.656746195893 41.882872795851)"
"71a5abec23f4c37f8abad5d1d9f36c953d70282f8d81bd03dbde07fe6c075204b078fa0fe494356235d08c5ff15e668e8789ccf42a211c97f8bfa40579d2433e",,"2025-01-30T18:30:00.000","30","TRAFFIC SIGNAL","FUNCTIONING PROPERLY","RAIN","DARKNESS, LIGHTED ROAD","SIDESWIPE OPPOSITE DIRECTION","NOT DIVIDED",,"STRAIGHT AND LEVEL","WET","UNKNOWN","NOT ON SCENE (DESK REPORT)","NO INJURY / DRIVE AWAY",,,,"$501 - $1,500","2025-01-30T19:30:00.000","UNABLE TO DETERMINE","NOT APPLICABLE","667","W","DIVERSEY PKWY","1935",,,,,,,"2","NO INDICATION OF INJURY","0","0","0","0","0","2","0","18","5","1","41.9326660117","-87.6461872718","POINT (-87.646187271815 41.932666011669)"
"8da91ba1249607c25302b4cc2f731cf7dfa7a1fcd5e70f2489b18af8cc2b33460c73d6f89705c8baa4161754ee7ea14b047528a2c7860547fe0b7359896d7600",,"2025-01-30T18:30:00.000","30","STOP SIGN/FLASHER","FUNCTIONING PROPERLY","RAIN","DARKNESS, LIGHTED ROAD","ANGLE","NOT DIVIDED",,"STRAIGHT AND LEVEL","WET","UNKNOWN","NOT ON SCENE (DESK REPORT)","NO INJURY / DRIVE AWAY","Y",,,"OVER $1,500","2025-01-30T19:50:00.000","UNABLE TO DETERMINE","UNABLE TO DETERMINE","6100","W","BELMONT AVE","1633",,,,,,,"2","NO INDICATION OF INJURY","0","0","0","0","0","5","0","18","5","1","41.9385238773","-87.7787685074","POINT (-87.778768507363 41.938523877271)"
"9fdb569a4407a91d9b03f8156a413d1d95cb6cdb9007402939729893ad6b3d3303a4c936cb85398d4149b0b3b67e76bf864a194a9e8a751eb46928f306e74ed7",,"2025-01-30T18:30:00.000","30","NO CONTROLS","NO CONTROLS","RAIN","DARKNESS","ANGLE","NOT DIVIDED",,"STRAIGHT AND LEVEL","WET","UNKNOWN","NOT ON SCENE (DESK REPORT)","NO INJURY / DRIVE AWAY",,,,"$501 - $1,500","2025-01-31T11:52:00.000","UNABLE TO DETERMINE","UNABLE TO DETERMINE","4025","W","COLUMBUS AVE","834",,,,,,,"2","NO INDICATION OF INJURY","0","0","0","0","0","2","0","18","5","1","41.7348713353","-87.7222461978","POINT (-87.722246197782 41.734871335264)"
"b268140900b6ba717f5d14a3c9bde096e51e2a6c6d381eb7acc6d19328c3ccd792fcf578927288da786d083798d6afe0165207f38412af0270473a05c8264daf",,"2025-01-30T18:30:00.000","30","NO CONTROLS","NO CONTROLS","RAIN","DAYLIGHT","SIDESWIPE SAME DIRECTION","NOT DIVIDED",,"STRAIGHT AND LEVEL","WET","NO DEFECTS","NOT ON SCENE (DESK REPORT)","NO INJURY / DRIVE AWAY",,,,"$500 OR LESS","2025-01-31T10:15:00.000","IMPROPER LANE USAGE","NOT APPLICABLE","5660","N","BROADWAY","2013",,,,,,,"2","NO INDICATION OF INJURY","0","0","0","0","0","2","0","18","5","1","41.9853682481","-87.6602702077","POINT (-87.660270207718 41.985368248063)"
"f5efc419a84d2cb7479cd38cc86f4500dd01b75fefc05fc5eedb0d1d1a1788c0140192bf6e7cc975877e9d51e92caec180f936e15f57f73164ac20b3ba80dfde",,"2025-01-30T18:30:00.000","30","UNKNOWN","UNKNOWN","UNKNOWN","UNKNOWN","REAR END","DIVIDED - W/MEDIAN (NOT RAISED)",,"STRAIGHT AND LEVEL","UNKNOWN","UNKNOWN","NOT ON SCENE (DESK REPORT)","NO INJURY / DRIVE AWAY",,,,"$501 - $1,500","2025-02-05T17:10:00.000","UNABLE TO DETERMINE","NOT APPLICABLE","2300","W","PETERSON AVE","2413",,,,,,,"3","NO INDICATION OF INJURY","0","0","0","0","0","3","0","18","5","1","41.9906507115","-87.6872713211","POINT (-87.687271321139 41.990650711492)"
"a8b535f409cfde2f097b722ca7568aba5ccddc98ce936f863142064f0ba39709f44bce109b56242fef44b1d53cd237a94aa950e6e12aa7c5115357029ff837e6",,"2025-01-30T18:29:00.000","30","YIELD","FUNCTIONING PROPERLY","RAIN","DARKNESS, LIGHTED ROAD","PEDESTRIAN","ONE-WAY",,"STRAIGHT AND LEVEL","WET","UNKNOWN","ON SCENE","INJURY AND / OR TOW DUE TO CRASH","Y",,,"OVER $1,500","2025-01-30T18:32:00.000","FAILING TO YIELD RIGHT-OF-WAY","FAILING TO YIELD RIGHT-OF-WAY","700","N","FAIRBANKS CT","1834",,,,,,,"2","NONINCAPACITATING INJURY","1","0","0","1","0","1","0","18","5","1","41.8950501453","-87.6204706143","POINT (-87.620470614342 41.89505014535)"
"00b0e810a3c2af6a4bb6482155fe2f29f68151856b403aa9670cfd3d4a8a4e71898b63700d4acecfeb55472e5b613755f0d6cd97b0e1a4a7fe0eecb9358ec389",,"2025-01-30T18:28:00.000","30","NO CONTROLS","NO CONTROLS","RAIN","DARKNESS, LIGHTED ROAD","OTHER OBJECT","DIVIDED - W/MEDIAN BARRIER",,"STRAIGHT AND LEVEL","WET","NO DEFECTS","ON SCENE","INJURY AND / OR TOW DUE TO CRASH",,,,"OVER $1,500","2025-01-30T18:29:00.000","WEATHER","UNABLE TO DETERMINE","9201","S","WESTERN AVE","2221",,,,,,,"1","NONINCAPACITATING INJURY","1","0","0","1","0","0","0","18","5","1","41.7262876719","-87.6820853055","POINT (-87.682085305544 41.726287671916)"
"bd5a7415a3fb7e4e4c248a8b6fabeebcec0a23b1e2358f32f5f8f983bd1a2fb333d07f0f5b28d9efa6e2391b6937513713db0f52a9f7e46a205df4ade7f210ce",,"2025-01-30T18:20:00.000","35","TRAFFIC SIGNAL","FUNCTIONING PROPERLY","RAIN","DARKNESS, LIGHTED ROAD","SIDESWIPE SAME DIRECTION","ONE-WAY",,"STRAIGHT AND LEVEL","WET","NO DEFECTS","NOT ON SCENE (DESK REPORT)","NO INJURY / DRIVE AWAY","N",,,"OVER $1,500","2025-01-30T19:40:00.000","IMPROPER OVERTAKING/PASSING","IMPROPER OVERTAKING/PASSING","321","W","OHIO ST","1831",,,,,,,"2","NO INDICATION OF INJURY","0","0","0","0","0","2","0","18","5","1","41.8922463338","-87.6365429777","POINT (-87.636542977666 41.892246333773)"
"bedb6f610a2365ad7e217d9914982b2e52347b99f1bc515ab2f8e99fdf46f2b4facc5714486623a1b576f69a27847e9e4ab1cbee25e6178ef2a5d932b9b99b9d",,"2025-01-30T18:20:00.000","25","TRAFFIC SIGNAL","FUNCTIONING PROPERLY","RAIN","DUSK","TURNING","NOT DIVIDED",,"STRAIGHT AND LEVEL","WET","NO DEFECTS","NOT ON SCENE (DESK REPORT)","NO INJURY / DRIVE AWAY","Y",,,"OVER $1,500","2025-02-11T18:00:00.000","UNABLE TO DETERMINE","UNABLE TO DETERMINE","5100","S","HYDE PARK BLVD","234",,,,,,,"2","NO INDICATION OF INJURY","0","0","0","0","0","2","0","18","5","1","41.8024498092","-87.5853552861","POINT (-87.585355286102 41.80244980916)"
"855ab1831ec489fe7bd70218c5da0a60eabd8bdf0c79b99cd62e3c69fdc603d60d645bc48f1510389fe9c5a39b5a934575f7b414918a47b5f4f1ce50ecc215c3",,"2025-01-30T18:19:00.000","35","STOP SIGN/FLASHER","FUNCTIONING PROPERLY","RAIN","DARKNESS, LIGHTED ROAD","PEDESTRIAN","DIVIDED - W/MEDIAN (NOT RAISED)",,"STRAIGHT AND LEVEL","WET","NO DEFECTS","ON SCENE","NO INJURY / DRIVE AWAY",,,"Y","OVER $1,500","2025-01-30T18:19:00.000","UNABLE TO DETERMINE","UNABLE TO DETERMINE","200","E","47TH ST","215",,,,,,,"2","NO INDICATION OF INJURY","0","0","0","0","0","2","0","18","5","1","41.8094218565","-87.6211340784","POINT (-87.621134078425 41.809421856532)"
"bbf4c321ac037afb1797e7d79ec2491b9a91f00e0ace3a8cec795833c54efb720f4fd8d1bf05d50e57a7064e792ab3e2b8a533b321b23ef18b1c3ec860a138b8",,"2025-01-30T18:16:00.000","25","TRAFFIC SIGNAL","FUNCTIONING PROPERLY","RAIN","DARKNESS, LIGHTED ROAD","PARKED MOTOR VEHICLE","FOUR WAY",,"STRAIGHT AND LEVEL","WET","NO DEFECTS","ON SCENE","INJURY AND / OR TOW DUE TO CRASH",,,,"OVER $1,500","2025-01-30T18:16:00.000","EQUIPMENT - VEHICLE CONDITION","NOT APPLICABLE","4324","S","CALIFORNIA AVE","922",,,,,,,"5","NONINCAPACITATING INJURY","1","0","0","1","0","0","0","18","5","1","41.8147771715","-87.694549235","POINT (-87.694549235017 41.814777171511)"
"03cb2ca2d97e5e6bbb5d4050559294d99880e86475b1fb9347343f5b7161ba384b09bb41f2f0677c84918a239dc021887030bf53111154df257a6605535a9d32",,"2025-01-30T18:15:00.000","30","TRAFFIC SIGNAL","FUNCTIONING PROPERLY","RAIN","DAYLIGHT","REAR TO SIDE","DIVIDED - W/MEDIAN (NOT RAISED)",,"STRAIGHT AND LEVEL","WET","NO DEFECTS","NOT ON SCENE (DESK REPORT)","NO INJURY / DRIVE AWAY","Y",,,"OVER $1,500","2025-02-01T18:00:00.000","UNABLE TO DETERMINE","NOT APPLICABLE","784","W","76TH ST","621",,,,,,,"2","NO INDICATION OF INJURY","0","0","0","0","0","2","0","18","5","1","41.7561939883","-87.6441352881","POINT (-87.644135288082 41.756193988293)"
"6eb1ea66515a09941f24ecb217bf6dbb704121f54da04733f05ba45ecfb6eeefd3f1b7ed4c9f30f59a8850dff28784aaab298ff572b583ae10fcb38f2b75f36b",,"2025-01-30T18:15:00.000","30","NO CONTROLS","NO CONTROLS","RAIN","DARKNESS, LIGHTED ROAD","PARKED MOTOR VEHICLE","DIVIDED - W/MEDIAN (NOT RAISED)",,"STRAIGHT AND LEVEL","WET","NO DEFECTS","ON SCENE","INJURY AND / OR TOW DUE TO CRASH",,,,"OVER $1,500","2025-01-30T18:20:00.000","DRIVING SKILLS/KNOWLEDGE/EXPERIENCE","NOT APPLICABLE","230","W","NORTH AVE","1814",,,,,,,"3","NO INDICATION OF INJURY","0","0","0","0","0","1","0","18","5","1","41.9112599678","-87.6359875099","POINT (-87.635987509909 41.91125996781)"
"d374110c7f59d1367c08c15a0ca265c9d4b509e11c50bdefe43751fe8a803ba005aa98bcf9ab75a11a9656924dddf5df4f1775fa7a912e594e9f2b39e4adff8d","N","2025-01-30T18:11:00.000","30","NO CONTROLS","NO CONTROLS","RAIN","DARKNESS, LIGHTED ROAD","PARKED MOTOR VEHICLE","ONE-WAY",,"STRAIGHT AND LEVEL","WET","NO DEFECTS","ON SCENE","NO INJURY / DRIVE AWAY",,,,"$500 OR LESS","2025-01-30T18:25:00.000","IMPROPER BACKING","NOT APPLICABLE","6244","N","WINTHROP AVE","2433",,,,,,,"2","NO INDICATION OF INJURY","0","0","0","0","0","1","0","18","5","1","41.9959232181","-87.6585431923","POINT (-87.658543192338 41.995923218087)"
"ea77229fa4af8d892b4435ea674569e790782c3312b580f191f0a73a5421de2628d0d85cab35d9c01743e2aa7a532a38777dedc978b69bb1cff29fdac51a9426",,"2025-01-30T18:08:00.000","30","NO CONTROLS","NO CONTROLS","RAIN","DARKNESS","SIDESWIPE SAME DIRECTION","NOT DIVIDED",,"STRAIGHT AND LEVEL","WET","NO DEFECTS","NOT ON SCENE (DESK REPORT)","NO INJURY / DRIVE AWAY",,,"Y","OVER $1,500","2025-01-30T18:20:00.000","UNABLE TO DETERMINE","NOT APPLICABLE","614","S","LOOMIS ST","1231",,,,,,,"2","NO INDICATION OF INJURY","0","0","0","0","0","2","0","18","5","1","41.8736708345","-87.6619200641","POINT (-87.661920064139 41.873670834494)"
"bc07c25ecf0c6ae186bba6c32533090c49812bb11258fd981e02baa35acde486541e2d074ef4d9b7cca32aeffd6d1222b0531f261e20cf91b9119e976d016ebd",,"2025-01-30T18:00:00.000","25","NO CONTROLS","NO CONTROLS","RAIN","DARKNESS","PARKED MOTOR VEHICLE","ONE-WAY",,"STRAIGHT AND LEVEL","WET","NO DEFECTS","NOT ON SCENE (DESK REPORT)","NO INJURY / DRIVE AWAY",,,"Y","OVER $1,500","2025-01-31T16:20:00.000","UNABLE TO DETERMINE","UNABLE TO DETERMINE","5035","S","EAST END AVE","222",,,,,,,"2","NO INDICATION OF INJURY","0","0","0","0","0","1","0","18","5","1","41.8033155906","-87.5852874181","POINT (-87.585287418104 41.803315590602)"
"dcc3fbb7e82db1592f2cb973ac6764d1629762bfc61ee046303facdb7c1c9745ec8d86c1d9499224d8e680edd20c5573ca8700d9e17df4b91ae34dc679b94899",,"2025-01-30T17:56:00.000","30","STOP SIGN/FLASHER","FUNCTIONING PROPERLY","UNKNOWN","DARKNESS, LIGHTED ROAD","PEDESTRIAN","DIVIDED - W/MEDIAN (NOT RAISED)",,"STRAIGHT AND LEVEL","UNKNOWN","UNKNOWN","NOT ON SCENE (DESK REPORT)","NO INJURY / DRIVE AWAY",,,,"$500 OR LESS","2025-01-30T19:22:00.000","UNABLE TO DETERMINE","UNABLE TO DETERMINE","658","W","ARMITAGE AVE","1812",,,,,,,"2","NO INDICATION OF INJURY","0","0","0","0","0","2","0","17","5","1","41.9183249319","-87.6460592881","POINT (-87.646059288097 41.918324931878)"
"b8c887eb76226fe5c5fd6e1ac6f23422585a20ab7cecc7c74333378d7c0890958b993041dbf3c1a90ac4f35f176ab7215dd2f987c36f7b39f7f8880862f1008e",,"2025-01-30T17:55:00.000","30","NO CONTROLS","NO CONTROLS","RAIN","DARKNESS, LIGHTED ROAD","REAR END","DIVIDED - W/MEDIAN BARRIER",,"STRAIGHT AND LEVEL","WET","NO DEFECTS","ON SCENE","NO INJURY / DRIVE AWAY",,,,"OVER $1,500","2025-01-30T18:00:00.000","FOLLOWING TOO CLOSELY","FOLLOWING TOO CLOSELY","525","W","ROOSEVELT RD","124",,,,,,,"2","NO INDICATION OF INJURY","0","0","0","0","0","2","0","17","5","1","41.8671354809","-87.6403063049","POINT (-87.640306304892 41.867135480908)"
"05f0440736163400cb276a48fc6b0f2af8c77c8761de0b5540f9d9797be508ea88902bb766585d6923efc1b093464ebbc1e452df134aa0fbb4457a5bd18967ac",,"2025-01-30T17:54:00.000","35","TRAFFIC SIGNAL","FUNCTIONING PROPERLY","RAIN","DARKNESS","TURNING","FOUR WAY",,"STRAIGHT AND LEVEL","WET","UNKNOWN","ON SCENE","INJURY AND / OR TOW DUE TO CRASH","Y",,,"OVER $1,500","2025-01-30T17:56:00.000","DISREGARDING TRAFFIC SIGNALS","DISREGARDING TRAFFIC SIGNALS","6300","S","PULASKI RD","813",,,,,,,"2","REPORTED, NOT EVIDENT","1","0","0","0","1","1","0","17","5","1","41.7786364688","-87.7229063557","POINT (-87.722906355685 41.778636468781)"