"crash_record_id","crash_date_est_i","crash_date","posted_speed_limit","traffic_control_device","device_condition","weather_condition","lighting_condition","first_crash_type","trafficway_type","lane_cnt","alignment","roadway_surface_cond","road_defect","report_type","crash_type","intersection_related_i","private_property_i","hit_and_run_i","damage","date_police_notified","prim_contributory_cause","sec_contributory_cause","street_no","street_direction","street_name","beat_of_occurrence","photos_taken_i","statements_taken_i","dooring_i","work_zone_i","work_zone_type","workers_present_i","num_units","most_severe_injury","injuries_total","injuries_fatal","injuries_incapacitating","injuries_non_incapacitating","injuries_reported_not_evident","injuries_no_indication","injuries_unknown","crash_hour","crash_day_of_week","crash_month","latitude","longitude","location"
"f67cbcd0b741ce3a1c022813f5f05da56cba08973f0ed5ef0ce5d146bc570ce3b1715845947512d7efbbd91311e84caa3263f9fe0b791399b2a721346dfdb3f5","Y","2025-01-30T17:54:00.000","25","STOP SIGN/FLASHER","UNKNOWN","RAIN","DARKNESS","REAR END","DIVIDED - W/MEDIAN (NOT RAISED)",,"STRAIGHT AND LEVEL","UNKNOWN","UNKNOWN","NOT ON SCENE (DESK REPORT)","INJURY AND / OR TOW DUE TO CRASH",,,,"OVER $1,500","2025-01-30T19:15:00.000","UNABLE TO DETERMINE","UNABLE TO DETERMINE","401","N","PULASKI RD","1122",,,,,,,"2","REPORTED, NOT EVIDENT","1","0","0","0","1","2","0","17","5","1","41.8877894895","-87.7257218668","POINT (-87.725721866813 41.887789489494)"
"356622fe1dc77a8d1a268826babb9963aab97fae1ad410e29cee6ddd738d7fc12cb9d668b74021561b37f194c9dd7b3d61dd980a278fe36f836d114846746699",,"2025-01-30T17:50:00.000","30","TRAFFIC SIGNAL","FUNCTIONING PROPERLY","RAIN","DARKNESS, LIGHTED ROAD","REAR TO FRONT","DIVIDED - W/MEDIAN (NOT RAISED)",,"STRAIGHT AND LEVEL","WET","NO DEFECTS","NOT ON SCENE (DESK REPORT)","NO INJURY / DRIVE AWAY","Y",,,"$501 - $1,500","2025-01-30T18:30:00.000","IMPROPER BACKING","UNABLE TO DETERMINE","5000","N","PULASKI RD","1712",,,,,,,"2","NO INDICATION OF INJURY","0","0","0","0","0","5","0","17","5","1","41.9719774492","-87.7282810366","POINT (-87.728281036574 41.971977449237)"
"39fb1b8c9a012f4af3b20dfcb89164d71bb4f5131e230e0aa133c74624002cab0896df914454473acdccc2ff3071d9673eb093a1b18b33aaf43db9d438a8a1ec",,"2025-01-30T17:50:00.000","30","NO CONTROLS","NO CONTROLS","RAIN","DARKNESS","PEDESTRIAN","NOT DIVIDED",,"STRAIGHT AND LEVEL","WET","NO DEFECTS","ON SCENE","INJURY AND / OR TOW DUE TO CRASH",,,,"OVER $1,500","2025-01-30T17:50:00.000","WEATHER","NOT APPLICABLE","3101","W","LAKE ST","1222",,,,,,,"2","REPORTED, NOT EVIDENT","1","0","0","0","1","2","0","17","5","1","41.8841067492","-87.7038868547","POINT (-87.703886854718 41.884106749207)"
"86861c89abcd4e676fc8f98b7e995a563c161fe10baac19080d1137cce10b630f60736bad2ecbaaa6d7ebda218fcc2bf221bdb391ebd1645039f5e577b8b1402",,"2025-01-30T17:46:00.000","30","NO CONTROLS","NO CONTROLS","RAIN","DARKNESS, LIGHTED ROAD","REAR END","NOT DIVIDED",,"STRAIGHT AND LEVEL","WET","NO DEFECTS","NOT ON SCENE (DESK REPORT)","NO INJURY / DRIVE AWAY",,,,"OVER $1,500","2025-01-30T20:10:00.000","WEATHER","NOT APPLICABLE","1025","W","ADDISON ST","1924",,,,,,,"2","NO INDICATION OF INJURY","0","0","0","0","0","2","0","17","5","1","41.9471177484","-87.6553811622","POINT (-87.655381162212 41.947117748352)"
"05ecdce862645504d633b4f2892ddcc0b47e04efc90201478858a11ad2aeffa580370cec47d712da38ef22ea4865c54f3cdf77137db5916b118a8bba0018dbb9",,"2025-01-30T17:45:00.000","25","STOP SIGN/FLASHER","UNKNOWN","RAIN","DARKNESS","REAR TO FRONT","NOT DIVIDED",,"STRAIGHT AND LEVEL","WET","UNKNOWN","NOT ON SCENE (DESK REPORT)","NO INJURY / DRIVE AWAY",,,"Y","OVER $1,500","2025-02-04T10:00:00.000","FOLLOWING TOO CLOSELY","FOLLOWING TOO CLOSELY","5824","S","STONY ISLAND AVE","235",,,,,,,"2","NO INDICATION OF INJURY","0","0","0","0","0","3","0","17","5","1","41.7889093939","-87.586802015","POINT (-87.58680201497 41.788909393859)"
"740f81a3ea91d4516c1b299abab25c33502078c97859efc4d2fbeccc7a5b8f139e43cd7ee7c5ec997c626502081a1cd1a14f62bb68f3ba59e33fdd0f946c2d11",,"2025-01-30T17:45:00.000","30","STOP SIGN/FLASHER","FUNCTIONING PROPERLY","RAIN","DARKNESS, LIGHTED ROAD","ANGLE","NOT DIVIDED",,"CURVE, LEVEL","WET","NO DEFECTS",,"INJURY AND / OR TOW DUE TO CRASH","Y",,"Y","$501 - $1,500","2025-01-30T18:09:00.000","UNABLE TO DETERMINE","NOT APPLICABLE","1300","W","98TH PL","2213",,"Y",,,,,"2","NONINCAPACITATING INJURY","1","0","0","1","0","2","0","17","5","1","41.7150962769","-87.6553290351","POINT (-87.655329035122 41.715096276901)"
"b72e2949100b83180625a5f369a197b2ffc6a78eedd08c12c3757055b39c374ca13abc3cebf06e8e6b30c2f1f188e2c9d1bcca19f82836e5ed7a4baddfa20524",,"2025-01-30T17:45:00.000","30","TRAFFIC SIGNAL","FUNCTIONING PROPERLY","RAIN","DARKNESS, LIGHTED ROAD","SIDESWIPE SAME DIRECTION","T-INTERSECTION",,"STRAIGHT AND LEVEL","WET","NO DEFECTS","ON SCENE","NO INJURY / DRIVE AWAY","Y",,,"$501 - $1,500","2025-01-30T17:50:00.000","IMPROPER LANE USAGE","WEATHER","1600","W","43RD ST","924",,,,,,,"2","NO INDICATION OF INJURY","0","0","0","0","0","2","0","17","5","1","41.8159798186","-87.6652119176","POINT (-87.665211917584 41.815979818564)"
"0a9916bc03407a5ef8becede5db43307df433684fda3237c7a74f225b99ec8cbbcfd4e5675ffd98f51d82cb1180b1b5bd202c06d3881152b237aeb76399f0fc0",,"2025-01-30T17:43:00.000","30","NO CONTROLS","NO CONTROLS","RAIN","DARKNESS, LIGHTED ROAD","PEDESTRIAN","FOUR WAY",,"STRAIGHT AND LEVEL","WET","NO DEFECTS","ON SCENE","INJURY AND / OR TOW DUE TO CRASH","Y",,,"$500 OR LESS","2025-01-30T19:27:00.000","FAILING TO YIELD RIGHT-OF-WAY","NOT APPLICABLE","1659","S","ASHLAND AVE","1233",,,,,,,"2","NONINCAPACITATING INJURY","1","0","0","1","0","1","0","17","5","1","41.8587472948","-87.666033152","POINT (-87.666033151959 41.858747294776)"
"6f66fb4eb90b4525c911cc8c40e628e78e01f41e8d02e3d3807c2464766f0c8808a45109f978709d5b6904a8911748e6a3df7f74ea19cc79d3b4763f9d29f47e",,"2025-01-30T17:40:00.000","30","STOP SIGN/FLASHER","OTHER","FREEZING RAIN/DRIZZLE","DARKNESS, LIGHTED ROAD","ANGLE","UNKNOWN",,"STRAIGHT AND LEVEL","WET","NO DEFECTS","NOT ON SCENE (DESK REPORT)","NO INJURY / DRIVE AWAY",,,,"OVER $1,500","2025-01-30T17:59:00.000","UNABLE TO DETERMINE","UNABLE TO DETERMINE","449","E","MORGAN DR","233",,,,,,,"2","NO INDICATION OF INJURY","0","0","0","0","0","2","0","17","5","1","41.7940113831","-87.6140690382","POINT (-87.614069038194 41.794011383054)"
"78adb78efc1e4b86b7d3840fa761bd6faa6163c1b8c9df9bd69b71dd1669596adc315d7a1d8ac66caf21d0794befc81d1bf53057be700ae029e5ceeb32f072a2",,"2025-01-30T17:40:00.000","30","STOP SIGN/FLASHER","UNKNOWN","UNKNOWN","UNKNOWN","REAR END","DIVIDED - W/MEDIAN (NOT RAISED)",,"STRAIGHT AND LEVEL","UNKNOWN","UNKNOWN","NOT ON SCENE (DESK REPORT)","NO INJURY / DRIVE AWAY",,,"Y","OVER $1,500","2025-01-30T19:30:00.000","FOLLOWING TOO CLOSELY","UNABLE TO DETERMINE","1303","W","FOSTER AVE","2033",,,,,,,"2","NO INDICATION OF INJURY","0","0","0","0","0","2","0","17","5","1","41.9761718993","-87.6626127738","POINT (-87.66261277382 41.976171899259)"
"7fff13afe33d6373e45e4d63757e84c2ac6489ac3f573f249bdae19bc4787a08199867537b953c728e849dda28917721de19c230c334d11fb2aa51bb60c13e44",,"2025-01-30T17:40:00.000","25","UNKNOWN","UNKNOWN","RAIN","DUSK","PEDALCYCLIST","NOT DIVIDED",,"STRAIGHT AND LEVEL","WET","UNKNOWN","ON SCENE","INJURY AND / OR TOW DUE TO CRASH","Y",,"Y","$500 OR LESS","2025-01-30T17:44:00.000","UNABLE TO DETERMINE","NOT APPLICABLE","3525","W","DIVERSEY AVE","1412",,,,,,,"2","REPORTED, NOT EVIDENT","1","0","0","0","1","1","0","17","5","1","41.9318157158","-87.7158243157","POINT (-87.715824315705 41.931815715818)"
"930cd3a9b26c521b1b38c87c50719740ff59315f419623d887e1eef8bf094e5d091bd0ee66e97cf313ba5403b084ff01c1a583d8d0fda293a0f80738fcb38043",,"2025-01-30T17:40:00.000","30","NO CONTROLS","NO CONTROLS","UNKNOWN","UNKNOWN","REAR TO SIDE","PARKING LOT",,"STRAIGHT AND LEVEL","UNKNOWN","UNKNOWN","NOT ON SCENE (DESK REPORT)","NO INJURY / DRIVE AWAY",,"Y",,"$501 - $1,500","2025-01-31T13:30:00.000","UNABLE TO DETERMINE","UNABLE TO DETERMINE","3198","W","ROOSEVELT RD","1134",,,,,,,"2","NO INDICATION OF INJURY","0","0","0","0","0","2","0","17","5","1","41.8665161988","-87.7056117726","POINT (-87.705611772637 41.86651619878)"
"c57237db1b8f2be8e1a803a75f1a4329b92908e5ab288f90a02af100a96768389eb3e507849f54c18e2e1660560c3b2b7376ea03f6fa8daa7c7dc83c83324f34",,"2025-01-30T17:40:00.000","25","STOP SIGN/FLASHER","FUNCTIONING PROPERLY","RAIN","DARKNESS, LIGHTED ROAD","ANGLE","FOUR WAY",,"STRAIGHT AND LEVEL","WET","NO DEFECTS","ON SCENE","INJURY AND / OR TOW DUE TO CRASH","Y",,"N","OVER $1,500","2025-01-30T17:46:00.000","FAILING TO REDUCE SPEED TO AVOID CRASH","UNABLE TO DETERMINE","2700","W","DIVISION ST","1423",,,,,,,"2","REPORTED, NOT EVIDENT","1","0","0","0","1","2","0","17","5","1","41.9030562898","-87.694540893","POINT (-87.694540892981 41.903056289813)"
"85a0d06f4813360a2620a5162843626dc57d80ef7e114e9372d19add0ce842242b740493fca2a49b5d44d50ce4cb8e1dd768e0fdfe0f40ee990a66b811fe27f8",,"2025-01-30T17:38:00.000","30","NO CONTROLS","NO CONTROLS","RAIN","DARKNESS","PEDESTRIAN","DIVIDED - W/MEDIAN (NOT RAISED)",,"STRAIGHT AND LEVEL","WET","UNKNOWN","ON SCENE","INJURY AND / OR TOW DUE TO CRASH","Y",,,"$500 OR LESS","2025-01-30T17:38:00.000","FAILING TO YIELD RIGHT-OF-WAY","NOT APPLICABLE","3426","W","IRVING PARK RD","1723",,,,,,,"2","INCAPACITATING INJURY","1","0","1","0","0","2","0","17","5","1","41.9539499615","-87.7140665536","POINT (-87.714066553617 41.953949961533)"
"8e6fb15fe28e176d00facf59c3b1b12d77e51c60ec3c5127fc5dbfe424e9ad773b09de8d5afbb01ddb5213413d5d2b20e51846ff408e3e421bf821d0cf6fc311","N","2025-01-30T17:35:00.000","30","TRAFFIC SIGNAL","FUNCTIONING PROPERLY","RAIN","DAYLIGHT","HEAD ON","NOT DIVIDED",,"STRAIGHT AND LEVEL","WET","NO DEFECTS","NOT ON SCENE (DESK REPORT)","NO INJURY / DRIVE AWAY",,,"Y","OVER $1,500","2025-01-30T17:53:00.000","IMPROPER TURNING/NO SIGNAL","IMPROPER OVERTAKING/PASSING","11100","S","COTTAGE GROVE AVE","531",,,,,,,"2","NO INDICATION OF INJURY","0","0","0","0","0","4","0","17","5","1","41.6927421487","-87.6100155361","POINT (-87.610015536068 41.692742148657)"
"d32088aba83178018728149e0dc50be78f55e1bd0032a4acd2fb0d400f949d6f89c20d082847d964355d9c66a9d999b87284471a3ae99d67773f65aef9fa3973",,"2025-01-30T17:30:00.000","30","NO CONTROLS","NO CONTROLS","RAIN","DARKNESS, LIGHTED ROAD","SIDESWIPE SAME DIRECTION","NOT DIVIDED",,"STRAIGHT AND LEVEL","WET","UNKNOWN","NOT ON SCENE (DESK REPORT)","NO INJURY / DRIVE AWAY",,,,"OVER $1,500","2025-01-30T18:06:00.000","WEATHER","FAILING TO REDUCE SPEED TO AVOID CRASH","159","E","ONTARIO ST","1834",,,,,,,"2","NO INDICATION OF INJURY","0","0","0","0","0","2","0","17","5","1","41.8932460682","-87.6230781208","POINT (-87.623078120786 41.893246068191)"
"31ce8dda1372cdbd65dcc0e00f2e734dcb4a0cb0009f8d54c3648cdc074a3ad345ad19fa886efd86921d40c57c5560c42f4d56fb4217467c4f88fa123478d1e5",,"2025-01-30T17:29:00.000","30","NO CONTROLS","NO CONTROLS","RAIN","DARKNESS","PARKED MOTOR VEHICLE","NOT DIVIDED",,"STRAIGHT AND LEVEL","WET","UNKNOWN","ON SCENE","INJURY AND / OR TOW DUE TO CRASH",,,,"OVER $1,500","2025-01-30T18:06:00.000","UNABLE TO DETERMINE","UNABLE TO DETERMINE","1929","W","AUGUSTA BLVD","1212",,,,,,,"3","NO INDICATION OF INJURY","0","0","0","0","0","1","0","17","5","1","41.8994627254","-87.6758673375","POINT (-87.675867337485 41.899462725447)"
"79f9898bdddb83858255fac4bffd3738ae2872b496958f395dfc85fb1993dfe35190d98e5f4f8686d7a216e0719c59da73313e9641300d059a2b474a6f5b5f29",,"2025-01-30T17:26:00.000","30","STOP SIGN/FLASHER","NO CONTROLS","RAIN","DARKNESS, LIGHTED ROAD","ANGLE","Y-INTERSECTION",,"STRAIGHT AND LEVEL","WET","NO DEFECTS","ON SCENE","NO INJURY / DRIVE AWAY","Y",,"Y","OVER $1,500","2025-01-30T17:30:00.000","DISREGARDING STOP SIGN","DISREGARDING STOP SIGN","1133","W","99TH ST","2223",,,,,,,"2","NO INDICATION OF INJURY","0","0","0","0","0","5","0","17","5","1","41.7140313723","-87.6517281754","POINT (-87.651728175351 41.714031372326)"
"5eb1f13cf49b147cc742b4fd2405fcb4801019585e98687a1b1fd778b69e527091bd27747b12b2690999fe04efec83f3dd7ce40d1033c9bce73d7767562265fd",,"2025-01-30T17:23:00.000","30","NO CONTROLS","NO CONTROLS","RAIN","DARKNESS, LIGHTED ROAD","TURNING","NOT DIVIDED",,"STRAIGHT AND LEVEL","WET","NO DEFECTS","ON SCENE","NO INJURY / DRIVE AWAY",,,,"$501 - $1,500","2025-01-30T17:23:00.000","FAILING TO YIELD RIGHT-OF-WAY","FAILING TO YIELD RIGHT-OF-WAY","6847","S","LOOMIS BLVD","724",,,,,,,"2","NO INDICATION OF INJURY","0","0","0","0","0","2","0","17","5","1","41.7690541678","-87.6589307686","POINT (-87.658930768577 41.769054167759)"
"eb72c4271fff2172c91b066e60ea228536e1333f5ceff7127d30f62b59d66d1692315393e684c3cb52a7e3be6803e06c62bb1ef68e49cd8ffb4c52d51672dedd",,"2025-01-30T17:21:00.000","30","TRAFFIC SIGNAL","FUNCTIONING PROPERLY","CLEAR","DARKNESS, LIGHTED ROAD","PEDESTRIAN","DIVIDED - W/MEDIAN (NOT RAISED)",,"STRAIGHT AND LEVEL","DRY","NO DEFECTS","ON SCENE","INJURY AND / OR TOW DUE TO CRASH","Y",,,"$500 OR LESS","2025-01-30T17:21:00.000","VISION OBSCURED (SIGNS, TREE LIMBS, BUILDINGS, ETC.)","NOT APPLICABLE","4200","N","DAMEN AVE","1911",,,,,,,"2","REPORTED, NOT EVIDENT","1","0","0","0","1","1","0","17","5","1","41.9578499833","-87.6790134316","POINT (-87.679013431559 41.957849983274)"
"88ac4a7c746c7227d9bb7272563150ce732b3bc4fd15bd216d905681c552f16411c42f1fe3aa6866de47d8581f32987ee76e6c43b19aed16764083c21709f20f",,"2025-01-30T17:20:00.000","30","TRAFFIC SIGNAL","FUNCTIONING PROPERLY","RAIN","UNKNOWN","REAR END","NOT DIVIDED",,"STRAIGHT AND LEVEL","WET","UNKNOWN","NOT ON SCENE (DESK REPORT)","NO INJURY / DRIVE AWAY",,,,"$501 - $1,500","2025-01-31T09:10:00.000","UNABLE TO DETERMINE","NOT APPLICABLE","4532","W","63RD ST","813",,,,,,,"2","NO INDICATION OF INJURY","0","0","0","0","0","2","0","17","5","1","41.7786105319","-87.736249944","POINT (-87.736249944001 41.778610531906)"
"f8302a576b3f4cca77947b783e8aacc22eb62bfb8ade9237fc979e0d73a2daf753095db9e824b5b3bc7480f95381aed1ac0c89bbc8f0d69a88d91efde0b9674b",,"2025-01-30T17:20:00.000","15","NO CONTROLS","NO CONTROLS","UNKNOWN","UNKNOWN","PARKED MOTOR VEHICLE","PARKING LOT",,"STRAIGHT AND LEVEL","UNKNOWN","UNKNOWN","ON SCENE","NO INJURY / DRIVE AWAY",,,"Y","$500 OR LESS","2025-01-30T17:44:00.000","UNABLE TO DETERMINE","UNABLE TO DETERMINE","2650","N","NARRAGANSETT AVE","2512",,,,,,,"2","NO INDICATION OF INJURY","0","0","0","0","0","1","0","17","5","1","41.9288472233","-87.7857810192","POINT (-87.785781019201 41.928847223324)"
"64de5a7861249df4bf13c667a388107079b12a274304f160163d7fc424ea64e4d1740234ad84c62e65067d1f9c207f69a786a883b289464df4da996165e59546",,"2025-01-30T17:15:00.000","30","YIELD","UNKNOWN","RAIN","DARKNESS, LIGHTED ROAD","PEDESTRIAN","NOT DIVIDED",,"STRAIGHT AND LEVEL","WET","UNKNOWN","ON SCENE","INJURY AND / OR TOW DUE TO CRASH",,,"Y","OVER $1,500","2025-01-30T17:22:00.000","FAILING TO YIELD RIGHT-OF-WAY","FAILING TO YIELD RIGHT-OF-WAY","7900","S","NORMAL AVE","621",,,,,,,"2","NONINCAPACITATING INJURY","1","0","0","1","0","1","0","17","5","1","41.7506940441","-87.636872551","POINT (-87.636872551049 41.7506940441)"
"346702034c2666778107e4769a4543a5843c82d2e68fdbe19fc7277de59b3ae30d73556c85634cb56b7d299e18e4ce4ec9d7dd946a1c1b5c5a5f17c882a792e7",,"2025-01-30T17:12:00.000","30","NO CONTROLS","NO CONTROLS","UNKNOWN","UNKNOWN","REAR END","NOT DIVIDED",,"STRAIGHT AND LEVEL","UNKNOWN","UNKNOWN","NOT ON SCENE (DESK REPORT)","NO INJURY / DRIVE AWAY",,,,"OVER $1,500","2025-01-30T18:21:00.000","FAILING TO REDUCE SPEED TO AVOID CRASH","NOT APPLICABLE","3500","N","CLARK ST","1924",,,,,,,"2","NO INDICATION OF INJURY","0","0","0","0","0","2","0","17","5","1","41.945592917","-87.6553914759","POINT (-87.655391475929 41.945592917045)"
"e21433c2daec000b10331a00c6de302dd9fc8f26e71993e5288a9e325aed8fe00a27a9bea8b195b5788df6377ecdf2212e04df00dd470c304214f3814c43761f",,"2025-01-30T17:10:00.000","30","NO CONTROLS","NO CONTROLS","RAIN","DUSK","TURNING","DIVIDED - W/MEDIAN (NOT RAISED)",,"STRAIGHT AND LEVEL","WET","UNKNOWN","ON SCENE","INJURY AND / OR TOW DUE TO CRASH",,,,"OVER $1,500","2025-01-30T17:11:00.000","IMPROPER TURNING/NO SIGNAL","IMPROPER TURNING/NO SIGNAL","2451","N","PULASKI RD","2524",,,,,,,"2","REPORTED, NOT EVIDENT","1","0","0","0","1","2","0","17","5","1","41.9260033025","-87.7266674138","POINT (-87.726667413846 41.926003302462)"
"3c9b228ee0c68ac9c0b5c63568aab327f0e986c3b9e1978e17e2758494d8ef647974c1a25483770c447d55357475d2a29abb1863b315d900e4ad89dd1c104c3a",,"2025-01-30T17:08:00.000","30","NO CONTROLS","NO CONTROLS","FREEZING RAIN/DRIZZLE","DUSK","SIDESWIPE SAME DIRECTION","ONE-WAY",,"STRAIGHT AND LEVEL","WET","UNKNOWN",,"NO INJURY / DRIVE AWAY",,,"Y","OVER $1,500","2025-01-30T17:10:00.000","OPERATING VEHICLE IN ERRATIC, RECKLESS, CARELESS, NEGLIGENT OR AGGRESSIVE MANNER","IMPROPER OVERTAKING/PASSING","59","W","ONTARIO ST","1832",,,,,,,"2","NO INDICATION OF INJURY","0","0","0","0","0","2","0","17","5","1","41.8931297715","-87.6303858255","POINT (-87.630385825535 41.893129771468)"
"25bf28c1a249d06ad6bf28ab67f6c16b01cd996b98787d1cf4da3c573d9a4cdc47f5298f59ab20b16abd1aebdbd25623039ed4f1fe86b0ecc5c0654a298cf6b6",,"2025-01-30T17:00:00.000","25","NO CONTROLS","NO CONTROLS","CLEAR","DUSK","SIDESWIPE SAME DIRECTION","NOT DIVIDED",,"STRAIGHT AND LEVEL","DRY","NO DEFECTS","NOT ON SCENE (DESK REPORT)","NO INJURY / DRIVE AWAY",,,"Y","$501 - $1,500","2025-01-31T11:30:00.000","FAILING TO YIELD RIGHT-OF-WAY","NOT APPLICABLE","358","W","RANDOLPH ST","122",,,,,,,"2","NO INDICATION OF INJURY","0","0","0","0","0","2","0","17","5","1","41.8845711313","-87.6370096615","POINT (-87.63700966151 41.884571131282)"
"6809d64a1a5e4e2353b0c160fa066939df1058ef1c08cd8c61cb6145aeb1b6b2c8b3d585c8df8917ea26443984eba46c1e78fd59e325f0215925e0028a62d2ed",,"2025-01-30T17:00:00.000","30","NO CONTROLS","NO CONTROLS","CLEAR","DARKNESS, LIGHTED ROAD","TURNING","DIVIDED - W/MEDIAN (NOT RAISED)",,"STRAIGHT AND LEVEL","DRY","NO DEFECTS","NOT ON SCENE (DESK REPORT)","NO INJURY / DRIVE AWAY",,,,"$501 - $1,500","2025-01-30T17:49:00.000","UNABLE TO DETERMINE","UNABLE TO DETERMINE","6404","N","CALIFORNIA AVE","2412",,,,,,,"2","NO INDICATION OF INJURY","0","0","0","0","0","2","0","17","5","1","41.9977637602","-87.6997957219","POINT (-87.699795721919 41.997763760216)"
"7c0c613fe8c28415181289cc8ef8c83e5e418698fb8782f8bc40083e39f64f2547df776c23f400e817c29ccea9a103833fd6251f119ac6c0f66af02ec484e67a",,"2025-01-30T17:00:00.000","30","TRAFFIC SIGNAL","FUNCTIONING PROPERLY","CLEAR","DARKNESS, LIGHTED ROAD","PARKED MOTOR VEHICLE","FOUR WAY",,"STRAIGHT AND LEVEL","DRY","NO DEFECTS","ON SCENE","NO INJURY / DRIVE AWAY",,,,"$501 - $1,500","2025-01-30T17:16:00.000","IMPROPER TURNING/NO SIGNAL","NOT APPLICABLE","6958","N","CLARK ST","2424",,,,,,,"2","NO INDICATION OF INJURY","0","0","0","0","0","2","0","17","5","1","42.0082793599","-87.673947333","POINT (-87.673947332967 42.008279359892)"
"ad6a2a0392f5ea43c5f2620780cb9fb020f0aaa9ca71a7b3a4951b7cd0f03d1d1bb5f2055f40d414bd1dff898016ddfd862f2b8fa97d8a6da1a0d3572d12d525",,"2025-01-30T17:00:00.000","30","TRAFFIC SIGNAL","FUNCTIONING PROPERLY","RAIN","DARKNESS","TURNING","NOT DIVIDED",,"STRAIGHT AND LEVEL","DRY","NO DEFECTS","NOT ON SCENE (DESK REPORT)","NO INJURY / DRIVE AWAY",,,,"OVER $1,500","2025-02-01T11:45:00.000","IMPROPER TURNING/NO SIGNAL","IMPROPER OVERTAKING/PASSING","8400","W","MONTROSE AVE","1614",,,,,,,"2","NO INDICATION OF INJURY","0","0","0","0","0","3","0","17","5","1","41.9594675067","-87.8368420506","POINT (-87.836842050614 41.959467506691)"
"df59a67fe9721544a6abfc1faf50ab012f98c00d803e53942b58bcd27d143343faf94174bf43fbb5e179c81102ad4fe105e5218697d0c4e9357e10570743c18d","Y","2025-01-30T17:00:00.000","15","NO CONTROLS","NO CONTROLS","CLEAR","DAYLIGHT","FIXED OBJECT","ALLEY",,"STRAIGHT AND LEVEL","DRY","NO DEFECTS","ON SCENE","NO INJURY / DRIVE AWAY",,,"Y","OVER $1,500","2025-01-31T13:36:00.000","UNABLE TO DETERMINE","UNABLE TO DETERMINE","2401","S","SAWYER AVE","1024",,,,,,,"1","NO INDICATION OF INJURY","0","0","0","0","0","1","0","17","5","1","41.8480352791","-87.7062136138","POINT (-87.706213613809 41.848035279087)"
"e88ad78ee35a24f7fe48e6674ca3069755400304b09534df0f8330e2192f578a8fd7e4e7275157a3e06529858dd151badb806111adb22212e692d53aba287afa",,"2025-01-30T17:00:00.000","40","NO CONTROLS","NO CONTROLS","CLEAR","DUSK","SIDESWIPE SAME DIRECTION","DIVIDED - W/MEDIAN BARRIER",,"STRAIGHT AND LEVEL","DRY","UNKNOWN","ON SCENE","NO INJURY / DRIVE AWAY",,,,"$500 OR LESS","2025-01-30T17:10:00.000","UNABLE TO DETERMINE","UNABLE TO DETERMINE","4800","N","LAKE SHORE DR NB","2024",,,,,,,"2","NO INDICATION OF INJURY","0","0","0","0","0","2","0","17","5","1","41.9694086179","-87.6483172637","POINT (-87.648317263699 41.969408617919)"
"19b20ffa862337eeb560bacc0ddef416fa3d91bccfaa153874c97fd6898c13a2716dcce06480b7a6c87a70359207102692dc9666910becd5141d28b2f3cb1d0a",,"2025-01-30T16:48:00.000","30","TRAFFIC SIGNAL","FUNCTIONING PROPERLY","UNKNOWN","UNKNOWN","TURNING","NOT DIVIDED",,"STRAIGHT AND LEVEL","UNKNOWN","UNKNOWN","NOT ON SCENE (DESK REPORT)","NO INJURY / DRIVE AWAY",,,"Y","$501 - $1,500","2025-01-31T11:40:00.000","UNABLE TO DETERMINE","NOT APPLICABLE","6331","S","WESTERN AVE","825",,,,,,,"2","NO INDICATION OF INJURY","0","0","0","0","0","3","0","16","5","1","41.7782289204","-87.6834686049","POINT (-87.683468604901 41.77822892043)"
"96be0bed1b147ceca5003a173bcdb0b384c79ff729c3059c20cda95efac14672bf2d196a1096a9e0ff61a2dfb12f9ef95f52be0420025940e3f343f0a8a2f72e",,"2025-01-30T16:43:00.000","10","NO CONTROLS","NO CONTROLS","CLEAR","DAYLIGHT","SIDESWIPE SAME DIRECTION","ALLEY",,"STRAIGHT AND LEVEL","DRY","NO DEFECTS","ON SCENE","INJURY AND / OR TOW DUE TO CRASH",,,"Y","OVER $1,500","2025-01-30T17:41:00.000","IMPROPER OVERTAKING/PASSING","IMPROPER OVERTAKING/PASSING","6521","S","GREENWOOD AVE","321",,,,,,,"2","NO INDICATION OF INJURY","0","0","0","0","0","2","0","16","5","1","41.7761893869","-87.5996041649","POINT (-87.599604164881 41.7761893869)"
"b00c74a4e9334075dff7ddd6b5d7d299e344a728d84679096bda72dd7d63374e34d392cc0b609c78de9fe2c552409f2c2f18bb5e91243a07c1c561ffad50ce82",,"2025-01-30T16:40:00.000","30","NO CONTROLS","NO CONTROLS","RAIN","DARKNESS, LIGHTED ROAD","ANGLE","ONE-WAY",,"STRAIGHT AND LEVEL","WET","UNKNOWN","NOT ON SCENE (DESK REPORT)","NO INJURY / DRIVE AWAY",,,,"OVER $1,500","2025-01-31T16:35:00.000","FAILING TO YIELD RIGHT-OF-WAY","NOT APPLICABLE","2814","W","MELROSE ST","1733",,,,,,,"2","NO INDICATION OF INJURY","0","0","0","0","0","2","0","16","5","1","41.9403478323","-87.6984703279","POINT (-87.698470327875 41.940347832277)"