"crash_record_id","crash_date_est_i","crash_date","posted_speed_limit","traffic_control_device","device_condition","weather_condition","lighting_condition","first_crash_type","trafficway_type","lane_cnt","alignment","roadway_surface_cond","road_defect","report_type","crash_type","intersection_related_i","private_property_i","hit_and_run_i","damage","date_police_notified","prim_contributory_cause","sec_contributory_cause","street_no","street_direction","street_name","beat_of_occurrence","photos_taken_i","statements_taken_i","dooring_i","work_zone_i","work_zone_type","workers_present_i","num_units","most_severe_injury","injuries_total","injuries_fatal","injuries_incapacitating","injuries_non_incapacitating","injuries_reported_not_evident","injuries_no_indication","injuries_unknown","crash_hour","crash_day_of_week","crash_month","latitude","longitude","location"
"caa81733614ada0c437615bf6be5276c4fc317464597c61f78554a2c731d47ec9ad3a63b32d842fc3f3f5f9295460aaf86739a6b96d7ba274eb2f4b69a208fe5",,"2025-01-30T16:40:00.000","30","NO CONTROLS","NO CONTROLS","RAIN","DUSK","REAR TO FRONT","ONE-WAY",,"STRAIGHT AND LEVEL","WET","UNKNOWN","NOT ON SCENE (DESK REPORT)","NO INJURY / DRIVE AWAY",,,"Y","OVER $1,500","2025-01-31T16:50:00.000","IMPROPER BACKING","FAILING TO REDUCE SPEED TO AVOID CRASH","337","E","ILLINOIS ST","1834",,,,,,,"2","NO INDICATION OF INJURY","0","0","0","0","0","2","0","16","5","1","41.8909228984","-87.6186575446","POINT (-87.618657544644 41.890922898414)"
"c44d465f45722f20124e71a8fdf133cda66f2264583c76e20ee53e7a8bf54f1c59e6ff010d6797a59ae9caa6c0289e0e1788c14074190bcc85d5fcfb75dff48a",,"2025-01-30T16:36:00.000","30","UNKNOWN","UNKNOWN","RAIN","DUSK","SIDESWIPE SAME DIRECTION","DIVIDED - W/MEDIAN (NOT RAISED)",,"STRAIGHT AND LEVEL","WET","UNKNOWN","ON SCENE","NO INJURY / DRIVE AWAY","N",,,"OVER $1,500","2025-01-30T16:36:00.000","FAILING TO YIELD RIGHT-OF-WAY","IMPROPER OVERTAKING/PASSING","1585","N","MILWAUKEE AVE","1424",,,,,,,"2","NO INDICATION OF INJURY","0","0","0","0","0","2","0","16","5","1","41.9104029044","-87.6772623614","POINT (-87.677262361395 41.910402904423)"
"b9ba7cd2d816dc53f305bd799d163d1a90c2616ad86aba8d318085d06e6d88d121eb72a39d49fc5c01a5d8ee56ff4e422830ede2ec65727645fc8fd76c3b856d",,"2025-01-30T16:35:00.000","30","NO CONTROLS","NO CONTROLS","RAIN","DUSK","TURNING","NOT DIVIDED",,"STRAIGHT AND LEVEL","WET","NO DEFECTS","ON SCENE","INJURY AND / OR TOW DUE TO CRASH",,,,"OVER $1,500","2025-01-30T16:50:00.000","IMPROPER TURNING/NO SIGNAL","IMPROPER TURNING/NO SIGNAL","1753","E","95TH ST","431",,,,,,,"2","NONINCAPACITATING INJURY","3","0","0","3","0","0","0","16","5","1","41.7222932893","-87.5804324685","POINT (-87.58043246847 41.722293289262)"
"12ebf3a0519e6ca7aa958929ee46f77c7c99fa022781af47fea09d0bfd98cf809a6e7102bc9d8fff4b38e7a87b4d29f046fe497727d72cb66b2e611a587ef5c3",,"2025-01-30T16:30:00.000","30","STOP SIGN/FLASHER","FUNCTIONING PROPERLY","RAIN","DARKNESS, LIGHTED ROAD","REAR END","NOT DIVIDED",,"STRAIGHT AND LEVEL","WET","NO DEFECTS","NOT ON SCENE (DESK REPORT)","NO INJURY / DRIVE AWAY",,,"Y","OVER $1,500","2025-01-30T19:15:00.000","FOLLOWING TOO CLOSELY","UNABLE TO DETERMINE","7400","W","FOSTER AVE","1613",,,,,,,"2","NO INDICATION OF INJURY","0","0","0","0","0","2","0","16","5","1","41.9745244485","-87.8120706861","POINT (-87.812070686126 41.974524448505)"
"c7f69201f204108f93ce945976378389e328a0d3756c2807b159a24c63033e4762a24cee6b22c23884888abd25edf4562b747d55ad7b841630e760225ab7186d",,"2025-01-30T16:18:00.000","30","NO CONTROLS","NO CONTROLS","CLEAR","DAYLIGHT","TURNING","T-INTERSECTION",,"STRAIGHT AND LEVEL","DRY","NO DEFECTS","ON SCENE","INJURY AND / OR TOW DUE TO CRASH","Y",,,"OVER $1,500","2025-01-30T16:19:00.000","IMPROPER LANE USAGE","NOT APPLICABLE","2902","N","WESTERN AVE","1411",,,,,,,"2","NONINCAPACITATING INJURY","2","0","0","1","1","0","0","16","5","1","41.9340467898","-87.6880896108","POINT (-87.688089610772 41.934046789789)"
"3ab6898f70d373d69ef7bbd6698d2536b5ca63c3a55d9921b198c42c436e2db5239b3a47cb4f40f71b926ccb412d4885e4c527e6bc442c34bd1aa1f480efc066",,"2025-01-30T16:13:00.000","30","TRAFFIC SIGNAL","FUNCTIONING PROPERLY","RAIN","DARKNESS, LIGHTED ROAD","REAR END","NOT DIVIDED",,"STRAIGHT AND LEVEL","WET","UNKNOWN","ON SCENE","NO INJURY / DRIVE AWAY",,,"N","OVER $1,500","2025-01-30T16:13:00.000","FAILING TO REDUCE SPEED TO AVOID CRASH","NOT APPLICABLE","2199","S","CANALPORT AVE","1235",,,,,,,"2","NO INDICATION OF INJURY","0","0","0","0","0","2","0","16","5","1","41.8525173379","-87.6511285113","POINT (-87.651128511275 41.852517337896)"
"944ba96f962a0c993230c517fdebe213082ee48868a7548a079551e1410e38e88211494699e3954b69688f5f4613eb39a604f5f563eea9cdc9afb5966d4c3a53",,"2025-01-30T16:10:00.000","30","STOP SIGN/FLASHER","FUNCTIONING PROPERLY","CLEAR","DAYLIGHT","REAR END","DIVIDED - W/MEDIAN (NOT RAISED)",,"STRAIGHT AND LEVEL","WET","NO DEFECTS","NOT ON SCENE (DESK REPORT)","NO INJURY / DRIVE AWAY","Y",,,"OVER $1,500","2025-01-30T16:30:00.000","UNABLE TO DETERMINE","NOT APPLICABLE","801","W","79TH ST","621",,,,,,,"2","NO INDICATION OF INJURY","0","0","0","0","0","2","0","16","5","1","41.7505316805","-87.6441009199","POINT (-87.644100919891 41.750531680457)"
"4a8562a1d09ef703b48c23d4f153d8834028e94b092f11ebb71e85a62c4781d716858d7be2f91f729092fdc5b423ed03d60e011e8dc290f738238363cf465239",,"2025-01-30T16:00:00.000","30","TRAFFIC SIGNAL","UNKNOWN","CLEAR","DAYLIGHT","REAR END","NOT DIVIDED",,"STRAIGHT AND LEVEL","UNKNOWN","UNKNOWN","NOT ON SCENE (DESK REPORT)","NO INJURY / DRIVE AWAY","Y",,,"OVER $1,500","2025-01-31T09:45:00.000","UNABLE TO DETERMINE","UNABLE TO DETERMINE","3600","N","AUSTIN AVE","1633",,,,,,,"2","NO INDICATION OF INJURY","0","0","0","0","0","3","0","16","5","1","41.9458132147","-87.7766521616","POINT (-87.776652161564 41.94581321467)"
"d1f780fb90bc0bbe6f31072b655ba8ffb8b498ec8d23e552a287018deb5d872828ece3ff4bcf30ec9c1e79ed274d9cb24e8984ca87f418e49a5d4f27da56280d","Y","2025-01-30T16:00:00.000","30","NO CONTROLS","NO CONTROLS","UNKNOWN","DAYLIGHT","PARKED MOTOR VEHICLE","OTHER",,"STRAIGHT AND LEVEL","UNKNOWN","NO DEFECTS","NOT ON SCENE (DESK REPORT)","NO INJURY / DRIVE AWAY",,,"Y","OVER $1,500","2025-01-30T17:20:00.000","UNABLE TO DETERMINE","UNABLE TO DETERMINE","6200","S","STONY ISLAND AVE","314",,,,,,,"2","NO INDICATION OF INJURY","0","0","0","0","0","1","0","16","5","1","41.7827926314","-87.5866650019","POINT (-87.586665001943 41.782792631436)"
"802cf445c5ad0c8636fefde3a0d4d64d4267e7147498baab4f36df52aa16b69d2a9ce2b7d4cbdba978155b029da2557418e7e37440f10b38b039fa4530220540",,"2025-01-30T15:50:00.000","30","NO CONTROLS","NO CONTROLS","RAIN","DARKNESS, LIGHTED ROAD","REAR END","DIVIDED - W/MEDIAN (NOT RAISED)",,"STRAIGHT AND LEVEL","WET","UNKNOWN","NOT ON SCENE (DESK REPORT)","NO INJURY / DRIVE AWAY",,,,"$501 - $1,500","2025-01-30T18:30:00.000","FOLLOWING TOO CLOSELY","FOLLOWING TOO CLOSELY","4820","W","LAWRENCE AVE","1623",,,,,,,"2","NO INDICATION OF INJURY","0","0","0","0","0","2","0","15","5","1","41.9681252697","-87.7487396826","POINT (-87.748739682611 41.968125269652)"
"ae2b6649573e5004083fab59a48ed4d34030dcf6139d33eaeb5c8d6b8e61e8c2fa8dcc75b7810570540c3d5480900a7d282e578a00edd06f132932babae4e94d",,"2025-01-30T15:49:00.000","25","NO CONTROLS","NO CONTROLS","CLEAR","DAYLIGHT","REAR END","NOT DIVIDED",,"STRAIGHT AND LEVEL","DRY","UNKNOWN",,"NO INJURY / DRIVE AWAY",,,"Y","OVER $1,500","2025-01-30T15:50:00.000","UNABLE TO DETERMINE","UNABLE TO DETERMINE","3611","W","THOMAS ST","1112",,,,,,,"2","NO INDICATION OF INJURY","0","0","0","0","0","2","0","15","5","1","41.9008161883","-87.7170142755","POINT (-87.717014275505 41.900816188344)"
"f32475b0b0f07190997cef9d1c258315905365a488d324d77de824cd373edaa10cb485afc031ecbf073cfbc38feada76002b17313a3608b8f82d02e6b10adf9b","Y","2025-01-30T15:47:00.000","30","STOP SIGN/FLASHER","FUNCTIONING PROPERLY","CLEAR","DAYLIGHT","ANGLE","NOT DIVIDED",,"STRAIGHT AND LEVEL","DRY","NO DEFECTS","ON SCENE","NO INJURY / DRIVE AWAY","Y",,,"OVER $1,500","2025-01-30T15:54:00.000","UNABLE TO DETERMINE","UNABLE TO DETERMINE","1878","W","OGDEN AVE","1225",,,,,,,"3","NO INDICATION OF INJURY","0","0","0","0","0","4","0","15","5","1","41.8751547798","-87.6737558815","POINT (-87.673755881513 41.875154779829)"
"7a3795df03914492a1b8b8a9cd9cf0f7e16bf14b0baed2701ccb572c8e11bf4fcd8a238763d34f29bbb25de9fd42e5874ec6bca40c5ec10db0a4de41d32d2d3d",,"2025-01-30T15:45:00.000","15","NO CONTROLS","NO CONTROLS","CLEAR","DAYLIGHT","TURNING","NOT DIVIDED",,"STRAIGHT AND LEVEL","DRY","NO DEFECTS","ON SCENE","INJURY AND / OR TOW DUE TO CRASH","Y",,,"OVER $1,500","2025-01-30T16:00:00.000","IMPROPER TURNING/NO SIGNAL","UNABLE TO DETERMINE","228","W","19TH ST","914",,,,,,,"4","NO INDICATION OF INJURY","0","0","0","0","0","3","0","15","5","1","41.8567269666","-87.633012124","POINT (-87.633012124033 41.856726966621)"
"4fbf0b3973587325e7cd172775e11aa0ab7011ed6f65993749bec97e9297ec15ef55115273fb1dcef50e4e2aa73dd57a895c953e43900ef9481d738c4440e71c",,"2025-01-30T15:40:00.000","30","NO CONTROLS","NO CONTROLS","CLOUDY/OVERCAST","DAYLIGHT","TURNING","NOT DIVIDED",,"STRAIGHT AND LEVEL","DRY","NO DEFECTS","ON SCENE","NO INJURY / DRIVE AWAY",,,"Y","OVER $1,500","2025-01-30T15:40:00.000","NOT APPLICABLE","NOT APPLICABLE","150","N","CICERO AVE","1532",,,,,,,"2","NO INDICATION OF INJURY","0","0","0","0","0","3","0","15","5","1","41.8832675846","-87.7455276332","POINT (-87.745527633183 41.883267584571)"
"69deb6cb6994ea4a4f688c02015de0d7c1849ed41b122ed22e315daa89b9110891923ceb9dfb02ad988cad72c1f765f7d03c6b9bf0306c1fdc090f39ef8a23da",,"2025-01-30T15:40:00.000","30","NO CONTROLS","NO CONTROLS","CLOUDY/OVERCAST","DAYLIGHT","TURNING","NOT DIVIDED",,"STRAIGHT AND LEVEL","DRY","NO DEFECTS","ON SCENE","NO INJURY / DRIVE AWAY",,,"Y","OVER $1,500","2025-01-30T15:53:00.000","FAILING TO YIELD RIGHT-OF-WAY","DRIVING SKILLS/KNOWLEDGE/EXPERIENCE","6505","N","CLARK ST","2432",,,,,,,"2","NO INDICATION OF INJURY","0","0","0","0","0","2","0","15","5","1","42.000099292","-87.6711336307","POINT (-87.671133630715 42.000099292026)"
"38e09931ece619652e62e5679b99b3ea8f934b163ac51afd3f2a6abd2730db29ea633343ca29b002a7208ccb24f13a8a6bf3756b98e9abb3626fe8612f94b7d5",,"2025-01-30T15:38:00.000","30","NO CONTROLS","NO CONTROLS","CLOUDY/OVERCAST","DAYLIGHT","TURNING","NOT DIVIDED",,"STRAIGHT AND LEVEL","DRY","NO DEFECTS","ON SCENE","INJURY AND / OR TOW DUE TO CRASH","N",,,"OVER $1,500","2025-01-30T15:39:00.000","FAILING TO YIELD RIGHT-OF-WAY","FAILING TO YIELD RIGHT-OF-WAY","7717","S","HALSTED ST","621",,,,,,,"2","NO INDICATION OF INJURY","0","0","0","0","0","2","0","15","5","1","41.7537325636","-87.6439760434","POINT (-87.643976043353 41.753732563618)"
"1d85ac4e5c800d8f8b26040dc46fae3bb7fcbba907fad4bd3ff6a04a4de4b01af01d9d930a2c58c3dfde000272816f7e175b0c16cb47d8187ec51a383e487fd8",,"2025-01-30T15:30:00.000","30","NO CONTROLS","NO CONTROLS","CLEAR","DAWN","REAR END","NOT DIVIDED",,"STRAIGHT AND LEVEL","DRY","NO DEFECTS","ON SCENE","NO INJURY / DRIVE AWAY",,,,"$500 OR LESS","2025-01-30T15:32:00.000","FOLLOWING TOO CLOSELY","NOT APPLICABLE","2041","W","47TH ST","931",,,,,,,"2","NO INDICATION OF INJURY","0","0","0","0","0","5","0","15","5","1","41.8083964687","-87.6762995751","POINT (-87.676299575126 41.808396468658)"
"68a57c6536cfffd89c35f89615a1278894977406d1fcbac17314cf5c4a62dc7d705591834837681684306461b351b238666e7a7426906e6f81d04e3f677b6681",,"2025-01-30T15:30:00.000","30","TRAFFIC SIGNAL","FUNCTIONING PROPERLY","RAIN","DAYLIGHT","FIXED OBJECT","NOT DIVIDED",,"STRAIGHT AND LEVEL","WET","WORN SURFACE","NOT ON SCENE (DESK REPORT)","NO INJURY / DRIVE AWAY","Y",,,"OVER $1,500","2025-01-31T08:45:00.000","NOT APPLICABLE","NOT APPLICABLE","1142","E","76TH ST","624",,,,,,,"1","NO INDICATION OF INJURY","0","0","0","0","0","1","0","15","5","1","41.7569628166","-87.5964667482","POINT (-87.596466748187 41.756962816569)"
"9ff067e65ff2d8571b92d496fb12b2b777eba0fe1e83b35cd0eb5a3f6efb429a2e9940b4e461323b8a077151a36f74da1a42963d2f84fabcb24b14228ea84f76",,"2025-01-30T15:29:00.000","30","NO CONTROLS","NO CONTROLS","CLEAR","DAYLIGHT","ANGLE","NOT DIVIDED",,"STRAIGHT AND LEVEL","DRY","NO DEFECTS","NOT ON SCENE (DESK REPORT)","NO INJURY / DRIVE AWAY",,,,"$501 - $1,500","2025-01-30T16:43:00.000","NOT APPLICABLE","NOT APPLICABLE","7455","S","PULASKI RD","833",,,,,,,"2","NO INDICATION OF INJURY","0","0","0","0","0","3","0","15","5","1","41.7569137606","-87.7220283137","POINT (-87.722028313691 41.756913760587)"
"96130d571ffc6e0d1bea062c804f1fe7392b31e36c2a33b3d366ccdba93ca7b654d42a60577e5efaf23e6f8041b08cf940c02f6bb6622fdf0e2525671d344ba0",,"2025-01-30T15:26:00.000","30","NO CONTROLS","NO CONTROLS","CLEAR","DAYLIGHT","PARKED MOTOR VEHICLE","NOT DIVIDED",,"STRAIGHT AND LEVEL","DRY","NO DEFECTS","NOT ON SCENE (DESK REPORT)","NO INJURY / DRIVE AWAY",,,,"OVER $1,500","2025-01-30T16:30:00.000","UNABLE TO DETERMINE","NOT APPLICABLE","630","E","131ST ST","533",,,,,,,"2","NO INDICATION OF INJURY","0","0","0","0","0","1","0","15","5","1","41.6574324348","-87.6064962317","POINT (-87.606496231709 41.657432434764)"
"6f02cc590b292078c75702a15583e8801647cbbaed56a6aa78b8aff1b5e60042186689476fe66e36eca594e657d9ce0ec034cfa69870a38dbe38c33886fb91e4",,"2025-01-30T15:25:00.000","30","TRAFFIC SIGNAL","FUNCTIONING PROPERLY","CLEAR","DAYLIGHT","REAR END","Y-INTERSECTION",,"STRAIGHT AND LEVEL","DRY","NO DEFECTS","ON SCENE","NO INJURY / DRIVE AWAY","Y",,,"OVER $1,500","2025-01-30T15:30:00.000","FAILING TO REDUCE SPEED TO AVOID CRASH","FOLLOWING TOO CLOSELY","5816","N","CLARK ST","2012",,,,,,,"2","NO INDICATION OF INJURY","0","0","0","0","0","2","0","15","5","1","41.9872953676","-87.6698128939","POINT (-87.669812893939 41.987295367551)"
"a69f98b72335f46c59a9c8e14f9ff2f4a1740e319c32998207749cf2e0799c3639db51dd9e14e3b70a33010d21b27122d6023976bf88464423584bfba85dd8d6",,"2025-01-30T15:20:00.000","35","TRAFFIC SIGNAL","NO CONTROLS","CLEAR","DAYLIGHT","REAR END","ONE-WAY",,"STRAIGHT AND LEVEL","DRY","NO DEFECTS","NOT ON SCENE (DESK REPORT)","NO INJURY / DRIVE AWAY",,,"Y","OVER $1,500","2025-01-30T15:50:00.000","FOLLOWING TOO CLOSELY","UNABLE TO DETERMINE","7500","S","LAFAYETTE AVE","623",,,,,,,"2","NO INDICATION OF INJURY","0","0","0","0","0","4","0","15","5","1","41.758068532","-87.6265169823","POINT (-87.626516982328 41.75806853202)"
"b715ad506a40c294063e764337e1c47081fc85f14aeede83524fe44c35dcc409c69fbb718464beffa1c440996a3c89759683ae9e02cf2cb68dffeceb2ba59bf2","Y","2025-01-30T15:20:00.000","30","TRAFFIC SIGNAL","FUNCTIONING PROPERLY","UNKNOWN","DAYLIGHT","REAR END","NOT DIVIDED",,"STRAIGHT AND LEVEL","UNKNOWN","UNKNOWN","NOT ON SCENE (DESK REPORT)","NO INJURY / DRIVE AWAY",,,,"OVER $1,500","2025-02-01T14:00:00.000","FOLLOWING TOO CLOSELY","NOT APPLICABLE","2801","N","DAMEN AVE","1931",,,,,,,"2","NO INDICATION OF INJURY","0","0","0","0","0","5","0","15","5","1","41.9323310674","-87.6779887286","POINT (-87.677988728566 41.932331067392)"
"c82353a5594de7443a912d9e75dc8616f804d0717ff14bea33dfca74182ec6c0daa8e81d2a781a3bb7832ff200ebd0cc01989f25ba6107afe35b1d7d9eaf9c4a",,"2025-01-30T15:15:00.000","30","TRAFFIC SIGNAL","FUNCTIONING PROPERLY","CLOUDY/OVERCAST","DAYLIGHT","ANGLE","FOUR WAY",,"STRAIGHT AND LEVEL","DRY","NO DEFECTS","NOT ON SCENE (DESK REPORT)","NO INJURY / DRIVE AWAY","Y",,,"$501 - $1,500","2025-01-30T16:04:00.000","IMPROPER LANE USAGE","NOT APPLICABLE","6800","N","RIDGE BLVD","2411",,,,,,,"2","NO INDICATION OF INJURY","0","0","0","0","0","2","0","15","5","1","42.0052314857","-87.6803381316","POINT (-87.680338131596 42.005231485732)"
"9c6459c9d6f2e803e37f88cec8581a76f566c0366f0ef161a9bf2273c374a7d34520b84b1dc13dd003c39a506e08d783f661208a54f20be228e1eb23918b026d",,"2025-01-30T15:13:00.000","30","TRAFFIC SIGNAL","FUNCTIONING PROPERLY","CLEAR","DAYLIGHT","REAR END","DIVIDED - W/MEDIAN (NOT RAISED)",,"STRAIGHT AND LEVEL","DRY","NO DEFECTS","NOT ON SCENE (DESK REPORT)","NO INJURY / DRIVE AWAY","Y",,,"OVER $1,500","2025-01-30T15:35:00.000","FOLLOWING TOO CLOSELY","PHYSICAL CONDITION OF DRIVER","2400","W","103RD ST","2211",,,,,,,"2","NO INDICATION OF INJURY","0","0","0","0","0","4","0","15","5","1","41.7064860624","-87.6816842972","POINT (-87.68168429716 41.706486062436)"
"8e923e063b0d5884db515912e66f05cb194ae02bdd6e0dd916a2e28ae30f3d97130b87988d26121ef26bd6b4d4c7f2fbea5499f6f928204c39154dd710f86aaa",,"2025-01-30T15:11:00.000","30","STOP SIGN/FLASHER","FUNCTIONING PROPERLY","RAIN","DAWN","ANGLE","NOT DIVIDED",,"STRAIGHT AND LEVEL","WET","UNKNOWN",,"INJURY AND / OR TOW DUE TO CRASH",,,"Y","OVER $1,500","2025-01-30T15:52:00.000","DRIVING SKILLS/KNOWLEDGE/EXPERIENCE","UNABLE TO DETERMINE","2723","W","71ST ST","831",,,,,,,"2","NONINCAPACITATING INJURY","1","0","0","1","0","1","0","15","5","1","41.7644516258","-87.6916485734","POINT (-87.691648573381 41.764451625845)"
"3cb988e6901fc375306c9a5355a5917bed2598168e9f734f4d012a1dacc0eb3742afb5d2ffe95b2bd1dfe384bd255509dc6560c0b4cf61b9c6bcdbfd3440fb5e",,"2025-01-30T15:08:00.000","30","NO CONTROLS","NO CONTROLS","CLEAR","DAYLIGHT","REAR END","NOT DIVIDED",,"STRAIGHT AND LEVEL","DRY","NO DEFECTS","NOT ON SCENE (DESK REPORT)","NO INJURY / DRIVE AWAY",,,"Y","OVER $1,500","2025-02-02T07:40:00.000","IMPROPER BACKING","NOT APPLICABLE","4751","N","NARRAGANSETT AVE","1622",,,,,,,"2","NO INDICATION OF INJURY","0","0","0","0","0","2","0","15","5","1","41.9680781416","-87.786605957","POINT (-87.786605957044 41.968078141598)"
"84fd0fee9527b7a36d2ac12b8bf65f75d8e341c16e3ac477a98b5e48f44559158e09944a4fc99bba9d777334d17b8010157f4affb797f70a2874aabda7e00d58",,"2025-01-30T15:00:00.000","10","OTHER","NO CONTROLS","CLEAR","DAYLIGHT","PARKED MOTOR VEHICLE","PARKING LOT",,"STRAIGHT AND LEVEL","DRY","NO DEFECTS","NOT ON SCENE (DESK REPORT)","NO INJURY / DRIVE AWAY",,"Y",,"OVER $1,500","2025-02-05T14:00:00.000","DRIVING SKILLS/KNOWLEDGE/EXPERIENCE","PHYSICAL CONDITION OF DRIVER","11130","S","CORLISS AVE","531",,,,,,,"2","NO INDICATION OF INJURY","0","0","0","0","0","1","0","15","5","1","41.6919576173","-87.6008511377","POINT (-87.600851137676 41.691957617262)"
"d5ad3a581d855eadaaea42bbccc909a14b89a67ba40782af5a0446f890f94d391137a4d47ff78f3c140a097f901b1f4949aa17feb686744ea86357f307c703e2",,"2025-01-30T15:00:00.000","30","NO CONTROLS","NO CONTROLS","RAIN","DAYLIGHT","PARKED MOTOR VEHICLE","NOT DIVIDED",,"STRAIGHT AND LEVEL","WET","NO DEFECTS","ON SCENE","INJURY AND / OR TOW DUE TO CRASH",,,,"OVER $1,500","2025-01-30T15:20:00.000","DISTRACTION - FROM INSIDE VEHICLE","NOT APPLICABLE","2348","E","83RD ST","414",,,,,,,"2","NO INDICATION OF INJURY","0","0","0","0","0","1","0","15","5","1","41.7445650048","-87.5666098033","POINT (-87.566609803329 41.744565004779)"
"00316f2e8a05624817c8c5773f02e23bd1d73811d697e9158882f00df9d7f8e2195bb849fe86424b2acae40520fec23031c3ee7fecd4c28ccf83701856213ec2",,"2025-01-30T14:55:00.000","25","NO CONTROLS","NO CONTROLS","CLEAR","DAYLIGHT","PARKED MOTOR VEHICLE","NOT DIVIDED",,"STRAIGHT AND LEVEL","DRY","NO DEFECTS","NOT ON SCENE (DESK REPORT)","NO INJURY / DRIVE AWAY",,,,"OVER $1,500","2025-01-30T15:45:00.000","UNABLE TO DETERMINE","UNABLE TO DETERMINE","6040","N","KILPATRICK AVE","1711",,,,,,,"2","NO INDICATION OF INJURY","0","0","0","0","0","2","0","14","5","1","41.9911733232","-87.7459913673","POINT (-87.74599136728 41.991173323165)"
"9f7374cb3f3d8471c3c6b269a984b9dfaf071d51f630e3482f5e97a29d5945032edb29139ec87461fbb571ad60291422aa311a886fddf4f810526bd3a69b5928",,"2025-01-30T14:50:00.000","20","NO CONTROLS","NO CONTROLS","CLEAR","DAYLIGHT","FIXED OBJECT","ALLEY",,"STRAIGHT AND LEVEL","UNKNOWN","UNKNOWN","ON SCENE","NO INJURY / DRIVE AWAY",,,"Y","OVER $1,500","2025-01-30T15:10:00.000","UNABLE TO DETERMINE","NOT APPLICABLE","2342","N","LOREL AVE","2515",,,,,,,"1","NO INDICATION OF INJURY","0","0","0","0","0","1","0","14","5","1","41.9235117702","-87.7599651094","POINT (-87.759965109443 41.923511770196)"
"c266b3fdef4217192074026da32ffe379b893ca1bb4100a185cecdaa8d322cc1c3b22867b22ae5c8fc1662f10512169e253b23e9062e66d40992a5bc9691920d",,"2025-01-30T14:45:00.000","30","NO CONTROLS","NO CONTROLS","CLEAR","DAYLIGHT","TURNING","DIVIDED - W/MEDIAN (NOT RAISED)",,"STRAIGHT AND LEVEL","DRY","NO DEFECTS","NOT ON SCENE (DESK REPORT)","NO INJURY / DRIVE AWAY",,,,"OVER $1,500","2025-01-30T15:10:00.000","IMPROPER TURNING/NO SIGNAL","FAILING TO YIELD RIGHT-OF-WAY","8700","S","STONY ISLAND AVE","412",,,,,,,"2","NO INDICATION OF INJURY","0","0","0","0","0","2","0","14","5","1","41.7368226302","-87.5857834203","POINT (-87.585783420329 41.736822630157)"
"c95570a55576dd2c54fc12b54e0933106d1c2524bcdaabd3b80e6165ee34c5a294bca98af0e58e4069d9b8c5899821a2bdde250eaa02e0fe0e4b88cb934e31bf",,"2025-01-30T14:45:00.000","30","TRAFFIC SIGNAL","NO CONTROLS","UNKNOWN","DAYLIGHT","ANGLE","OTHER",,"STRAIGHT AND LEVEL","UNKNOWN","UNKNOWN","NOT ON SCENE (DESK REPORT)","NO INJURY / DRIVE AWAY",,,"Y","OVER $1,500","2025-01-30T18:10:00.000","UNABLE TO DETERMINE","NOT APPLICABLE","4700","W","WASHINGTON BLVD","1113",,,,,,,"2","NO INDICATION OF INJURY","0","0","0","0","0","2","0","14","5","1","41.8819548871","-87.7429975836","POINT (-87.742997583599 41.881954887071)"
"0f35b2db169a1cdeb3c4c6c6feeb2e0a37dba4a01e3c966c8b56bffa994b292e1ebac019b085f78418d0a67c41879b3cf94d32f35b50defb584cb8fad9b0fe97",,"2025-01-30T14:41:00.000","20","NO CONTROLS","NO CONTROLS","CLEAR","DAYLIGHT","PARKED MOTOR VEHICLE","NOT DIVIDED",,"STRAIGHT AND LEVEL","DRY","UNKNOWN","ON SCENE","INJURY AND / OR TOW DUE TO CRASH",,,,"OVER $1,500","2025-01-30T14:42:00.000","DRIVING SKILLS/KNOWLEDGE/EXPERIENCE","UNABLE TO DETERMINE","5414","N","ORIOLE AVE","1613",,,,,,,"2","NO INDICATION OF INJURY","0","0","0","0","0","2","0","14","5","1","41.9783683841","-87.8170299013","POINT (-87.817029901347 41.978368384119)"
"3e53c6395d958fab24bf843cbb868fc5e6982138bcbbf5eacc4fe1efcad6e72ae6895cf14ff5a3521b93a953ff2069e605076e9d8f57c31ee56e644437db1fb3",,"2025-01-30T14:40:00.000","30","NO CONTROLS","NO CONTROLS","CLEAR","DAYLIGHT","PARKED MOTOR VEHICLE","ONE-WAY",,"STRAIGHT AND LEVEL","DRY","NO DEFECTS","NOT ON SCENE (DESK REPORT)","NO INJURY / DRIVE AWAY",,,,"$501 - $1,500","2025-01-30T16:25:00.000","UNABLE TO DETERMINE","UNABLE TO DETERMINE","321","N","CLARK ST","1831",,,,,,,"2","NO INDICATION OF INJURY","0","0","0","0","0","2","0","14","5","1","41.8880873531","-87.6308880745","POINT (-87.63088807453 41.888087353101)"
"fe89e4717d94e6304bda80d6595448261c2e4f19aaced320f8093e39fc08023d5556175f6573c59ced40ed507035ab256c37237f1a4bbef6cbe8c9da9b607558",,"2025-01-30T14:40:00.000","30","TRAFFIC SIGNAL","FUNCTIONING PROPERLY","CLEAR","DAYLIGHT","REAR END","FOUR WAY",,"STRAIGHT AND LEVEL","DRY","UNKNOWN","NOT ON SCENE (DESK REPORT)","INJURY AND / OR TOW DUE TO CRASH","Y",,,"OVER $1,500","2025-01-30T15:24:00.000","FAILING TO REDUCE SPEED TO AVOID CRASH","NOT APPLICABLE","440","W","RANDOLPH ST","121",,,,,,,"2","REPORTED, NOT EVIDENT","1","0","0","0","1","1","0","14","5","1","41.8845530189","-87.6396825824","POINT (-87.639682582397 41.884553018863)"