"crash_record_id","crash_date_est_i","crash_date","posted_speed_limit","traffic_control_device","device_condition","weather_condition","lighting_condition","first_crash_type","trafficway_type","lane_cnt","alignment","roadway_surface_cond","road_defect","report_type","crash_type","intersection_related_i","private_property_i","hit_and_run_i","damage","date_police_notified","prim_contributory_cause","sec_contributory_cause","street_no","street_direction","street_name","beat_of_occurrence","photos_taken_i","statements_taken_i","dooring_i","work_zone_i","work_zone_type","workers_present_i","num_units","most_severe_injury","injuries_total","injuries_fatal","injuries_incapacitating","injuries_non_incapacitating","injuries_reported_not_evident","injuries_no_indication","injuries_unknown","crash_hour","crash_day_of_week","crash_month","latitude","longitude","location"
"b0f0b16670fc54d144f1272b2b8baabaecfffd889d151eb34f80893f747820975c673a46b9ab99fbca4dc48a8501524abf957185ba3541e4212c08e6739fbd9f",,"2025-01-30T14:35:00.000","30","TRAFFIC SIGNAL","FUNCTIONING PROPERLY","CLEAR","DAYLIGHT","REAR TO SIDE","FOUR WAY",,"STRAIGHT AND LEVEL","DRY","NO DEFECTS","NOT ON SCENE (DESK REPORT)","NO INJURY / DRIVE AWAY","Y",,"Y","OVER $1,500","2025-01-30T16:50:00.000","UNABLE TO DETERMINE","NOT APPLICABLE","415","S","FINANCIAL PL","122",,,,,,,"2","NO INDICATION OF INJURY","0","0","0","0","0","2","0","14","5","1","41.8764799965","-87.6329563433","POINT (-87.63295634334 41.876479996476)"
"c93ff6103ace021d7ec0be5126e45b5c4a04f8dfa3dd3fda876b454d370c48b3648d874f07fc89ce6c93e15a99b9def1eaff4e749b40904417387616131381a1",,"2025-01-30T14:34:00.000","30","NO CONTROLS","NO CONTROLS","CLEAR","DAYLIGHT","PARKED MOTOR VEHICLE","ONE-WAY",,"STRAIGHT AND LEVEL","DRY","NO DEFECTS","ON SCENE","NO INJURY / DRIVE AWAY",,,"Y","OVER $1,500","2025-01-30T14:35:00.000","DRIVING SKILLS/KNOWLEDGE/EXPERIENCE","UNABLE TO DETERMINE","510","W","68TH ST","722",,,,,,,"3","NO INDICATION OF INJURY","0","0","0","0","0","1","0","14","5","1","41.7708742298","-87.6378087807","POINT (-87.637808780735 41.77087422984)"
"0a8dd05c35e641d828f846e42acd8598554d7e167e747867cb06cd769cec745cef275c4ece70b785d514cff8db392dcd6f33b4ec14ed69116bf0157baf3e61c7",,"2025-01-30T14:30:00.000","30","NO CONTROLS","NO CONTROLS","CLOUDY/OVERCAST","DAYLIGHT","PARKED MOTOR VEHICLE","NOT DIVIDED",,"STRAIGHT AND LEVEL","DRY","NO DEFECTS","NOT ON SCENE (DESK REPORT)","NO INJURY / DRIVE AWAY",,,,"$501 - $1,500","2025-01-30T15:30:00.000","IMPROPER BACKING","IMPROPER BACKING","2022","S","ARCHER AVE","914",,,,,,,"2","NO INDICATION OF INJURY","0","0","0","0","0","2","0","14","5","1","41.854955901","-87.6307812869","POINT (-87.630781286852 41.854955901017)"
"5631cecfcc2a78692d2f79dcafbbcdf281356a6d637e7b246c73ccf7cc987713312068057668aeccc2ad59d538d91761b3a76127d678ab75ab0855bc0c04c226",,"2025-01-30T14:30:00.000","10","UNKNOWN","UNKNOWN","CLEAR","UNKNOWN","REAR TO REAR","PARKING LOT",,"STRAIGHT AND LEVEL","DRY","UNKNOWN","NOT ON SCENE (DESK REPORT)","NO INJURY / DRIVE AWAY",,,"Y","$501 - $1,500","2025-01-30T15:05:00.000","UNABLE TO DETERMINE","NOT APPLICABLE","2350","W","95TH ST","2221",,,,,,,"2","NO INDICATION OF INJURY","0","0","0","0","0","2","0","14","5","1","41.721049906","-87.6817491179","POINT (-87.681749117857 41.721049906015)"
"a0bf5dc9b1fe55519f701f8e6ebc8e2dddd2af4b3d25c808f76a417dc19004a00bb7f51f17be21486a2bf43a8641a40f12f5b5bf7d3122375d989f14211ec01a",,"2025-01-30T14:30:00.000","30","TRAFFIC SIGNAL","FUNCTIONING PROPERLY","CLEAR","DAYLIGHT","REAR TO SIDE","FOUR WAY",,"STRAIGHT AND LEVEL","DRY","UNKNOWN","NOT ON SCENE (DESK REPORT)","NO INJURY / DRIVE AWAY",,,,"OVER $1,500","2025-01-31T11:00:00.000","IMPROPER BACKING","UNABLE TO DETERMINE","600","S","INDEPENDENCE BLVD","1133",,,,,,,"2","NO INDICATION OF INJURY","0","0","0","0","0","2","0","14","5","1","41.8734674235","-87.7205108596","POINT (-87.72051085957 41.873467423537)"
"ac25b281f6b57ec3a20aa09517fc5f3095c952a30b666b749df99f7522a74a4d0e8fe2a9c486921288357be30947eb313bca53f7be3215e4f25db847ea72ec4a",,"2025-01-30T14:30:00.000","30","TRAFFIC SIGNAL","FUNCTIONING PROPERLY","CLEAR","DAYLIGHT","SIDESWIPE SAME DIRECTION","NOT DIVIDED",,"STRAIGHT AND LEVEL","UNKNOWN","NO DEFECTS",,"NO INJURY / DRIVE AWAY",,,,"OVER $1,500","2025-01-31T13:30:00.000","FAILING TO YIELD RIGHT-OF-WAY","UNABLE TO DETERMINE","4401","N","PULASKI RD","1723",,,,,,,"2","NO INDICATION OF INJURY","0","0","0","0","0","2","0","14","5","1","41.9610283804","-87.7276833905","POINT (-87.72768339047 41.961028380381)"
"ac417427b31ef0591266625d3f18a3f7ca17bd099ca803f80ef03e63bfbf96136856f67328947b466d9f621272b2341e33bfc63a000e8eeb47f227c276382511",,"2025-01-30T14:30:00.000","30","NO CONTROLS","NO CONTROLS","CLOUDY/OVERCAST","DAYLIGHT","PARKED MOTOR VEHICLE","DIVIDED - W/MEDIAN (NOT RAISED)",,"STRAIGHT AND LEVEL","DRY","NO DEFECTS","NOT ON SCENE (DESK REPORT)","NO INJURY / DRIVE AWAY",,,"Y","OVER $1,500","2025-01-30T17:30:00.000","UNABLE TO DETERMINE","UNABLE TO DETERMINE","4137","W","MADISON ST","1115",,,,,,,"2","NO INDICATION OF INJURY","0","0","0","0","0","1","0","14","5","1","41.880568266","-87.7296102341","POINT (-87.729610234103 41.880568265986)"
"13e0f0cece6b1075177c59a35b17be8b20b9888160fe453b9a248dff163778f3fb969c468f7efcb6b346dd9779edbba1ab62d39e94e8b9840513f77628272b19",,"2025-01-30T14:15:00.000","30","NO CONTROLS","NO CONTROLS","CLEAR","DAYLIGHT","PEDESTRIAN","ONE-WAY",,"STRAIGHT AND LEVEL","DRY","UNKNOWN","ON SCENE","INJURY AND / OR TOW DUE TO CRASH",,,"Y","$500 OR LESS","2025-01-30T14:30:00.000","FAILING TO REDUCE SPEED TO AVOID CRASH","DRIVING SKILLS/KNOWLEDGE/EXPERIENCE","1556","E","56TH ST","235",,,,,,,"2","NONINCAPACITATING INJURY","1","0","0","1","0","1","0","14","5","1","41.7934745999","-87.5868632753","POINT (-87.58686327533 41.793474599921)"
"2911b83869d67fb5fdbfd5add88ebdedce7498de1368106f3c3252188601a67366b21bc00075727c3fd4637fbe9ba4ef38e11f5a48d2613ead3dac50d2b4870c",,"2025-01-30T14:14:00.000","30","TRAFFIC SIGNAL","FUNCTIONING PROPERLY","CLEAR","DAYLIGHT","REAR END","DIVIDED - W/MEDIAN (NOT RAISED)",,"STRAIGHT AND LEVEL","DRY","UNKNOWN","NOT ON SCENE (DESK REPORT)","NO INJURY / DRIVE AWAY",,,,"OVER $1,500","2025-01-30T14:45:00.000","FOLLOWING TOO CLOSELY","NOT APPLICABLE","5720","N","CENTRAL AVE","1622",,,,,,,"2","NO INDICATION OF INJURY","0","0","0","0","0","2","0","14","5","1","41.9853412689","-87.7684406976","POINT (-87.768440697641 41.985341268905)"
"4d9349aa7cdc50ee6881143913d816f37eff4ca09676350fb1cf15366f7062f7e767679ce817056945ade89f555006f84336601ed582c19c97595cf0dd014407",,"2025-01-30T14:14:00.000","30","NO CONTROLS","NO CONTROLS","CLOUDY/OVERCAST","DAYLIGHT","ANGLE","NOT DIVIDED",,"STRAIGHT AND LEVEL","DRY","NO DEFECTS","NOT ON SCENE (DESK REPORT)","NO INJURY / DRIVE AWAY",,,,"$501 - $1,500","2025-01-30T18:30:00.000","IMPROPER LANE USAGE","NOT APPLICABLE","365","W","BELMONT AVE","1934",,,,,,,"2","NO INDICATION OF INJURY","0","0","0","0","0","2","0","14","5","1","41.9400322387","-87.6394985253","POINT (-87.639498525284 41.94003223873)"
"2931bf5c26202d7ecababd1558b951b0c7518e4a3f9fd81e8181a28027d6ae5ac8caaf46a021e0b9b76595dd3c7008750c1e79ba87f24800d161df13ec902939",,"2025-01-30T14:10:00.000","15","NO CONTROLS","NO CONTROLS","CLEAR","DAYLIGHT","PARKED MOTOR VEHICLE","PARKING LOT",,"STRAIGHT AND LEVEL","UNKNOWN","UNKNOWN","NOT ON SCENE (DESK REPORT)","NO INJURY / DRIVE AWAY",,,,"OVER $1,500","2025-01-30T15:13:00.000","DRIVING SKILLS/KNOWLEDGE/EXPERIENCE","DRIVING SKILLS/KNOWLEDGE/EXPERIENCE","2006","E","95TH ST","413",,,,,,,"2","NO INDICATION OF INJURY","0","0","0","0","0","1","0","14","5","1","41.7225820567","-87.575041988","POINT (-87.575041988021 41.722582056747)"
"0c599b4d0c2e14d1d8ab95784d2a03e518a8911cad36004e63e912761934a8334f0606d5966943ba364f9240641913f508fe4ba6933fd2f9d77e93e731d813b6",,"2025-01-30T14:00:00.000","10","NO CONTROLS","NO CONTROLS","CLEAR","DAYLIGHT","REAR TO SIDE","PARKING LOT",,"STRAIGHT AND LEVEL","DRY","NO DEFECTS","ON SCENE","NO INJURY / DRIVE AWAY",,,"N","OVER $1,500","2025-01-30T15:35:00.000","FAILING TO YIELD RIGHT-OF-WAY","NOT APPLICABLE","5441","N","EAST RIVER RD","1614",,"N",,,,,"2","NO INDICATION OF INJURY","0","0","0","0","0","2","0","14","5","1","41.9783071461","-87.846315578","POINT (-87.846315578024 41.978307146086)"
"b857f43ab9205eec68d9fd2b2c086dabc753a970dc20c7f1104c6c6de5a282b4fcadc9efa789a87e7061eff5c78bcdebb1bfa1d1222c18c4db7c3237ddcb0ed8",,"2025-01-30T13:51:00.000","30","TRAFFIC SIGNAL","FUNCTIONING PROPERLY","CLEAR","DAYLIGHT","TURNING","FOUR WAY",,"STRAIGHT AND LEVEL","DRY","NO DEFECTS","ON SCENE","INJURY AND / OR TOW DUE TO CRASH","Y",,,"OVER $1,500","2025-01-30T14:43:00.000","PHYSICAL CONDITION OF DRIVER","DRIVING SKILLS/KNOWLEDGE/EXPERIENCE","7160","N","WESTERN AVE","2411",,,,,,,"2","NONINCAPACITATING INJURY","1","0","0","1","0","1","0","13","5","1","42.0122348053","-87.6903940418","POINT (-87.69039404184 42.012234805256)"
"2d787af34037f67e7e9c73b06106532c1d1fe9e970738fd78131fdf778a794516aef3d04a9a1561216d17678d2769bdf646aef6fd0b9541b71ba83af4dd41704",,"2025-01-30T13:50:00.000","20","STOP SIGN/FLASHER","FUNCTIONING PROPERLY","CLOUDY/OVERCAST","DAYLIGHT","SIDESWIPE SAME DIRECTION","NOT DIVIDED",,"STRAIGHT AND LEVEL","DRY","NO DEFECTS","ON SCENE","NO INJURY / DRIVE AWAY",,,"Y","$500 OR LESS","2025-01-30T13:55:00.000","DRIVING SKILLS/KNOWLEDGE/EXPERIENCE","UNABLE TO DETERMINE","6618","S","NORMAL BLVD","722",,,,,,,"2","NO INDICATION OF INJURY","0","0","0","0","0","3","0","13","5","1","41.7737973739","-87.6369827929","POINT (-87.636982792919 41.773797373909)"
"45a30e7ef665003c0748abbee6d0705308d452a4fa8194ce76da0280d4ef09f88bc1c78809bd33691ed6fc779ac42071d1efcf607ac7ce6494fdd6056eefac3f",,"2025-01-30T13:50:00.000","30","TRAFFIC SIGNAL","FUNCTIONING PROPERLY","CLEAR","DAYLIGHT","REAR END","NOT DIVIDED",,"STRAIGHT AND LEVEL","DRY","NO DEFECTS","NOT ON SCENE (DESK REPORT)","NO INJURY / DRIVE AWAY",,,,"OVER $1,500","2025-01-30T14:00:00.000","FOLLOWING TOO CLOSELY","DRIVING SKILLS/KNOWLEDGE/EXPERIENCE","4500","N","MILWAUKEE AVE","1623",,,,,,,"2","NO INDICATION OF INJURY","0","0","0","0","0","2","0","13","5","1","41.9624378638","-87.7562186875","POINT (-87.75621868751 41.962437863792)"
"809600d48b346b5b70ec7cdd16cc0329c7c534c49bdd4e3438742541c693eae03d2277850557314fcc12de69b39e7389c4afc11be5540b6f27f7f50ae462f332",,"2025-01-30T13:50:00.000","25","NO CONTROLS","NO CONTROLS","CLEAR","DAYLIGHT","TURNING","NOT DIVIDED",,"STRAIGHT AND LEVEL","DRY","NO DEFECTS","ON SCENE","NO INJURY / DRIVE AWAY",,,"Y","OVER $1,500","2025-01-30T14:04:00.000","IMPROPER TURNING/NO SIGNAL","UNABLE TO DETERMINE","520","N","MARSHFIELD AVE","1215",,,,,,,"2","NO INDICATION OF INJURY","0","0","0","0","0","2","0","13","5","1","41.8916241257","-87.6685321636","POINT (-87.668532163583 41.891624125683)"
"d3ebfb0efdf787d0fa5a472da16fb16c5fe8ac00bfa6aa2e92b37f0c5ac49b6cc511733eee6babb030cbc12ba82d7f737ebf13d420a2bc268398f657731726c2",,"2025-01-30T13:50:00.000","30","NO CONTROLS","NO CONTROLS","CLEAR","DAYLIGHT","ANGLE","PARKING LOT",,"STRAIGHT AND LEVEL","DRY","NO DEFECTS","NOT ON SCENE (DESK REPORT)","NO INJURY / DRIVE AWAY",,,"Y","OVER $1,500","2025-01-31T11:25:00.000","FAILING TO YIELD RIGHT-OF-WAY","IMPROPER TURNING/NO SIGNAL","1739","W","CERMAK RD","1034",,,,,,,"2","NO INDICATION OF INJURY","0","0","0","0","0","2","0","13","5","1","41.8521511995","-87.6700746019","POINT (-87.670074601947 41.852151199487)"
"dbd16fe5fd0e1c23fc0847798971696fa12138d07c75e98b58c6a71f77bafd91b06e79f17e9f8c9a5190fdb3b6934129f196d9792d1534e20a94e51c1d5bc6c8",,"2025-01-30T13:45:00.000","30","TRAFFIC SIGNAL","FUNCTIONING PROPERLY","CLEAR","DAYLIGHT","REAR END","FOUR WAY",,"STRAIGHT AND LEVEL","DRY","UNKNOWN","NOT ON SCENE (DESK REPORT)","NO INJURY / DRIVE AWAY",,,,"$500 OR LESS","2025-01-30T14:30:00.000","FOLLOWING TOO CLOSELY","NOT APPLICABLE","1949","W","FULLERTON AVE","1432","Y","Y",,,,,"2","NO INDICATION OF INJURY","0","0","0","0","0","2","0","13","5","1","41.9249192807","-87.6776679414","POINT (-87.677667941394 41.924919280698)"
"a091a91788268c10dbde556dc4c09d86d30003867f3ad4bd29467b4f09e55359716fee2e0018fb34fea03d7b291bf2a53ffafa766ec78b57c578742f6de42ccd",,"2025-01-30T13:25:00.000","30","TRAFFIC SIGNAL","FUNCTIONING PROPERLY","CLEAR","DAYLIGHT","TURNING","NOT DIVIDED",,"STRAIGHT AND LEVEL","DRY","NO DEFECTS","NOT ON SCENE (DESK REPORT)","NO INJURY / DRIVE AWAY",,,"Y","OVER $1,500","2025-01-30T13:42:00.000","IMPROPER TURNING/NO SIGNAL","NOT APPLICABLE","5900","S","WESTERN AVE","824",,,,,,,"2","NO INDICATION OF INJURY","0","0","0","0","0","2","0","13","5","1","41.7864371748","-87.6839752465","POINT (-87.683975246481 41.786437174774)"
"79fb1f874ad539f20940405fed1f26fc3d48a05d831997576821626ef46689a9068ce6f7bd76adf395e617ca9c2fa3ac1178ee37cbd5cf60ae1ea80b5d05af4e",,"2025-01-30T13:20:00.000","30","TRAFFIC SIGNAL","FUNCTIONING PROPERLY","CLEAR","DAYLIGHT","SIDESWIPE SAME DIRECTION","FOUR WAY",,"STRAIGHT AND LEVEL","DRY","NO DEFECTS","NOT ON SCENE (DESK REPORT)","NO INJURY / DRIVE AWAY",,,"Y","OVER $1,500","2025-01-30T14:26:00.000","FAILING TO YIELD RIGHT-OF-WAY","NOT APPLICABLE","538","E","111TH ST","513",,,,,,,"2","NO INDICATION OF INJURY","0","0","0","0","0","2","0","13","5","1","41.6928858116","-87.6094239158","POINT (-87.609423915751 41.692885811552)"
"83a4dbe5d88c4b1f5071df89b68fc2a0659976bc78e75b7f7bb632193b854c9c370716562dd964f26dcbd487eb00831a1a992e0efcd2046e7a48768a51317c8e",,"2025-01-30T13:20:00.000","35","TRAFFIC SIGNAL","FUNCTIONING PROPERLY","CLEAR","DAYLIGHT","TURNING","FOUR WAY",,"STRAIGHT AND LEVEL","DRY","NO DEFECTS","ON SCENE","INJURY AND / OR TOW DUE TO CRASH","Y",,"Y","OVER $1,500","2025-01-30T13:25:00.000","FAILING TO YIELD RIGHT-OF-WAY","UNABLE TO DETERMINE","1600","E","103RD ST","431",,,,,,,"2","NO INDICATION OF INJURY","0","0","0","0","0","2","0","13","5","1","41.7078998865","-87.5848228888","POINT (-87.584822888781 41.707899886453)"
"d0e784db19c2a3f0dfa05dac93d35394861e0daef65103ed3972a24a439df32a40f3786240e842297236d998702b6debb7b07e2b0e8fb9feb107e94b67af75bd",,"2025-01-30T13:01:00.000","30","NO CONTROLS","NO CONTROLS","CLEAR","DAYLIGHT","PEDESTRIAN","ONE-WAY",,"STRAIGHT AND LEVEL","DRY","NO DEFECTS","ON SCENE","INJURY AND / OR TOW DUE TO CRASH",,,"Y","OVER $1,500","2025-01-30T13:01:00.000","UNABLE TO DETERMINE","UNABLE TO DETERMINE","11055","S","EMERALD AVE","2233",,,,,,,"2","INCAPACITATING INJURY","1","0","1","0","0","1","0","13","5","1","41.6925758747","-87.6410248079","POINT (-87.641024807866 41.692575874665)"
"083ea6fff59084ebd77126c7ee77f4f56f46da2b86a85806157ee6b703d8c524edf13b629977074b23626e4039c90a5806774d8750bb146dfd3e13c3a9799552",,"2025-01-30T13:00:00.000","30","NO CONTROLS","NO CONTROLS","CLEAR","DAYLIGHT","TURNING","NOT DIVIDED",,"STRAIGHT AND LEVEL","DRY","UNKNOWN","ON SCENE","INJURY AND / OR TOW DUE TO CRASH",,,,"OVER $1,500","2025-01-30T13:54:00.000","FAILING TO YIELD RIGHT-OF-WAY","FAILING TO YIELD RIGHT-OF-WAY","3047","S","KEDZIE AVE","1033",,,,,,,"2","NO INDICATION OF INJURY","0","0","0","0","0","2","0","13","5","1","41.8376660508","-87.7046880332","POINT (-87.704688033221 41.837666050772)"
"290e90c25f8fa15b303bc8ffcd4e2636ce59199b3832765a8baf9742ad96f10af77b2767eca44d409246afea7fee7a5e84aa0d019f6acc7292aa4abb93597119",,"2025-01-30T13:00:00.000","30","TRAFFIC SIGNAL","FUNCTIONING PROPERLY","CLEAR","DAYLIGHT","REAR TO FRONT","FOUR WAY",,"STRAIGHT AND LEVEL","DRY","NO DEFECTS","ON SCENE","NO INJURY / DRIVE AWAY","Y",,,"$501 - $1,500","2025-01-30T13:00:00.000","IMPROPER BACKING","DRIVING SKILLS/KNOWLEDGE/EXPERIENCE","5197","N","CICERO AVE","1712",,,,,,,"2","NO INDICATION OF INJURY","0","0","0","0","0","2","0","13","5","1","41.9752573377","-87.7478414338","POINT (-87.747841433843 41.975257337683)"
"aa4830ff5e70c9b57e9672b270a7ab2167cd8ef775c19f3eec001e95d1f74a04363de5be3d74638352ebc3147c64bf91c04453548d72f22f6d8103f9dd714144",,"2025-01-30T13:00:00.000","30","TRAFFIC SIGNAL","FUNCTIONING PROPERLY","CLEAR","DAYLIGHT","REAR END","FOUR WAY",,"STRAIGHT AND LEVEL","DRY","NO DEFECTS","NOT ON SCENE (DESK REPORT)","NO INJURY / DRIVE AWAY","Y",,,"OVER $1,500","2025-01-30T13:20:00.000","UNABLE TO DETERMINE","UNABLE TO DETERMINE","2401","W","OGDEN AVE","1023",,,,,,,"2","NO INDICATION OF INJURY","0","0","0","0","0","2","0","13","5","1","41.8646467296","-87.6860025122","POINT (-87.686002512195 41.864646729616)"
"f3bceffcfb628d5e3242f2590b606918a2f1e275bc02919191031f1c203b48183c3c2f4015740891a3cf668123f3385abba0d793a79a2b10c9c25f6ab15e0147",,"2025-01-30T12:50:00.000","30","NO CONTROLS","NO CONTROLS","CLEAR","DAYLIGHT","ANGLE","NOT DIVIDED",,"STRAIGHT AND LEVEL","DRY","NO DEFECTS","ON SCENE","NO INJURY / DRIVE AWAY",,,,"OVER $1,500","2025-01-30T12:55:00.000","UNABLE TO DETERMINE","UNABLE TO DETERMINE","2342","W","99TH ST","2213",,,,,,,"2","NO INDICATION OF INJURY","0","0","0","0","0","3","0","12","5","1","41.713766353","-87.6811488198","POINT (-87.681148819843 41.713766353024)"
"97e9c2479dd062b6bf5d84574223beeace427352030f90ba604cf11f403b6f779e08a9dd0f8536be26a3fdf59ae125039bcede6863239f198b27f1015656e4c2",,"2025-01-30T12:48:00.000","30","NO CONTROLS","NO CONTROLS","CLOUDY/OVERCAST","DAYLIGHT","REAR END","NOT DIVIDED",,"STRAIGHT AND LEVEL","DRY","NO DEFECTS","NOT ON SCENE (DESK REPORT)","NO INJURY / DRIVE AWAY",,,,"$501 - $1,500","2025-01-30T14:15:00.000","FOLLOWING TOO CLOSELY","NOT APPLICABLE","6304","N","NAGLE AVE","1611",,,,,,,"2","NO INDICATION OF INJURY","0","0","0","0","0","2","0","12","5","1","41.9957397646","-87.7876404676","POINT (-87.787640467596 41.995739764617)"
"6b91fcda603eae4cac1b2df70027e9821e9fd8e6cd0ecff05ac129fae0c757852369edb12ab14fb9c586c259711f148c3ddc22518a045f989788eb54edbc5bec",,"2025-01-30T12:45:00.000","30","TRAFFIC SIGNAL","FUNCTIONING PROPERLY","CLEAR","DAYLIGHT","TURNING","FOUR WAY",,"STRAIGHT AND LEVEL","DRY","NO DEFECTS","ON SCENE","INJURY AND / OR TOW DUE TO CRASH","Y",,,"$501 - $1,500","2025-01-30T12:55:00.000","NOT APPLICABLE","NOT APPLICABLE","500","S","HOMAN AVE","1133",,,,,,,"2","REPORTED, NOT EVIDENT","1","0","0","0","1","2","0","12","5","1","41.874532943","-87.7109540381","POINT (-87.710954038087 41.874532943005)"
"a59e14000beb81118110597f3828146707934b4ae4fbb1a227f03e8a738e741b7d01c75d6580c25f81ccf8b3193e367096cc795d0018d8cba4a559ed56fcfdb6",,"2025-01-30T12:34:00.000","30","NO CONTROLS","NO CONTROLS","CLEAR","DAYLIGHT","FIXED OBJECT","ONE-WAY",,"STRAIGHT AND LEVEL","DRY","NO DEFECTS","ON SCENE","NO INJURY / DRIVE AWAY",,,,"OVER $1,500","2025-01-30T12:41:00.000","UNABLE TO DETERMINE","UNABLE TO DETERMINE","745","W","98TH PL","2223",,,,,,,"1","NO INDICATION OF INJURY","0","0","0","0","0","1","0","12","5","1","41.7150186442","-87.6423871716","POINT (-87.642387171611 41.71501864425)"
"93331dae216884187b855fd91a288724c72993da72aa8ecc92f39a1e79825bf507a1a3a08ede46c44e947513cff0ddb68ecd40b62dfeab216ebd30cd5d22ef92",,"2025-01-30T12:30:00.000","35","TRAFFIC SIGNAL","FUNCTIONING PROPERLY","CLEAR","DAYLIGHT","REAR END","DIVIDED - W/MEDIAN (NOT RAISED)",,"STRAIGHT AND LEVEL","DRY","NO DEFECTS","NOT ON SCENE (DESK REPORT)","NO INJURY / DRIVE AWAY",,,,"OVER $1,500","2025-01-30T13:10:00.000","FOLLOWING TOO CLOSELY","UNABLE TO DETERMINE","7500","S","ELLIS AVE","624",,,,,,,"2","NO INDICATION OF INJURY","0","0","0","0","0","2","0","12","5","1","41.7585407228","-87.6006593536","POINT (-87.600659353586 41.758540722848)"
"a2baeff5cfe7ba1f2a0adc4a21532b640fc28d58366ba6782bce8936942a45d05b709aac4116a14cfc517520a35e6b7b2d1308de6c1cff613b5d8c3f8e5d0680",,"2025-01-30T12:30:00.000","30","TRAFFIC SIGNAL","FUNCTIONING PROPERLY","CLOUDY/OVERCAST","DAYLIGHT","REAR END","NOT DIVIDED",,"STRAIGHT AND LEVEL","DRY","NO DEFECTS","NOT ON SCENE (DESK REPORT)","NO INJURY / DRIVE AWAY","Y",,,"$501 - $1,500","2025-01-30T12:45:00.000","NOT APPLICABLE","NOT APPLICABLE","9100","S","ASHLAND AVE","2221",,,,,,,"2","NO INDICATION OF INJURY","0","0","0","0","0","3","0","12","5","1","41.728389214","-87.6629956527","POINT (-87.662995652744 41.728389213977)"
"7d6b2882067211fe23484b2f0abeaa03f90d65e0c442895dc912264a3b462564ed4f619432d99b3d174a641abf8be4283524baa29c0895ee96631b8043123423",,"2025-01-30T12:23:00.000","30","UNKNOWN","UNKNOWN","UNKNOWN","UNKNOWN","PARKED MOTOR VEHICLE","NOT DIVIDED",,"STRAIGHT AND LEVEL","UNKNOWN","UNKNOWN","NOT ON SCENE (DESK REPORT)","NO INJURY / DRIVE AWAY",,,"Y","OVER $1,500","2025-02-01T18:00:00.000","DRIVING SKILLS/KNOWLEDGE/EXPERIENCE","UNABLE TO DETERMINE","5305","W","CARMEN AVE","1623",,,,,,,"2","NO INDICATION OF INJURY","0","0","0","0","0","1","0","12","5","1","41.9732599373","-87.7604067083","POINT (-87.760406708323 41.973259937337)"
"73f79800f329083fd80cedb65886a462805199ac5d0122a886f066af21a0c1194f12e9df6a1e1f9e62ffa81fdc06ea45019f1142d5ceb80caa7713bcf36f79b0",,"2025-01-30T12:20:00.000","30","NO CONTROLS","NO CONTROLS","CLEAR","DAYLIGHT","PARKED MOTOR VEHICLE","NOT DIVIDED",,"STRAIGHT AND LEVEL","DRY","UNKNOWN",,"NO INJURY / DRIVE AWAY",,,"Y","OVER $1,500","2025-01-30T16:30:00.000","IMPROPER BACKING","DRIVING SKILLS/KNOWLEDGE/EXPERIENCE","1700","N","DAYTON ST","1813",,,,,,,"2","NO INDICATION OF INJURY","0","0","0","0","0","1","0","12","5","1","41.9128106736","-87.6496937352","POINT (-87.649693735225 41.91281067362)"
"203916e9ca571b3c78f075af43f7021e63532d18a6b2e421840756b60df4c5885ef064edf953a949db69e7da55ecf14cd72994efc916927f29271d0fbd14764a",,"2025-01-30T12:15:00.000","25","STOP SIGN/FLASHER","NO CONTROLS","CLEAR","DAYLIGHT","REAR END","NOT DIVIDED",,"STRAIGHT AND LEVEL","DRY","NO DEFECTS","ON SCENE","NO INJURY / DRIVE AWAY",,,"Y","OVER $1,500","2025-01-30T12:52:00.000","UNABLE TO DETERMINE","NOT APPLICABLE","8465","W","LELAND AVE","1614",,,,,,,"2","NO INDICATION OF INJURY","0","0","0","0","0","2","0","12","5","1","41.9650122173","-87.8393714725","POINT (-87.839371472519 41.965012217339)"
"2d4bd282315bb30304cf2f1c175f7321ca106634b37cb0af7a008d8c7a2d4c839e7178be9b9934a86f0fc92619bc681ed242ee8d1c7db45899d6ae5632d78a24",,"2025-01-30T12:06:00.000","25","NO CONTROLS","NO CONTROLS","UNKNOWN","UNKNOWN","PARKED MOTOR VEHICLE","ONE-WAY",,"STRAIGHT AND LEVEL","DRY","UNKNOWN","NOT ON SCENE (DESK REPORT)","NO INJURY / DRIVE AWAY",,,"N","$501 - $1,500","2025-02-04T14:57:00.000","UNABLE TO DETERMINE","UNABLE TO DETERMINE","193","W","LAKE ST","122",,,,,,,"2","NO INDICATION OF INJURY","0","0","0","0","0","1","0","12","5","1","41.885619737","-87.6336885305","POINT (-87.633688530487 41.885619737012)"
"124442e82b9f6976100e24d29c304f2f18d1f299d5046d4c430124d15b11100a98cf48cf2cd5014e99e427800c7b65de7995f9f9503c4258e0abb1db0f501e45",,"2025-01-30T12:00:00.000","20","NO CONTROLS","NO CONTROLS","CLEAR","DAYLIGHT","PARKED MOTOR VEHICLE","ONE-WAY",,"STRAIGHT AND LEVEL","DRY","NO DEFECTS","NOT ON SCENE (DESK REPORT)","NO INJURY / DRIVE AWAY",,,"Y","$501 - $1,500","2025-01-30T13:04:00.000","UNABLE TO DETERMINE","UNABLE TO DETERMINE","2418","N","LOTUS AVE","2515",,,,,,,"2","NO INDICATION OF INJURY","0","0","0","0","0","1","0","12","5","1","41.9246246506","-87.7624658355","POINT (-87.76246583546 41.924624650583)"