"crash_record_id","crash_date_est_i","crash_date","posted_speed_limit","traffic_control_device","device_condition","weather_condition","lighting_condition","first_crash_type","trafficway_type","lane_cnt","alignment","roadway_surface_cond","road_defect","report_type","crash_type","intersection_related_i","private_property_i","hit_and_run_i","damage","date_police_notified","prim_contributory_cause","sec_contributory_cause","street_no","street_direction","street_name","beat_of_occurrence","photos_taken_i","statements_taken_i","dooring_i","work_zone_i","work_zone_type","workers_present_i","num_units","most_severe_injury","injuries_total","injuries_fatal","injuries_incapacitating","injuries_non_incapacitating","injuries_reported_not_evident","injuries_no_indication","injuries_unknown","crash_hour","crash_day_of_week","crash_month","latitude","longitude","location"
"1916d7c97789093beaf4eef8ae09e6cf367acf4754247455300b7a50114a9711eec402b746d605ba6f62f079714c678a23e2d0ce08843eb2e2dea7f4a7da3306","N","2025-01-30T12:00:00.000","30","TRAFFIC SIGNAL","FUNCTIONING PROPERLY","CLEAR","DAYLIGHT","PARKED MOTOR VEHICLE","DIVIDED - W/MEDIAN (NOT RAISED)",,"STRAIGHT AND LEVEL","DRY","NO DEFECTS","ON SCENE","NO INJURY / DRIVE AWAY",,,,"$500 OR LESS","2025-01-30T14:00:00.000","DRIVING SKILLS/KNOWLEDGE/EXPERIENCE","NOT APPLICABLE","1521","E","55TH ST","235",,,,,,,"2","NO INDICATION OF INJURY","0","0","0","0","0","1","0","12","5","1","41.7950820968","-87.5882681232","POINT (-87.588268123165 41.795082096806)"
"5a2cf1431e5259b91d65f8ab859ee56ee099db6b14e3c42f708f125dc5368a1a91e26eb2b172e294a3e1494472c62c1cabaac985047633af09bade3af0b431f9",,"2025-01-30T12:00:00.000","30","NO CONTROLS","NO CONTROLS","CLEAR","DAYLIGHT","PARKED MOTOR VEHICLE","NOT DIVIDED",,"STRAIGHT AND LEVEL","DRY","NO DEFECTS","ON SCENE","NO INJURY / DRIVE AWAY",,,,"$501 - $1,500","2025-01-30T12:10:00.000","IMPROPER BACKING","UNABLE TO DETERMINE","203","N","LA SALLE ST","122",,,,,,,"2","NO INDICATION OF INJURY","0","0","0","0","0","1","0","12","5","1","41.8858220479","-87.6323037351","POINT (-87.632303735086 41.885822047853)"
"820c7e48cd9969b868be21ebebec51aa16a87e2b9eb24158867e032f34e2e8ee28ad55d73c8401e1a3d9cec52781d933b203e885c33d683d05b572212f4994c0",,"2025-01-30T12:00:00.000","30","NO CONTROLS","NO CONTROLS","UNKNOWN","DAYLIGHT","ANGLE","NOT DIVIDED",,"STRAIGHT AND LEVEL","UNKNOWN","UNKNOWN","NOT ON SCENE (DESK REPORT)","NO INJURY / DRIVE AWAY",,,"Y","OVER $1,500","2025-01-30T13:43:00.000","FAILING TO REDUCE SPEED TO AVOID CRASH","DRIVING SKILLS/KNOWLEDGE/EXPERIENCE","6700","S","WESTERN AVE","832",,,,,,,"2","NO INDICATION OF INJURY","0","0","0","0","0","2","0","12","5","1","41.7718840277","-87.6835884021","POINT (-87.683588402063 41.771884027712)"
"aa010e4e99bb21aa3118270b48ff0616edb1c7c299041109202af243c45c3fca2158dd677ed5473fec72d8abd5088c8a3e0831e4b1fb6f0e83112b94823fb36a","Y","2025-01-30T12:00:00.000","30","NO CONTROLS","NO CONTROLS","CLEAR","DAYLIGHT","PARKED MOTOR VEHICLE","NOT DIVIDED",,"STRAIGHT AND LEVEL","DRY","NO DEFECTS","ON SCENE","NO INJURY / DRIVE AWAY",,,"Y","OVER $1,500","2025-01-30T12:59:00.000","FOLLOWING TOO CLOSELY","FAILING TO REDUCE SPEED TO AVOID CRASH","3401","W","DEVON AVE","1711",,,,,,,"2","NO INDICATION OF INJURY","0","0","0","0","0","1","0","12","5","1","41.9971983987","-87.714346233","POINT (-87.714346233033 41.997198398678)"
"05898e6a3cbc64f8a383d64c4d7f15c251edbecc5b266057c721fb80e48f4b6fec4960a1fd3177aba9172969c01136550b3fcf164fde349e4efaf68e4feefadc",,"2025-01-30T11:55:00.000","30","UNKNOWN","NO CONTROLS","CLEAR","DAYLIGHT","TURNING","NOT DIVIDED",,"STRAIGHT AND LEVEL","DRY","NO DEFECTS","NOT ON SCENE (DESK REPORT)","NO INJURY / DRIVE AWAY",,,"Y","OVER $1,500","2025-01-31T09:46:00.000","FAILING TO YIELD RIGHT-OF-WAY","FAILING TO YIELD RIGHT-OF-WAY","6305","S","SPRINGFIELD AVE","823",,,,,,,"2","NO INDICATION OF INJURY","0","0","0","0","0","2","0","11","5","1","41.7785124279","-87.720155837","POINT (-87.720155836968 41.778512427863)"
"c1ab3b6272d88175e7040085a920e0ae3f10b0083689101fed110fe8d8815e71dae3d5bf94ae05d97310078168ecb49085d145010d56bbf0523551ffd6d2af59",,"2025-01-30T11:46:00.000","25","NO CONTROLS","NO CONTROLS","CLEAR","DAYLIGHT","FIXED OBJECT","DRIVEWAY",,"STRAIGHT AND LEVEL","DRY","NO DEFECTS","NOT ON SCENE (DESK REPORT)","INJURY AND / OR TOW DUE TO CRASH",,"Y",,"OVER $1,500","2025-01-30T14:30:00.000","UNABLE TO DETERMINE","UNABLE TO DETERMINE","9119","S","EXCHANGE AVE","423","Y","N",,,,,"1","NONINCAPACITATING INJURY","2","0","0","2","0","0","0","11","5","1","41.7294571201","-87.5524778182","POINT (-87.552477818197 41.729457120088)"
"df322d8ed9d6494b454b63be93826e6bfa1ce74fc82111131a524b1007cd504ded48d5828e585899d34c7ef8e6848e189b685eeaebc551ae07f52e797b142bb5",,"2025-01-30T11:35:00.000","30","TRAFFIC SIGNAL","FUNCTIONING PROPERLY","CLEAR","DAYLIGHT","ANGLE","DIVIDED - W/MEDIAN (NOT RAISED)",,"STRAIGHT AND LEVEL","DRY","NO DEFECTS","ON SCENE","INJURY AND / OR TOW DUE TO CRASH","Y",,,"OVER $1,500","2025-01-30T11:40:00.000","DISREGARDING TRAFFIC SIGNALS","NOT APPLICABLE","4700","S","WESTERN AVE","922",,,,,,,"2","NO INDICATION OF INJURY","0","0","0","0","0","2","0","11","5","1","41.8083784079","-87.6845707169","POINT (-87.684570716896 41.808378407947)"
"16a8259f6b9ec01742fdcc876b343f5cbdc649095e99bdfcdb34168ee8500ee1edfeb0aae4cbc84a2767f8a7e6f90fd39c6e4e74cd11ffeb5b3d23da1b2da355",,"2025-01-30T11:30:00.000","30","TRAFFIC SIGNAL","FUNCTIONING PROPERLY","CLEAR","DAYLIGHT","REAR END","DIVIDED - W/MEDIAN (NOT RAISED)",,"STRAIGHT AND LEVEL","DRY","NO DEFECTS","NOT ON SCENE (DESK REPORT)","NO INJURY / DRIVE AWAY",,,"Y","$501 - $1,500","2025-01-30T12:30:00.000","FAILING TO REDUCE SPEED TO AVOID CRASH","UNABLE TO DETERMINE","2200","N","DAMEN AVE","1432",,,,,,,"2","NO INDICATION OF INJURY","0","0","0","0","0","2","0","11","5","1","41.9214221431","-87.6779001087","POINT (-87.677900108728 41.921422143149)"
"4bdf9d2ae6375bdcb0f2eab25008b875bb02cd538f089afc7646a1d4b3aa52b275f422f425d941ad1d446cad6afa6cd3fc7c917c46d5beb3f4772bfaa65a2945","Y","2025-01-30T11:30:00.000","30","NO CONTROLS","NO CONTROLS","CLEAR","DAYLIGHT","PARKED MOTOR VEHICLE","DIVIDED - W/MEDIAN (NOT RAISED)",,"STRAIGHT AND LEVEL","UNKNOWN","UNKNOWN","NOT ON SCENE (DESK REPORT)","NO INJURY / DRIVE AWAY",,,"Y","OVER $1,500","2025-02-01T13:40:00.000","UNABLE TO DETERMINE","UNABLE TO DETERMINE","4718","W","SCHUBERT AVE","2521",,,,,,,"2","NO INDICATION OF INJURY","0","0","0","0","0","1","0","11","5","1","41.9296438089","-87.7448754795","POINT (-87.744875479502 41.929643808939)"
"9bc7dded612f2893ff11ba3392d3b240cd9d376462b8aefbbad662a6b9c520e00c4d22580338c8d74715b690acd0f7afb2d64b0d17bfd2ea3516c5c179b21ab5",,"2025-01-30T11:30:00.000","30","STOP SIGN/FLASHER","FUNCTIONING PROPERLY","CLEAR","DAYLIGHT","TURNING","Y-INTERSECTION",,"STRAIGHT AND LEVEL","DRY","NO DEFECTS","ON SCENE","NO INJURY / DRIVE AWAY","Y",,,"OVER $1,500","2025-01-30T11:35:00.000","FAILING TO YIELD RIGHT-OF-WAY","DRIVING SKILLS/KNOWLEDGE/EXPERIENCE","13264","S","BRAINARD AVE","433",,,,,,,"2","NO INDICATION OF INJURY","0","0","0","0","0","3","0","11","5","1","41.6540397673","-87.5533791707","POINT (-87.553379170668 41.654039767283)"
"af11fc4de7444be96368237a098a3e39961cfe27b2943c55b1b3c1dc0ac319dfedba814f4996c7bf18ebeb269b965f7c0d5aa42167fbfbcda303f19cc71e4192",,"2025-01-30T11:25:00.000","30","STOP SIGN/FLASHER","OTHER","CLEAR","DAYLIGHT","ANGLE","FOUR WAY",,"STRAIGHT AND LEVEL","DRY","NO DEFECTS","ON SCENE","INJURY AND / OR TOW DUE TO CRASH","Y",,,"OVER $1,500","2025-01-30T11:45:00.000","FAILING TO YIELD RIGHT-OF-WAY","NOT APPLICABLE","1600","W","34TH ST","912",,,,,,,"2","REPORTED, NOT EVIDENT","1","0","0","0","1","1","0","11","5","1","41.8324494519","-87.6656662097","POINT (-87.665666209679 41.832449451885)"
"1461702fe672fb6889739a3f36899730725373e47c18c7d929bc479c26c0e2f7b608729f117ea58c2ee8b5e89ec7aadddf399ae3210e9d913554dcdf239e2b7b",,"2025-01-30T11:15:00.000","30","TRAFFIC SIGNAL","FUNCTIONING PROPERLY","CLEAR","DAYLIGHT","TURNING","DIVIDED - W/MEDIAN (NOT RAISED)",,"STRAIGHT AND LEVEL","DRY","NO DEFECTS","ON SCENE","NO INJURY / DRIVE AWAY",,,,"OVER $1,500","2025-01-30T11:30:00.000","IMPROPER OVERTAKING/PASSING","UNABLE TO DETERMINE","6801","W","BELMONT AVE","2511",,,,,,,"2","NO INDICATION OF INJURY","0","0","0","0","0","2","0","11","5","1","41.9380474797","-87.7957546622","POINT (-87.79575466222 41.938047479708)"
"667c3af3dbed4fb34e7147478f78366dcab5d96fc5c6109a0bf3eba9be9f347b86a4394f483b501c969efca6fddccbd30e3fc4dd74b9467090986a93de1f3ea3",,"2025-01-30T11:09:00.000","30","TRAFFIC SIGNAL","FUNCTIONING PROPERLY","CLEAR","DAYLIGHT","TURNING","T-INTERSECTION",,"STRAIGHT AND LEVEL","DRY","NO DEFECTS","ON SCENE","NO INJURY / DRIVE AWAY",,,,"OVER $1,500","2025-01-30T11:09:00.000","FAILING TO REDUCE SPEED TO AVOID CRASH","FAILING TO REDUCE SPEED TO AVOID CRASH","220","W","47TH ST","925",,,,,,,"2","NO INDICATION OF INJURY","0","0","0","0","0","2","0","11","5","1","41.8092371636","-87.6318670982","POINT (-87.631867098157 41.809237163628)"
"6cf19b3aacef57d70ba3bf9845a8494dc58a55c7317ae12c7e3dbee5edd687cb0378d4669dda826ed9a25080d2f5898be73c93652ce86d1955093542c3c2dc70",,"2025-01-30T11:03:00.000","30","NO CONTROLS","NO CONTROLS","CLEAR","DAYLIGHT","PEDESTRIAN","NOT DIVIDED",,"STRAIGHT AND LEVEL","DRY","NO DEFECTS","ON SCENE","INJURY AND / OR TOW DUE TO CRASH",,,,"OVER $1,500","2025-01-30T11:06:00.000","FAILING TO YIELD RIGHT-OF-WAY","FAILING TO YIELD RIGHT-OF-WAY","2603","N","KOSTNER AVE","2524",,"N",,,,,"2","NONINCAPACITATING INJURY","1","0","0","1","0","1","0","11","5","1","41.9281092619","-87.736570232","POINT (-87.736570232016 41.928109261904)"
"40d8c51cd8259f79d7751e9209577f77ae61b4c55b493045a971a05eb40d301bdf4096d5a2608c2df041595762a333ccc89669d522b417db73cb46adde1f0ce1",,"2025-01-30T11:00:00.000","30","NO CONTROLS","NO CONTROLS","CLEAR","DAYLIGHT","PARKED MOTOR VEHICLE","OTHER",,"STRAIGHT AND LEVEL","WET","NO DEFECTS","ON SCENE","INJURY AND / OR TOW DUE TO CRASH",,"Y",,"OVER $1,500","2025-01-30T11:02:00.000","UNABLE TO DETERMINE","NOT APPLICABLE","6101","N","WESTERN AVE","2413",,,,,,,"2","REPORTED, NOT EVIDENT","1","0","0","0","1","0","0","11","5","1","41.9923669505","-87.6895605877","POINT (-87.689560587667 41.99236695049)"
"6509fcc03ee3ef6a4bff96ba0f9dc6a5b79bf7bfaa02c621712783a0f93347cdce9f5080ed0e294d9d9895101386a28bdfe72c394c71cef02be55710096d7ad0",,"2025-01-30T10:50:00.000","35","TRAFFIC SIGNAL","FUNCTIONING PROPERLY","CLEAR","DAYLIGHT","PEDALCYCLIST","ONE-WAY",,"STRAIGHT AND LEVEL","DRY","NO DEFECTS","ON SCENE","NO INJURY / DRIVE AWAY",,,"Y","$500 OR LESS","2025-01-30T10:55:00.000","UNABLE TO DETERMINE","UNABLE TO DETERMINE","222","W","ERIE ST","1831",,,,,,,"2","NO INDICATION OF INJURY","0","0","0","0","0","2","0","10","5","1","41.8940869442","-87.6351422334","POINT (-87.635142233378 41.894086944212)"
"f1a6d097c1c5701e227b5e5ae181bb98b5aef81c6bce71f29ab4a6f11714dbdd9c9b69e0064dff12e1e8c3b6978faea92e0015a2200dba4035d32d4103b04b9f",,"2025-01-30T10:30:00.000","30","NO CONTROLS","NO CONTROLS","CLEAR","DAYLIGHT","PARKED MOTOR VEHICLE","PARKING LOT",,"STRAIGHT AND LEVEL","DRY","NO DEFECTS","NOT ON SCENE (DESK REPORT)","NO INJURY / DRIVE AWAY",,"Y","Y","$500 OR LESS","2025-02-03T10:11:00.000","UNABLE TO DETERMINE","UNABLE TO DETERMINE","424","W","DIVISION ST","1821",,,,,,,"2","NO INDICATION OF INJURY","0","0","0","0","0","1","0","10","5","1","41.9038839611","-87.6394372016","POINT (-87.639437201552 41.90388396114)"
"26a123cbd1af4ea32ff4118f299b8ea3fed3f2f33b8149b24ac1049098d7437bd880f5f826b0c7a0175af3c2a05a6f86f5b45a3b7874e1aa696e632c18bb5859",,"2025-01-30T10:20:00.000","30","NO CONTROLS","NO CONTROLS","CLEAR","DAYLIGHT","SIDESWIPE SAME DIRECTION","OTHER",,"STRAIGHT AND LEVEL","DRY","NO DEFECTS","ON SCENE","NO INJURY / DRIVE AWAY",,,,"OVER $1,500","2025-01-30T11:00:00.000","UNABLE TO DETERMINE","UNABLE TO DETERMINE","1022","W","CATALPA AVE","2023",,,,,,,"2","NO INDICATION OF INJURY","0","0","0","0","0","2","0","10","5","1","41.9819719391","-87.6561556929","POINT (-87.656155692876 41.981971939089)"
"386e9fb3e15b66f99bad4f72ea416f98ccc46219883851d8cf29391cb2eb86e51300012852cc0738c8ecc0b09c0d2b258cc6b4efc6f4cd046ec5964eb7cd9a89",,"2025-01-30T10:15:00.000","30","TRAFFIC SIGNAL","FUNCTIONING PROPERLY","CLEAR","DAYLIGHT","TURNING","DIVIDED - W/MEDIAN (NOT RAISED)",,"STRAIGHT AND LEVEL","DRY","NO DEFECTS","ON SCENE","NO INJURY / DRIVE AWAY",,,"Y","$501 - $1,500","2025-01-30T10:26:00.000","NOT APPLICABLE","NOT APPLICABLE","8611","S","MORGAN ST","613",,,,,,,"2","NO INDICATION OF INJURY","0","0","0","0","0","2","0","10","5","1","41.7374524539","-87.6483740471","POINT (-87.648374047058 41.737452453858)"
"cd72e33bc6e4544b15b8ca31828767b3bc378eeb18680a6d2773ae6225f9e5f3e7724afdd936893b8372133b56c6c407d5ff1669b13b37052294fb9dc0d1031d",,"2025-01-30T10:15:00.000","30","NO CONTROLS","NO CONTROLS","CLEAR","DAYLIGHT","REAR END","OTHER",,"STRAIGHT AND LEVEL","DRY","NO DEFECTS","NOT ON SCENE (DESK REPORT)","NO INJURY / DRIVE AWAY",,,"Y","OVER $1,500","2025-01-30T10:15:00.000","FOLLOWING TOO CLOSELY","FOLLOWING TOO CLOSELY","7040","S","COTTAGE GROVE AVE","321",,,,,,,"2","NO INDICATION OF INJURY","0","0","0","0","0","2","0","10","5","1","41.7664308925","-87.6057478606","POINT (-87.605747860649 41.766430892538)"
"dc674525301ed92682e15d66120208af4a449d56ad42f64e6b1001ff78dcd089311b105d7719ce19f7873fa511a5ecb06508817bc0ff158df1f1a525fd4bf075",,"2025-01-30T10:15:00.000","20","NO CONTROLS","NO CONTROLS","CLEAR","DAYLIGHT","PARKED MOTOR VEHICLE","PARKING LOT",,"STRAIGHT AND LEVEL","DRY","NO DEFECTS","ON SCENE","NO INJURY / DRIVE AWAY",,"Y",,"OVER $1,500","2025-01-30T10:44:00.000","UNABLE TO DETERMINE","NOT APPLICABLE","5205","N","BROADWAY","2023",,,,,,,"2","NO INDICATION OF INJURY","0","0","0","0","0","1","0","10","5","1","41.9765293804","-87.6597236187","POINT (-87.659723618747 41.976529380439)"
"adace8b6044ab175a2455c16850ae784724b952f29703410711064f78f5393c311cc39055b044750e414ce86880a85636caa06129ac94db698dc68b2ffe56f5b",,"2025-01-30T10:00:00.000","30","UNKNOWN","UNKNOWN","CLEAR","DAYLIGHT","SIDESWIPE SAME DIRECTION","UNKNOWN INTERSECTION TYPE",,"STRAIGHT AND LEVEL","UNKNOWN","UNKNOWN","ON SCENE","NO INJURY / DRIVE AWAY",,,,"OVER $1,500","2025-01-30T10:43:00.000","UNABLE TO DETERMINE","UNABLE TO DETERMINE","1900","S","PULASKI RD","1012",,,,,,,"2","NO INDICATION OF INJURY","0","0","0","0","0","2","0","10","5","1","41.8549831324","-87.7249964832","POINT (-87.724996483158 41.854983132358)"
"b4fb606a25484b71c3b063fd26498536adf9b6407a15a15ca6e71fbaa0c4b72f14cdb9517c11c6d3bd9d0f76088d20ce2bc6ece984d684ccb841e1e0ad7f93cc",,"2025-01-30T09:46:00.000","30","TRAFFIC SIGNAL","FUNCTIONING PROPERLY","CLEAR","DAYLIGHT","REAR END","NOT DIVIDED",,"STRAIGHT AND LEVEL","DRY","UNKNOWN","NOT ON SCENE (DESK REPORT)","INJURY AND / OR TOW DUE TO CRASH","Y",,"Y","OVER $1,500","2025-01-30T09:46:00.000","NOT APPLICABLE","NOT APPLICABLE","7101","S","HALSTED ST","732",,,,,,,"2","REPORTED, NOT EVIDENT","1","0","0","0","1","1","0","9","5","1","41.7651141149","-87.644263786","POINT (-87.644263786005 41.765114114933)"
"c0e817cbeb5f739b8b56e0211ad5c6af0b5e57101bab4dee198f2823da321203ee1d9b9ae356515a0d00b0b7b35a9969886256c4997e659e4198c3a33b197808",,"2025-01-30T09:22:00.000","30","NO CONTROLS","NO CONTROLS","CLEAR","DAYLIGHT","PEDESTRIAN","NOT DIVIDED",,"STRAIGHT AND LEVEL","DRY","UNKNOWN","ON SCENE","INJURY AND / OR TOW DUE TO CRASH",,,"Y","OVER $1,500","2025-01-30T09:22:00.000","UNABLE TO DETERMINE","UNABLE TO DETERMINE","2040","W","62ND ST","714",,,,,,,"2","NONINCAPACITATING INJURY","1","0","0","1","0","1","0","9","5","1","41.7812525836","-87.6755559913","POINT (-87.675555991283 41.781252583605)"
"6f73ede612369b73c63e6470dda9f46e4ca7c98272a3dc5cd03a454ae4ce09905412b7cea49988b459614cbd90e938722d909ae40df5f62ed36585ab8764441d",,"2025-01-30T09:20:00.000","30","STOP SIGN/FLASHER","UNKNOWN","UNKNOWN","DAYLIGHT","REAR TO SIDE","ALLEY",,"STRAIGHT AND LEVEL","UNKNOWN","UNKNOWN","NOT ON SCENE (DESK REPORT)","NO INJURY / DRIVE AWAY",,,,"$501 - $1,500","2025-01-31T14:39:00.000","UNABLE TO DETERMINE","UNABLE TO DETERMINE","715","E","47TH ST","223",,,,,,,"2","NO INDICATION OF INJURY","0","0","0","0","0","2","0","9","5","1","41.8093988935","-87.608301674","POINT (-87.608301673973 41.809398893532)"
"d595da6c012886c62a506e95eb2353df3088c04c16bb77da4950639cbe60764e834bb233bac0a49480508f1abff6d7ad8e6a54a72a9cd8ad7f4a7dbc3811a8ed",,"2025-01-30T09:16:00.000","30","NO CONTROLS","NO CONTROLS","CLEAR","DAYLIGHT","PARKED MOTOR VEHICLE","NOT DIVIDED",,"STRAIGHT AND LEVEL","DRY","NO DEFECTS","ON SCENE","INJURY AND / OR TOW DUE TO CRASH",,,,"OVER $1,500","2025-01-30T09:52:00.000","UNABLE TO DETERMINE","NOT APPLICABLE","6630","N","RIDGE BLVD","2412",,,,,,,"2","REPORTED, NOT EVIDENT","1","0","0","0","1","0","0","9","5","1","42.002381457","-87.6790245011","POINT (-87.679024501145 42.002381457008)"
"1ba49cb509a48a49c3e950b566a4b56b01596722b6175b2f247e9e509def9c3d86b4893d2377ba8af0d4273008c50a648b02786dda43a588fd7f383ea3cb27a6",,"2025-01-30T09:11:00.000","30","STOP SIGN/FLASHER","FUNCTIONING PROPERLY","CLEAR","DAYLIGHT","REAR END","NOT DIVIDED",,"STRAIGHT AND LEVEL","DRY","UNKNOWN","ON SCENE","NO INJURY / DRIVE AWAY",,,,"$501 - $1,500","2025-01-30T09:11:00.000","FAILING TO YIELD RIGHT-OF-WAY","FOLLOWING TOO CLOSELY","856","W","ADDISON ST","1923",,,,,,,"2","NO INDICATION OF INJURY","0","0","0","0","0","3","0","9","5","1","41.9473964344","-87.6517623492","POINT (-87.651762349157 41.947396434352)"
"2885218c4b203a6c2c2273ed8b1703d4140f32ca00c0f5c3b7d318d8cc3f4c0ca4e2138cae1f2b8b36550fce0cb6ccee46e0b66aee58cf0e16c9318c2ba99500",,"2025-01-30T09:10:00.000","30","TRAFFIC SIGNAL","FUNCTIONING PROPERLY","CLEAR","DAYLIGHT","TURNING","NOT DIVIDED",,"STRAIGHT AND LEVEL","DRY","NO DEFECTS","NOT ON SCENE (DESK REPORT)","NO INJURY / DRIVE AWAY",,,,"OVER $1,500","2025-01-30T10:00:00.000","FAILING TO YIELD RIGHT-OF-WAY","NOT APPLICABLE","1707","N","MILWAUKEE AVE","1434",,,,,,,"2","NO INDICATION OF INJURY","0","0","0","0","0","2","0","9","5","1","41.9124706161","-87.680480163","POINT (-87.680480162962 41.912470616142)"
"cc8204e064c0b908b9519f72e1c587c72740f877dd2ac3c919e053bd4b225b299072b844b64458ec7639ac5c6a944f26c6609dac064fc3abb13459aa03683f66",,"2025-01-30T09:03:00.000","30","NO CONTROLS","NO CONTROLS","CLEAR","DAYLIGHT","ANGLE","NOT DIVIDED",,"STRAIGHT AND LEVEL","UNKNOWN","UNKNOWN","ON SCENE","INJURY AND / OR TOW DUE TO CRASH",,,"N","OVER $1,500","2025-01-30T09:17:00.000","FAILING TO REDUCE SPEED TO AVOID CRASH","NOT APPLICABLE","2403","S","BLUE ISLAND AVE","1034",,,,,,,"2","REPORTED, NOT EVIDENT","1","0","0","0","1","1","0","9","5","1","41.8485391874","-87.6754169836","POINT (-87.675416983619 41.848539187353)"
"892b20e51f36e2f404617b5db4a191d0e1f30617624a10ec165c9b796f4973c500cfa0e9a12bf3dc02c98a8555134a9b53b441bb18ab4e79df51d5a1d99f738f",,"2025-01-30T09:00:00.000","30","NO CONTROLS","NO CONTROLS","CLEAR","DAYLIGHT","TURNING","NOT DIVIDED",,"STRAIGHT AND LEVEL","DRY","NO DEFECTS","NOT ON SCENE (DESK REPORT)","NO INJURY / DRIVE AWAY",,,,"OVER $1,500","2025-01-30T11:00:00.000","IMPROPER TURNING/NO SIGNAL","NOT APPLICABLE","1701","N","MILWAUKEE AVE","1434",,,,,,,"2","NO INDICATION OF INJURY","0","0","0","0","0","2","0","9","5","1","41.9123548784","-87.6802996713","POINT (-87.680299671339 41.912354878361)"
"45311d17a202cee9dfd73abdd1635105e104e04055941861182551e8d7d3b6f666e090bb01c7f56ac06d7c796655ee6ab0a96e8138b53b2d026b43aaedb14630",,"2025-01-30T08:55:00.000","30","NO CONTROLS","NO CONTROLS","CLEAR","DAYLIGHT","PEDALCYCLIST","NOT DIVIDED",,"STRAIGHT AND LEVEL","DRY","NO DEFECTS","ON SCENE","INJURY AND / OR TOW DUE TO CRASH",,,"Y","$500 OR LESS","2025-01-30T08:55:00.000","UNABLE TO DETERMINE","UNABLE TO DETERMINE","2163","N","CLYBOURN AVE","1811",,,,,,,"2","INCAPACITATING INJURY","1","0","1","0","0","1","0","8","5","1","41.9207042914","-87.6629232597","POINT (-87.662923259737 41.920704291419)"
"b0be7a1fea0bb4a197ab1f2a9848dbd807d03dcd8f222706879a651e8b1d2ba972f1b75f33185f73031b7dc764c1272f3381a4de1b514cf273537abe492910a9",,"2025-01-30T08:55:00.000","30","TRAFFIC SIGNAL","FUNCTIONING PROPERLY","CLEAR","DAYLIGHT","TURNING","NOT DIVIDED",,"STRAIGHT AND LEVEL","DRY","NO DEFECTS","NOT ON SCENE (DESK REPORT)","NO INJURY / DRIVE AWAY",,,,"OVER $1,500","2025-01-30T10:20:00.000","IMPROPER LANE USAGE","IMPROPER LANE USAGE","1301","W","DIVISION ST","1213",,,,,,,"2","NO INDICATION OF INJURY","0","0","0","0","0","2","0","8","5","1","41.9033422937","-87.6606806141","POINT (-87.660680614124 41.903342293748)"
"43971a05e2f2b3bb80f767df8a77c1332df30aa35e21815b7fff71b6a7eba4a0a064d34ce1c8e2324f79ff791920039eabdd46e0ce007c31d22a62a5f44c92fb",,"2025-01-30T08:51:00.000","30","STOP SIGN/FLASHER","FUNCTIONING PROPERLY","CLEAR","UNKNOWN","ANGLE","ONE-WAY",,"STRAIGHT AND LEVEL","UNKNOWN","UNKNOWN","NOT ON SCENE (DESK REPORT)","NO INJURY / DRIVE AWAY","Y",,"Y","$501 - $1,500","2025-01-30T10:10:00.000","UNABLE TO DETERMINE","NOT APPLICABLE","2935","W","71ST ST","831",,,,,,,"2","NO INDICATION OF INJURY","0","0","0","0","0","3","0","8","5","1","41.7643644945","-87.6968410878","POINT (-87.696841087782 41.76436449446)"
"a36ea21e8a12c2e0b37cfb9bdc906238b91305e352b2ac7eb2d90b4c81a7268e61498ec008823c2924a29da9f15a4f9899e21e0957b11b6ecd19209650a77510",,"2025-01-30T08:50:00.000","20","NO CONTROLS","NO CONTROLS","CLEAR","DAYLIGHT","PARKED MOTOR VEHICLE","NOT DIVIDED",,"STRAIGHT AND LEVEL","DRY","UNKNOWN","ON SCENE","INJURY AND / OR TOW DUE TO CRASH",,,,"$500 OR LESS","2025-01-30T08:55:00.000","PHYSICAL CONDITION OF DRIVER","NOT APPLICABLE","2916","W","POLK ST","1135",,,,,,,"2","REPORTED, NOT EVIDENT","1","0","0","0","1","0","0","8","5","1","41.8711383386","-87.6992065634","POINT (-87.69920656342 41.871138338635)"
"60724e113fe3d070304e372db7e51e32100e6ed56953777d4b4c61d2cef2c0d614a5008e5f336339fb0a8f6c6b4bcb34c287bba0b3c2f9d20c5b4b1b71c9e9b6",,"2025-01-30T08:48:00.000","30","TRAFFIC SIGNAL","UNKNOWN","CLEAR","DAYLIGHT","SIDESWIPE SAME DIRECTION","NOT DIVIDED",,"STRAIGHT AND LEVEL","UNKNOWN","UNKNOWN","NOT ON SCENE (DESK REPORT)","NO INJURY / DRIVE AWAY",,,,"OVER $1,500","2025-02-01T12:20:00.000","UNABLE TO DETERMINE","UNABLE TO DETERMINE","3358","W","115TH ST","2211",,,,,,,"2","NO INDICATION OF INJURY","0","0","0","0","0","2","0","8","5","1","41.6842990352","-87.7052985183","POINT (-87.705298518319 41.684299035159)"
"b8f6743a0e4e9f2ce7cd39294381dc84814866d92b39f0687ccdc2b2570d81d3e5ab62514390335ae4f9c889c6c48c0efc3a89563d290fd26740882d4673aa27",,"2025-01-30T08:48:00.000","15","NO CONTROLS","NO CONTROLS","CLEAR","DAYLIGHT","SIDESWIPE SAME DIRECTION","PARKING LOT",,"STRAIGHT AND LEVEL","DRY","NO DEFECTS","ON SCENE","NO INJURY / DRIVE AWAY",,,"Y","OVER $1,500","2025-01-30T09:01:00.000","UNABLE TO DETERMINE","NOT APPLICABLE","2632","W","PERSHING RD","911",,,,,,,"2","NO INDICATION OF INJURY","0","0","0","0","0","2","0","8","5","1","41.8229627878","-87.6911487263","POINT (-87.691148726296 41.822962787761)"