"crash_record_id","crash_date_est_i","crash_date","posted_speed_limit","traffic_control_device","device_condition","weather_condition","lighting_condition","first_crash_type","trafficway_type","lane_cnt","alignment","roadway_surface_cond","road_defect","report_type","crash_type","intersection_related_i","private_property_i","hit_and_run_i","damage","date_police_notified","prim_contributory_cause","sec_contributory_cause","street_no","street_direction","street_name","beat_of_occurrence","photos_taken_i","statements_taken_i","dooring_i","work_zone_i","work_zone_type","workers_present_i","num_units","most_severe_injury","injuries_total","injuries_fatal","injuries_incapacitating","injuries_non_incapacitating","injuries_reported_not_evident","injuries_no_indication","injuries_unknown","crash_hour","crash_day_of_week","crash_month","latitude","longitude","location"
"0c9089e654c0f4e8d596c29241fcfa8a4a5327af1f78f0af613517990d8a6a0d8195c81492cc32dd97d0203b2e5ac91bcf2cb63c233aa60b5c1bfce2c20eb860",,"2025-01-30T08:45:00.000","30","TRAFFIC SIGNAL","NO CONTROLS","CLEAR","DAYLIGHT","REAR END","DIVIDED - W/MEDIAN (NOT RAISED)",,"STRAIGHT AND LEVEL","DRY","NO DEFECTS","NOT ON SCENE (DESK REPORT)","NO INJURY / DRIVE AWAY",,,"Y","OVER $1,500","2025-01-30T10:17:00.000","UNABLE TO DETERMINE","NOT APPLICABLE","731","E","63RD ST","312",,,,,,,"2","NO INDICATION OF INJURY","0","0","0","0","0","2","0","8","5","1","41.7802826719","-87.6071222898","POINT (-87.60712228979 41.780282671853)"
"85fef0874abf462bf374923ca2ff8610c4f532a9cf948356fc01a43a470d85685f954aa1733d99b5712fca3facc075225b0c97892ee53286a27ed65378ea4f1b",,"2025-01-30T08:45:00.000","30","NO CONTROLS","NO CONTROLS","CLEAR","DAYLIGHT","HEAD ON","NOT DIVIDED",,"STRAIGHT AND LEVEL","DRY","NO DEFECTS",,"INJURY AND / OR TOW DUE TO CRASH",,,,"OVER $1,500","2025-01-30T08:45:00.000","DISTRACTION - FROM INSIDE VEHICLE","UNABLE TO DETERMINE","5517","W","DIVERSEY AVE","2514",,,,,,,"4","NO INDICATION OF INJURY","0","0","0","0","0","4","0","8","5","1","41.9311907416","-87.7644806604","POINT (-87.764480660371 41.93119074161)"
"da3c58b6c1b9c857134ed3a9075610361db545402f8bc5b4703f5bbb2439f7673b968e5eaf008a2cc8df3345430871266ed9df74ecf62c983302163ad5fe5b0d",,"2025-01-30T08:45:00.000","30","STOP SIGN/FLASHER","FUNCTIONING PROPERLY","CLEAR","DAYLIGHT","TURNING","NOT DIVIDED",,"STRAIGHT AND LEVEL","DRY","NO DEFECTS","NOT ON SCENE (DESK REPORT)","NO INJURY / DRIVE AWAY",,,,"OVER $1,500","2025-01-30T09:15:00.000","IMPROPER TURNING/NO SIGNAL","NOT APPLICABLE","1250","W","DIVISION ST","1433",,,,,,,"2","NO INDICATION OF INJURY","0","0","0","0","0","2","0","8","5","1","41.9035903141","-87.6592132092","POINT (-87.659213209195 41.903590314092)"
"4e8d6e93d78dadf244a7a573facd5efd3599002d20ce0f1e3e78c969aae125892ef14080de729d859a9ce69784b7cff38c708fbd51184e1763e2c1a54f0a5883",,"2025-01-30T08:40:00.000","30","NO CONTROLS","NO CONTROLS","CLEAR","DAYLIGHT","REAR END","NOT DIVIDED",,"STRAIGHT AND LEVEL","DRY","NO DEFECTS","NOT ON SCENE (DESK REPORT)","INJURY AND / OR TOW DUE TO CRASH",,,,"$501 - $1,500","2025-01-31T17:03:00.000","FOLLOWING TOO CLOSELY","NOT APPLICABLE","2632","W","51ST ST","923",,,,,,,"2","NONINCAPACITATING INJURY","1","0","0","1","0","1","0","8","5","1","41.8011590375","-87.6904036528","POINT (-87.690403652785 41.801159037478)"
"c782c1d89b8d87221adc97e63341767be017727aec383ad87f73f8a68e3391eec5d6e03b60876b89b37f153027d6204ff7c0163fe8fd395df79f7eb3116481f5",,"2025-01-30T08:40:00.000","35","UNKNOWN","UNKNOWN","UNKNOWN","UNKNOWN","SIDESWIPE OPPOSITE DIRECTION","UNKNOWN",,"STRAIGHT AND LEVEL","UNKNOWN","UNKNOWN",,"NO INJURY / DRIVE AWAY",,,,"OVER $1,500","2025-01-30T16:25:00.000","UNABLE TO DETERMINE","UNABLE TO DETERMINE","4501","S","PULASKI RD","821",,,,,,,"2","NO INDICATION OF INJURY","0","0","0","0","0","2","0","8","5","1","41.8114515422","-87.7235746544","POINT (-87.72357465442 41.811451542236)"
"8a9e2e35cfa8301d249a288700d4ff3638b557d8ee5e67c8c7f0e6d3d3ba058e1663e381f664db57db23a358ffe769d1f6a41b09fb9bea8d9025cab5c81ab607",,"2025-01-30T08:38:00.000","35","TRAFFIC SIGNAL","FUNCTIONING PROPERLY","CLEAR","DAYLIGHT","TURNING","FOUR WAY",,"STRAIGHT AND LEVEL","DRY","NO DEFECTS","ON SCENE","NO INJURY / DRIVE AWAY","Y",,,"$500 OR LESS","2025-01-30T08:46:00.000","UNABLE TO DETERMINE","NOT APPLICABLE","4700","S","ASHLAND AVE","931",,,,,,,"2","NO INDICATION OF INJURY","0","0","0","0","0","4","0","8","5","1","41.8085115972","-87.6651172917","POINT (-87.665117291733 41.808511597247)"
"3a003a1d14451536f34c73d557a0d55afdb2b81d05337e3aa86f9990d2154668bcb3bd9b67997124958c2a9363f193949c29ddadc23d72b60974b33ef340da90",,"2025-01-30T08:33:00.000","30","TRAFFIC SIGNAL","FUNCTIONING PROPERLY","CLEAR","DAYLIGHT","REAR END","CENTER TURN LANE",,"STRAIGHT ON GRADE","DRY","NO DEFECTS","NOT ON SCENE (DESK REPORT)","NO INJURY / DRIVE AWAY","Y",,,"OVER $1,500","2025-01-30T10:55:00.000","FAILING TO YIELD RIGHT-OF-WAY","FAILING TO YIELD RIGHT-OF-WAY","1201","S","COLUMBUS DR","132",,,,,,,"2","NO INDICATION OF INJURY","0","0","0","0","0","3","0","8","5","1","41.8674707758","-87.6202190599","POINT (-87.620219059938 41.867470775841)"
"9a2615b8fb2af686872f381776dd096b2952ec7aa3961b5a4fec770e7132b73b6d47153fd6bf4f9e09582da3be1eb3255de835a10e3b936fd335507029e75de7",,"2025-01-30T08:33:00.000","25","YIELD","NO CONTROLS","CLEAR","DAYLIGHT","ANGLE","OTHER",,"STRAIGHT AND LEVEL","DRY","NO DEFECTS","ON SCENE","INJURY AND / OR TOW DUE TO CRASH",,,,"OVER $1,500","2025-01-30T08:44:00.000","VISION OBSCURED (SIGNS, TREE LIMBS, BUILDINGS, ETC.)","FAILING TO YIELD RIGHT-OF-WAY","5212","N","LINCOLN AVE","2011",,,,,,,"2","NO INDICATION OF INJURY","0","0","0","0","0","2","0","8","5","1","41.9762883437","-87.6925064523","POINT (-87.692506452337 41.976288343689)"
"3e0a9d73046754618560dea03b886aa0a1e09dea48ff3e76ebf1debb208c3877e0e7036f1e3f9ec4f1b906ba0a303e68064bac559f4108cac682837c48f1c2b3","Y","2025-01-30T08:30:00.000","30","UNKNOWN","UNKNOWN","CLOUDY/OVERCAST","UNKNOWN","PARKED MOTOR VEHICLE","ONE-WAY",,"STRAIGHT AND LEVEL","UNKNOWN","UNKNOWN","NOT ON SCENE (DESK REPORT)","NO INJURY / DRIVE AWAY",,,,"OVER $1,500","2025-02-03T17:50:00.000","UNABLE TO DETERMINE","NOT APPLICABLE","8505","S","INGLESIDE AVE","632",,,,,,,"2","NO INDICATION OF INJURY","0","0","0","0","0","1","0","8","5","1","41.74015307","-87.6011365892","POINT (-87.601136589211 41.740153069993)"
"4c3271a36ad21e54d3c7254ba7a256a3f90d83f7a6b37354c7cc04182b517f8ff93da3bd42d714d6ce092896d094148ae9637b8e9197bf6b9241346b41e9e8e6",,"2025-01-30T08:30:00.000","30","NO CONTROLS","NO CONTROLS","CLEAR","DAYLIGHT","SIDESWIPE SAME DIRECTION","DIVIDED - W/MEDIAN (NOT RAISED)",,"STRAIGHT AND LEVEL","DRY","NO DEFECTS","NOT ON SCENE (DESK REPORT)","NO INJURY / DRIVE AWAY",,,"Y","$501 - $1,500","2025-01-31T09:15:00.000","FOLLOWING TOO CLOSELY","UNABLE TO DETERMINE","1407","N","HUMBOLDT DR","1423",,,,,,,"3","NO INDICATION OF INJURY","0","0","0","0","0","3","0","8","5","1","41.9067436825","-87.7011672105","POINT (-87.70116721054 41.906743682494)"
"70a11dbe74901491c95a2af26bcfcfde932ee2a46e25f833d6a1c6b6c8d6809b58e051e4d5fb6fc22c85d9597daef42e501cfeeba96ea6e50ca33c2455b40a7f",,"2025-01-30T08:30:00.000","30","NO CONTROLS","NO CONTROLS","CLEAR","DAYLIGHT","SIDESWIPE SAME DIRECTION","NOT DIVIDED",,"STRAIGHT AND LEVEL","DRY","NO DEFECTS","NOT ON SCENE (DESK REPORT)","NO INJURY / DRIVE AWAY",,,,"OVER $1,500","2025-01-30T19:55:00.000","IMPROPER OVERTAKING/PASSING","IMPROPER LANE USAGE","7400","W","TOUHY AVE","1611",,,,,,,"2","NO INDICATION OF INJURY","0","0","0","0","0","2","0","8","5","1","42.0116933351","-87.8115716736","POINT (-87.811571673569 42.011693335091)"
"b08106aeb7aec8dc220b8d31b5cb980cdc8d7df539e26546082f86a7a5b6f5e14f6b4871d41bf1f78f0d30b396ec0d15e563c2fc569ea43934b8e0df76db236e",,"2025-01-30T08:30:00.000","0","UNKNOWN","UNKNOWN","UNKNOWN","UNKNOWN","PARKED MOTOR VEHICLE","UNKNOWN",,"STRAIGHT AND LEVEL","UNKNOWN","UNKNOWN","NOT ON SCENE (DESK REPORT)","NO INJURY / DRIVE AWAY",,,"N","OVER $1,500","2025-01-30T09:45:00.000","UNABLE TO DETERMINE","UNABLE TO DETERMINE","3516","S","LAKE PARK AVE","212",,,,,,,"2","NO INDICATION OF INJURY","0","0","0","0","0","1","0","8","5","1","41.8307141802","-87.6080793517","POINT (-87.608079351676 41.830714180236)"
"bc9dadaf430dbfe57d6b4715147c72e65431aaa47b3372f9e992e6d451949a624fae56b10cd62d501f236a39903911990305eeedf4342008443c48cfef2791c3",,"2025-01-30T08:30:00.000","20","NO CONTROLS","NO CONTROLS","CLOUDY/OVERCAST","DAYLIGHT","PARKED MOTOR VEHICLE","ONE-WAY",,"STRAIGHT AND LEVEL","DRY","NO DEFECTS","NOT ON SCENE (DESK REPORT)","NO INJURY / DRIVE AWAY",,,,"$500 OR LESS","2025-01-30T09:55:00.000","UNABLE TO DETERMINE","UNABLE TO DETERMINE","1817","W","NEWPORT AVE","1922",,,,,,,"2","NO INDICATION OF INJURY","0","0","0","0","0","1","0","8","5","1","41.9440623929","-87.674630314","POINT (-87.674630314048 41.944062392942)"
"20ae4336e420cd2c664ebba06c10a85266d2af8cfcb6d59377e31f4eae5cdc028f89d487ac7059f8517b7bf2aa2cd65b91e6240f4f38005f1fa7316ef23f03d2",,"2025-01-30T08:28:00.000","30","TRAFFIC SIGNAL","FUNCTIONING PROPERLY","CLEAR","DAYLIGHT","TURNING","DIVIDED - W/MEDIAN (NOT RAISED)",,"STRAIGHT AND LEVEL","DRY","NO DEFECTS","ON SCENE","NO INJURY / DRIVE AWAY",,,"Y","$500 OR LESS","2025-01-30T08:31:00.000","FOLLOWING TOO CLOSELY","FAILING TO REDUCE SPEED TO AVOID CRASH","2099","N","CENTRAL AVE","2515",,,,,,,"2","NO INDICATION OF INJURY","0","0","0","0","0","2","0","8","5","1","41.9181208112","-87.7656258629","POINT (-87.765625862873 41.918120811249)"
"d6124ed17a612a748cdf7679517e3e7b1231451674f7c54ae66031ddc7ae7fb2e994e6b16855defb0cd201bb3038269b595bab71ce23aef193865ec4a4a68c70",,"2025-01-30T08:20:00.000","10","NO CONTROLS","NO CONTROLS","CLEAR","DAYLIGHT","SIDESWIPE SAME DIRECTION","ONE-WAY",,"STRAIGHT AND LEVEL","DRY","NO DEFECTS","ON SCENE","NO INJURY / DRIVE AWAY",,,,"OVER $1,500","2025-01-30T11:25:00.000","DISTRACTION - FROM INSIDE VEHICLE","UNABLE TO DETERMINE","5700","S","CICERO AVE","813",,,,,,,"2","NO INDICATION OF INJURY","0","0","0","0","0","3","0","8","5","1","41.7893293233","-87.7416456442","POINT (-87.741645644196 41.789329323265)"
"1c708ff3470ed5b6e09f1682c39f32596ac43452b6ce21109190f096e9046f295a4f0a690cbdb42299166391b126b6dd1f6f49e51208e2a01467b21eefd9004b",,"2025-01-30T08:15:00.000","30","TRAFFIC SIGNAL","FUNCTIONING PROPERLY","CLEAR","DAYLIGHT","SIDESWIPE SAME DIRECTION","FIVE POINT, OR MORE",,"STRAIGHT AND LEVEL","DRY","NO DEFECTS","ON SCENE","NO INJURY / DRIVE AWAY",,,,"$501 - $1,500","2025-01-30T08:21:00.000","UNABLE TO DETERMINE","UNABLE TO DETERMINE","2746","N","WESTERN AVE","1411",,,,,,,"2","NO INDICATION OF INJURY","0","0","0","0","0","2","0","8","5","1","41.9317447483","-87.6880381825","POINT (-87.688038182508 41.931744748349)"
"d5dc4688dd2eb318fe8904b02fa45fed0ce36f51267dc0b0e01e424df947eeaf2d3e25d69dcfd1ed0e2479161d5710b980487533e04c4ac4e2b1a55b430212cd",,"2025-01-30T08:15:00.000","30","NO CONTROLS","NO CONTROLS","CLEAR","DAYLIGHT","FIXED OBJECT","DIVIDED - W/MEDIAN BARRIER",,"STRAIGHT AND LEVEL","DRY","NO DEFECTS","ON SCENE","INJURY AND / OR TOW DUE TO CRASH",,,,"OVER $1,500","2025-01-30T08:15:00.000","ROAD ENGINEERING/SURFACE/MARKING DEFECTS","ROAD ENGINEERING/SURFACE/MARKING DEFECTS","380","W","ROOT ST","925",,,,,,,"1","NO INDICATION OF INJURY","0","0","0","0","0","1","0","8","5","1","41.8191626569","-87.6360220398","POINT (-87.636022039766 41.819162656855)"
"f72a25dea572c5e25ea7f22e32bbb6aa6f7ea57fb15477c491b5527e68d4832dca64c23c1db4117af970d88b5616a9f68dbcf85bd540f804c8b1d5e1558eefbe",,"2025-01-30T08:15:00.000","35","STOP SIGN/FLASHER","FUNCTIONING PROPERLY","CLEAR","DAYLIGHT","ANGLE","NOT DIVIDED",,"STRAIGHT AND LEVEL","DRY","NO DEFECTS","ON SCENE","INJURY AND / OR TOW DUE TO CRASH","Y",,,"OVER $1,500","2025-01-30T08:20:00.000","UNABLE TO DETERMINE","UNABLE TO DETERMINE","5401","S","PULASKI RD","822",,,,,,,"2","NO INDICATION OF INJURY","0","0","0","0","0","2","0","8","5","1","41.7949627146","-87.7230632785","POINT (-87.723063278475 41.794962714616)"
"8e57e11bca4d484e82e8b5eac693ed7f1ccc725d3930aaf0245765879886c1ce3e5925062df6c709cab066800c92463423304161e92802d182a93ba575df201e",,"2025-01-30T08:10:00.000","30","NO CONTROLS","NO CONTROLS","CLEAR","DAYLIGHT","SIDESWIPE SAME DIRECTION","NOT DIVIDED",,"STRAIGHT AND LEVEL","DRY","NO DEFECTS","ON SCENE","NO INJURY / DRIVE AWAY",,,"Y","$501 - $1,500","2025-01-30T08:17:00.000","FAILING TO YIELD RIGHT-OF-WAY","UNABLE TO DETERMINE","4550","S","KEDZIE AVE","821",,,,,,,"2","NO INDICATION OF INJURY","0","0","0","0","0","2","0","8","5","1","41.8102414211","-87.7042035282","POINT (-87.704203528231 41.81024142107)"
"f3492e97b9cf82d17ac44ad1ce55cd4ae0fc47ce073a1e86099598caeec4ed7837246145a262aa59e7de3e37a1f0a51ccb694b2853938e0c9505eefdea6fd335",,"2025-01-30T08:10:00.000","30","NO CONTROLS","NO CONTROLS","CLEAR","DAYLIGHT","PARKED MOTOR VEHICLE","NOT DIVIDED",,"STRAIGHT AND LEVEL","DRY","NO DEFECTS","ON SCENE","INJURY AND / OR TOW DUE TO CRASH",,,"Y","OVER $1,500","2025-01-30T08:30:00.000","UNABLE TO DETERMINE","UNABLE TO DETERMINE","10715","S","KEDZIE AVE","2211",,,,,,,"2","NO INDICATION OF INJURY","0","0","0","0","0","1","0","8","5","1","41.6983862428","-87.7009193939","POINT (-87.700919393932 41.698386242796)"
"7fcacf73551c003a161f9160d507e3a2ff983123e53f4bfd6de8a2cdbcb67fd1862b0b3cc671dde7e9179f9cefe94775a7f6345e9fbc5cc304e01d2a0e76ebba",,"2025-01-30T08:05:00.000","30","TRAFFIC SIGNAL","UNKNOWN","CLEAR","DAYLIGHT","REAR END","NOT DIVIDED",,"STRAIGHT AND LEVEL","UNKNOWN","UNKNOWN","NOT ON SCENE (DESK REPORT)","NO INJURY / DRIVE AWAY",,,,"OVER $1,500","2025-01-30T08:55:00.000","UNABLE TO DETERMINE","UNABLE TO DETERMINE","5400","N","CUMBERLAND AVE","1614",,,,,,,"2","NO INDICATION OF INJURY","0","0","0","0","0","2","0","8","5","1","41.9775003425","-87.8367544939","POINT (-87.83675449392 41.977500342528)"
"c54a0a115ba5e0b77e240e828a06e746f07a7bf80844792afe808ab4d33e5ef02522d89269bc7ff5e5d6fa90f42b8f82febbc205193e2628b7fdabca941b49ed",,"2025-01-30T08:05:00.000","30","NO CONTROLS","NO CONTROLS","CLEAR","DAYLIGHT","SIDESWIPE SAME DIRECTION","ONE-WAY",,"STRAIGHT AND LEVEL","DRY","NO DEFECTS","ON SCENE","INJURY AND / OR TOW DUE TO CRASH",,,,"OVER $1,500","2025-01-30T08:08:00.000","DRIVING SKILLS/KNOWLEDGE/EXPERIENCE","NOT APPLICABLE","2960","S","LA SALLE ST","914",,,,,,,"2","NONINCAPACITATING INJURY","2","0","0","1","1","0","0","8","5","1","41.8398026749","-87.630203139","POINT (-87.630203138972 41.839802674932)"
"bdd2f6b1f9deabd6e3a38d554b396e6620aa9e1aeee080f29b2e9a8ea4d80805fa99fb3cc454238f049bb33e860c0753ecaf828e38ad70aff626c7418d814036",,"2025-01-30T08:00:00.000","30","NO CONTROLS","NO CONTROLS","CLEAR","DAYLIGHT","PEDESTRIAN","NOT DIVIDED",,"STRAIGHT AND LEVEL","DRY","NO DEFECTS","ON SCENE","INJURY AND / OR TOW DUE TO CRASH",,,,"$500 OR LESS","2025-01-30T09:10:00.000","DRIVING SKILLS/KNOWLEDGE/EXPERIENCE","DRIVING SKILLS/KNOWLEDGE/EXPERIENCE","215","W","63RD ST","722",,,,,,,"2","REPORTED, NOT EVIDENT","1","0","0","0","1","1","0","8","5","1","41.7798689996","-87.6307336935","POINT (-87.630733693541 41.779868999596)"
"50fabf49b4914ad197b726eaeecf60c7069c5484a82883b8d33ba1e326ed433f6ef4d911699bb928ca1e3724955e05b9b65dd960cde9354ffd94af70cfb8a4cd",,"2025-01-30T07:59:00.000","30","NO CONTROLS","NO CONTROLS","CLEAR","DAYLIGHT","PARKED MOTOR VEHICLE","OTHER",,"STRAIGHT AND LEVEL","DRY","NO DEFECTS","ON SCENE","INJURY AND / OR TOW DUE TO CRASH",,,"Y","OVER $1,500","2025-01-30T08:02:00.000","UNABLE TO DETERMINE","UNABLE TO DETERMINE","4606","N","CENTRAL PARK AVE","1723",,,,,,,"3","NO INDICATION OF INJURY","0","0","0","0","0","1","0","7","5","1","41.9649686079","-87.7182979153","POINT (-87.718297915262 41.964968607894)"
"2c89e5ae1dc9d414c70d496075409335c84fa361f1cd8bded603a4ede768755da1059b36384547b96901881b8afc13e8a36d9e9e1c66a766e62980c3390f58e6",,"2025-01-30T07:53:00.000","30","NO CONTROLS","NO CONTROLS","CLEAR","DAYLIGHT","SIDESWIPE SAME DIRECTION","NOT DIVIDED",,"STRAIGHT AND LEVEL","DRY","NO DEFECTS","NOT ON SCENE (DESK REPORT)","NO INJURY / DRIVE AWAY",,,,"OVER $1,500","2025-01-30T08:40:00.000","FAILING TO YIELD RIGHT-OF-WAY","UNABLE TO DETERMINE","6101","S","MELVINA AVE","812",,,,,,,"2","NO INDICATION OF INJURY","0","0","0","0","0","3","0","7","5","1","41.7813488671","-87.7763660644","POINT (-87.77636606436 41.781348867124)"
"4cc76118c772a0b83dad6af9ef04d657ca6a2ce1aa6c3ecad3f36ca28a2d9bfc1920e0d1e687da216d6303b174a788f01de0e185d2b54f71ce76992a767d6f87",,"2025-01-30T07:53:00.000","20","STOP SIGN/FLASHER","FUNCTIONING PROPERLY","CLEAR","DAYLIGHT","TURNING","FOUR WAY",,"STRAIGHT AND LEVEL","DRY","NO DEFECTS","ON SCENE","INJURY AND / OR TOW DUE TO CRASH","Y",,,"OVER $1,500","2025-01-30T07:54:00.000","FAILING TO YIELD RIGHT-OF-WAY","FAILING TO YIELD RIGHT-OF-WAY","4300","W","CRYSTAL ST","2534",,,,,,,"2","NO INDICATION OF INJURY","0","0","0","0","0","4","0","7","5","1","41.9035653657","-87.7338344654","POINT (-87.733834465414 41.903565365686)"
"c1ad65377fe86e04f42ca473fa77f28460865b24a27bcacc49ed42b8b187eb49b8c61b689396d1bf24f2954bebecfe75dcd6e66042000dff9fbe036b3e9d0e53","Y","2025-01-30T07:50:00.000","20","NO CONTROLS","NO CONTROLS","CLEAR","DAYLIGHT","SIDESWIPE SAME DIRECTION","NOT DIVIDED",,"STRAIGHT AND LEVEL","DRY","NO DEFECTS",,"NO INJURY / DRIVE AWAY",,,,"OVER $1,500","2025-01-30T08:30:00.000","IMPROPER OVERTAKING/PASSING","UNABLE TO DETERMINE","5835","N","LINCOLN AVE","2011",,,,,,,"2","NO INDICATION OF INJURY","0","0","0","0","0","2","0","7","5","1","41.9875954001","-87.7024487133","POINT (-87.702448713268 41.987595400081)"
"c5bf933a7ea329f9a5eb8f7bf0fdf2575fd17007fd79a754c30ec0eee020641b90ec2f1018a8422729e63239775990a99b11e3210831463b3a6527b22d4fc73f",,"2025-01-30T07:50:00.000","30","NO CONTROLS","NO CONTROLS","CLEAR","DAYLIGHT","TURNING","NOT DIVIDED",,"STRAIGHT AND LEVEL","DRY","NO DEFECTS","ON SCENE","INJURY AND / OR TOW DUE TO CRASH",,,,"OVER $1,500","2025-01-30T07:51:00.000","IMPROPER TURNING/NO SIGNAL","NOT APPLICABLE","8108","W","BELMONT AVE","1631",,,,,,,"2","REPORTED, NOT EVIDENT","3","0","0","0","3","1","0","7","5","1","41.9378063408","-87.8291740816","POINT (-87.829174081571 41.937806340788)"
"f3486b30fafe0987e452b13e240d905441fdc864a85e922502a2339b2ea817810b577960fec5b9758daa875e2c5145cd23338ef437d4f26c14cba44e75258190","Y","2025-01-30T07:50:00.000","30","TRAFFIC SIGNAL","FUNCTIONING PROPERLY","CLEAR","DAYLIGHT","PEDESTRIAN","DIVIDED - W/MEDIAN (NOT RAISED)",,"STRAIGHT AND LEVEL","DRY","NO DEFECTS","ON SCENE","INJURY AND / OR TOW DUE TO CRASH","Y",,,"$500 OR LESS","2025-01-30T07:51:00.000","FAILING TO YIELD RIGHT-OF-WAY","VISION OBSCURED (SIGNS, TREE LIMBS, BUILDINGS, ETC.)","1201","S","CALIFORNIA BLVD","1023",,,,,,,"3","NONINCAPACITATING INJURY","2","0","0","2","0","1","0","7","5","1","41.8664685943","-87.6957597759","POINT (-87.695759775897 41.866468594276)"
"52aceff42139480d0b2f877daab5d90c703c93a8190a753a092ae21ab7151a2b9ab52173d0f1913b0f00cd6a6183eb581b75c5fd41b16b16ac36130a82432b11",,"2025-01-30T07:47:00.000","30","TRAFFIC SIGNAL","FUNCTIONING PROPERLY","CLEAR","DAYLIGHT","ANGLE","FOUR WAY",,"STRAIGHT AND LEVEL","DRY","NO DEFECTS","ON SCENE","INJURY AND / OR TOW DUE TO CRASH","Y",,,"OVER $1,500","2025-01-30T07:48:00.000","DISREGARDING TRAFFIC SIGNALS","DISREGARDING TRAFFIC SIGNALS","4400","N","KIMBALL AVE","1723",,,,,,,"2","NO INDICATION OF INJURY","0","0","0","0","0","2","0","7","5","1","41.9612187512","-87.7132851776","POINT (-87.713285177594 41.961218751227)"
"3dba68e79d70a8824108776f482855d0ba247a5c390b3d5899d5c1f5f806339f1492c85041ed66ea7b6f070aa4aaf35410bedd67111ca75639775cdbe925f51f",,"2025-01-30T07:45:00.000","30","TRAFFIC SIGNAL","FUNCTIONING PROPERLY","CLEAR","DAYLIGHT","REAR END","DIVIDED - W/MEDIAN (NOT RAISED)",,"STRAIGHT AND LEVEL","DRY","NO DEFECTS","NOT ON SCENE (DESK REPORT)","INJURY AND / OR TOW DUE TO CRASH",,,,"$501 - $1,500","2025-01-30T08:40:00.000","FAILING TO REDUCE SPEED TO AVOID CRASH","UNABLE TO DETERMINE","4200","W","DIVISION ST","2534",,,,,,,"2","REPORTED, NOT EVIDENT","2","0","0","0","2","1","0","7","5","1","41.9026986955","-87.7313510556","POINT (-87.731351055621 41.902698695504)"
"1f400126a6cac46d4b61804684d3bdcc4c51d3c3999962435b93519a66053b32f95546069a92a7dd93c5cce2fee70606ff399df92b12d882afa1ccf7ec655a76",,"2025-01-30T07:41:00.000","30","TRAFFIC SIGNAL","FUNCTIONING PROPERLY","CLEAR","DAYLIGHT","TURNING","FOUR WAY",,"STRAIGHT AND LEVEL","DRY","NO DEFECTS",,"INJURY AND / OR TOW DUE TO CRASH","Y",,,"$500 OR LESS","2025-01-30T07:52:00.000","DRIVING ON WRONG SIDE/WRONG WAY","VISION OBSCURED (SIGNS, TREE LIMBS, BUILDINGS, ETC.)","1812","N","CICERO AVE","2533",,,,,,,"2","REPORTED, NOT EVIDENT","1","0","0","0","1","1","0","7","5","1","41.9136981065","-87.7461298668","POINT (-87.746129866836 41.913698106483)"
"1a631ae3bbc34a65479de9b6b22f6b9205f910851e33e0bfd2a15cce9c267070d446f5d2453b3341f2952e9aa50dac8f50888d92b288e0b9722dce73f1f83afa",,"2025-01-30T07:40:00.000","30","NO CONTROLS","NO CONTROLS","CLEAR","DAYLIGHT","TURNING","NOT DIVIDED",,"STRAIGHT AND LEVEL","DRY","NO DEFECTS","NOT ON SCENE (DESK REPORT)","NO INJURY / DRIVE AWAY",,,,"OVER $1,500","2025-01-30T09:00:00.000","IMPROPER TURNING/NO SIGNAL","NOT APPLICABLE","1616","W","NORTH AVE","1433",,,,,,,"2","NO INDICATION OF INJURY","0","0","0","0","0","2","0","7","5","1","41.9107292324","-87.668431062","POINT (-87.668431062001 41.910729232386)"
"1e7a97d71ef58749a4e387b5106e9f5530496918457c00f2668e0b3b825f751e760d7d853449d46f069f7711947e29af7fd1e85fc97687b5b21c090016cd1bb7",,"2025-01-30T07:40:00.000","40","NO CONTROLS","NO CONTROLS","CLEAR","DAYLIGHT","SIDESWIPE SAME DIRECTION","DIVIDED - W/MEDIAN BARRIER",,"STRAIGHT AND LEVEL","DRY","NO DEFECTS","ON SCENE","NO INJURY / DRIVE AWAY",,,"Y","OVER $1,500","2025-01-30T07:42:00.000","UNABLE TO DETERMINE","NOT APPLICABLE","5600","N","LAKE SHORE DR NB","2022",,,,,,,"2","NO INDICATION OF INJURY","0","0","0","0","0","2","0","7","5","1","41.9839519461","-87.6532151083","POINT (-87.653215108266 41.983951946132)"
"ca517134e4f36df5b61917489e2f83a92f9914223d47a85938c3e034468973afe8add55e160f3ded30fdf0f215331053e89b7ea16a6ac26c5bc6fa8544b23aa4",,"2025-01-30T07:39:00.000","35","STOP SIGN/FLASHER","FUNCTIONING PROPERLY","CLEAR","DAYLIGHT","PEDESTRIAN","FOUR WAY",,"STRAIGHT AND LEVEL","UNKNOWN","UNKNOWN","ON SCENE","INJURY AND / OR TOW DUE TO CRASH",,,,"$500 OR LESS","2025-01-30T07:44:00.000","VISION OBSCURED (SIGNS, TREE LIMBS, BUILDINGS, ETC.)","UNABLE TO DETERMINE","6298","W","GRAND AVE","2512",,,,,,,"2","NONINCAPACITATING INJURY","1","0","0","1","0","1","0","7","5","1","41.9220069824","-87.7828590188","POINT (-87.782859018819 41.92200698239)"