"crash_record_id","crash_date_est_i","crash_date","posted_speed_limit","traffic_control_device","device_condition","weather_condition","lighting_condition","first_crash_type","trafficway_type","lane_cnt","alignment","roadway_surface_cond","road_defect","report_type","crash_type","intersection_related_i","private_property_i","hit_and_run_i","damage","date_police_notified","prim_contributory_cause","sec_contributory_cause","street_no","street_direction","street_name","beat_of_occurrence","photos_taken_i","statements_taken_i","dooring_i","work_zone_i","work_zone_type","workers_present_i","num_units","most_severe_injury","injuries_total","injuries_fatal","injuries_incapacitating","injuries_non_incapacitating","injuries_reported_not_evident","injuries_no_indication","injuries_unknown","crash_hour","crash_day_of_week","crash_month","latitude","longitude","location"
"5a1fc1b79bc7ed8f47247ae742e4a07624b0f874e60c5e8762d15097cd24be435161ba580b46a2f962070e3d600f42db3510516542d6a9e41f87f8dd531de722",,"2025-01-30T07:35:00.000","30","STOP SIGN/FLASHER","FUNCTIONING PROPERLY","CLEAR","DAYLIGHT","PEDESTRIAN","ONE-WAY",,"STRAIGHT AND LEVEL","DRY","UNKNOWN","ON SCENE","INJURY AND / OR TOW DUE TO CRASH",,,"Y","OVER $1,500","2025-01-30T07:45:00.000","FAILING TO YIELD RIGHT-OF-WAY","UNABLE TO DETERMINE","5200","S","WINCHESTER AVE","932",,,,,,,"2","INCAPACITATING INJURY","1","0","1","0","0","1","0","7","5","1","41.7993328029","-87.6733876625","POINT (-87.673387662492 41.799332802851)"
"a49c304732b5d427ad13f968a85a86de1a93e6b6c8762990b6eb766b3ae920eb5ba5a6536e02427aaa135e7e88bd4c8955b19a4e5e5f18e26da4e3a10b943d1f","N","2025-01-30T07:33:00.000","30","TRAFFIC SIGNAL","FUNCTIONING IMPROPERLY","CLEAR","DAYLIGHT","TURNING","FOUR WAY",,"STRAIGHT AND LEVEL","DRY","NO DEFECTS","ON SCENE","INJURY AND / OR TOW DUE TO CRASH","Y",,,"OVER $1,500","2025-01-30T07:45:00.000","NOT APPLICABLE","NOT APPLICABLE","5698","N","SHERIDAN RD","2022",,,,,,,"2","NO INDICATION OF INJURY","0","0","0","0","0","3","0","7","5","1","41.9854632564","-87.6553914479","POINT (-87.655391447946 41.985463256416)"
"ef1e7f3eda6b3c0611a6f031193d1dd36a5a4e4d3ea9d383f7a6c1783c03b8f8a65f6955d663f1b8b0502f70c5699d7c02e0da715501597990d5055af7392750",,"2025-01-30T07:33:00.000","30","NO CONTROLS","FUNCTIONING PROPERLY","CLEAR","DAYLIGHT","REAR END","DIVIDED - W/MEDIAN BARRIER",,"STRAIGHT AND LEVEL","DRY","NO DEFECTS","ON SCENE","INJURY AND / OR TOW DUE TO CRASH","Y",,,"OVER $1,500","2025-01-30T07:58:00.000","FOLLOWING TOO CLOSELY","UNABLE TO DETERMINE","7934","S","LAKE SHORE DR","422",,,,,,,"2","NO INDICATION OF INJURY","0","0","0","0","0","3","0","7","5","1","41.7512391807","-87.5458418719","POINT (-87.545841871924 41.751239180715)"
"0060b967dfb3ea63beafdef477b1e33f47944876597365a13868060705d60443bbe121471068d5263948240b7c7016ee16602841b1bd9d64d611bedef0879ab7",,"2025-01-30T07:25:00.000","45","NO CONTROLS","NO CONTROLS","CLEAR","DAYLIGHT","REAR END","DIVIDED - W/MEDIAN BARRIER",,"STRAIGHT AND LEVEL","DRY","NO DEFECTS","NOT ON SCENE (DESK REPORT)","NO INJURY / DRIVE AWAY",,,,"$501 - $1,500","2025-01-31T14:30:00.000","FOLLOWING TOO CLOSELY","NOT APPLICABLE","3260","N","LAKE SHORE DR SB","1925",,,,,,,"2","NO INDICATION OF INJURY","0","0","0","0","0","2","0","7","5","1","41.9418503231","-87.6396248711","POINT (-87.639624871085 41.941850323075)"
"432d7931ba50b1595832af1b7815c58ca1b9b4903f555126dc70a8ba07ec27b89792e52a4b472b414922b4e27a87ed94a8fb928e4c582dc45ccf84116cc3f869",,"2025-01-30T07:15:00.000","30","TRAFFIC SIGNAL","FUNCTIONING PROPERLY","CLEAR","DAYLIGHT","ANGLE","FOUR WAY",,"STRAIGHT AND LEVEL","DRY","NO DEFECTS","NOT ON SCENE (DESK REPORT)","NO INJURY / DRIVE AWAY","Y",,,"OVER $1,500","2025-01-30T09:25:00.000","UNABLE TO DETERMINE","NOT APPLICABLE","127","E","OHIO ST","1834",,,,,,,"2","NO INDICATION OF INJURY","0","0","0","0","0","2","0","7","5","1","41.8924450146","-87.6242380264","POINT (-87.624238026414 41.892445014605)"
"72e764d6ff6237459179cfe5e5dd77122e42b3a3df485eb3218a46230f8a51d63d942325cdd40c3819e83cbd9982072aea55d5dbe2e339a48115294aca0f0dda",,"2025-01-30T07:13:00.000","30","STOP SIGN/FLASHER","FUNCTIONING PROPERLY","CLEAR","DAYLIGHT","TURNING","T-INTERSECTION",,"STRAIGHT AND LEVEL","DRY","NO DEFECTS","ON SCENE","INJURY AND / OR TOW DUE TO CRASH","Y",,,"$501 - $1,500","2025-01-30T07:17:00.000","FAILING TO YIELD RIGHT-OF-WAY","NOT APPLICABLE","5200","W","DRUMMOND PL","2514",,,,,,,"2","REPORTED, NOT EVIDENT","1","0","0","0","1","2","0","7","5","1","41.928791608","-87.7564394446","POINT (-87.756439444594 41.928791608025)"
"b199d84077babbb99f6855f066e2ecc4a2128134f31f61fc5ba3d50e9d288023a1628d81bad41e35445b0f6dacdfb3d9728fc281fff61305800bc057784a4fd2",,"2025-01-30T07:00:00.000","30","TRAFFIC SIGNAL","FUNCTIONING PROPERLY","CLEAR","DAYLIGHT","SIDESWIPE SAME DIRECTION","DIVIDED - W/MEDIAN (NOT RAISED)",,"STRAIGHT AND LEVEL","DRY","NO DEFECTS","NOT ON SCENE (DESK REPORT)","NO INJURY / DRIVE AWAY","N",,"Y","$501 - $1,500","2025-01-30T08:00:00.000","DRIVING SKILLS/KNOWLEDGE/EXPERIENCE","UNABLE TO DETERMINE","9515","S","STONY ISLAND AVE","431",,,,,,,"2","NO INDICATION OF INJURY","0","0","0","0","0","2","0","7","5","1","41.7217899675","-87.5849180404","POINT (-87.584918040409 41.721789967541)"
"cacd0f17fd54e08fdfec1396ded8a386e0c32b12428d3fd2f90873207a439636f7897f211e91c59179cbb8f9c708bdc905cccf97c337242efa9652e7a6a01939",,"2025-01-30T07:00:00.000","30","TRAFFIC SIGNAL","FUNCTIONING PROPERLY","CLEAR","DAYLIGHT","REAR END","DIVIDED - W/MEDIAN (NOT RAISED)",,"STRAIGHT AND LEVEL","DRY","NO DEFECTS","ON SCENE","INJURY AND / OR TOW DUE TO CRASH","Y",,,"$501 - $1,500","2025-01-30T07:02:00.000","UNABLE TO DETERMINE","UNABLE TO DETERMINE","2405","W","MARQUETTE RD","832",,,,,,,"2","REPORTED, NOT EVIDENT","1","0","0","0","1","1","0","7","5","1","41.7718635997","-87.6836704221","POINT (-87.683670422084 41.771863599735)"
"cdf110d0e1bb8234f7a6407be54222b7cf3d2064c1833a4de02af2f7ea8c33c31d2095fe2a22b85bb3a502d53926dafb93bbe10ec3a1c489f3a70d9bdaa3580a",,"2025-01-30T06:55:00.000","30","NO CONTROLS","NO CONTROLS","CLEAR","DAWN","SIDESWIPE SAME DIRECTION","ONE-WAY",,"STRAIGHT AND LEVEL","DRY","NO DEFECTS","NOT ON SCENE (DESK REPORT)","NO INJURY / DRIVE AWAY",,,,"OVER $1,500","2025-01-30T11:15:00.000","UNABLE TO DETERMINE","NOT APPLICABLE","77","E","ADAMS ST","113",,,,,,,"2","NO INDICATION OF INJURY","0","0","0","0","0","2","0","6","5","1","41.8794362428","-87.6248543591","POINT (-87.624854359052 41.87943624279)"
"dffa48242cd302488573f9129f37d70d65a4cafda733c8b26d3c0846990b9a072c862313d6c3fe501b658d06111aa3a9a17c040b643efb339a75dc08fe2246cf",,"2025-01-30T06:42:00.000","30","TRAFFIC SIGNAL","FUNCTIONING PROPERLY","CLEAR","DAYLIGHT","REAR END","FOUR WAY",,"STRAIGHT AND LEVEL","DRY","NO DEFECTS","NOT ON SCENE (DESK REPORT)","NO INJURY / DRIVE AWAY","Y",,,"$501 - $1,500","2025-01-30T07:00:00.000","FOLLOWING TOO CLOSELY","UNABLE TO DETERMINE","3800","W","ROOSEVELT RD","1133",,,,,,,"2","NO INDICATION OF INJURY","0","0","0","0","0","2","0","6","5","1","41.8663485906","-87.7201953899","POINT (-87.72019538986 41.86634859062)"
"09ccd35625eb90dbdc4365d1adf345acce7830d6df19d043611c4a05306a4ebbfe2d63d49badd9bcf0c7f0f12f0d6c15198440cde5716eef09a3cd7f7bd0be54",,"2025-01-30T06:40:00.000","30","STOP SIGN/FLASHER","NO CONTROLS","CLEAR","DAYLIGHT","REAR END","ONE-WAY",,"STRAIGHT AND LEVEL","DRY","NO DEFECTS","NOT ON SCENE (DESK REPORT)","INJURY AND / OR TOW DUE TO CRASH",,,,"OVER $1,500","2025-01-30T07:50:00.000","FOLLOWING TOO CLOSELY","NOT APPLICABLE","150","W","47TH ST","215",,,,,,,"2","NONINCAPACITATING INJURY","1","0","0","1","0","2","0","6","5","1","41.8093921534","-87.6300607693","POINT (-87.63006076932 41.809392153427)"
"8df89fe97fe71a7e5d16a00235f35704de2bd3f91b074d8932a78c9a80cfa9bf670d37ede2ca141b2884412ae4cb7e94961a292feac60224d656896106383e91",,"2025-01-30T06:34:00.000","30","TRAFFIC SIGNAL","FUNCTIONING PROPERLY","CLEAR","DAWN","ANGLE","FOUR WAY",,"STRAIGHT AND LEVEL","DRY","NO DEFECTS","ON SCENE","INJURY AND / OR TOW DUE TO CRASH","Y",,,"OVER $1,500","2025-01-30T06:35:00.000","DISREGARDING TRAFFIC SIGNALS","DISREGARDING TRAFFIC SIGNALS","4401","W","ROOSEVELT RD","1011",,,,,,,"2","NONINCAPACITATING INJURY","2","0","0","2","0","0","0","6","5","1","41.8659213741","-87.7350838422","POINT (-87.735083842195 41.865921374106)"
"0000b8e88de2441e6d530c9ee6a75c216a64ad07caa9051625935930f1e3fef45d0afb17d15a17e899bc70923dccef3d4fc0c045ed93ee6f0e209704be8bf54e",,"2025-01-30T06:30:00.000","30","NO CONTROLS","NO CONTROLS","CLEAR","DARKNESS, LIGHTED ROAD","ANGLE","DIVIDED - W/MEDIAN (NOT RAISED)",,"STRAIGHT AND LEVEL","DRY","NO DEFECTS","NOT ON SCENE (DESK REPORT)","NO INJURY / DRIVE AWAY",,,,"$501 - $1,500","2025-01-30T06:50:00.000","DRIVING SKILLS/KNOWLEDGE/EXPERIENCE","NOT APPLICABLE","6350","S","ASHLAND AVE","725",,,,,,,"2","NO INDICATION OF INJURY","0","0","0","0","0","2","0","6","5","1","41.777968118","-87.6643276991","POINT (-87.664327699077 41.777968118032)"
"0ed87dda098c6f9f35df4b81e1340c62e3a483f8fa8d76a4e636f7232c32f8bc1d0dae034e193c3398a64af42e1ea8424e91013c8807ca28e9d9af80cb7276df",,"2025-01-30T06:30:00.000","20","NO CONTROLS","NO CONTROLS","CLEAR","DARKNESS, LIGHTED ROAD","PARKED MOTOR VEHICLE","ONE-WAY",,"STRAIGHT AND LEVEL","DRY","NO DEFECTS","NOT ON SCENE (DESK REPORT)","NO INJURY / DRIVE AWAY",,,,"$501 - $1,500","2025-01-31T08:30:00.000","FAILING TO YIELD RIGHT-OF-WAY","NOT APPLICABLE","3198","N","LAMON AVE","2521",,,,,,,"2","NO INDICATION OF INJURY","0","0","0","0","0","2","0","6","5","1","41.9387465997","-87.7494852339","POINT (-87.749485233935 41.938746599706)"
"dfd21f57ab0262274d950e02feda1a1fcef26cf38dc60a58ffc8a2c87c3081a235eb2d3a64a7b3c0412557af006cff8581008e1d6652cce5dd705a97c4154279",,"2025-01-30T06:30:00.000","25","TRAFFIC SIGNAL","FUNCTIONING PROPERLY","CLEAR","DAYLIGHT","REAR END","NOT DIVIDED",,"STRAIGHT AND LEVEL","DRY","NO DEFECTS","NOT ON SCENE (DESK REPORT)","NO INJURY / DRIVE AWAY",,,,"OVER $1,500","2025-01-30T14:44:00.000","UNABLE TO DETERMINE","UNABLE TO DETERMINE","4804","W","POLK ST","1533",,,,,,,"2","NO INDICATION OF INJURY","0","0","0","0","0","2","0","6","5","1","41.870373963","-87.74516","POINT (-87.745159999991 41.870373963023)"
"3c392f743be0d9faa3c7fd746ef07bbcdcdfcdc556f2198ff25aed447dad7ff7c74e1212f21250309c40234b9e62fc42af4c25590a2d6918d9b8acad3d481583",,"2025-01-30T06:29:00.000","40","TRAFFIC SIGNAL","FUNCTIONING PROPERLY","CLEAR","DARKNESS, LIGHTED ROAD","TURNING","FIVE POINT, OR MORE",,"STRAIGHT AND LEVEL","DRY","UNKNOWN","ON SCENE","INJURY AND / OR TOW DUE TO CRASH","Y",,,"OVER $1,500","2025-01-30T06:30:00.000","FAILING TO YIELD RIGHT-OF-WAY","NOT APPLICABLE","1701","N","LAKE SHORE DR SB","1814",,,,,,,"2","NO INDICATION OF INJURY","0","0","0","0","0","4","0","6","5","1","41.9131737749","-87.6261958658","POINT (-87.626195865821 41.913173774861)"
"537e6434f4d3a6427ecb36f92d89446b93648a61f6f82e06d57307cdfa3d067109d4e19dc1f0703f6bba27944a7c9148c2252da161e091d27feb79ef7216a418",,"2025-01-30T06:29:00.000","30","TRAFFIC SIGNAL","FUNCTIONING PROPERLY","CLEAR","DAWN","OTHER OBJECT","NOT DIVIDED",,"STRAIGHT AND LEVEL","DRY","NO DEFECTS","ON SCENE","INJURY AND / OR TOW DUE TO CRASH",,,"Y","OVER $1,500","2025-01-30T06:40:00.000","UNABLE TO DETERMINE","UNABLE TO DETERMINE","3610","W","FOSTER AVE","1712",,,,,,,"1","NO INDICATION OF INJURY","0","0","0","0","0","1","0","6","5","1","41.9757412187","-87.7189209608","POINT (-87.718920960809 41.975741218683)"
"2462fbc04d231b9187acd191c155ca7d385e1ab7a6c775b09c3e374e464fa384af34b52d10a352ec4d64d8d15877c64126dd635d752660b7fdf772a6468486cc",,"2025-01-30T06:27:00.000","30","NO CONTROLS","NO CONTROLS","CLEAR","DARKNESS, LIGHTED ROAD","TURNING","NOT DIVIDED",,"STRAIGHT AND LEVEL","DRY","NO DEFECTS","ON SCENE","INJURY AND / OR TOW DUE TO CRASH","Y",,,"OVER $1,500","2025-01-30T06:47:00.000","FAILING TO YIELD RIGHT-OF-WAY","IMPROPER OVERTAKING/PASSING","2946","W","31ST ST","1033",,,,,,,"2","NONINCAPACITATING INJURY","2","0","0","2","0","0","0","6","5","1","41.8374446996","-87.6993205204","POINT (-87.699320520392 41.837444699623)"
"b2e3e4b7c98be6da4927fcf288175bb3f72f214739edde8c6bf39d17fd26db552c318bc538a0de2c11298b4394ea0ba33973f7d92f6ac8064f509d14ff497aba",,"2025-01-30T06:15:00.000","10","NO CONTROLS","NO CONTROLS","CLEAR","DAYLIGHT","PEDESTRIAN","OTHER",,"STRAIGHT AND LEVEL","DRY","NO DEFECTS","ON SCENE","NO INJURY / DRIVE AWAY",,,,"$500 OR LESS","2025-01-30T06:30:00.000","NOT APPLICABLE","UNABLE TO DETERMINE","10255","W","ZEMKE RD","1654",,,,,,,"2","NO INDICATION OF INJURY","0","0","0","0","0","2","0","6","5","1","41.9947933861","-87.8827076595","POINT (-87.882707659516 41.994793386112)"
"7ff974021053ac4d42276407b137359ff5f1a2845f89437c1b6b0d9d962747dba114f63b9f988e9f3ec701330daf6932838aeefff77502702d256952826d7838",,"2025-01-30T05:59:00.000","30","STOP SIGN/FLASHER","FUNCTIONING PROPERLY","CLEAR","DAYLIGHT","ANGLE","FOUR WAY",,"STRAIGHT AND LEVEL","DRY","NO DEFECTS","ON SCENE","NO INJURY / DRIVE AWAY","Y",,,"OVER $1,500","2025-01-30T06:04:00.000","FAILING TO YIELD RIGHT-OF-WAY","DRIVING SKILLS/KNOWLEDGE/EXPERIENCE","3525","W","LAWRENCE AVE","1723",,,,,,,"2","NO INDICATION OF INJURY","0","0","0","0","0","2","0","5","5","1","41.9682546808","-87.7169691907","POINT (-87.716969190718 41.968254680776)"
"ff5a279f7f0d1b6177af1bc01233ef2d7007137999e005cc61d8241582f2e4aaf529a1aac1da7ed9b6aa720b18e132aeebadc82676b6177fa638fc8c0a72e9ce",,"2025-01-30T05:48:00.000","45","UNKNOWN","UNKNOWN","CLEAR","DARKNESS, LIGHTED ROAD","SIDESWIPE SAME DIRECTION","DIVIDED - W/MEDIAN BARRIER",,"STRAIGHT AND LEVEL","DRY","UNKNOWN","ON SCENE","INJURY AND / OR TOW DUE TO CRASH",,,"Y","OVER $1,500","2025-01-30T06:01:00.000","DRIVING SKILLS/KNOWLEDGE/EXPERIENCE","UNABLE TO DETERMINE","990","N","LAKE SHORE DR SB","1833",,,,,,,"2","NO INDICATION OF INJURY","0","0","0","0","0","2","0","5","5","1","41.9008061097","-87.6197239614","POINT (-87.619723961393 41.90080610974)"
"8613361d9e3cd2dca1257a3b937cffab3cba7478a4d54da39bf2f1152d5f8ae28f655ecd3b4bc0d327b48e2cd10bfc51c122955994810ca18897139b9857f3ff",,"2025-01-30T05:43:00.000","30","NO CONTROLS","NO CONTROLS","CLEAR","DARKNESS, LIGHTED ROAD","SIDESWIPE SAME DIRECTION","DIVIDED - W/MEDIAN (NOT RAISED)",,"STRAIGHT AND LEVEL","DRY","UNKNOWN","ON SCENE","NO INJURY / DRIVE AWAY",,,,"OVER $1,500","2025-01-30T05:44:00.000","UNABLE TO DETERMINE","UNABLE TO DETERMINE","1151","W","HOLLYWOOD AVE","2022",,"Y",,,,,"2","NO INDICATION OF INJURY","0","0","0","0","0","2","0","5","5","1","41.9853462593","-87.6600364217","POINT (-87.660036421706 41.985346259294)"
"2f8fe33e07c0a1cdb2e8cd55b07404e38025b95a532d8a0aa77e1ca16225c90e954d9949da11223d72f16027310c7bd6a50364c30701f3407d831c475f15cbae",,"2025-01-30T05:30:00.000","30","NO CONTROLS","UNKNOWN","RAIN","DARKNESS","PARKED MOTOR VEHICLE","NOT DIVIDED",,"STRAIGHT AND LEVEL","WET","UNKNOWN","NOT ON SCENE (DESK REPORT)","NO INJURY / DRIVE AWAY",,,,"$500 OR LESS","2025-01-30T06:37:00.000","UNABLE TO DETERMINE","UNABLE TO DETERMINE","3930","W","ROOSEVELT RD","1132",,,,,,,"2","NO INDICATION OF INJURY","0","0","0","0","0","2","0","5","5","1","41.8662985525","-87.7240113931","POINT (-87.724011393104 41.866298552545)"
"aaee66cd52856d17e894db824390040a435738d127d131b900574a26843927df64d7db0d84ce9faa403e5a203306d5fd4c8aecfb030d50e143a2879f4a06ed2f",,"2025-01-30T04:50:00.000","30","STOP SIGN/FLASHER","FUNCTIONING PROPERLY","CLEAR","DARKNESS, LIGHTED ROAD","ANGLE","FOUR WAY",,"STRAIGHT AND LEVEL","DRY","NO DEFECTS","NOT ON SCENE (DESK REPORT)","NO INJURY / DRIVE AWAY","Y",,,"OVER $1,500","2025-01-30T04:55:00.000","UNABLE TO DETERMINE","UNABLE TO DETERMINE","5000","S","DAMEN AVE","931",,,,,,,"2","NO INDICATION OF INJURY","0","0","0","0","0","2","0","4","5","1","41.8029616054","-87.6746970222","POINT (-87.674697022185 41.802961605387)"
"232088d19e8c4249795233555e1605662c772b97e6a14c0ab88a26891110ccac882d949c8be9b64abf033ab54c6a153b2d34112d066e11737285630b48842866",,"2025-01-30T04:32:00.000","30","NO CONTROLS","NO CONTROLS","CLEAR","DARKNESS, LIGHTED ROAD","PEDESTRIAN","DIVIDED - W/MEDIAN (NOT RAISED)",,"STRAIGHT AND LEVEL","DRY","NO DEFECTS",,"INJURY AND / OR TOW DUE TO CRASH","N",,"Y","$500 OR LESS","2025-01-30T04:33:00.000","UNABLE TO DETERMINE","FAILING TO REDUCE SPEED TO AVOID CRASH","3129","W","CERMAK RD","1033",,,,,,,"2","INCAPACITATING INJURY","1","0","1","0","0","1","0","4","5","1","41.8516717619","-87.7039730263","POINT (-87.703973026288 41.851671761864)"
"7ea4cdc17d60d4608e59ace4b4f48a1f06a44c7dafdb3b2167158d2b6aae751a53fc6c4cdce6420f2f5afa37b37f38dca189a20b536b119392b64374ec119b83",,"2025-01-30T04:30:00.000","30","NO CONTROLS","NO CONTROLS","CLEAR","DAYLIGHT","PARKED MOTOR VEHICLE","NOT DIVIDED",,"STRAIGHT AND LEVEL","DRY","NO DEFECTS","ON SCENE","INJURY AND / OR TOW DUE TO CRASH",,,"Y","OVER $1,500","2025-01-30T05:48:00.000","FOLLOWING TOO CLOSELY","UNABLE TO DETERMINE","4523","S","HERMITAGE AVE","924",,,,,,,"4","NO INDICATION OF INJURY","0","0","0","0","0","1","0","4","5","1","41.811498242","-87.6685492198","POINT (-87.668549219803 41.811498241972)"
"bcbe9fc8c7431f6bc5ac90ffb7da15fe4272f732d2f6fbf03d06e7f5fafa84768efbabef6012c4695cb4ac246cfc76c9452057cf9faf05677ce2dab3086a8573",,"2025-01-30T04:15:00.000","30","TRAFFIC SIGNAL","FUNCTIONING PROPERLY","CLEAR","DARKNESS, LIGHTED ROAD","REAR END","FOUR WAY",,"STRAIGHT AND LEVEL","DRY","NO DEFECTS","NOT ON SCENE (DESK REPORT)","NO INJURY / DRIVE AWAY",,,"Y","OVER $1,500","2025-01-30T05:20:00.000","UNABLE TO DETERMINE","UNABLE TO DETERMINE","4801","W","LEXINGTON ST","1533",,,,,,,"2","NO INDICATION OF INJURY","0","0","0","0","0","3","0","4","5","1","41.8710704833","-87.7449739046","POINT (-87.744973904635 41.871070483337)"
"be52da7204f603e63123b1c1b79e7d56b01d1635940d91aba7ca825c559b0ff3437eeb178847aac76b4477734fd5ced0fcb77545ef38600ba342003481d4e49b",,"2025-01-30T04:00:00.000","15","POLICE/FLAGMAN","FUNCTIONING IMPROPERLY","CLEAR","DARKNESS, LIGHTED ROAD","FIXED OBJECT","ALLEY",,"STRAIGHT AND LEVEL","DRY","UNKNOWN","ON SCENE","NO INJURY / DRIVE AWAY",,"Y",,"OVER $1,500","2025-01-30T10:44:00.000","UNABLE TO DETERMINE","UNABLE TO DETERMINE","1106","W","LAWRENCE AVE","2033",,,,"Y","CONSTRUCTION","Y","1","NO INDICATION OF INJURY","0","0","0","0","0","1","0","4","5","1","41.9691578966","-87.6579357803","POINT (-87.657935780292 41.969157896598)"
"6a9aaa3f79992879fb9c883731c811b3075b9b18a2ad6b41b908cb69bfeee4af547c8a175a13c7167c4bd1c689995b8e9c346a18247abc44b36f12efda893c5e",,"2025-01-30T03:50:00.000","30","UNKNOWN","UNKNOWN","CLEAR","DAYLIGHT","SIDESWIPE SAME DIRECTION","FOUR WAY",,"STRAIGHT AND LEVEL","DRY","UNKNOWN","NOT ON SCENE (DESK REPORT)","NO INJURY / DRIVE AWAY",,,,"$500 OR LESS","2025-01-30T04:18:00.000","UNABLE TO DETERMINE","UNABLE TO DETERMINE","202","N","SACRAMENTO BLVD","1222",,,,,,,"2","NO INDICATION OF INJURY","0","0","0","0","0","2","0","3","5","1","41.8842015656","-87.701441441","POINT (-87.701441441011 41.884201565568)"
"6229b096728376753b0ba99c56fde5b2cc56f2a7f23d1c175fefe7ea17a9df267dfbaec0e53a5b73e23fac82d702aff983f5c6187714786b6e92ef663577761d",,"2025-01-30T02:34:00.000","30","TRAFFIC SIGNAL","FUNCTIONING PROPERLY","CLEAR","DARKNESS, LIGHTED ROAD","FIXED OBJECT","FOUR WAY",,"STRAIGHT AND LEVEL","DRY","UNKNOWN","ON SCENE","INJURY AND / OR TOW DUE TO CRASH","Y",,,"OVER $1,500","2025-01-30T02:34:00.000","UNABLE TO DETERMINE","NOT APPLICABLE","5973","W","MADISON ST","1513",,,,,,,"1","NONINCAPACITATING INJURY","1","0","0","1","0","0","0","2","5","1","41.8799780653","-87.7745816701","POINT (-87.774581670135 41.879978065343)"
"bc61dba3b9dffd0eb04e0562908c28f4a9bbab813a25a05eaab5a16551dde1bf0a1df4d620676fe6ddc7f425be909de2d9c00d0d015f737acb45fd192ecebe23",,"2025-01-30T02:21:00.000","30","NO CONTROLS","NO CONTROLS","CLEAR","DARKNESS, LIGHTED ROAD","PARKED MOTOR VEHICLE","NOT DIVIDED",,"STRAIGHT AND LEVEL","DRY","NO DEFECTS","ON SCENE","INJURY AND / OR TOW DUE TO CRASH",,,,"OVER $1,500","2025-01-30T02:21:00.000","FAILING TO REDUCE SPEED TO AVOID CRASH","NOT APPLICABLE","2046","N","PULASKI RD","2525",,,,,,,"4","NONINCAPACITATING INJURY","1","0","0","1","0","0","0","2","5","1","41.9185928188","-87.7267510109","POINT (-87.726751010879 41.918592818754)"
"d5a28e9fbab383cde3de86012b06e5a8d7e7d08de726c80263ef6ef1cc702ec5e651542170572b3699f227b9e617593aa24344595f565d6378e7ce5c33a6f5ad",,"2025-01-30T02:14:00.000","30","NO CONTROLS","NO CONTROLS","CLEAR","DARKNESS, LIGHTED ROAD","PARKED MOTOR VEHICLE","ONE-WAY",,"STRAIGHT AND LEVEL","DRY","UNKNOWN","ON SCENE","NO INJURY / DRIVE AWAY",,,,"$501 - $1,500","2025-01-30T02:14:00.000","IMPROPER BACKING","DRIVING SKILLS/KNOWLEDGE/EXPERIENCE","4904","W","CUYLER AVE","1624",,,,,,,"2","NO INDICATION OF INJURY","0","0","0","0","0","2","0","2","5","1","41.9545725258","-87.7495142737","POINT (-87.749514273719 41.954572525774)"
"8ff33a7bfd05c9d3c59ba1df820c49ba989394af1faa338600090001f3bd27749605b7c14983074a1ded8a890baacbea1215c3e1c444705f0fce6a997bd7c976",,"2025-01-30T02:12:00.000","30","TRAFFIC SIGNAL","FUNCTIONING PROPERLY","CLEAR","DARKNESS, LIGHTED ROAD","ANGLE","NOT DIVIDED",,"STRAIGHT AND LEVEL","DRY","NO DEFECTS","ON SCENE","INJURY AND / OR TOW DUE TO CRASH","Y",,,"OVER $1,500","2025-01-30T02:13:00.000","UNABLE TO DETERMINE","DISREGARDING TRAFFIC SIGNALS","6699","S","DR MARTIN LUTHER KING JR DR","312",,,,,,,"2","NO INDICATION OF INJURY","0","0","0","0","0","2","0","2","5","1","41.7730629898","-87.615305883","POINT (-87.615305882967 41.773062989812)"
"59ac5975f96ef2740f95817f5232350976dc257d0a777d321f2ef1ae8c5e50a6d9db103c9900963ad6bef60b066a40125ce150151c247da9c818240a23d1640f",,"2025-01-30T01:30:00.000","20","NO CONTROLS","NO CONTROLS","RAIN","DARKNESS, LIGHTED ROAD","SIDESWIPE OPPOSITE DIRECTION","ONE-WAY",,"STRAIGHT AND LEVEL","WET","UNKNOWN","NOT ON SCENE (DESK REPORT)","NO INJURY / DRIVE AWAY",,,"Y","OVER $1,500","2025-01-31T17:00:00.000","DRIVING ON WRONG SIDE/WRONG WAY","NOT APPLICABLE","2450","W","THOMAS ST","1212",,,,,,,"2","NO INDICATION OF INJURY","0","0","0","0","0","2","0","1","5","1","41.9012903137","-87.6890164841","POINT (-87.689016484082 41.901290313692)"
"30454d2ac8a48f47fd5304616914c29483623772648b400919886208b9589e8ba2d009ecaa8d22d19b4d2c8e9775acdcd821aa37d9b53b217f109fed08d93a55",,"2025-01-30T01:00:00.000","30","NO CONTROLS","NO CONTROLS","CLEAR","DARKNESS, LIGHTED ROAD","FIXED OBJECT","NOT DIVIDED",,"STRAIGHT AND LEVEL","DRY","UNKNOWN","ON SCENE","INJURY AND / OR TOW DUE TO CRASH",,,,"OVER $1,500","2025-01-30T01:01:00.000","NOT APPLICABLE","NOT APPLICABLE","1357","W","111TH PL","2234",,,,,,,"1","NO INDICATION OF INJURY","0","0","0","0","0","1","0","1","5","1","41.6911639282","-87.6567421456","POINT (-87.65674214562 41.691163928184)"
"96548fb09e6d20bded66c54c1d29c84aab9fa6385a357ec9e9c5b855a7f4980d0e594838abd1122b4c234af2e14ea1aa76cbd10f75d00065822554e2d6432a0b",,"2025-01-30T01:00:00.000","30","NO CONTROLS","NO CONTROLS","CLEAR","DARKNESS, LIGHTED ROAD","PARKED MOTOR VEHICLE","ONE-WAY",,"STRAIGHT AND LEVEL","DRY","NO DEFECTS","NOT ON SCENE (DESK REPORT)","NO INJURY / DRIVE AWAY",,,"Y","OVER $1,500","2025-01-30T15:45:00.000","IMPROPER OVERTAKING/PASSING","UNABLE TO DETERMINE","4815","N","NATOMA AVE","1613",,,,,,,"2","NO INDICATION OF INJURY","0","0","0","0","0","1","0","1","5","1","41.9688903303","-87.7927056152","POINT (-87.792705615178 41.968890330306)"