"crash_record_id","crash_date_est_i","crash_date","posted_speed_limit","traffic_control_device","device_condition","weather_condition","lighting_condition","first_crash_type","trafficway_type","lane_cnt","alignment","roadway_surface_cond","road_defect","report_type","crash_type","intersection_related_i","private_property_i","hit_and_run_i","damage","date_police_notified","prim_contributory_cause","sec_contributory_cause","street_no","street_direction","street_name","beat_of_occurrence","photos_taken_i","statements_taken_i","dooring_i","work_zone_i","work_zone_type","workers_present_i","num_units","most_severe_injury","injuries_total","injuries_fatal","injuries_incapacitating","injuries_non_incapacitating","injuries_reported_not_evident","injuries_no_indication","injuries_unknown","crash_hour","crash_day_of_week","crash_month","latitude","longitude","location"
"008df6c97b63bc54747e7ee1e7e4ae293ee398669942c42c0ca0d633e7692fddaebfe4d862c0d4ea11ca6047e84b221d667f4d844c12da9dd5ea6c597f399f85",,"2025-01-30T00:18:00.000","30","TRAFFIC SIGNAL","FUNCTIONING PROPERLY","CLEAR","DARKNESS, LIGHTED ROAD","FIXED OBJECT","DIVIDED - W/MEDIAN BARRIER",,"STRAIGHT AND LEVEL","DRY","WORN SURFACE","ON SCENE","INJURY AND / OR TOW DUE TO CRASH","Y",,"N","OVER $1,500","2025-01-30T00:22:00.000","NOT APPLICABLE","FAILING TO REDUCE SPEED TO AVOID CRASH","4756","S","ASHLAND AVE","931",,,,,,,"1","NO INDICATION OF INJURY","0","0","0","0","0","1","0","0","5","1","41.8069274771","-87.6650721626","POINT (-87.665072162572 41.806927477074)"
"25a92124a3c5487667f5b577fb687bb316db22613d02243b249704f90fb85db2aa480faec5f83ef9470cfc8174ed0bb00f1ba0bcbab13cf1f1d86deaadfb4a92",,"2025-01-30T00:16:00.000","30","STOP SIGN/FLASHER","FUNCTIONING PROPERLY","CLEAR","DARKNESS, LIGHTED ROAD","ANGLE","NOT DIVIDED",,"STRAIGHT AND LEVEL","DRY","NO DEFECTS",,"INJURY AND / OR TOW DUE TO CRASH","Y",,,"OVER $1,500","2025-01-30T00:17:00.000","DISREGARDING STOP SIGN","OPERATING VEHICLE IN ERRATIC, RECKLESS, CARELESS, NEGLIGENT OR AGGRESSIVE MANNER","6300","N","ALBANY AVE","2413",,,,,,,"6","INCAPACITATING INJURY","6","0","1","0","5","0","0","0","5","1","41.9957483181","-87.7070109729","POINT (-87.707010972877 41.995748318091)"
"cfa500f6eedb2e471e5f515ebb68908cd987eed5be14f6de7bd46b3f003bc5562dc1ee0e45d5fe9033991fae716dc54d2c6c2fd7680bfa42d97ff64df6c940ba",,"2025-01-30T00:01:00.000","30","NO CONTROLS","NO CONTROLS","CLEAR","DARKNESS","PARKED MOTOR VEHICLE","NOT DIVIDED",,"STRAIGHT AND LEVEL","DRY","NO DEFECTS","NOT ON SCENE (DESK REPORT)","NO INJURY / DRIVE AWAY",,,"Y","OVER $1,500","2025-02-01T12:33:00.000","UNABLE TO DETERMINE","UNABLE TO DETERMINE","4054","N","MILWAUKEE AVE","1624",,,,,,,"2","NO INDICATION OF INJURY","0","0","0","0","0","1","0","0","5","1","41.9543572436","-87.7491079457","POINT (-87.749107945713 41.954357243553)"
"aea5335f4bbdfa5c72dda9bb494e38ad4c9f6af909324e56425d8d54703134da6d59a80b3476e565a85eed34c3bcfd784d5e5a127cbf4d51585eae82b8c7ab89",,"2025-01-29T23:55:00.000","35","FLASHING CONTROL SIGNAL","FUNCTIONING PROPERLY","CLEAR","DARKNESS, LIGHTED ROAD","SIDESWIPE SAME DIRECTION","FOUR WAY",,"STRAIGHT AND LEVEL","DRY","NO DEFECTS","ON SCENE","INJURY AND / OR TOW DUE TO CRASH",,,"Y","OVER $1,500","2025-01-30T00:05:00.000","UNABLE TO DETERMINE","NOT APPLICABLE","12700","S","HALSTED ST","523",,,,,,,"3","NO INDICATION OF INJURY","0","0","0","0","0","3","0","23","4","1","41.6631821012","-87.6415652652","POINT (-87.641565265157 41.663182101231)"
"0192b641e3c1e87def18b3fd88d51816979b974a8e5603e332ec472982002d332363f8acaf27b361b89ed246740773ec20c45f9a645fac556c7aa6270b9b1cc6",,"2025-01-29T23:15:00.000","30","NO CONTROLS","NO CONTROLS","CLEAR","DARKNESS, LIGHTED ROAD","PARKED MOTOR VEHICLE","NOT DIVIDED",,"STRAIGHT AND LEVEL","DRY","NO DEFECTS","ON SCENE","INJURY AND / OR TOW DUE TO CRASH",,,,"OVER $1,500","2025-01-29T23:16:00.000","UNABLE TO DETERMINE","UNABLE TO DETERMINE","7534","N","CALIFORNIA AVE","2411",,,,,,,"3","NONINCAPACITATING INJURY","1","0","0","1","0","0","0","23","4","1","42.0185301148","-87.699746872","POINT (-87.699746871987 42.018530114768)"
"49defa3bf10720b83f15f0f2b1f2befa3442191f86d91cca94b89229882842d292d944e0bd77a9a750d6ba6bec2ce229fc066c7d9af1f5ecd6b4a64d34ecaf3b",,"2025-01-29T22:49:00.000","30","TRAFFIC SIGNAL","FUNCTIONING PROPERLY","CLEAR","DARKNESS, LIGHTED ROAD","TURNING","DIVIDED - W/MEDIAN BARRIER",,"STRAIGHT AND LEVEL","DRY","NO DEFECTS","ON SCENE","INJURY AND / OR TOW DUE TO CRASH","N",,,"OVER $1,500","2025-01-29T22:54:00.000","DISREGARDING TRAFFIC SIGNALS","FAILING TO REDUCE SPEED TO AVOID CRASH","1","N","LOWER WACKER DR","122",,,,,,,"2","NO INDICATION OF INJURY","0","0","0","0","0","4","0","22","4","1","41.8819524961","-87.636583638","POINT (-87.636583637982 41.881952496056)"
"c462d3a6fe129c3476a4f44a8d5b02e7aa094214783eb223358945b23e09d1284bb1a0761dbc1914423268b35cdc4bebe2f95de9d4c05ae001329bbf20843380",,"2025-01-29T22:30:00.000","30","NO CONTROLS","NO CONTROLS","CLEAR","DARKNESS","PARKED MOTOR VEHICLE","ONE-WAY",,"STRAIGHT AND LEVEL","DRY","NO DEFECTS","NOT ON SCENE (DESK REPORT)","NO INJURY / DRIVE AWAY",,,"Y","$501 - $1,500","2025-01-30T12:01:00.000","DRIVING SKILLS/KNOWLEDGE/EXPERIENCE","UNABLE TO DETERMINE","8549","S","KILPATRICK AVE","834",,,,,,,"2","NO INDICATION OF INJURY","0","0","0","0","0","1","0","22","4","1","41.7367778243","-87.7383497745","POINT (-87.738349774541 41.736777824294)"
"dd203ab8ff76cd1f375f27d9bc79a92efd0c2ea6684ebe53c42c6f0afe4b9cea04c3a08738d3d5c8d1c1e8c2c607b2aac65cb17b56165a2b8e97ff96ab9268ab",,"2025-01-29T22:30:00.000","30","NO CONTROLS","NO CONTROLS","CLEAR","UNKNOWN","PARKED MOTOR VEHICLE","ONE-WAY",,"STRAIGHT AND LEVEL","DRY","UNKNOWN","NOT ON SCENE (DESK REPORT)","NO INJURY / DRIVE AWAY",,,,"OVER $1,500","2025-01-30T05:02:00.000","UNABLE TO DETERMINE","NOT APPLICABLE","601","W","86TH ST","622",,,,,,,"2","NO INDICATION OF INJURY","0","0","0","0","0","1","0","22","4","1","41.7377490166","-87.6388613154","POINT (-87.638861315443 41.737749016646)"
"589bb7d051272d5ffbdb770ea1498901c5ea251cec7d86fd54fc6d4d8464ded468c2ec702d8d0aae67ea5b088b28ca7b1bf736406f3bafe44336c5d3399bc87f",,"2025-01-29T21:30:00.000","30","STOP SIGN/FLASHER","FUNCTIONING PROPERLY","CLEAR","DARKNESS, LIGHTED ROAD","ANGLE","NOT DIVIDED",,"STRAIGHT AND LEVEL","DRY","NO DEFECTS","NOT ON SCENE (DESK REPORT)","INJURY AND / OR TOW DUE TO CRASH",,,,"OVER $1,500","2025-01-29T23:00:00.000","FAILING TO YIELD RIGHT-OF-WAY","NOT APPLICABLE","356","N","KILBOURN AVE","1113",,,,,,,"2","NO INDICATION OF INJURY","0","0","0","0","0","2","0","21","4","1","41.886883472","-87.7382803922","POINT (-87.738280392188 41.886883472012)"
"5e3901e39da0c525e7971fb446699128e38a70fc91f9cb3e92caea5863d5a5156d677ef09d05c6997afa9a23353588b69c59c8b30742e7ada5c2692ecc4d849b",,"2025-01-29T21:30:00.000","30","TRAFFIC SIGNAL","UNKNOWN","CLEAR","DARKNESS, LIGHTED ROAD","SIDESWIPE SAME DIRECTION","DIVIDED - W/MEDIAN (NOT RAISED)",,"STRAIGHT AND LEVEL","DRY","NO DEFECTS","NOT ON SCENE (DESK REPORT)","NO INJURY / DRIVE AWAY",,,"Y","$500 OR LESS","2025-01-29T22:15:00.000","IMPROPER OVERTAKING/PASSING","IMPROPER OVERTAKING/PASSING","2623","W","ADDISON ST","1921",,"Y",,,,,"2","NO INDICATION OF INJURY","0","0","0","0","0","2","0","21","4","1","41.9466012053","-87.6940903028","POINT (-87.694090302787 41.946601205261)"
"04ad9a5a2124e3d9d5d3fcb908ffb0e1256c781e0a01dfecc3faf8e5c26d37a0f0ab3caf4906d578c3f65b4ccd76e6b20b298948975f3574ef10c396c3b3fab8",,"2025-01-29T21:26:00.000","30","TRAFFIC SIGNAL","FUNCTIONING PROPERLY","CLEAR","DARKNESS, LIGHTED ROAD","ANGLE","FOUR WAY",,"STRAIGHT AND LEVEL","DRY","UNKNOWN","NOT ON SCENE (DESK REPORT)","NO INJURY / DRIVE AWAY","Y",,,"OVER $1,500","2025-01-30T11:00:00.000","DISREGARDING TRAFFIC SIGNALS","UNABLE TO DETERMINE","5200","N","RAVENSWOOD AVE","2012",,,,,,,"2","NO INDICATION OF INJURY","0","0","0","0","0","3","0","21","4","1","41.9761455973","-87.6745564668","POINT (-87.674556466828 41.976145597276)"
"0a88b512a8fa5dc03377b60f370510324657e7c798e7d126bd0bd5207b31524024f08fa05de545f58fc1d01c00a49251ef0d9c7622ac94e1a309337d19a6c667",,"2025-01-29T21:22:00.000","30","NO CONTROLS","NO CONTROLS","CLEAR","DARKNESS, LIGHTED ROAD","PARKED MOTOR VEHICLE","ONE-WAY",,"STRAIGHT AND LEVEL","DRY","NO DEFECTS","ON SCENE","NO INJURY / DRIVE AWAY",,,"Y","OVER $1,500","2025-01-29T21:40:00.000","UNABLE TO DETERMINE","NOT APPLICABLE","7142","S","CONSTANCE AVE","324",,,,,,,"2","NO INDICATION OF INJURY","0","0","0","0","0","1","0","21","4","1","41.764839104","-87.5807159769","POINT (-87.580715976934 41.764839104014)"
"17961fd36dbdc18ea9f11e0bc1eb4df3c38282c10fb31e1d91a291a0ef4f0c4a76277c4657f8f5c49304a14420c64cf57e3151f5470dbd71ab6d25bd8f0b4691",,"2025-01-29T21:21:00.000","30","TRAFFIC SIGNAL","FUNCTIONING PROPERLY","CLEAR","DARKNESS, LIGHTED ROAD","TURNING","FOUR WAY",,"STRAIGHT AND LEVEL","DRY","NO DEFECTS","ON SCENE","NO INJURY / DRIVE AWAY","Y",,,"OVER $1,500","2025-01-29T21:21:00.000","FAILING TO YIELD RIGHT-OF-WAY","IMPROPER TURNING/NO SIGNAL","98","N","CLARK ST","122",,,,,,,"2","NO INDICATION OF INJURY","0","0","0","0","0","3","0","21","4","1","41.8831752403","-87.6310523626","POINT (-87.631052362552 41.883175240277)"
"2ebdaf4399a434ebd8b8b6860180fafbeae55c67378a5e21fc3f1d9c403622b5cba6d274eb708f8ec651be192e6a1f9d03e8d6d3f4133226f95fc254fe6c5e44","Y","2025-01-29T21:00:00.000","25","NO CONTROLS","NO CONTROLS","CLEAR","DARKNESS, LIGHTED ROAD","PARKED MOTOR VEHICLE","NOT DIVIDED",,"STRAIGHT AND LEVEL","UNKNOWN","NO DEFECTS","NOT ON SCENE (DESK REPORT)","INJURY AND / OR TOW DUE TO CRASH",,,"Y","OVER $1,500","2025-01-29T22:15:00.000","UNABLE TO DETERMINE","NOT APPLICABLE","2535","W","81ST ST","835",,,,,,,"2","NO INDICATION OF INJURY","0","0","0","0","0","1","0","21","4","1","41.7462922457","-87.686589534","POINT (-87.686589534009 41.746292245733)"
"e57a1ab1c55c603cbef70da47d61e1be83f9034c2f8d2debd90403c5637140f53b131b06529733d92a08be72ef65418b3ec8c29c0517b09125837bae1b9ab99b",,"2025-01-29T21:00:00.000","30","TRAFFIC SIGNAL","FUNCTIONING PROPERLY","CLEAR","DUSK","SIDESWIPE SAME DIRECTION","NOT DIVIDED",,"STRAIGHT AND LEVEL","DRY","NO DEFECTS","NOT ON SCENE (DESK REPORT)","NO INJURY / DRIVE AWAY","Y",,,"$501 - $1,500","2025-01-29T21:30:00.000","UNABLE TO DETERMINE","IMPROPER LANE USAGE","57","W","IDA B WELLS DR","123",,,,,,,"2","NO INDICATION OF INJURY","0","0","0","0","0","3","0","21","4","1","41.8755125171","-87.6296707326","POINT (-87.629670732602 41.875512517101)"
"f646001eeac911f75fc06f8384e57050426020d0f3d0c2974803a2814c513e3f0afab56f62c9ac813d97082439951389e352aa2272bbb50e3813e6a5511817ac",,"2025-01-29T21:00:00.000","30","NO CONTROLS","NO CONTROLS","CLEAR","DARKNESS, LIGHTED ROAD","REAR END","DIVIDED - W/MEDIAN (NOT RAISED)",,"STRAIGHT AND LEVEL","DRY","NO DEFECTS","ON SCENE","NO INJURY / DRIVE AWAY",,,"Y","OVER $1,500","2025-01-29T21:04:00.000","UNABLE TO DETERMINE","UNABLE TO DETERMINE","6101","N","NORTHWEST HWY","1611",,,,,,,"2","NO INDICATION OF INJURY","0","0","0","0","0","2","0","21","4","1","41.992476856","-87.7990031504","POINT (-87.799003150436 41.99247685597)"
"bc91e5295a9c137952f2aceb86d719d2c68e1a4a8fc3d7cc4fe2e0e52da1a691b6c85f2c7c23822969357794441f6ea30c9836c88c5abbff6a4a854a7cf62fbf",,"2025-01-29T20:54:00.000","30","TRAFFIC SIGNAL","FUNCTIONING PROPERLY","CLEAR","DARKNESS, LIGHTED ROAD","ANGLE","T-INTERSECTION",,"STRAIGHT AND LEVEL","DRY","NO DEFECTS",,"INJURY AND / OR TOW DUE TO CRASH","Y",,,"OVER $1,500","2025-01-29T20:58:00.000","NOT APPLICABLE","UNABLE TO DETERMINE","5900","S","WENTWORTH AVE","232",,"Y",,,,,"2","NO INDICATION OF INJURY","0","0","0","0","0","4","0","20","4","1",,,
"2e803bca2e80cd3f34a83a21362713d18f38a68c4b749d3f012f0f547027c8aeda992f8263843da86e1714cb538f781e30795ed82cc7a35c7a0613dcb873f1ac",,"2025-01-29T20:40:00.000","30","NO CONTROLS","NO CONTROLS","CLEAR","DARKNESS","PARKED MOTOR VEHICLE","PARKING LOT",,"STRAIGHT AND LEVEL","UNKNOWN","NO DEFECTS","NOT ON SCENE (DESK REPORT)","NO INJURY / DRIVE AWAY",,,,"$501 - $1,500","2025-01-30T13:40:00.000","NOT APPLICABLE","NOT APPLICABLE","8444","S","PULASKI RD","834",,,,,,,"2","NO INDICATION OF INJURY","0","0","0","0","0","1","0","20","4","1","41.7389714648","-87.7217212775","POINT (-87.721721277473 41.738971464848)"
"e565070af78837c68e30a8424b384e4ab6bbcdb418167d51db2c87414ddaa15e4c7d8df2c604c7a36022f219efdcdfd75f67c59fc3a5d5579df6bb730a29f73e",,"2025-01-29T20:10:00.000","30","TRAFFIC SIGNAL","FUNCTIONING PROPERLY","CLEAR","DARKNESS, LIGHTED ROAD","SIDESWIPE SAME DIRECTION","NOT DIVIDED",,"STRAIGHT AND LEVEL","DRY","NO DEFECTS","NOT ON SCENE (DESK REPORT)","NO INJURY / DRIVE AWAY","Y",,,"$500 OR LESS","2025-01-29T21:00:00.000","IMPROPER OVERTAKING/PASSING","IMPROPER OVERTAKING/PASSING","625","N","ST CLAIR ST","1834","Y","Y",,,,,"2","NO INDICATION OF INJURY","0","0","0","0","0","2","0","20","4","1","41.8933232319","-87.6225717983","POINT (-87.622571798335 41.893323231893)"
"e8f0b57ed723749efdbabb1e3e069e732e4654c04d4cf892133bde081ab87a564732e46e1a987e7af9d4959807dc0d88dee795a3fd2eeb6dcf5df3f40bdc39ab",,"2025-01-29T19:47:00.000","30","TRAFFIC SIGNAL","FUNCTIONING PROPERLY","CLEAR","DARKNESS, LIGHTED ROAD","TURNING","NOT DIVIDED",,"STRAIGHT AND LEVEL","DRY","NO DEFECTS","ON SCENE","NO INJURY / DRIVE AWAY",,,,"$501 - $1,500","2025-01-29T19:51:00.000","FAILING TO YIELD RIGHT-OF-WAY","DRIVING SKILLS/KNOWLEDGE/EXPERIENCE","1030","N","STATE ST","1824","N","N",,,,,"2","NO INDICATION OF INJURY","0","0","0","0","0","2","0","19","4","1","41.9014634149","-87.6284813715","POINT (-87.628481371486 41.901463414903)"
"a11d59fc03117bbe78664543977cb7a563143d11811fc211eabb7a8934b9b246fe2b0a11f6bfc2b50e6894a1bf75698a925b11da0f92538957361b47fff7acc4",,"2025-01-29T19:45:00.000","30","TRAFFIC SIGNAL","FUNCTIONING PROPERLY","CLEAR","DARKNESS, LIGHTED ROAD","ANGLE","FOUR WAY",,"STRAIGHT AND LEVEL","DRY","NO DEFECTS","ON SCENE","INJURY AND / OR TOW DUE TO CRASH",,,"Y","$500 OR LESS","2025-01-29T19:49:00.000","UNABLE TO DETERMINE","NOT APPLICABLE","200","W","69TH ST","722",,,,,,,"2","REPORTED, NOT EVIDENT","1","0","0","0","1","1","0","19","4","1","41.7691905032","-87.6299240958","POINT (-87.629924095777 41.769190503193)"
"1b48bc1d4a64d7b85772cd197ec910285642d8b73b64036bc0f79577b3c3a9f51527f1565684b91265d37d33a13fc3f3734641b8364fff73c22021b26093c926",,"2025-01-29T19:30:00.000","30","UNKNOWN","UNKNOWN","UNKNOWN","UNKNOWN","ANGLE","NOT DIVIDED",,"STRAIGHT AND LEVEL","UNKNOWN","UNKNOWN","NOT ON SCENE (DESK REPORT)","NO INJURY / DRIVE AWAY",,,,"OVER $1,500","2025-01-30T08:30:00.000","UNABLE TO DETERMINE","NOT APPLICABLE","3944","N","BROADWAY","1923",,,,,,,"2","NO INDICATION OF INJURY","0","0","0","0","0","2","0","19","4","1","41.9539827332","-87.6503254514","POINT (-87.650325451359 41.953982733246)"
"00580c38c361fe6da401a2a6b96f381a08f3a6811f18c706d1f80d90add9f9057861df5e7ac90a82a32c30ea3596fc0809cce3d3ab17e451081247163bbdd95b",,"2025-01-29T19:25:00.000","30","NO CONTROLS","NO CONTROLS","CLEAR","DARKNESS, LIGHTED ROAD","REAR END","PARKING LOT",,"STRAIGHT AND LEVEL","DRY","NO DEFECTS","NOT ON SCENE (DESK REPORT)","NO INJURY / DRIVE AWAY",,,"Y","OVER $1,500","2025-01-29T19:45:00.000","OPERATING VEHICLE IN ERRATIC, RECKLESS, CARELESS, NEGLIGENT OR AGGRESSIVE MANNER","UNABLE TO DETERMINE","5907","N","NORTHWEST HWY","1611",,,,,,,"2","NO INDICATION OF INJURY","0","0","0","0","0","2","0","19","4","1","41.9883138318","-87.7916714539","POINT (-87.791671453941 41.988313831775)"
"75030457af785cb8cc6454420f573b2cd67e74e28ba5877e860b7aa22c8ce192b0e4d50e573573c9abd49e9c515dc94845be3dd08b5718e3c88ab452e90559cc",,"2025-01-29T19:10:00.000","30","TRAFFIC SIGNAL","FUNCTIONING PROPERLY","CLEAR","DUSK","PEDALCYCLIST","T-INTERSECTION",,"STRAIGHT AND LEVEL","DRY","NO DEFECTS","ON SCENE","INJURY AND / OR TOW DUE TO CRASH","Y",,,"$500 OR LESS","2025-01-29T19:12:00.000","DISREGARDING TRAFFIC SIGNALS","NOT APPLICABLE","2","N","MICHIGAN AVE","112",,,,,,,"2","NONINCAPACITATING INJURY","1","0","0","1","0","1","0","19","4","1","41.8821641673","-87.6245142736","POINT (-87.624514273622 41.88216416733)"
"8db76083c0e2e521139c369cee5937d8acbb8d49aa8426e5ec13f2714b4298da5e6d4d769196fdee3fd3b3736f74820e31c0ac8403b4cdb2fbdf3c7ea878ba74",,"2025-01-29T19:10:00.000","30","NO CONTROLS","NO CONTROLS","CLEAR","DARKNESS, LIGHTED ROAD","REAR END","DIVIDED - W/MEDIAN BARRIER",,"STRAIGHT AND LEVEL","DRY","NO DEFECTS","ON SCENE","INJURY AND / OR TOW DUE TO CRASH",,,,"OVER $1,500","2025-01-29T19:20:00.000","FAILING TO REDUCE SPEED TO AVOID CRASH","FAILING TO REDUCE SPEED TO AVOID CRASH","3905","N","CUMBERLAND AVE","1631",,,,,,,"2","REPORTED, NOT EVIDENT","1","0","0","0","1","2","0","19","4","1","41.9504271338","-87.8364848818","POINT (-87.836484881845 41.950427133838)"
"5ac09423aa9016c9755f1cace10a067fcab2648f18577c66c3d52bedb6c694f8fc8724dde972074cc38cf73e2873a6b47b986754f42a5786543aaff9ba4df4a4",,"2025-01-29T19:08:00.000","30","TRAFFIC SIGNAL","FUNCTIONING PROPERLY","CLEAR","DARKNESS, LIGHTED ROAD","PEDESTRIAN","FOUR WAY",,"STRAIGHT AND LEVEL","DRY","UNKNOWN","ON SCENE","INJURY AND / OR TOW DUE TO CRASH","Y",,"Y","$500 OR LESS","2025-01-29T19:59:00.000","UNABLE TO DETERMINE","NOT APPLICABLE","200","N","MICHIGAN AVE","111",,,,,,,"2","NONINCAPACITATING INJURY","1","0","0","1","0","1","0","19","4","1","41.8858015463","-87.6246597711","POINT (-87.624659771063 41.885801546318)"
"64d7c38b18d0bd2b99a695e4b60d4d1287c0f7e4b1951bf9ec3e26c7ab0045f95ab8c15c646b2630534db2a16bea4af287254d698975c05ada642d442e165c2a",,"2025-01-29T19:03:00.000","30","TRAFFIC SIGNAL","FUNCTIONING PROPERLY","CLEAR","DARKNESS","REAR END","NOT DIVIDED",,"STRAIGHT AND LEVEL","DRY","UNKNOWN","NOT ON SCENE (DESK REPORT)","NO INJURY / DRIVE AWAY",,,"Y","OVER $1,500","2025-01-29T19:35:00.000","FOLLOWING TOO CLOSELY","UNABLE TO DETERMINE","1503","W","63RD ST","725",,,,,,,"2","NO INDICATION OF INJURY","0","0","0","0","0","2","0","19","4","1","41.779396544","-87.6619327629","POINT (-87.661932762935 41.779396543986)"
"be801f7663ce954374dcfe4b4854cfe757b7f93479e911dab9efd652b9c3036a5e2104bd23e9f43dd60deeb49daafc6e1659db5e1e72cc13eccdd8c2c772e1fc",,"2025-01-29T19:00:00.000","25","NO CONTROLS","UNKNOWN","CLEAR","UNKNOWN","PARKED MOTOR VEHICLE","ONE-WAY",,"STRAIGHT AND LEVEL","UNKNOWN","NO DEFECTS","NOT ON SCENE (DESK REPORT)","NO INJURY / DRIVE AWAY",,,"Y","OVER $1,500","2025-01-30T11:10:00.000","UNABLE TO DETERMINE","UNABLE TO DETERMINE","6436","N","HAMILTON AVE","2412",,,,,,,"2","NO INDICATION OF INJURY","0","0","0","0","0","1","0","19","4","1","41.9989332912","-87.6839702292","POINT (-87.683970229205 41.998933291196)"
"3894960b769a432d70803857b76b6908d7e7907910be0cf9fac92aab39aa45741f5fac6a75352ff73b569a87760ee95fce7c20c359cce3ea54eeb382bf0f5d4f",,"2025-01-29T18:52:00.000","30","NO CONTROLS","NO CONTROLS","CLEAR","DARKNESS, LIGHTED ROAD","TURNING","ONE-WAY",,"STRAIGHT AND LEVEL","DRY","NO DEFECTS","NOT ON SCENE (DESK REPORT)","NO INJURY / DRIVE AWAY","Y",,,"OVER $1,500","2025-01-29T20:00:00.000","IMPROPER LANE USAGE","NOT APPLICABLE","2300","W","SHAKESPEARE AVE","1432",,,,,,,"2","NO INDICATION OF INJURY","0","0","0","0","0","2","0","18","4","1","41.9207628704","-87.6850837213","POINT (-87.685083721298 41.920762870394)"
"b6f59e944b211a0d06cbc34c95a488902b00f851500c68acfceed8ad5b35dc5ca752046e8b59ce1978f1e6004b6a79aef7f6a01c606e9e2f4337f29a82ed0149",,"2025-01-29T18:48:00.000","35","NO CONTROLS","NO CONTROLS","CLEAR","DARKNESS, LIGHTED ROAD","SIDESWIPE SAME DIRECTION","NOT DIVIDED",,"STRAIGHT AND LEVEL","DRY","NO DEFECTS","ON SCENE","NO INJURY / DRIVE AWAY",,,,"$501 - $1,500","2025-01-29T19:22:00.000","IMPROPER OVERTAKING/PASSING","NOT APPLICABLE","1300","N","SEDGWICK ST","1821",,,,,,,"2","NO INDICATION OF INJURY","0","0","0","0","0","2","0","18","4","1","41.9055478002","-87.6385641231","POINT (-87.638564123055 41.905547800213)"
"d2a3cabe758670f13552b11381ba97783915bb8ef650e6e3fceeaee9f725f985e04fc5ce6f93e3614ca872b2fa64c9fb9932f3de1fa71d2149554596f8ccfed2",,"2025-01-29T18:45:00.000","30","STOP SIGN/FLASHER","FUNCTIONING PROPERLY","CLEAR","DARKNESS, LIGHTED ROAD","PEDESTRIAN","T-INTERSECTION",,"STRAIGHT AND LEVEL","DRY","NO DEFECTS","ON SCENE","INJURY AND / OR TOW DUE TO CRASH","N",,"N","$501 - $1,500","2025-01-29T18:47:00.000","DISREGARDING STOP SIGN","NOT APPLICABLE","1700","N","KOSTNER AVE","2533",,"N",,,,,"2","REPORTED, NOT EVIDENT","1","0","0","0","1","1","0","18","4","1","41.9116723567","-87.736312056","POINT (-87.736312056008 41.911672356702)"
"44d6ae4e5c8c4456837dcf3d565ee664162ca5ac12d37f74f78fc7d23c5893da16274da16ae94367606ad25fd404100a7d6a684b801527f25fd9b928cf7a1d82",,"2025-01-29T18:30:00.000","30","NO CONTROLS","NO CONTROLS","CLEAR","DUSK","SIDESWIPE SAME DIRECTION","OTHER",,"STRAIGHT AND LEVEL","DRY","UNKNOWN","NOT ON SCENE (DESK REPORT)","NO INJURY / DRIVE AWAY",,,"Y","$501 - $1,500","2025-01-29T19:50:00.000","UNABLE TO DETERMINE","NOT APPLICABLE","1600","W","119TH ST","2234",,,,,,,"2","NO INDICATION OF INJURY","0","0","0","0","0","2","0","18","4","1","41.6776535606","-87.6613889203","POINT (-87.661388920263 41.6776535606)"
"49e24a6d8b97528b10c1745a5e2cd722f39932dde6f1f331cd1b7a496290f9a97b3b8c1e309338658dfd038c4cd95a0b87c841890d514d706a2416505799758b",,"2025-01-29T18:30:00.000","30","TRAFFIC SIGNAL","FUNCTIONING PROPERLY","CLEAR","DUSK","TURNING","DIVIDED - W/MEDIAN (NOT RAISED)",,"STRAIGHT AND LEVEL","DRY","UNKNOWN","ON SCENE","INJURY AND / OR TOW DUE TO CRASH","Y",,,"OVER $1,500","2025-01-29T18:51:00.000","DRIVING SKILLS/KNOWLEDGE/EXPERIENCE","UNABLE TO DETERMINE","2801","W","LOGAN BLVD","1414",,,,,,,"2","NO INDICATION OF INJURY","0","0","0","0","0","2","0","18","4","1","41.9283554674","-87.6975745745","POINT (-87.697574574536 41.928355467363)"
"b08abc24095f1a3842267365f372e8f40e4d84c971b73999817ebfa7573531059d856038f2caa91ee5f0f7e414c4853d84aec61bddabcd562da6102a6e7352a4",,"2025-01-29T18:30:00.000","30","NO CONTROLS","NO CONTROLS","CLEAR","DUSK","SIDESWIPE SAME DIRECTION","CENTER TURN LANE",,"STRAIGHT AND LEVEL","DRY","UNKNOWN","ON SCENE","NO INJURY / DRIVE AWAY","Y",,"Y","$501 - $1,500","2025-01-29T18:36:00.000","IMPROPER OVERTAKING/PASSING","NOT APPLICABLE","504","S","PULASKI RD","1132",,,,,,,"2","NO INDICATION OF INJURY","0","0","0","0","0","2","0","18","4","1","41.8742181692","-87.7255857896","POINT (-87.725585789596 41.874218169175)"
"bc702fa29ffb740065ce1cea889bbbba64a719ef9bb29087e81b3a925fecb43c9a691b065648cd712287b9d901dcc90a6afb8b5fdb4477424817cd49afa2fcc7",,"2025-01-29T18:30:00.000","30","NO CONTROLS","NO CONTROLS","CLEAR","DUSK","PARKED MOTOR VEHICLE","NOT DIVIDED",,"STRAIGHT AND LEVEL","UNKNOWN","UNKNOWN","NOT ON SCENE (DESK REPORT)","NO INJURY / DRIVE AWAY",,,"Y","$501 - $1,500","2025-02-08T14:35:00.000","UNABLE TO DETERMINE","UNABLE TO DETERMINE","4850","N","BERNARD ST","1712",,,,,,,"2","NO INDICATION OF INJURY","0","0","0","0","0","1","0","18","4","1","41.9698911923","-87.714776154","POINT (-87.714776153987 41.96989119228)"