"crash_record_id","crash_date_est_i","crash_date","posted_speed_limit","traffic_control_device","device_condition","weather_condition","lighting_condition","first_crash_type","trafficway_type","lane_cnt","alignment","roadway_surface_cond","road_defect","report_type","crash_type","intersection_related_i","private_property_i","hit_and_run_i","damage","date_police_notified","prim_contributory_cause","sec_contributory_cause","street_no","street_direction","street_name","beat_of_occurrence","photos_taken_i","statements_taken_i","dooring_i","work_zone_i","work_zone_type","workers_present_i","num_units","most_severe_injury","injuries_total","injuries_fatal","injuries_incapacitating","injuries_non_incapacitating","injuries_reported_not_evident","injuries_no_indication","injuries_unknown","crash_hour","crash_day_of_week","crash_month","latitude","longitude","location"
"e3b8ac64dc4577add39fdd5ff965a4ec3b7d77884166a72df3879f2b33390a75b9beeabe04686f332f8b82711c71ca5e98aa5b7297ee36219ceb08633e20b837",,"2025-01-29T18:30:00.000","30","TRAFFIC SIGNAL","FUNCTIONING PROPERLY","CLEAR","DARKNESS, LIGHTED ROAD","ANGLE","FOUR WAY",,"STRAIGHT AND LEVEL","DRY","NO DEFECTS","ON SCENE","INJURY AND / OR TOW DUE TO CRASH","Y",,"Y","OVER $1,500","2025-01-29T18:32:00.000","UNABLE TO DETERMINE","UNABLE TO DETERMINE","9500","S","MICHIGAN AVE","511",,,,,,,"2","NO INDICATION OF INJURY","0","0","0","0","0","3","0","18","4","1","41.7216886888","-87.6207334604","POINT (-87.620733460444 41.721688688765)"
"ebfca9ae7f0651418b6302a4e3153cc10529f4aaf5cbfea78f28e10c2e3fd60b31a593a93f8277ebf2d43fa8b62bf1e5793e76514f6d0d12decba16b11eaa75e",,"2025-01-29T18:30:00.000","25","TRAFFIC SIGNAL","NOT FUNCTIONING","CLEAR","DARKNESS, LIGHTED ROAD","TURNING","FOUR WAY",,"STRAIGHT AND LEVEL","DRY","NO DEFECTS","NOT ON SCENE (DESK REPORT)","NO INJURY / DRIVE AWAY",,,,"OVER $1,500","2025-01-29T19:00:00.000","UNABLE TO DETERMINE","UNABLE TO DETERMINE","3400","S","ARCHER AVE","912",,,,,,,"2","NO INDICATION OF INJURY","0","0","0","0","0","2","0","18","4","1","41.8322335756","-87.6748711646","POINT (-87.674871164632 41.832233575624)"
"b67bb5df43815a0a7b644abdd1d17c65e235bdcd66372b4a3811089eec500f9d38460a0bb2b84bf96ec2d6c078fbe4f47ac12be2c00a636295ca1492b8cb2315",,"2025-01-29T18:29:00.000","30","STOP SIGN/FLASHER","NO CONTROLS","CLEAR","DARKNESS, LIGHTED ROAD","PEDESTRIAN","DIVIDED - W/MEDIAN BARRIER",,"STRAIGHT AND LEVEL","DRY","NO DEFECTS","ON SCENE","INJURY AND / OR TOW DUE TO CRASH",,,"Y","$500 OR LESS","2025-01-29T18:29:00.000","FAILING TO YIELD RIGHT-OF-WAY","NOT APPLICABLE","900","W","RANDOLPH ST","1224",,,,,,,"2","REPORTED, NOT EVIDENT","1","0","0","0","1","1","0","18","4","1","41.8844761868","-87.6498329341","POINT (-87.649832934091 41.884476186837)"
"dd80ca48abb13c37d5a4ef1075502a5779d4b827ccfa1499e6caa1e858ed12e011f7e30c2052ac84e709217c60263032f34f9a821f4345ebfe62216446f17a52",,"2025-01-29T18:25:00.000","30","NO CONTROLS","NO CONTROLS","CLEAR","DARKNESS, LIGHTED ROAD","REAR END","NOT DIVIDED",,"STRAIGHT AND LEVEL","UNKNOWN","UNKNOWN","ON SCENE","INJURY AND / OR TOW DUE TO CRASH",,,,"OVER $1,500","2025-01-29T18:54:00.000","UNABLE TO DETERMINE","NOT APPLICABLE","3046","N","NARRAGANSETT AVE","2511",,,,,,,"2","NONINCAPACITATING INJURY","1","0","0","1","0","1","0","18","4","1","41.9360895822","-87.7860055417","POINT (-87.786005541702 41.936089582204)"
"cdae680ba1959f6d0dd3be6e37859b3f3e0aee96a8c822d32c82a9bfb68bd2d0f2f974a540aef60638b4ed6f8ccc1fde53e4375e9a431dcc28f185d43a5500f9",,"2025-01-29T18:19:00.000","35","TRAFFIC SIGNAL","FUNCTIONING PROPERLY","CLEAR","DARKNESS, LIGHTED ROAD","SIDESWIPE SAME DIRECTION","FOUR WAY",,"STRAIGHT AND LEVEL","DRY","NO DEFECTS","ON SCENE","NO INJURY / DRIVE AWAY","Y",,"Y","OVER $1,500","2025-01-29T18:20:00.000","UNABLE TO DETERMINE","UNABLE TO DETERMINE","4014","W","87TH ST","834",,,,,,,"2","NO INDICATION OF INJURY","0","0","0","0","0","2","0","18","4","1","41.7349566739","-87.7221945851","POINT (-87.722194585067 41.73495667388)"
"bac66b4a4595021dee53094f51b50b803cb24e490436c5743aabf6de7b59299c460dabf6df7a1f25126ba02dbb858b4c669a1db4501a67040bcabf5602429075",,"2025-01-29T18:18:00.000","30","NO CONTROLS","NO CONTROLS","CLEAR","DARKNESS, LIGHTED ROAD","SIDESWIPE SAME DIRECTION","DIVIDED - W/MEDIAN (NOT RAISED)",,"STRAIGHT AND LEVEL","DRY","NO DEFECTS","NOT ON SCENE (DESK REPORT)","NO INJURY / DRIVE AWAY","N",,"Y","OVER $1,500","2025-01-30T16:15:00.000","IMPROPER OVERTAKING/PASSING","UNABLE TO DETERMINE","4000","S","ASHLAND AVE","924",,,,,,,"2","NO INDICATION OF INJURY","0","0","0","0","0","2","0","18","4","1","41.8207116102","-87.6654167942","POINT (-87.665416794239 41.820711610236)"
"18bb8a6b51b785be520610b2a4c0e4714aa7183027e081a8771d4051b86c24afabcf9934b0a429f5325a07f2530be86aca6ca6951b932c09534dd7c17d36ca58",,"2025-01-29T18:15:00.000","30","TRAFFIC SIGNAL","FUNCTIONING PROPERLY","CLEAR","DARKNESS, LIGHTED ROAD","FIXED OBJECT","DIVIDED - W/MEDIAN BARRIER",,"STRAIGHT AND LEVEL","DRY","NO DEFECTS","ON SCENE","INJURY AND / OR TOW DUE TO CRASH",,,,"OVER $1,500","2025-01-29T18:21:00.000","UNABLE TO DETERMINE","NOT APPLICABLE","1000","S","CLARK ST","123",,,,,,,"1","REPORTED, NOT EVIDENT","1","0","0","0","1","0","0","18","4","1","41.8698487981","-87.6306555263","POINT (-87.630655526344 41.869848798097)"
"42ec3d26da94ba88935a9befa23f810c801ff41f64622b267dd814b62c35899595320d86238a6c7c7a40a7773e832ecc521b365810860d7023a5fb879adc429a",,"2025-01-29T18:15:00.000","40","NO CONTROLS","NO CONTROLS","CLEAR","DARKNESS, LIGHTED ROAD","REAR END","DIVIDED - W/MEDIAN BARRIER",,"STRAIGHT AND LEVEL","DRY","NO DEFECTS","ON SCENE","INJURY AND / OR TOW DUE TO CRASH",,,,"OVER $1,500","2025-01-29T18:16:00.000","UNABLE TO DETERMINE","UNABLE TO DETERMINE","1120","N","LAKE SHORE DR SB","1824",,,,,,,"2","NO INDICATION OF INJURY","0","0","0","0","0","5","0","18","4","1","41.9030537957","-87.6244936068","POINT (-87.624493606837 41.903053795694)"
"4372a8dbba44e6d0fa0b1a2a4331b9dce40bd5c4f5ff097237cde53e09ffef6d05f0094c435b0b8b84b9bfab60081b1997bdde7ed4af40697d6df3339b72b524","Y","2025-01-29T18:15:00.000","30","NO CONTROLS","NO CONTROLS","CLEAR","DARKNESS, LIGHTED ROAD","PARKED MOTOR VEHICLE","NOT DIVIDED",,"STRAIGHT AND LEVEL","DRY","NO DEFECTS","NOT ON SCENE (DESK REPORT)","NO INJURY / DRIVE AWAY",,,"Y","OVER $1,500","2025-01-30T09:10:00.000","UNABLE TO DETERMINE","UNABLE TO DETERMINE","1111","S","LAFLIN ST","1231",,,,,,,"2","NO INDICATION OF INJURY","0","0","0","0","0","1","0","18","4","1","41.8681397263","-87.6639042028","POINT (-87.663904202813 41.868139726256)"
"ed798873f9f1a2b2b843c0befd49f501968944d2ca62c832df870390e4f7cc126e5ed433d3fd07e3ac1c6a6137b9d5d773350fdd73ab590633aecba5a9fcf085",,"2025-01-29T18:10:00.000","30","NO CONTROLS","NO CONTROLS","CLEAR","DARKNESS, LIGHTED ROAD","PARKED MOTOR VEHICLE","NOT DIVIDED",,"STRAIGHT AND LEVEL","DRY","NO DEFECTS","ON SCENE","NO INJURY / DRIVE AWAY",,,,"$501 - $1,500","2025-01-29T18:16:00.000","UNABLE TO DETERMINE","UNABLE TO DETERMINE","900","W","45TH ST","925",,,,,,,"2","NO INDICATION OF INJURY","0","0","0","0","0","1","0","18","4","1","41.8125724908","-87.6482075973","POINT (-87.648207597305 41.812572490789)"
"a13fb1d8011c8fd7f56fa82c81e9928bfa0c491670d495893eef0c9a400f1533511e9f1564c2303ee91bb8b69d57a80a25725e84ad0e118c80c8821dffa38bdc","Y","2025-01-29T18:06:00.000","25","OTHER","FUNCTIONING PROPERLY","CLEAR","DARKNESS","TURNING","OTHER",,"STRAIGHT AND LEVEL","DRY","UNKNOWN","ON SCENE","NO INJURY / DRIVE AWAY",,,,"$501 - $1,500","2025-01-29T18:07:00.000","UNABLE TO DETERMINE","NOT APPLICABLE","5525","S","WELLS ST","711",,,,,,,"2","NO INDICATION OF INJURY","0","0","0","0","0","2","0","18","4","1","41.7933913189","-87.6316621483","POINT (-87.631662148273 41.793391318907)"
"0fe13eebbe06d4be40adbb115b2b7da6a8a2eed34d6ee6b25f68964d785e73259fdfcc4c73b0ce1a369d4049de42c939c71d05737c96b57e159ec0f181893b26",,"2025-01-29T18:00:00.000","30","TRAFFIC SIGNAL","FUNCTIONING PROPERLY","CLEAR","DAYLIGHT","REAR END","NOT DIVIDED",,"STRAIGHT AND LEVEL","DRY","NO DEFECTS","NOT ON SCENE (DESK REPORT)","NO INJURY / DRIVE AWAY",,,,"OVER $1,500","2025-01-29T18:49:00.000","FOLLOWING TOO CLOSELY","UNABLE TO DETERMINE","9415","S","STONY ISLAND AVE","413",,,,,,,"2","NO INDICATION OF INJURY","0","0","0","0","0","2","0","18","4","1","41.7236475922","-87.5850002891","POINT (-87.585000289061 41.723647592246)"
"baea8676a62a0f712e30232f318a8616ed4e3f823205748b89d9dd9f25ebf223acac941e9c4a9afb760715a730897ef3bc0661508bc314b818ae685363d6826c",,"2025-01-29T17:58:00.000","30","NO CONTROLS","FUNCTIONING PROPERLY","CLEAR","DARKNESS, LIGHTED ROAD","REAR END","NOT DIVIDED",,"STRAIGHT AND LEVEL","DRY","NO DEFECTS","ON SCENE","INJURY AND / OR TOW DUE TO CRASH",,,,"$501 - $1,500","2025-01-29T17:58:00.000","FOLLOWING TOO CLOSELY","UNABLE TO DETERMINE","5120","N","CENTRAL AVE","1622",,,,,,,"2","REPORTED, NOT EVIDENT","1","0","0","0","1","1","0","17","4","1","41.9741558259","-87.7686580974","POINT (-87.768658097441 41.974155825855)"
"bac35112dbb4e774140521af05e240d66bd33f40803b67b7458f634a93faf983113f3033bedf1029d0ef5a7101b83b48b561257d8eb1bc0aee01e132187ed9b1",,"2025-01-29T17:53:00.000","30","TRAFFIC SIGNAL","FUNCTIONING PROPERLY","CLEAR","DUSK","TURNING","NOT DIVIDED",,"STRAIGHT AND LEVEL","DRY","NO DEFECTS",,"NO INJURY / DRIVE AWAY",,,,"OVER $1,500","2025-01-29T17:55:00.000","FAILING TO YIELD RIGHT-OF-WAY","NOT APPLICABLE","8300","S","HOLLAND RD","622",,,,,,,"2","NO INDICATION OF INJURY","0","0","0","0","0","3","0","17","4","1","41.7434273331","-87.632181132","POINT (-87.632181132025 41.743427333057)"
"acbce5d38c68f21bce55a1df460748703cda68bac169817f757254d83ba8793bcae43f49ffab5be67838d31c2584dd5396be22de0f33b55d5c11196933e04038",,"2025-01-29T17:50:00.000","30","UNKNOWN","UNKNOWN","UNKNOWN","UNKNOWN","SIDESWIPE SAME DIRECTION","NOT DIVIDED",,"STRAIGHT AND LEVEL","UNKNOWN","UNKNOWN","NOT ON SCENE (DESK REPORT)","NO INJURY / DRIVE AWAY",,,,"$500 OR LESS","2025-01-29T18:55:00.000","UNABLE TO DETERMINE","UNABLE TO DETERMINE","2640","W","TOUHY AVE","2411",,,,,,,"2","NO INDICATION OF INJURY","0","0","0","0","0","2","0","17","4","1","42.0122497203","-87.6966287203","POINT (-87.696628720317 42.012249720325)"
"6c4e19adf73f83bcad2bc00db4f0477e7e0c51adac70576b05b9d7f89aae3a37b92dbe62995e1294f84d8c216223fe636cc9ce4d5d2849a560be10b39b81f1af",,"2025-01-29T17:48:00.000","15","NO CONTROLS","NO CONTROLS","CLEAR","DAYLIGHT","PARKED MOTOR VEHICLE","PARKING LOT",,"STRAIGHT AND LEVEL","DRY","NO DEFECTS","NOT ON SCENE (DESK REPORT)","NO INJURY / DRIVE AWAY",,"Y",,"$501 - $1,500","2025-02-03T13:00:00.000","UNABLE TO DETERMINE","UNABLE TO DETERMINE","10000","W","OHARE ST","1651",,,,,,,"2","NO INDICATION OF INJURY","0","0","0","0","0","2","0","17","4","1","41.976201139","-87.9053091251","POINT (-87.905309125103 41.976201139024)"
"471ffc6fb2484346c3aef3bf190cb82964877c72c1fbd2d5a652d453d4c471c92d555119dd7046988f6fae5b8882004760cdb99869959ec87ce3f64c91ffd18c",,"2025-01-29T17:45:00.000","30","STOP SIGN/FLASHER","FUNCTIONING PROPERLY","CLEAR","DAYLIGHT","REAR END","DIVIDED - W/MEDIAN (NOT RAISED)",,"STRAIGHT AND LEVEL","DRY","NO DEFECTS","NOT ON SCENE (DESK REPORT)","NO INJURY / DRIVE AWAY","Y",,,"OVER $1,500","2025-01-30T15:10:00.000","UNABLE TO DETERMINE","NOT APPLICABLE","7300","S","HALSTED ST","733",,,,,,,"2","NO INDICATION OF INJURY","0","0","0","0","0","2","0","17","4","1","41.7614710404","-87.6444661705","POINT (-87.644466170529 41.761471040424)"
"aa9942ec9b9029515d5b576bd9222355787939da71ca905c5cf62c2797cb5ab7c1ab81fad29983fafca747d4e0c9ddd79df6b57554ba7cd081b0abf672d7b146",,"2025-01-29T17:44:00.000","30","NO CONTROLS","NO CONTROLS","CLEAR","DARKNESS, LIGHTED ROAD","PARKED MOTOR VEHICLE","NOT DIVIDED",,"STRAIGHT AND LEVEL","DRY","NO DEFECTS","NOT ON SCENE (DESK REPORT)","NO INJURY / DRIVE AWAY",,,"Y","OVER $1,500","2025-01-30T14:00:00.000","UNABLE TO DETERMINE","UNABLE TO DETERMINE","1011","N","OAKLEY BLVD","1212",,,,,,,"2","NO INDICATION OF INJURY","0","0","0","0","0","1","0","17","4","1","41.8998104713","-87.6843476003","POINT (-87.684347600329 41.899810471311)"
"84e7adc01e19ba31de935b2be5827e9b4bda98ef7ab4fe353be8078463250d74e2d437fa9d9a16ea100f619a4d167543eb060e931371df54ca05109b72f63aa0",,"2025-01-29T17:40:00.000","30","NO CONTROLS","NO CONTROLS","CLEAR","DARKNESS, LIGHTED ROAD","SIDESWIPE SAME DIRECTION","DIVIDED - W/MEDIAN (NOT RAISED)",,"STRAIGHT AND LEVEL","UNKNOWN","UNKNOWN","NOT ON SCENE (DESK REPORT)","NO INJURY / DRIVE AWAY",,,"Y","$501 - $1,500","2025-01-29T18:30:00.000","UNABLE TO DETERMINE","NOT APPLICABLE","4200","N","KEDZIE AVE","1724",,,,,,,"2","NO INDICATION OF INJURY","0","0","0","0","0","4","0","17","4","1","41.9576405058","-87.7082798724","POINT (-87.708279872383 41.957640505795)"
"b20beb6ef3b521d7b2fbafe06e1a7a0268652ac781f3c45b4d575109d26d287a80ab8debd23b71e1bbfac9495d62814ca09ec61332fe848626449201ba971722",,"2025-01-29T17:32:00.000","30","TRAFFIC SIGNAL","FUNCTIONING PROPERLY","CLEAR","DARKNESS, LIGHTED ROAD","TURNING","FIVE POINT, OR MORE",,"STRAIGHT AND LEVEL","DRY","NO DEFECTS","ON SCENE","INJURY AND / OR TOW DUE TO CRASH","Y",,,"OVER $1,500","2025-01-29T17:33:00.000","FAILING TO YIELD RIGHT-OF-WAY","UNABLE TO DETERMINE","8645","S","PULASKI RD","834",,,,,,,"2","NO INDICATION OF INJURY","0","0","0","0","0","2","0","17","4","1","41.7352813965","-87.7213051094","POINT (-87.721305109399 41.735281396458)"
"5db499259bf72ff0bb25bc0bfef1ca225b8e1df9f45e46afac134f5ad4bca17bfe2a5e3e7ef9f1f459587986a254510831f53dbb90688fe49aaa7a46b0e9b1f1",,"2025-01-29T17:28:00.000","30","NO CONTROLS","NO CONTROLS","CLEAR","DARKNESS, LIGHTED ROAD","PEDALCYCLIST","NOT DIVIDED",,"STRAIGHT AND LEVEL","DRY","NO DEFECTS",,"NO INJURY / DRIVE AWAY",,,,"$500 OR LESS","2025-01-30T12:20:00.000","UNABLE TO DETERMINE","NOT APPLICABLE","340","W","OAK ST","1823",,,,,,,"2","NO INDICATION OF INJURY","0","0","0","0","0","2","0","17","4","1","41.900614384","-87.6373527948","POINT (-87.637352794791 41.900614383958)"
"6d78b768a0d60ac3e2fffed7e23dd863fe992480155dcae1a68f22ceeccc29f7eabdb80c982b67520891714672e89add5b37e993466d7b42166bec6a228caa8f",,"2025-01-29T17:27:00.000","30","NO CONTROLS","NO CONTROLS","CLEAR","DARKNESS, LIGHTED ROAD","SIDESWIPE SAME DIRECTION","DIVIDED - W/MEDIAN (NOT RAISED)",,"STRAIGHT AND LEVEL","DRY","NO DEFECTS","ON SCENE","NO INJURY / DRIVE AWAY",,,,"OVER $1,500","2025-01-29T18:14:00.000","IMPROPER TURNING/NO SIGNAL","IMPROPER OVERTAKING/PASSING","119","W","63RD ST","312",,,,,,,"2","NO INDICATION OF INJURY","0","0","0","0","0","2","0","17","4","1","41.7798953949","-87.6285222779","POINT (-87.628522277918 41.779895394881)"
"7ec93984a71b1d7947cd5c6e42aa96524cb5f72040b2354b8825028f31c5041d3b75d73a18cee100e461a43c5a2fd26119e4da825ee977213dbd7bbf3b4e6703",,"2025-01-29T17:27:00.000","15","NO CONTROLS","NO CONTROLS","CLEAR","UNKNOWN","PARKED MOTOR VEHICLE","PARKING LOT",,"STRAIGHT AND LEVEL","DRY","NO DEFECTS","NOT ON SCENE (DESK REPORT)","NO INJURY / DRIVE AWAY",,,"Y","OVER $1,500","2025-01-29T18:14:00.000","NOT APPLICABLE","NOT APPLICABLE","4607","W","59TH ST","813",,,,,,,"2","NO INDICATION OF INJURY","0","0","0","0","0","1","0","17","4","1","41.7856279605","-87.7380424158","POINT (-87.738042415802 41.785627960543)"
"2e59a36414fd947d3dcac33c033a2183894be6da55c82bdd4ebd73ff25f01587a3d4a8e8fed170d068f9df9957b216b3aa2122e34ba4dfac472fd5e3c5ef2bcf",,"2025-01-29T17:22:00.000","30","TRAFFIC SIGNAL","FUNCTIONING PROPERLY","CLEAR","DUSK","PEDALCYCLIST","FOUR WAY",,"STRAIGHT AND LEVEL","DRY","UNKNOWN",,"INJURY AND / OR TOW DUE TO CRASH","Y",,,"OVER $1,500","2025-01-29T17:24:00.000","DISREGARDING TRAFFIC SIGNALS","NOT APPLICABLE","2001","N","KOSTNER AVE","2522",,,,,,,"2","NONINCAPACITATING INJURY","1","0","0","1","0","2","0","17","4","1","41.9170934525","-87.7361825254","POINT (-87.736182525417 41.917093452467)"
"c6c79446e36b91fcb2bbef5731bec5dc4ceaa2ad3422c98b98af1e7f9da6ce969c4e6d7e2285431b202d72265a749bf9355680b76f20d8f46d740445d497146d",,"2025-01-29T17:20:00.000","30","TRAFFIC SIGNAL","FUNCTIONING PROPERLY","CLEAR","DARKNESS","REAR END","UNKNOWN INTERSECTION TYPE",,"STRAIGHT AND LEVEL","DRY","UNKNOWN","NOT ON SCENE (DESK REPORT)","NO INJURY / DRIVE AWAY","Y",,,"$500 OR LESS","2025-01-29T18:00:00.000","FOLLOWING TOO CLOSELY","FOLLOWING TOO CLOSELY","7546","S","HALSTED ST","621",,,,,,,"2","NO INDICATION OF INJURY","0","0","0","0","0","2","0","17","4","1","41.7564765384","-87.6443392122","POINT (-87.644339212242 41.756476538432)"
"3f7a02306ab992fb28e55d35b26805fe16687c6a3470255cf220ff4f052e4501b815221fa26b8d6a6fdf76ba2c0586fe0dcf83c7371e95508263084eaef222bb",,"2025-01-29T17:15:00.000","30","TRAFFIC SIGNAL","FUNCTIONING PROPERLY","CLEAR","DARKNESS","TURNING","NOT DIVIDED",,"STRAIGHT AND LEVEL","DRY","NO DEFECTS","NOT ON SCENE (DESK REPORT)","NO INJURY / DRIVE AWAY","Y",,"Y","$501 - $1,500","2025-01-29T19:50:00.000","DISREGARDING OTHER TRAFFIC SIGNS","NOT APPLICABLE","8301","S","JEFFERY BLVD","414",,,,,,,"2","NO INDICATION OF INJURY","0","0","0","0","0","2","0","17","4","1","41.7444975668","-87.5757104671","POINT (-87.57571046713 41.744497566769)"
"830ebbd302d4ec9e616d165bb86bf4a0518d909b5fc25b007943591435321f88f9adab853138eaad2d651589f6a29f096d091b7f323e8a71cab613aef1f992ff",,"2025-01-29T17:15:00.000","30","UNKNOWN","UNKNOWN","CLEAR","UNKNOWN","TURNING","NOT DIVIDED",,"STRAIGHT AND LEVEL","UNKNOWN","UNKNOWN","NOT ON SCENE (DESK REPORT)","NO INJURY / DRIVE AWAY",,,,"OVER $1,500","2025-01-29T18:30:00.000","FAILING TO YIELD RIGHT-OF-WAY","UNABLE TO DETERMINE","2701","W","TOUHY AVE","2411",,,,,,,"2","NO INDICATION OF INJURY","0","0","0","0","0","2","0","17","4","1","42.0120101723","-87.6974637943","POINT (-87.697463794319 42.01201017232)"
"f24305b2b973560b5c3d4a96c3e5e993cc2f1242e225ef9124f37dfa79f12048d0de73804a188079e68516b1175b565bd7bbacc3202138adf2528aade5b3d16c",,"2025-01-29T17:15:00.000","30","TRAFFIC SIGNAL","FUNCTIONING PROPERLY","CLEAR","DAYLIGHT","SIDESWIPE SAME DIRECTION","T-INTERSECTION",,"STRAIGHT AND LEVEL","DRY","NO DEFECTS","NOT ON SCENE (DESK REPORT)","NO INJURY / DRIVE AWAY",,,"Y","$501 - $1,500","2025-01-29T17:15:00.000","FOLLOWING TOO CLOSELY","NOT APPLICABLE","4700","S","INDIANA AVE","224",,,,,,,"2","NO INDICATION OF INJURY","0","0","0","0","0","2","0","17","4","1","41.8092178146","-87.6213569056","POINT (-87.621356905645 41.809217814636)"
"16cdef04238189d7cdba1f811b4164cc4e7f06f8362f596261beb8787b633c3f93f47193f661247ca7c73a55e19eae25c3e1193626a661f223f8fa4d9296e6fd",,"2025-01-29T17:04:00.000","35","NO CONTROLS","NO CONTROLS","CLEAR","DAYLIGHT","ANGLE","FOUR WAY",,"STRAIGHT AND LEVEL","DRY","NO DEFECTS","ON SCENE","INJURY AND / OR TOW DUE TO CRASH","Y",,,"OVER $1,500","2025-01-29T17:05:00.000","FAILING TO YIELD RIGHT-OF-WAY","NOT APPLICABLE","5542","S","RACINE AVE","713",,,,,,,"3","NO INDICATION OF INJURY","0","0","0","0","0","2","0","17","4","1","41.7924763243","-87.6549786401","POINT (-87.654978640084 41.792476324264)"
"46031d385487880818ca337c78e8010751c62cddb2bc7a4a1742120007a99e6bfbeaa33da21b11e535c0925c66b9cb984bdf195d363d9d86b2a235bfc98eb4d0",,"2025-01-29T17:00:00.000","25","STOP SIGN/FLASHER","FUNCTIONING PROPERLY","CLEAR","DARKNESS","PARKED MOTOR VEHICLE","ONE-WAY",,"STRAIGHT AND LEVEL","DRY","NO DEFECTS","NOT ON SCENE (DESK REPORT)","NO INJURY / DRIVE AWAY",,,"Y","OVER $1,500","2025-01-30T15:45:00.000","UNABLE TO DETERMINE","UNABLE TO DETERMINE","3649","S","WOLCOTT AVE","912",,,,,,,"2","NO INDICATION OF INJURY","0","0","0","0","0","1","0","17","4","1","41.8271456518","-87.6726079665","POINT (-87.672607966458 41.827145651812)"
"693afefb3f7066ddf60c45905f8c6006459122daa007b5cd7476543a9933dcb419e6d5496802607b5c744688e88e9e74dcb8896177cb1cd8eb6b53eaddd9a464","Y","2025-01-29T17:00:00.000","30","UNKNOWN","UNKNOWN","UNKNOWN","UNKNOWN","PARKED MOTOR VEHICLE","ONE-WAY",,"STRAIGHT AND LEVEL","UNKNOWN","UNKNOWN","NOT ON SCENE (DESK REPORT)","NO INJURY / DRIVE AWAY",,,"Y","OVER $1,500","2025-02-03T13:50:00.000","UNABLE TO DETERMINE","NOT APPLICABLE","7761","S","CHAMPLAIN AVE","624",,,,,,,"2","NO INDICATION OF INJURY","0","0","0","0","0","1","0","17","4","1","41.753136668","-87.6087710681","POINT (-87.60877106807 41.753136667967)"
"4b42fabd260719a3ffe08556ce9ef6c74cd61a4dcba4cdb473f7c90fec7594e1c5781a0db72b2d95d2172e3bfe2c36712812bdf74020dcf79266e5fd81bf9812",,"2025-01-29T16:57:00.000","10","NO CONTROLS","NO CONTROLS","CLEAR","DUSK","REAR TO SIDE","PARKING LOT",,"STRAIGHT AND LEVEL","DRY","NO DEFECTS","NOT ON SCENE (DESK REPORT)","NO INJURY / DRIVE AWAY",,,,"$501 - $1,500","2025-01-29T17:15:00.000","UNABLE TO DETERMINE","UNABLE TO DETERMINE","3108","S","HALSTED ST","913",,,,,,,"2","NO INDICATION OF INJURY","0","0","0","0","0","2","0","16","4","1","41.8377364586","-87.6464167637","POINT (-87.646416763692 41.837736458648)"
"10c0d0858fe6072fb8c199f9ededb8569187b19f83bd76e1436ffe33b1e0318cffc215f2f6577f7c21cf10c115f697c202a02ca8f5be3c87e507dad4956ae934",,"2025-01-29T16:50:00.000","30","NO CONTROLS","NO CONTROLS","CLEAR","DAYLIGHT","SIDESWIPE SAME DIRECTION","DIVIDED - W/MEDIAN BARRIER",,"STRAIGHT AND LEVEL","DRY","NO DEFECTS","ON SCENE","NO INJURY / DRIVE AWAY",,,,"OVER $1,500","2025-01-29T17:25:00.000","UNABLE TO DETERMINE","UNABLE TO DETERMINE","122","S","MICHIGAN AVE","112",,,,,,,"2","NO INDICATION OF INJURY","0","0","0","0","0","2","0","16","4","1","41.8802633722","-87.6245049804","POINT (-87.624504980387 41.880263372185)"
"948545ce2deb86d1c7fe2b67ccce4844b0597cde6e210390ecaad93d299d86bb68153c8eb9b088442b05aaa20c263b78779ef92486c96054ceef0206780e0fb2",,"2025-01-29T16:50:00.000","30","UNKNOWN","UNKNOWN","UNKNOWN","UNKNOWN","TURNING","DIVIDED - W/MEDIAN (NOT RAISED)",,"STRAIGHT AND LEVEL","UNKNOWN","UNKNOWN","NOT ON SCENE (DESK REPORT)","NO INJURY / DRIVE AWAY",,,,"$501 - $1,500","2025-01-29T17:45:00.000","UNABLE TO DETERMINE","NOT APPLICABLE","6415","N","SHERIDAN RD","2432",,,,,,,"2","NO INDICATION OF INJURY","0","0","0","0","0","2","0","16","4","1","41.9987005694","-87.6602427709","POINT (-87.660242770914 41.99870056935)"
"396b7d73d9365709a1f928b79b76911cb156ba60a923888313b6054f8546369bd23ff5fbdfa3a2d1abd49dd24c8829e6acf3aacb65e84cd1bda8cd5c6b4a2414",,"2025-01-29T16:49:00.000","45","NO CONTROLS","NO CONTROLS","CLEAR","DAYLIGHT","REAR END","DIVIDED - W/MEDIAN BARRIER",,"STRAIGHT AND LEVEL","DRY","UNKNOWN","NOT ON SCENE (DESK REPORT)","INJURY AND / OR TOW DUE TO CRASH",,,,"OVER $1,500","2025-01-29T21:45:00.000","UNABLE TO DETERMINE","NOT APPLICABLE","900","N","LAKE SHORE DR SB","1833",,,,,,,"2","REPORTED, NOT EVIDENT","1","0","0","0","1","1","0","16","4","1","41.8993222788","-87.6187384331","POINT (-87.618738433114 41.899322278833)"