"crash_record_id","crash_date_est_i","crash_date","posted_speed_limit","traffic_control_device","device_condition","weather_condition","lighting_condition","first_crash_type","trafficway_type","lane_cnt","alignment","roadway_surface_cond","road_defect","report_type","crash_type","intersection_related_i","private_property_i","hit_and_run_i","damage","date_police_notified","prim_contributory_cause","sec_contributory_cause","street_no","street_direction","street_name","beat_of_occurrence","photos_taken_i","statements_taken_i","dooring_i","work_zone_i","work_zone_type","workers_present_i","num_units","most_severe_injury","injuries_total","injuries_fatal","injuries_incapacitating","injuries_non_incapacitating","injuries_reported_not_evident","injuries_no_indication","injuries_unknown","crash_hour","crash_day_of_week","crash_month","latitude","longitude","location"
"e57beb2a50966ba22af19adf4c67a2edf2543b2633b2caac24d3434086d0fdee77afa710708800f11ad32b55179e6076ef7dce7dd05253fb847334d291420540",,"2025-01-29T16:49:00.000","30","NO CONTROLS","NO CONTROLS","CLEAR","DAYLIGHT","SIDESWIPE SAME DIRECTION","TRAFFIC ROUTE",,"STRAIGHT AND LEVEL","DRY","NO DEFECTS",,"INJURY AND / OR TOW DUE TO CRASH","Y",,"Y","OVER $1,500","2025-01-29T17:35:00.000","OPERATING VEHICLE IN ERRATIC, RECKLESS, CARELESS, NEGLIGENT OR AGGRESSIVE MANNER","FAILING TO REDUCE SPEED TO AVOID CRASH","2","S","MICHIGAN AVE","112",,,,,,,"3","REPORTED, NOT EVIDENT","1","0","0","0","1","2","0","16","4","1","41.8820439803","-87.6245110366","POINT (-87.624511036615 41.88204398026)"
"2e246792cfac6a75c46225ae06906eca62b2461b1ca9aab4bd274c40dfeb189b9643b4912f1d3fc25e3d9b19f1f267e11598ee4af2e6745154af64227d76dc09",,"2025-01-29T16:45:00.000","30","NO CONTROLS","NO CONTROLS","CLEAR","DAYLIGHT","SIDESWIPE SAME DIRECTION","NOT DIVIDED",,"STRAIGHT AND LEVEL","UNKNOWN","UNKNOWN","NOT ON SCENE (DESK REPORT)","NO INJURY / DRIVE AWAY",,,,"$501 - $1,500","2025-01-31T09:30:00.000","UNABLE TO DETERMINE","NOT APPLICABLE","5238","N","PULASKI RD","1712",,,,,,,"2","NO INDICATION OF INJURY","0","0","0","0","0","2","0","16","4","1","41.9766957412","-87.7284120267","POINT (-87.728412026719 41.976695741208)"
"f3f940321eaa06a78fbebec7e14d71901adab6ba37d46003fb20d4445a54913c47788f9d1baa2621a42086604d8b0d8a673b3fd951504214a9b7d3055b7bdfe8",,"2025-01-29T16:43:00.000","30","NO CONTROLS","NO CONTROLS","CLEAR","DAYLIGHT","PARKED MOTOR VEHICLE","NOT DIVIDED",,"STRAIGHT AND LEVEL","DRY","NO DEFECTS","ON SCENE","INJURY AND / OR TOW DUE TO CRASH",,,"N","OVER $1,500","2025-01-29T16:47:00.000","UNABLE TO DETERMINE","UNABLE TO DETERMINE","6558","S","NORMAL BLVD","722",,,,,,,"2","NO INDICATION OF INJURY","0","0","0","0","0","1","0","16","4","1","41.7744369934","-87.6370005174","POINT (-87.637000517361 41.774436993431)"
"2be19456cf89f584d7569c173af244c3fb612580b4c139e8f24140f4aa9233cfa5b8839f8c80978eebb3d4819b4e17afc2fbeaf8c791e605028c281a5132f56d",,"2025-01-29T16:36:00.000","15","NO CONTROLS","NO CONTROLS","CLEAR","DUSK","SIDESWIPE SAME DIRECTION","ONE-WAY",,"STRAIGHT AND LEVEL","DRY","NO DEFECTS","ON SCENE","NO INJURY / DRIVE AWAY",,,,"$500 OR LESS","2025-01-29T17:10:00.000","UNABLE TO DETERMINE","NOT APPLICABLE","1637","N","MERRIMAC AVE","2513",,,,,,,"2","NO INDICATION OF INJURY","0","0","0","0","0","6","0","16","4","1","41.9102907643","-87.7816031338","POINT (-87.781603133781 41.910290764269)"
"5bf8c09689df1bb47f517d4d326819e278fb3a251fd10d3057996e49000698f97ab4694ea37a86d54f0fe5338d0ba550ea86a194206ba8cb4564c3588b295fb9",,"2025-01-29T16:34:00.000","20","NO CONTROLS","NO CONTROLS","CLEAR","DAYLIGHT","TURNING","ONE-WAY",,"STRAIGHT AND LEVEL","DRY","NO DEFECTS","ON SCENE","NO INJURY / DRIVE AWAY",,,,"OVER $1,500","2025-01-29T16:35:00.000","VISION OBSCURED (SIGNS, TREE LIMBS, BUILDINGS, ETC.)","DRIVING SKILLS/KNOWLEDGE/EXPERIENCE","56","W","MAPLE ST","1824",,,,,,,"2","NO INDICATION OF INJURY","0","0","0","0","0","2","0","16","4","1","41.9019655928","-87.6304945153","POINT (-87.630494515263 41.901965592835)"
"402e20003266121af41373382254e5a2e8b922f49e851a9248b9aecbf21681ca821da0ca90eea7fe00612f0a2aecb921830af16f9a22ab6ff1df9536eb4f2dae",,"2025-01-29T16:30:00.000","25","NO CONTROLS","NO CONTROLS","UNKNOWN","UNKNOWN","PARKED MOTOR VEHICLE","NOT DIVIDED",,"STRAIGHT AND LEVEL","UNKNOWN","UNKNOWN","NOT ON SCENE (DESK REPORT)","NO INJURY / DRIVE AWAY",,,"Y","OVER $1,500","2025-01-29T17:35:00.000","UNABLE TO DETERMINE","UNABLE TO DETERMINE","8128","S","BENNETT AVE","414",,,,,,,"2","NO INDICATION OF INJURY","0","0","0","0","0","1","0","16","4","1","41.7469771885","-87.5784715519","POINT (-87.578471551901 41.746977188478)"
"4d02685e0bdc6ff62f94e8b969e75a9a11181a9f18668d983500670d47d023a9765cfa5c73d7f5613139702291deedf25944ff3f447bf74028da7b0ab32ee920",,"2025-01-29T16:30:00.000","30","UNKNOWN","UNKNOWN","CLEAR","DARKNESS, LIGHTED ROAD","PARKED MOTOR VEHICLE","NOT DIVIDED",,"STRAIGHT AND LEVEL","UNKNOWN","UNKNOWN","NOT ON SCENE (DESK REPORT)","NO INJURY / DRIVE AWAY",,,"Y","OVER $1,500","2025-01-29T17:00:00.000","UNABLE TO DETERMINE","UNABLE TO DETERMINE","1752","W","HUBBARD ST","1215",,,,,,,"2","NO INDICATION OF INJURY","0","0","0","0","0","2","0","16","4","1","41.8899238177","-87.6716788108","POINT (-87.671678810771 41.88992381766)"
"70c52e8184c387a6f66728b44ce3b5f582cfbdf4f9bec8c88647418d97fabde0f470dde6524abb1d9d3b61960ad38ec0a12d0a4daff1b0d774d0685fc066cf1e",,"2025-01-29T16:30:00.000","30","TRAFFIC SIGNAL","FUNCTIONING PROPERLY","CLEAR","DAYLIGHT","ANGLE","FOUR WAY",,"STRAIGHT AND LEVEL","DRY","NO DEFECTS","NOT ON SCENE (DESK REPORT)","NO INJURY / DRIVE AWAY","Y",,"Y","OVER $1,500","2025-01-29T17:30:00.000","DISREGARDING TRAFFIC SIGNALS","UNABLE TO DETERMINE","6000","S","INDIANA AVE","311",,,,,,,"2","NO INDICATION OF INJURY","0","0","0","0","0","3","0","16","4","1","41.7855229557","-87.6207577887","POINT (-87.620757788701 41.785522955682)"
"22228bf2b81aaf7dde9238e359e5dd920f6a42ad2a2cfefae4a762f689b8cbf78a91d519f4812103f0a536c1709f3f4447fcbda9bc37d89073c0ea9b2b2a57e9",,"2025-01-29T16:24:00.000","30","TRAFFIC SIGNAL","FUNCTIONING PROPERLY","CLEAR","DAYLIGHT","TURNING","DIVIDED - W/MEDIAN (NOT RAISED)",,"STRAIGHT AND LEVEL","DRY","NO DEFECTS","NOT ON SCENE (DESK REPORT)","NO INJURY / DRIVE AWAY",,,"Y","$501 - $1,500","2025-01-29T16:24:00.000","UNABLE TO DETERMINE","UNABLE TO DETERMINE","198","W","GARFIELD BLVD","225",,,,,,,"2","NO INDICATION OF INJURY","0","0","0","0","0","2","0","16","4","1","41.7946770026","-87.6304878508","POINT (-87.630487850767 41.79467700255)"
"873d219af0138c2461414349db8be4d16513300594a09e816a9fb77eca5b23995c4c4060065edf5f40f42a29ab2e70cbd72a5b847cd9914192ff2f26aa75a3e8",,"2025-01-29T16:23:00.000","30","NO CONTROLS","NO CONTROLS","CLEAR","DAYLIGHT","PARKED MOTOR VEHICLE","ONE-WAY",,"STRAIGHT AND LEVEL","DRY","NO DEFECTS","ON SCENE","INJURY AND / OR TOW DUE TO CRASH",,,"Y","OVER $1,500","2025-01-29T16:24:00.000","UNABLE TO DETERMINE","NOT APPLICABLE","3913","N","AVONDALE AVE","1732",,,,,,,"2","NO INDICATION OF INJURY","0","0","0","0","0","1","0","16","4","1","41.9522024236","-87.7295467269","POINT (-87.729546726918 41.95220242364)"
"7168de359085ec731953a7cdaacb4ef842bd60c3c8f1b0ec28eb16d84791a127acee70ede783165f55af929421ed7ec944368837fc253ab521775c3063e0a542",,"2025-01-29T16:20:00.000","30","UNKNOWN","UNKNOWN","UNKNOWN","UNKNOWN","SIDESWIPE SAME DIRECTION","ONE-WAY",,"STRAIGHT AND LEVEL","UNKNOWN","UNKNOWN","NOT ON SCENE (DESK REPORT)","NO INJURY / DRIVE AWAY",,,,"$501 - $1,500","2025-01-29T17:30:00.000","DRIVING SKILLS/KNOWLEDGE/EXPERIENCE","UNABLE TO DETERMINE","10","E","RANDOLPH ST","111",,,,,,,"2","NO INDICATION OF INJURY","0","0","0","0","0","2","0","16","4","1","41.8846020342","-87.6275429272","POINT (-87.6275429272 41.884602034208)"
"2b539850b7e571ac85b5d313ec8102ca923cecaf90734d0c2319a9325f9b2d0ccb23aa9a51f4bdafc9f163836a92e9dca432684ed9984097a04dda9e23e96e2a",,"2025-01-29T16:12:00.000","30","TRAFFIC SIGNAL","FUNCTIONING PROPERLY","CLEAR","DAWN","REAR END","FOUR WAY",,"STRAIGHT AND LEVEL","DRY","NO DEFECTS","ON SCENE","INJURY AND / OR TOW DUE TO CRASH","Y",,,"OVER $1,500","2025-01-29T16:12:00.000","FAILING TO REDUCE SPEED TO AVOID CRASH","FOLLOWING TOO CLOSELY","5800","N","BROADWAY","2013",,,,,,,"2","NONINCAPACITATING INJURY","1","0","0","1","0","1","0","16","4","1","41.9869634776","-87.660318021","POINT (-87.660318021002 41.986963477571)"
"aae77db1d0176ae881cce959697bf13c4a5d276f814305b3f08d0597ac7830b859284860b7ef9f68eabc772cc50d3a48f62a9c2269d5f63978ed81ad49727b06",,"2025-01-29T16:10:00.000","20","NO CONTROLS","NO CONTROLS","CLEAR","DAYLIGHT","ANGLE","NOT DIVIDED",,"STRAIGHT AND LEVEL","DRY","NO DEFECTS","ON SCENE","NO INJURY / DRIVE AWAY",,,,"OVER $1,500","2025-01-29T16:21:00.000","UNABLE TO DETERMINE","UNABLE TO DETERMINE","3209","N","PACIFIC AVE","1631",,,,,,,"2","NO INDICATION OF INJURY","0","0","0","0","0","2","0","16","4","1","41.9380443567","-87.8261844774","POINT (-87.826184477372 41.938044356684)"
"b1f69d26d888022c1db37425efc487c90b75b8c70fd6ceaa503df5d621aaf9d7f0ad99fb101881589ebc3ab3d2fef0ec08eca7c7b30b6052c216d1596ca4617f",,"2025-01-29T16:08:00.000","30","TRAFFIC SIGNAL","FUNCTIONING PROPERLY","CLEAR","DAYLIGHT","PEDESTRIAN","CENTER TURN LANE",,"STRAIGHT AND LEVEL","DRY","NO DEFECTS","ON SCENE","INJURY AND / OR TOW DUE TO CRASH","N",,,"OVER $1,500","2025-01-29T16:10:00.000","FAILING TO YIELD RIGHT-OF-WAY","VISION OBSCURED (SIGNS, TREE LIMBS, BUILDINGS, ETC.)","7900","S","DR MARTIN LUTHER KING JR DR","623",,,,,,,"2","INCAPACITATING INJURY","1","0","1","0","0","2","0","16","4","1","41.7510204707","-87.6151022455","POINT (-87.615102245534 41.751020470682)"
"e26d6216223ca1074c571add50eb878c55872891fc145af8a34289dc6da3c126a7b2106009919974a68161909d92f84f8a1c2d612782b33af877f2ce30e5afa7",,"2025-01-29T16:05:00.000","5","NO CONTROLS","NO CONTROLS","CLEAR","DAYLIGHT","TURNING","OTHER",,"CURVE, LEVEL","DRY","NO DEFECTS","ON SCENE","INJURY AND / OR TOW DUE TO CRASH",,,,"$501 - $1,500","2025-01-29T16:10:00.000","IMPROPER TURNING/NO SIGNAL","UNABLE TO DETERMINE","2","W","TERMINAL ST","1652",,,,,,,"2","REPORTED, NOT EVIDENT","2","0","0","0","2","1","0","16","4","1",,,
"0d543acff687e63d7b5fd01da8a6093353aea2ce261a1d9ba0421b5c0291c29ba7ddc162017392382870b757bbdd9eff0430964536ba53cf2f55a69a4daa4050",,"2025-01-29T16:00:00.000","30","NO CONTROLS","NO CONTROLS","CLEAR","DAYLIGHT","REAR END","DIVIDED - W/MEDIAN (NOT RAISED)",,"STRAIGHT AND LEVEL","DRY","SHOULDER DEFECT","ON SCENE","NO INJURY / DRIVE AWAY",,,,"$501 - $1,500","2025-01-29T16:03:00.000","FOLLOWING TOO CLOSELY","NOT APPLICABLE","2725","W","MARQUETTE RD","831",,,,,,,"2","NO INDICATION OF INJURY","0","0","0","0","0","3","0","16","4","1","41.7717332558","-87.6919192294","POINT (-87.691919229368 41.771733255774)"
"2a6fb3a2f949a4c364783db4cc63c20f72e07d24b7e11b8ac833f1e40b57efdf141a55aba11c1148366b1d7a3f4aab3bf5efeacd4b3ad6d01fe69777fc85929c",,"2025-01-29T16:00:00.000","30","NO CONTROLS","NO CONTROLS","CLEAR","DAYLIGHT","TURNING","NOT DIVIDED",,"STRAIGHT AND LEVEL","UNKNOWN","UNKNOWN",,"NO INJURY / DRIVE AWAY",,,,"OVER $1,500","2025-01-29T17:13:00.000","DRIVING SKILLS/KNOWLEDGE/EXPERIENCE","NOT APPLICABLE","2800","S","KEDZIE AVE","1032",,,,,,,"2","NO INDICATION OF INJURY","0","0","0","0","0","3","0","16","4","1","41.8408096454","-87.7050749478","POINT (-87.705074947842 41.840809645357)"
"2cda7408182dd7a8b0efcdddd23665c6f8d44e8f8f21c8f7bf7074c9d3a1f729437f6dc30518d7e295ed15096e045b4378e38a40cb1f9f044199f1396af2cd32",,"2025-01-29T16:00:00.000","15","NO CONTROLS","NO CONTROLS","CLEAR","DAYLIGHT","FIXED OBJECT","ALLEY",,"STRAIGHT AND LEVEL","DRY","NO DEFECTS","ON SCENE","NO INJURY / DRIVE AWAY",,"Y","Y","OVER $1,500","2025-01-29T16:08:00.000","UNABLE TO DETERMINE","UNABLE TO DETERMINE","4815","W","BELLE PLAINE AVE","1624",,,,,,,"1","NO INDICATION OF INJURY","0","0","0","0","0","1","0","16","4","1","41.9551276548","-87.7480227171","POINT (-87.748022717054 41.955127654813)"
"3af6f5791450118b6e7feeff74e8795e1901f9c43e17490f63cae5b139c2ac26971c9052380b4cfaf5897872d3549c5c18c16fc3cada3b35cc6b30657bdbb398",,"2025-01-29T16:00:00.000","20","NO CONTROLS","NO CONTROLS","CLEAR","DAYLIGHT","ANGLE","PARKING LOT",,"STRAIGHT AND LEVEL","UNKNOWN","UNKNOWN","NOT ON SCENE (DESK REPORT)","NO INJURY / DRIVE AWAY",,"Y","Y","OVER $1,500","2025-01-29T18:00:00.000","UNABLE TO DETERMINE","NOT APPLICABLE","1440","N","KOSTNER AVE","2533",,,,,,,"2","NO INDICATION OF INJURY","0","0","0","0","0","2","0","16","4","1","41.9073769303","-87.7364191213","POINT (-87.736419121286 41.907376930275)"
"44cc1e39e7b822c6cec366122f8a1ec4480d4fc8232fd1b0da321a7f4b955fdcb001a89df5c44878855a97b885b15e2ffad232139c598d2d8f4fda373644e10b",,"2025-01-29T16:00:00.000","25","STOP SIGN/FLASHER","NO CONTROLS","CLEAR","DAYLIGHT","ANGLE","TRAFFIC ROUTE",,"STRAIGHT AND LEVEL","DRY","NO DEFECTS","NOT ON SCENE (DESK REPORT)","INJURY AND / OR TOW DUE TO CRASH",,,,"OVER $1,500","2025-01-30T19:29:00.000","DRIVING SKILLS/KNOWLEDGE/EXPERIENCE","NOT APPLICABLE","6900","S","ANTHONY AVE","322",,,,,,,"2","NO INDICATION OF INJURY","0","0","0","0","0","2","0","16","4","1","41.7693464158","-87.6137029982","POINT (-87.613702998216 41.769346415827)"
"6fe9fb4435c644e58f1818b038023fb48045626475fb2d88c0d2c043c3e2e8f0fce8057565a0ae1297317d2c0759bb24712b5dca1c61c4647e6c72604ab2486f",,"2025-01-29T16:00:00.000","30","NO CONTROLS","NO CONTROLS","CLEAR","DARKNESS, LIGHTED ROAD","PARKED MOTOR VEHICLE","NOT DIVIDED",,"STRAIGHT AND LEVEL","DRY","UNKNOWN","ON SCENE","NO INJURY / DRIVE AWAY",,,"Y","OVER $1,500","2025-01-29T21:03:00.000","UNABLE TO DETERMINE","NOT APPLICABLE","3144","W","POPE JOHN PAUL II DR","921",,,,,,,"2","NO INDICATION OF INJURY","0","0","0","0","0","1","0","16","4","1","41.8155182018","-87.703625756","POINT (-87.703625756023 41.815518201806)"
"7984a5cf336e3e390ae1bc4831382a268388fe93624b47c8e82ab57e4107ed2362c29e5e0e7dcade71e1c978938e0134897231df23659033ee5ddd7daeb51a3f","Y","2025-01-29T16:00:00.000","30","NO CONTROLS","NO CONTROLS","CLEAR","DAYLIGHT","PEDESTRIAN","FOUR WAY",,"STRAIGHT AND LEVEL","DRY","NO DEFECTS","NOT ON SCENE (DESK REPORT)","NO INJURY / DRIVE AWAY",,,"Y","$500 OR LESS","2025-01-29T16:45:00.000","FAILING TO YIELD RIGHT-OF-WAY","NOT APPLICABLE","10000","S","STATE ST","511",,,,,,,"2","NO INDICATION OF INJURY","0","0","0","0","0","2","0","16","4","1","41.7125788384","-87.6237768314","POINT (-87.623776831423 41.712578838415)"
"85bc6826e93486cb0f5f91fe0c68620ca8a9f24c8e48fbae319e384a13ad6c08a1952bf091578f259fa0344295126c76de10432a44c0e4315707fcbe272964d6",,"2025-01-29T16:00:00.000","30","NO CONTROLS","NO CONTROLS","UNKNOWN","DAYLIGHT","TURNING","DIVIDED - W/MEDIAN (NOT RAISED)",,"STRAIGHT AND LEVEL","UNKNOWN","UNKNOWN","NOT ON SCENE (DESK REPORT)","NO INJURY / DRIVE AWAY",,,,"OVER $1,500","2025-01-30T17:00:00.000","IMPROPER TURNING/NO SIGNAL","IMPROPER TURNING/NO SIGNAL","3636","W","ARMITAGE AVE","2525",,,,,,,"2","NO INDICATION OF INJURY","0","0","0","0","0","2","0","16","4","1","41.9173739362","-87.7182937655","POINT (-87.718293765457 41.917373936218)"
"77b2af1d90a79a187d547e7bcc70a2c82015033b2102d63123e05847803fd6be37fda7bad32a3d76042e81802f680de545434b099dd67675fc3139d50ad7976f",,"2025-01-29T15:50:00.000","20","NO CONTROLS","NO CONTROLS","CLEAR","DAYLIGHT","PARKED MOTOR VEHICLE","DRIVEWAY",,"STRAIGHT AND LEVEL","DRY","NO DEFECTS","ON SCENE","NO INJURY / DRIVE AWAY",,,"Y","$500 OR LESS","2025-01-29T16:07:00.000","UNABLE TO DETERMINE","NOT APPLICABLE","2401","S","SAWYER AVE","1024",,,,,,,"2","NO INDICATION OF INJURY","0","0","0","0","0","1","0","15","4","1","41.8480352791","-87.7062136138","POINT (-87.706213613809 41.848035279087)"
"e32408ebf8a7e06435ce54e14bf0b69e300fd2fc129a9ceecb2439f2e461cd547a669a5178943a47861f1d32ff6833416a75d16cbf370954e642baabfbf00790",,"2025-01-29T15:50:00.000","30","NO CONTROLS","NO CONTROLS","UNKNOWN","UNKNOWN","SIDESWIPE SAME DIRECTION","DIVIDED - W/MEDIAN (NOT RAISED)",,"STRAIGHT AND LEVEL","UNKNOWN","UNKNOWN","NOT ON SCENE (DESK REPORT)","NO INJURY / DRIVE AWAY",,,,"$501 - $1,500","2025-01-29T16:25:00.000","FOLLOWING TOO CLOSELY","FOLLOWING TOO CLOSELY","945","N","PULASKI RD","1112",,,,,,,"2","NO INDICATION OF INJURY","0","0","0","0","0","2","0","15","4","1","41.8985364716","-87.7260328929","POINT (-87.72603289287 41.898536471585)"
"15f19430507c2d07f1b646e71962e52a15107d3ef938cd91717ecfeb389cbbc7e66a2348ff867ebfc9da2daeef3148da5f1e292bd59c46e5009526410236be57",,"2025-01-29T15:40:00.000","25","NO CONTROLS","NO CONTROLS","CLEAR","DAYLIGHT","PARKED MOTOR VEHICLE","NOT DIVIDED",,"STRAIGHT AND LEVEL","DRY","NO DEFECTS","NOT ON SCENE (DESK REPORT)","NO INJURY / DRIVE AWAY",,,"Y","OVER $1,500","2025-01-30T17:00:00.000","IMPROPER LANE USAGE","IMPROPER LANE USAGE","5255","S","STATE ST","225",,,,,,,"2","NO INDICATION OF INJURY","0","0","0","0","0","2","0","15","4","1","41.7984722756","-87.6256550893","POINT (-87.625655089262 41.798472275588)"
"cbab5fd3fa8a614763b00aebda55b0c45ba8bd1acd7b556f60a995dea1b1f4200aee930366463cd021c2fd88697133c6b18cbb75c7b4ade3fcf121ede4de1f3f",,"2025-01-29T15:40:00.000","25","TRAFFIC SIGNAL","FUNCTIONING PROPERLY","CLEAR","DAYLIGHT","TURNING","FOUR WAY",,"STRAIGHT AND LEVEL","DRY","UNKNOWN","ON SCENE","NO INJURY / DRIVE AWAY","Y",,,"OVER $1,500","2025-01-29T16:05:00.000","IMPROPER TURNING/NO SIGNAL","FAILING TO YIELD RIGHT-OF-WAY","3499","S","ASHLAND AVE","912",,,,,,,"2","NO INDICATION OF INJURY","0","0","0","0","0","2","0","15","4","1","41.830595328","-87.665423764","POINT (-87.665423764019 41.830595327951)"
"d1e685c3e2d47eea0e78bee2ccb966590742a3d1d26bde724948ca37654b41aa61353f8a64ea1461e41fd29257bc7b988ab62b65a7da4ba9f9eb50b6462a115f",,"2025-01-29T15:40:00.000","20","SCHOOL ZONE","NO CONTROLS","CLEAR","DAYLIGHT","REAR TO FRONT","NOT DIVIDED",,"STRAIGHT AND LEVEL","DRY","NO DEFECTS","NOT ON SCENE (DESK REPORT)","NO INJURY / DRIVE AWAY",,,,"OVER $1,500","2025-01-29T22:35:00.000","UNABLE TO DETERMINE","UNABLE TO DETERMINE","6845","N","MENDOTA AVE","1621","Y","Y",,,,,"2","NO INDICATION OF INJURY","0","0","0","0","0","2","0","15","4","1","42.0057393834","-87.780222916","POINT (-87.780222916047 42.00573938336)"
"17c7906ca9c8f1513be3308ecc782ca33949268ecf2a5daffc0eb53b26b60d983c926817fc05a4fae18afb04a8621ec47097423b6615dd039dec140f937a1400",,"2025-01-29T15:36:00.000","30","NO CONTROLS","OTHER","CLEAR","DAYLIGHT","ANGLE","DIVIDED - W/MEDIAN (NOT RAISED)",,"STRAIGHT AND LEVEL","DRY","NO DEFECTS","ON SCENE","INJURY AND / OR TOW DUE TO CRASH",,,,"OVER $1,500","2025-01-29T15:51:00.000","FAILING TO YIELD RIGHT-OF-WAY","VISION OBSCURED (SIGNS, TREE LIMBS, BUILDINGS, ETC.)","2022","S","ARCHER AVE","914",,,,,,,"2","NO INDICATION OF INJURY","0","0","0","0","0","2","0","15","4","1","41.854955901","-87.6307812869","POINT (-87.630781286852 41.854955901017)"
"1fc7fddd559c5348ce127faff839b947d077f23d10c4bf55044617f6575b5749e73bcd4f54a509d77c42c947f6aa65f9d9f4ae4d210a91d94cfb000d220095cc","Y","2025-01-29T15:35:00.000","30","NO CONTROLS","NO CONTROLS","CLEAR","DAYLIGHT","PARKED MOTOR VEHICLE","NOT DIVIDED",,"STRAIGHT AND LEVEL","DRY","NO DEFECTS","ON SCENE","NO INJURY / DRIVE AWAY",,,"Y","$501 - $1,500","2025-01-29T15:35:00.000","UNABLE TO DETERMINE","NOT APPLICABLE","1509","S","KEDZIE AVE","1022",,,,,,,"2","NO INDICATION OF INJURY","0","0","0","0","0","1","0","15","4","1","41.8610049033","-87.7053682856","POINT (-87.705368285597 41.8610049033)"
"ff7ab845285324b3eb3dcf0a1a29221a9beac259e4d7ef9e587102bc53ccb11963e663ec3b2487944c2cd2576e0f22d2954f37944371821779e1694cf3954505",,"2025-01-29T15:33:00.000","30","TRAFFIC SIGNAL","UNKNOWN","CLEAR","DAYLIGHT","ANGLE","NOT DIVIDED",,"STRAIGHT AND LEVEL","DRY","UNKNOWN","ON SCENE","INJURY AND / OR TOW DUE TO CRASH",,,,"OVER $1,500","2025-01-29T15:36:00.000","DISREGARDING TRAFFIC SIGNALS","DISREGARDING TRAFFIC SIGNALS","600","E","75TH ST","323",,,,,,,"2","NONINCAPACITATING INJURY","1","0","0","1","0","1","0","15","4","1","41.7585960629","-87.6101982443","POINT (-87.610198244265 41.758596062879)"
"2a8f72140493ab9791e413cffeae84ba45714a6e7ab68315a3f6817079ffaad5adac4fbd1b61e48c1c4040abcdc6ef9cde8ed5f6cb3c0db743ca5e7822b8da0a",,"2025-01-29T15:30:00.000","30","NO CONTROLS","NO CONTROLS","CLEAR","DAYLIGHT","TURNING","NOT DIVIDED",,"STRAIGHT AND LEVEL","DRY","NO DEFECTS","NOT ON SCENE (DESK REPORT)","NO INJURY / DRIVE AWAY",,,,"OVER $1,500","2025-01-31T14:35:00.000","NOT APPLICABLE","NOT APPLICABLE","8400","W","CATHERINE AVE","1614",,,,,,,"2","NO INDICATION OF INJURY","0","0","0","0","0","2","0","15","4","1","41.9775801053","-87.8367321885","POINT (-87.836732188495 41.977580105256)"
"3df13028e60bf7e0a46e958b24f3a4e205a79af2d451467e4a9fd8734c6044579335d9ccfbcc892c83ee173818b20956dbc9b0a0f8d496fdca7398c6b2991437",,"2025-01-29T15:30:00.000","30","NO CONTROLS","NO CONTROLS","CLEAR","DAYLIGHT","REAR END","NOT DIVIDED",,"STRAIGHT AND LEVEL","DRY","NO DEFECTS","NOT ON SCENE (DESK REPORT)","NO INJURY / DRIVE AWAY",,,"Y","OVER $1,500","2025-01-29T16:00:00.000","FOLLOWING TOO CLOSELY","UNABLE TO DETERMINE","2200","W","FULLERTON AVE","1432",,,,,,,"2","NO INDICATION OF INJURY","0","0","0","0","0","2","0","15","4","1","41.925064062","-87.6836816475","POINT (-87.683681647531 41.925064061997)"
"7048e8c33c64a897a791a8528e4e022f8aeb3d0f418dd4f5849c5b790b69617821074f198080802517c6b18e7a4d50ccecd7aa166f2a09567619bf4cf965a9ca",,"2025-01-29T15:30:00.000","30","NO CONTROLS","NO CONTROLS","CLEAR","DAYLIGHT","PARKED MOTOR VEHICLE","DIVIDED - W/MEDIAN (NOT RAISED)",,"STRAIGHT AND LEVEL","DRY","UNKNOWN","NOT ON SCENE (DESK REPORT)","NO INJURY / DRIVE AWAY",,,,"OVER $1,500","2025-01-29T16:40:00.000","UNABLE TO DETERMINE","NOT APPLICABLE","1634","N","MARSHFIELD AVE","1433",,,,,,,"2","NO INDICATION OF INJURY","0","0","0","0","0","1","0","15","4","1","41.911664202","-87.6690893587","POINT (-87.66908935873 41.911664202003)"
"5895dfe525eb43b1b7c22658ba77dfc8a9dfa648d917c97e25257851cb497dab34f0a13312237d017a230b889c6ddb0d25eab1e4417e4aa05b2636c97dcc44b1",,"2025-01-29T15:27:00.000","30","NO CONTROLS","NO CONTROLS","CLEAR","DAYLIGHT","REAR END","DIVIDED - W/MEDIAN BARRIER",,"STRAIGHT AND LEVEL","DRY","NO DEFECTS","ON SCENE","NO INJURY / DRIVE AWAY",,,,"$500 OR LESS","2025-01-29T15:27:00.000","NOT APPLICABLE","NOT APPLICABLE","3598","S","WESTERN AVE","911",,,,,,,"2","NO INDICATION OF INJURY","0","0","0","0","0","3","0","15","4","1","41.8285406799","-87.6851269567","POINT (-87.685126956705 41.828540679893)"
"2f2911f9857b9b20b9414b0f3c0b7c8da27b468bc81894d5ad079fb2cc036c735a66235ee2ecf0442fa1986acd1aae3ea90c9a4f1ae02d797a54306df6d3f7c9",,"2025-01-29T15:25:00.000","30","NO CONTROLS","NO CONTROLS","CLEAR","DAYLIGHT","PARKED MOTOR VEHICLE","DIVIDED - W/MEDIAN (NOT RAISED)",,"STRAIGHT AND LEVEL","DRY","UNKNOWN","NOT ON SCENE (DESK REPORT)","NO INJURY / DRIVE AWAY",,,,"OVER $1,500","2025-01-30T15:25:00.000","OPERATING VEHICLE IN ERRATIC, RECKLESS, CARELESS, NEGLIGENT OR AGGRESSIVE MANNER","FAILING TO REDUCE SPEED TO AVOID CRASH","915","N","ORLEANS ST","1823",,,,,,,"2","NO INDICATION OF INJURY","0","0","0","0","0","1","0","15","4","1","41.8994317136","-87.6371332431","POINT (-87.637133243108 41.899431713634)"