"crash_record_id","crash_date_est_i","crash_date","posted_speed_limit","traffic_control_device","device_condition","weather_condition","lighting_condition","first_crash_type","trafficway_type","lane_cnt","alignment","roadway_surface_cond","road_defect","report_type","crash_type","intersection_related_i","private_property_i","hit_and_run_i","damage","date_police_notified","prim_contributory_cause","sec_contributory_cause","street_no","street_direction","street_name","beat_of_occurrence","photos_taken_i","statements_taken_i","dooring_i","work_zone_i","work_zone_type","workers_present_i","num_units","most_severe_injury","injuries_total","injuries_fatal","injuries_incapacitating","injuries_non_incapacitating","injuries_reported_not_evident","injuries_no_indication","injuries_unknown","crash_hour","crash_day_of_week","crash_month","latitude","longitude","location"
"ec0a55eb8703a6c5a6fd9b80827169e26e235659a488197dd55181f71c32506bc647236ae361776a2abcb9c72cfcfc0db4a3c17d190da9599bda01ad3f8d834f",,"2025-01-29T15:20:00.000","30","TRAFFIC SIGNAL","FUNCTIONING PROPERLY","CLEAR","DAYLIGHT","TURNING","FOUR WAY",,"STRAIGHT AND LEVEL","UNKNOWN","UNKNOWN","NOT ON SCENE (DESK REPORT)","INJURY AND / OR TOW DUE TO CRASH","Y",,,"OVER $1,500","2025-01-29T17:00:00.000","IMPROPER OVERTAKING/PASSING","NOT APPLICABLE","300","S","MICHIGAN AVE","113",,,,,,,"2","NO INDICATION OF INJURY","0","0","0","0","0","2","0","15","4","1","41.8782173453","-87.6244558403","POINT (-87.624455840297 41.878217345311)"
"2d7b23b7fc2e504e08070b07bbb50ad3d023340ad449ff7988d80564e78174ee1d5e52dd31217b9fe50c6b8d0cb96dfb03726018f89c6d633c2ab4a67b0b2d01",,"2025-01-29T15:15:00.000","30","NO CONTROLS","NO CONTROLS","CLEAR","DAYLIGHT","SIDESWIPE SAME DIRECTION","NOT DIVIDED",,"STRAIGHT AND LEVEL","DRY","NO DEFECTS","NOT ON SCENE (DESK REPORT)","NO INJURY / DRIVE AWAY",,,"Y","$501 - $1,500","2025-01-29T16:45:00.000","UNABLE TO DETERMINE","NOT APPLICABLE","2100","W","95TH ST","2221",,,,,,,"2","NO INDICATION OF INJURY","0","0","0","0","0","2","0","15","4","1","41.7211505544","-87.6750153255","POINT (-87.675015325514 41.721150554364)"
"c4ad149d404036beab6e71f1a51c9a57d676bbbd4be9114117f756d7b6de03a45846089519c2f926a51166a9aee3ff85e8353e6d802cd6917a4bdbb4777903c3",,"2025-01-29T15:15:00.000","30","TRAFFIC SIGNAL","FUNCTIONING PROPERLY","CLEAR","DAYLIGHT","REAR END","NOT DIVIDED",,"STRAIGHT AND LEVEL","DRY","NO DEFECTS","NOT ON SCENE (DESK REPORT)","NO INJURY / DRIVE AWAY",,,,"OVER $1,500","2025-01-29T17:14:00.000","FOLLOWING TOO CLOSELY","NOT APPLICABLE","3901","W","63RD ST","823",,,,,,,"2","NO INDICATION OF INJURY","0","0","0","0","0","2","0","15","4","1","41.778584029","-87.7204274783","POINT (-87.720427478295 41.77858402896)"
"d69bb7e108ecf02c7f5c7ec9cd388ff3bdce29b453592960fd76f3b721b6fc70bd029760df572625ad6abb96edbe913129de0020bcc917946fd15c86eb8102d2",,"2025-01-29T15:13:00.000","30","NO CONTROLS","NO CONTROLS","CLEAR","DAYLIGHT","TURNING","NOT DIVIDED",,"STRAIGHT AND LEVEL","UNKNOWN","UNKNOWN","NOT ON SCENE (DESK REPORT)","NO INJURY / DRIVE AWAY",,,,"OVER $1,500","2025-01-29T16:10:00.000","IMPROPER LANE USAGE","UNABLE TO DETERMINE","6407","W","DEVON AVE","1611",,,,,,,"2","NO INDICATION OF INJURY","0","0","0","0","0","2","0","15","4","1","41.9972418991","-87.7878541532","POINT (-87.787854153156 41.997241899113)"
"afa2de40dcfeac74157b5e4f1fb3f77cfc34f792c989d457ca25915682ca753a78f518dba4f5046887d7946163c6315db17fbc5ac27e74c8d1c24d452589398e",,"2025-01-29T15:10:00.000","30","TRAFFIC SIGNAL","FUNCTIONING PROPERLY","CLEAR","DAYLIGHT","SIDESWIPE SAME DIRECTION","DIVIDED - W/MEDIAN (NOT RAISED)",,"STRAIGHT AND LEVEL","DRY","NO DEFECTS","NOT ON SCENE (DESK REPORT)","NO INJURY / DRIVE AWAY",,,,"$501 - $1,500","2025-02-04T19:18:00.000","UNABLE TO DETERMINE","UNABLE TO DETERMINE","4888","S","ARCHER AVE","821",,,,,,,"2","NO INDICATION OF INJURY","0","0","0","0","0","2","0","15","4","1","41.8045514673","-87.7200203151","POINT (-87.720020315137 41.804551467287)"
"0e8620f7b50357598702c3145b7f1185ecbfa311a4c2a12e8fb12ad77117b858af55f32a13c84e6b291b66595b2e3efc190b6385143388ac85f153eb07ad0957",,"2025-01-29T15:05:00.000","30","UNKNOWN","UNKNOWN","UNKNOWN","UNKNOWN","SIDESWIPE SAME DIRECTION","NOT DIVIDED",,"STRAIGHT AND LEVEL","UNKNOWN","UNKNOWN","NOT ON SCENE (DESK REPORT)","NO INJURY / DRIVE AWAY","Y",,,"OVER $1,500","2025-01-29T16:40:00.000","UNABLE TO DETERMINE","UNABLE TO DETERMINE","233","S","LOWER WACKER DR","122",,,,,,,"2","NO INDICATION OF INJURY","0","0","0","0","0","2","0","15","4","1","41.8785600753","-87.6364871464","POINT (-87.636487146353 41.878560075262)"
"7992cabb5aa025d647133686d109ac7faa8c8f078a6348ca711d1620fdddd81cae9076297624667b422fdf3ca1a7061023fdf78aae80beb25e68ad4c6324e101",,"2025-01-29T15:05:00.000","30","NO CONTROLS","NO CONTROLS","CLEAR","DAYLIGHT","SIDESWIPE SAME DIRECTION","NOT DIVIDED",,"STRAIGHT AND LEVEL","UNKNOWN","UNKNOWN","NOT ON SCENE (DESK REPORT)","NO INJURY / DRIVE AWAY",,,,"OVER $1,500","2025-01-29T15:40:00.000","IMPROPER OVERTAKING/PASSING","NOT APPLICABLE","4884","S","ARCHER AVE","821",,,,,,,"2","NO INDICATION OF INJURY","0","0","0","0","0","4","0","15","4","1","41.8046211506","-87.7199070655","POINT (-87.719907065497 41.80462115059)"
"1241938b0e83abf4f22bebde9086314a968ff67a9a5317cc20f4f5e5e5e0dc8806e10ebf35e23488be11711b1fb52a382887c21891a9bdceee7015aa482b1d41",,"2025-01-29T15:00:00.000","30","STOP SIGN/FLASHER","UNKNOWN","UNKNOWN","UNKNOWN","ANGLE","NOT DIVIDED",,"STRAIGHT AND LEVEL","UNKNOWN","UNKNOWN","NOT ON SCENE (DESK REPORT)","NO INJURY / DRIVE AWAY","Y",,,"$500 OR LESS","2025-01-29T16:43:00.000","UNABLE TO DETERMINE","UNABLE TO DETERMINE","1480","W","SHERWIN AVE","2423",,,,,,,"2","NO INDICATION OF INJURY","0","0","0","0","0","2","0","15","4","1","42.0150753784","-87.668004624","POINT (-87.668004624033 42.015075378406)"
"933def6e6526a1381be7a5068062580158566878d15de00c468bde1e0ea643668de511ae0d53d5e44bdd37d8082be8a26ae0a671aee7bcddad342770e0c6fb8e",,"2025-01-29T15:00:00.000","30","NO CONTROLS","NO CONTROLS","CLEAR","DAYLIGHT","PARKED MOTOR VEHICLE","NOT DIVIDED",,"STRAIGHT AND LEVEL","DRY","NO DEFECTS","NOT ON SCENE (DESK REPORT)","NO INJURY / DRIVE AWAY",,,,"OVER $1,500","2025-01-30T15:10:00.000","UNABLE TO DETERMINE","NOT APPLICABLE","11124","S","HOYNE AVE","2212",,,,,,,"2","NO INDICATION OF INJURY","0","0","0","0","0","1","0","15","4","1","41.6911427163","-87.6739282485","POINT (-87.673928248522 41.691142716317)"
"cf4a2fae584e0ce65bdfaf7f7248bc4dd1c92d258bcae051b3b07e7895c7a926a1f473cf19e3a0e531f2f6076ba0db7b5d154f954c3a5fcd143ed14dd4d15c32",,"2025-01-29T15:00:00.000","30","TRAFFIC SIGNAL","FUNCTIONING PROPERLY","CLEAR","DAYLIGHT","SIDESWIPE SAME DIRECTION","NOT DIVIDED",,"STRAIGHT AND LEVEL","DRY","NO DEFECTS","ON SCENE","NO INJURY / DRIVE AWAY",,,,"OVER $1,500","2025-01-29T15:18:00.000","IMPROPER OVERTAKING/PASSING","IMPROPER OVERTAKING/PASSING","4000","W","ADDISON ST","1732",,,,,,,"2","NO INDICATION OF INJURY","0","0","0","0","0","9","0","15","4","1","41.9464817787","-87.727494881","POINT (-87.727494880967 41.946481778729)"
"1b52f2c28987171db53f34bae6516cfb86573b77ef3b86d4ede62f6fb494a9015ee72c73c71ce7e1a4955aae904b3458644656c51170f1a1399fac73c7bd7bea",,"2025-01-29T14:58:00.000","10","NO CONTROLS","NO CONTROLS","CLEAR","DAYLIGHT","PARKED MOTOR VEHICLE","PARKING LOT",,"STRAIGHT AND LEVEL","DRY","NO DEFECTS","ON SCENE","NO INJURY / DRIVE AWAY",,"Y",,"OVER $1,500","2025-01-29T15:33:00.000","IMPROPER BACKING","NOT APPLICABLE","11801","S","AVENUE O","433",,,,,,,"2","NO INDICATION OF INJURY","0","0","0","0","0","2","0","14","4","1","41.6808561363","-87.5399565973","POINT (-87.539956597346 41.680856136277)"
"ade4e75ee839b26d04788b780835d183d93cc92b3f6545b14001f2c801d8c2a3eee71080616c9b35dfb54defba0d9ffff0225e5e08115be166896f48da15c97e",,"2025-01-29T14:56:00.000","30","NO CONTROLS","NO CONTROLS","CLEAR","DAYLIGHT","PARKED MOTOR VEHICLE","CENTER TURN LANE",,"STRAIGHT AND LEVEL","DRY","NO DEFECTS","ON SCENE","NO INJURY / DRIVE AWAY",,,"Y","OVER $1,500","2025-01-29T16:05:00.000","FOLLOWING TOO CLOSELY","FAILING TO REDUCE SPEED TO AVOID CRASH","4817","N","MOBILE AVE","1622",,,,,,,"2","NO INDICATION OF INJURY","0","0","0","0","0","1","0","14","4","1","41.9689634031","-87.785435494","POINT (-87.785435493981 41.968963403126)"
"16a0401b8835f20f4bbdef5c6d55cad5eac4c37f36d810ba3f3ed268c543d02464e7fb500912fa9067af29dbe1635ec77d8b16e036b2c0942089a204ce00daa0",,"2025-01-29T14:55:00.000","40","TRAFFIC SIGNAL","FUNCTIONING PROPERLY","CLEAR","DAYLIGHT","REAR END","DIVIDED - W/MEDIAN BARRIER",,"STRAIGHT AND LEVEL","DRY","NO DEFECTS","ON SCENE","NO INJURY / DRIVE AWAY",,,"Y","OVER $1,500","2025-01-29T14:58:00.000","UNABLE TO DETERMINE","UNABLE TO DETERMINE","4348","N","MANNHEIM RD","1654",,,,,,,"2","NO INDICATION OF INJURY","0","0","0","0","0","2","0","14","4","1",,,
"be1490f8ba2f3d1f48b99316b2ba7d166a638cf619718ad65c8e5ad6f1d47042ff1c1eb0e3d058a1c5a34d15762bb2bfc5228cc031cc0c294a8345e33796fa48",,"2025-01-29T14:45:00.000","30","STOP SIGN/FLASHER","FUNCTIONING PROPERLY","CLEAR","DAYLIGHT","TURNING","T-INTERSECTION",,"STRAIGHT AND LEVEL","DRY","NO DEFECTS","ON SCENE","INJURY AND / OR TOW DUE TO CRASH","Y",,,"$501 - $1,500","2025-01-29T14:51:00.000","DISREGARDING STOP SIGN","NOT APPLICABLE","1531","E","63RD ST","314",,,,,,,"2","REPORTED, NOT EVIDENT","1","0","0","0","1","1","0","14","4","1","41.7804818148","-87.5878809558","POINT (-87.587880955841 41.780481814843)"
"9ce8eda13360e18531dbf903c16f88c9e1d33da22e133d4b76fad87c130d7e3a4aabce483945ec094bb95783ca7c9ef9ce36cb4e9f5ac147f43b79165b924320",,"2025-01-29T14:35:00.000","35","TRAFFIC SIGNAL","FUNCTIONING PROPERLY","CLEAR","DAYLIGHT","TURNING","ONE-WAY",,"STRAIGHT AND LEVEL","UNKNOWN","UNKNOWN","NOT ON SCENE (DESK REPORT)","NO INJURY / DRIVE AWAY",,,,"OVER $1,500","2025-01-29T16:00:00.000","DISREGARDING TRAFFIC SIGNALS","NOT APPLICABLE","5500","S","UNION AVE","711",,,,,,,"2","NO INDICATION OF INJURY","0","0","0","0","0","2","0","14","4","1","41.7939093019","-87.6428627952","POINT (-87.642862795151 41.793909301925)"
"0969fe24bc0aab29e36544d7ae06be62fa15cc274dec59d50a83843054707dcc45d1e06d006f878b9f5c4a7441460c93b81e22de1312c5409f5a63b55e0bc4b9",,"2025-01-29T14:30:00.000","30","NO CONTROLS","NO CONTROLS","CLEAR","DAYLIGHT","PARKED MOTOR VEHICLE","DIVIDED - W/MEDIAN (NOT RAISED)",,"STRAIGHT AND LEVEL","DRY","UNKNOWN","NOT ON SCENE (DESK REPORT)","NO INJURY / DRIVE AWAY",,,"Y","OVER $1,500","2025-01-29T16:10:00.000","IMPROPER BACKING","NOT APPLICABLE","3425","W","LYNDALE ST","1413",,,,,,,"2","NO INDICATION OF INJURY","0","0","0","0","0","1","0","14","4","1","41.9217972259","-87.7130785518","POINT (-87.713078551789 41.92179722589)"
"34555b393a15c31cd4b23601f50dd6d17a94c47598b43a4d78f6718d46f8e10e9a12c305bd5a0c0b6a923116c949670b2101b07fe902c081a7d4ed891cd3453d",,"2025-01-29T14:30:00.000","14","NO CONTROLS","NO CONTROLS","CLEAR","DAYLIGHT","PEDESTRIAN","ALLEY",,"STRAIGHT AND LEVEL","DRY","NO DEFECTS",,"INJURY AND / OR TOW DUE TO CRASH",,,"Y","$501 - $1,500","2025-01-29T15:09:00.000","NOT APPLICABLE","NOT APPLICABLE","4831","S","KEDVALE AVE","815",,"Y",,,,,"2","NONINCAPACITATING INJURY","1","0","0","1","0","1","0","14","4","1","41.8050555001","-87.7270291237","POINT (-87.727029123719 41.805055500106)"
"4f88cf22e8b34c80e95c221fc10fef51f14154c466e3b71b69f2ce90f55fb6db98d85ead9c1ebe9a4cf0f5c00d857695bff938c71a2be35b56371e111d68d442",,"2025-01-29T14:30:00.000","30","NO CONTROLS","NO CONTROLS","CLEAR","DAYLIGHT","SIDESWIPE SAME DIRECTION","DIVIDED - W/MEDIAN (NOT RAISED)",,"STRAIGHT AND LEVEL","DRY","NO DEFECTS",,"NO INJURY / DRIVE AWAY",,,,"OVER $1,500","2025-01-29T17:20:00.000","FAILING TO YIELD RIGHT-OF-WAY","FAILING TO YIELD RIGHT-OF-WAY","4415","W","FULLERTON AVE","2522",,,,,,,"2","NO INDICATION OF INJURY","0","0","0","0","0","2","0","14","4","1","41.9242480956","-87.7371753012","POINT (-87.737175301207 41.924248095591)"
"6623f1fc6f87e2db5b9ca13686aa0d3d7e320e6c07ea6e0ef775e381a789065853027ddbe2ddf4edbf50d1dbf361599827d8c7577b82e03709c9117f78134b6c",,"2025-01-29T14:26:00.000","30","NO CONTROLS","NO CONTROLS","CLEAR","DAYLIGHT","PARKED MOTOR VEHICLE","ONE-WAY",,"STRAIGHT AND LEVEL","DRY","NO DEFECTS","NOT ON SCENE (DESK REPORT)","NO INJURY / DRIVE AWAY",,,,"$501 - $1,500","2025-01-29T16:26:00.000","UNABLE TO DETERMINE","UNABLE TO DETERMINE","8401","S","HERMITAGE AVE","614",,,,,,,"2","NO INDICATION OF INJURY","0","0","0","0","0","2","0","14","4","1","41.741111432","-87.6667010859","POINT (-87.666701085936 41.741111431962)"
"b9b63995b5a5afcfdd7381e9aba979aaad2b4f52a41860adb6aa1a70d39e5b21183437f1982bc45317c866f1e3cc28e9e4e396d8c4b89d1edac07542d73a37d0",,"2025-01-29T14:25:00.000","25","STOP SIGN/FLASHER","FUNCTIONING PROPERLY","CLEAR","DAYLIGHT","ANGLE","FOUR WAY",,"STRAIGHT AND LEVEL","UNKNOWN","UNKNOWN","ON SCENE","INJURY AND / OR TOW DUE TO CRASH","Y",,,"OVER $1,500","2025-01-29T14:54:00.000","UNABLE TO DETERMINE","NOT APPLICABLE","4857","W","PARKER AVE","2521",,,,,,,"2","NO INDICATION OF INJURY","0","0","0","0","0","4","0","14","4","1","41.9304890411","-87.7488197498","POINT (-87.748819749772 41.930489041073)"
"feab025bb8bd4a77dfb0daa24bcd19ec8622100ba8b51c48c784c8c3ca3d27bea7f564b8c1abc6463118dca00c389bfd22954f7db21971e8cbdeda36d6a20df4",,"2025-01-29T14:25:00.000","35","NO CONTROLS","NO CONTROLS","CLEAR","DAYLIGHT","PARKED MOTOR VEHICLE","ONE-WAY",,"STRAIGHT AND LEVEL","UNKNOWN","UNKNOWN","NOT ON SCENE (DESK REPORT)","NO INJURY / DRIVE AWAY",,,,"OVER $1,500","2025-02-08T17:00:00.000","UNABLE TO DETERMINE","UNABLE TO DETERMINE","4022","N","MILWAUKEE AVE","1624",,,,,,,"2","NO INDICATION OF INJURY","0","0","0","0","0","1","0","14","4","1","41.9537811981","-87.7481577538","POINT (-87.748157753839 41.953781198134)"
"04a867c95000eaec8ab578a080033ca9ed7e6aed375ba8429661459ac6adce01b020dd3c16e691f9500af979e7a08222045c977f3074f41a64265142b1cdc216",,"2025-01-29T14:20:00.000","20","STOP SIGN/FLASHER","FUNCTIONING IMPROPERLY","CLEAR","DAYLIGHT","ANGLE","UNKNOWN INTERSECTION TYPE",,"STRAIGHT AND LEVEL","DRY","UNKNOWN","NOT ON SCENE (DESK REPORT)","INJURY AND / OR TOW DUE TO CRASH","Y",,,"OVER $1,500","2025-01-29T15:50:00.000","DISREGARDING STOP SIGN","DISREGARDING STOP SIGN","7700","S","WABASH AVE","623",,,,,,,"2","NO INDICATION OF INJURY","0","0","0","0","0","2","0","14","4","1","41.7545280564","-87.6232185645","POINT (-87.623218564461 41.75452805635)"
"29807718128a7b7db1e7573da4788b248cc084d0cb46f65c60d1c0b4aee5a5232ce74c3eb525dc5294591074f65d94a1b9096cd55b64a2c683d5decf2261d5a3",,"2025-01-29T14:20:00.000","30","NO CONTROLS","NO CONTROLS","CLEAR","DAYLIGHT","TURNING","ONE-WAY",,"STRAIGHT AND LEVEL","DRY","NO DEFECTS","ON SCENE","NO INJURY / DRIVE AWAY",,,,"OVER $1,500","2025-01-29T14:37:00.000","FAILING TO YIELD RIGHT-OF-WAY","UNABLE TO DETERMINE","2006","N","SPAULDING AVE","1413",,,,,,,"2","NO INDICATION OF INJURY","0","0","0","0","0","2","0","14","4","1","41.9176243889","-87.7104159454","POINT (-87.710415945385 41.917624388863)"
"90a246a3163fb5e18a3829644667f3a92bb734eb3dced4c7595444ca5ea5048c6e1ed3dcc61c8a829356b61069f37ce544026da21b4aa5b6d2b1e6b3f6328a6a",,"2025-01-29T14:20:00.000","30","NO CONTROLS","NO CONTROLS","CLEAR","DAYLIGHT","PARKED MOTOR VEHICLE","NOT DIVIDED",,"STRAIGHT AND LEVEL","DRY","NO DEFECTS","NOT ON SCENE (DESK REPORT)","NO INJURY / DRIVE AWAY",,,,"$501 - $1,500","2025-01-30T10:30:00.000","UNABLE TO DETERMINE","NOT APPLICABLE","872","N","STATE ST","1832",,,,,,,"2","NO INDICATION OF INJURY","0","0","0","0","0","1","0","14","4","1","41.8988745272","-87.6284049503","POINT (-87.62840495034 41.898874527222)"
"e7418c403ca1071ab10af47d7a7b055e9b72592f1f2f6f896662400443a86a6553f27da9e2ccb62547086fc92df85ce2ef851b53ae33c4acef29831e3b62a934",,"2025-01-29T14:20:00.000","30","TRAFFIC SIGNAL","FUNCTIONING PROPERLY","CLEAR","DAYLIGHT","SIDESWIPE SAME DIRECTION","T-INTERSECTION",,"STRAIGHT AND LEVEL","DRY","NO DEFECTS","ON SCENE","INJURY AND / OR TOW DUE TO CRASH","Y",,,"$501 - $1,500","2025-01-29T14:44:00.000","FAILING TO REDUCE SPEED TO AVOID CRASH","DRIVING SKILLS/KNOWLEDGE/EXPERIENCE","4501","W","CHICAGO AVE","1111",,,,,,,"2","NONINCAPACITATING INJURY","1","0","0","1","0","1","0","14","4","1","41.8950288319","-87.7385096713","POINT (-87.738509671268 41.895028831875)"
"7bab4ef5749511ac9ede31863285af73a9d0cca806080d8fd563c5cc802affb65198a713596e2d7094b082c42d689b9394704b1d6715c12cde076b0fb07988dc",,"2025-01-29T14:18:00.000","30","NO CONTROLS","NO CONTROLS","CLEAR","DAYLIGHT","REAR END","NOT DIVIDED",,"STRAIGHT AND LEVEL","DRY","NO DEFECTS","ON SCENE","INJURY AND / OR TOW DUE TO CRASH",,,,"OVER $1,500","2025-01-29T14:20:00.000","FAILING TO REDUCE SPEED TO AVOID CRASH","NOT APPLICABLE","6339","N","PULASKI RD","1711",,,,,,,"2","NONINCAPACITATING INJURY","1","0","0","1","0","2","0","14","4","1","41.9965646735","-87.7287603155","POINT (-87.728760315543 41.996564673518)"
"f210b45e24ef829dbffc054a0f93f9a2c6880d78dd7905e2300e90df11bf1fd3d9cb558bcca8509fa198c55b6fbb41b44f878b563417949fcdd2d138c97c6b9d",,"2025-01-29T14:11:00.000","30","TRAFFIC SIGNAL","FUNCTIONING PROPERLY","CLEAR","DAYLIGHT","ANGLE","FOUR WAY",,"STRAIGHT AND LEVEL","DRY","NO DEFECTS","ON SCENE","INJURY AND / OR TOW DUE TO CRASH","Y",,,"OVER $1,500","2025-01-29T15:11:00.000","DISREGARDING TRAFFIC SIGNALS","NOT APPLICABLE","600","S","DESPLAINES ST","124",,,,,,,"2","REPORTED, NOT EVIDENT","2","0","0","0","2","0","0","14","4","1","41.874309529","-87.6440325647","POINT (-87.644032564715 41.874309528986)"
"e9e0ec1c115466f3a46641eafa9510571d48d242797064981df8612c0a233a42f2a6c43277fc77d576f4cbb1eee435aa203dbe18c11f47fadd540c71e8025282",,"2025-01-29T14:09:00.000","30","DELINEATORS","FUNCTIONING PROPERLY","CLEAR","DAYLIGHT","PEDALCYCLIST","DIVIDED - W/MEDIAN (NOT RAISED)",,"STRAIGHT AND LEVEL","DRY","NO DEFECTS","ON SCENE","INJURY AND / OR TOW DUE TO CRASH","Y",,,"$500 OR LESS","2025-01-29T14:09:00.000","FAILING TO YIELD RIGHT-OF-WAY","IMPROPER TURNING/NO SIGNAL","365","N","HALSTED ST","1214",,,,,,,"2","NONINCAPACITATING INJURY","1","0","0","1","0","1","0","14","4","1","41.8886812398","-87.6474228478","POINT (-87.647422847763 41.888681239762)"
"58c1482ecbe358fdfcbd0654e3e4f85afd7ae147f9401dfa98c2976f7c93d8d32c55b4b7a0572032d28b15c30d13f74f11cb28a70b4c51001b1d7dc793d97a06",,"2025-01-29T14:03:00.000","30","NO CONTROLS","NO CONTROLS","CLEAR","DAYLIGHT","REAR END","ONE-WAY",,"STRAIGHT AND LEVEL","DRY","NO DEFECTS","ON SCENE","NO INJURY / DRIVE AWAY",,,"Y","$500 OR LESS","2025-01-29T15:35:00.000","UNABLE TO DETERMINE","UNABLE TO DETERMINE","800","N","STATE ST","1832",,,,,,,"2","NO INDICATION OF INJURY","0","0","0","0","0","2","0","14","4","1","41.8967175756","-87.6283472902","POINT (-87.628347290222 41.896717575598)"
"cddcfdfeda5ff3a0d079144eaa5709162721bc647356c18ba80e3a8ff5db0ba71bb9205df4de0e923ae7f42ac0b3569543a37c8630606d0f0707cae0296bedf0",,"2025-01-29T14:00:00.000","30","TRAFFIC SIGNAL","FUNCTIONING PROPERLY","CLEAR","DAYLIGHT","TURNING","FOUR WAY",,"STRAIGHT AND LEVEL","DRY","NO DEFECTS","NOT ON SCENE (DESK REPORT)","NO INJURY / DRIVE AWAY","Y",,,"OVER $1,500","2025-02-03T08:30:00.000","IMPROPER OVERTAKING/PASSING","IMPROPER OVERTAKING/PASSING","1201","W","DEVON AVE","2433",,,,,,,"2","NO INDICATION OF INJURY","0","0","0","0","0","2","0","14","4","1","41.9980787237","-87.6606072789","POINT (-87.660607278891 41.998078723705)"
"f82c4729c443e1f145ce356819c2167a0357f2b3dc8295d844fc170b039c3a1c854f5f92c326a9e95bc6998b4829d8890232af82b866d9544631f2228c1db1d0",,"2025-01-29T14:00:00.000","20","STOP SIGN/FLASHER","FUNCTIONING PROPERLY","CLEAR","DAYLIGHT","SIDESWIPE SAME DIRECTION","FOUR WAY",,"STRAIGHT AND LEVEL","DRY","NO DEFECTS","ON SCENE","INJURY AND / OR TOW DUE TO CRASH","Y",,,"OVER $1,500","2025-01-29T14:00:00.000","DISREGARDING ROAD MARKINGS","NOT APPLICABLE","5100","S","HOMAN AVE","822",,,,,,,"2","REPORTED, NOT EVIDENT","1","0","0","0","1","1","0","14","4","1","41.8006581684","-87.7088144539","POINT (-87.708814453886 41.800658168433)"
"b58d16139151fbc26632857bca2ac13bd89cffabba34f9ffa5d139705eeff07514363ea0d44fc6c87fff5d587b0adca47c9fe66f63373e3a02a6c8f590a60ab0",,"2025-01-29T13:50:00.000","25","NO CONTROLS","NO CONTROLS","CLEAR","DAYLIGHT","REAR END","DIVIDED - W/MEDIAN (NOT RAISED)",,"STRAIGHT AND LEVEL","DRY","UNKNOWN","ON SCENE","INJURY AND / OR TOW DUE TO CRASH",,,,"OVER $1,500","2025-01-29T13:50:00.000","UNABLE TO DETERMINE","UNABLE TO DETERMINE","2202","W","DEVON AVE","2412",,"Y",,,,,"2","REPORTED, NOT EVIDENT","1","0","0","0","1","1","0","13","4","1","41.9979202733","-87.6851531477","POINT (-87.685153147743 41.997920273254)"
"cbc7f7660cb9e9822cb682bcc853ff1abea6738b1a1248dee0f3c352928f5218bf894a1b5d5fbc638561dc80db884aa9f361eadf28aec0d62661db066c1e0b13",,"2025-01-29T13:45:00.000","30","TRAFFIC SIGNAL","FUNCTIONING PROPERLY","UNKNOWN","DAYLIGHT","PEDESTRIAN","FOUR WAY",,"STRAIGHT AND LEVEL","UNKNOWN","UNKNOWN","NOT ON SCENE (DESK REPORT)","NO INJURY / DRIVE AWAY","Y",,,"OVER $1,500","2025-02-07T11:30:00.000","FAILING TO YIELD RIGHT-OF-WAY","FAILING TO YIELD RIGHT-OF-WAY","910","S","STATE ST","123",,,,,,,"2","NO INDICATION OF INJURY","0","0","0","0","0","2","0","13","4","1","41.8702000766","-87.6276328463","POINT (-87.627632846315 41.870200076635)"
"f24aa039e435aeb7c1a45fd379913c48297a61a2dc1d248a4d38a2b27e257a72b391cf85969c97cb1e6d16ec8008f7b8d1f339dc23811c22c709f3764b54e2ff",,"2025-01-29T13:45:00.000","30","TRAFFIC SIGNAL","FUNCTIONING PROPERLY","CLEAR","DAYLIGHT","TURNING","DIVIDED - W/MEDIAN (NOT RAISED)",,"STRAIGHT AND LEVEL","DRY","NO DEFECTS","NOT ON SCENE (DESK REPORT)","NO INJURY / DRIVE AWAY","Y",,,"OVER $1,500","2025-02-06T15:00:00.000","IMPROPER TURNING/NO SIGNAL","NOT APPLICABLE","1600","W","GARFIELD BLVD","932",,,,,,,"2","NO INDICATION OF INJURY","0","0","0","0","0","2","0","13","4","1","41.7941332202","-87.6646452632","POINT (-87.664645263203 41.794133220224)"
"f3925025c3c169923d6d4889cde777dd7418a2125f18ee890efbc543bbf0cd83eb00535308f1e037e037e5cff1345e27fe543728b66e993b173250667e6ef4e4",,"2025-01-29T13:29:00.000","30","NO CONTROLS","NO CONTROLS","CLEAR","DAYLIGHT","SIDESWIPE SAME DIRECTION","DIVIDED - W/MEDIAN BARRIER",,"STRAIGHT AND LEVEL","DRY","NO DEFECTS",,"NO INJURY / DRIVE AWAY",,,"Y","OVER $1,500","2025-01-29T13:29:00.000","FOLLOWING TOO CLOSELY","IMPROPER OVERTAKING/PASSING","2630","S","SPRINGFIELD AVE","1031",,,,,,,"2","NO INDICATION OF INJURY","0","0","0","0","0","3","0","13","4","1","41.8433332612","-87.7222294234","POINT (-87.722229423415 41.843333261153)"
"0f6ed763f7be34bbac22ae81c25d77646f49b28979c43bbd9a142a607be81889390b234fd86c33b74b7355a5dadb343e996ef740b19cd44260aa43d4ed17987c",,"2025-01-29T13:24:00.000","30","TRAFFIC SIGNAL","FUNCTIONING PROPERLY","CLEAR","DAYLIGHT","TURNING","T-INTERSECTION",,"STRAIGHT AND LEVEL","DRY","NO DEFECTS","ON SCENE","INJURY AND / OR TOW DUE TO CRASH",,,,"OVER $1,500","2025-01-29T13:28:00.000","IMPROPER TURNING/NO SIGNAL","NOT APPLICABLE","6801","N","KEDZIE AVE","2411",,,,,,,"2","NONINCAPACITATING INJURY","1","0","0","1","0","1","0","13","4","1","42.0047450363","-87.7091983311","POINT (-87.709198331117 42.004745036317)"