"crash_record_id","crash_date_est_i","crash_date","posted_speed_limit","traffic_control_device","device_condition","weather_condition","lighting_condition","first_crash_type","trafficway_type","lane_cnt","alignment","roadway_surface_cond","road_defect","report_type","crash_type","intersection_related_i","private_property_i","hit_and_run_i","damage","date_police_notified","prim_contributory_cause","sec_contributory_cause","street_no","street_direction","street_name","beat_of_occurrence","photos_taken_i","statements_taken_i","dooring_i","work_zone_i","work_zone_type","workers_present_i","num_units","most_severe_injury","injuries_total","injuries_fatal","injuries_incapacitating","injuries_non_incapacitating","injuries_reported_not_evident","injuries_no_indication","injuries_unknown","crash_hour","crash_day_of_week","crash_month","latitude","longitude","location"
"23ea97d7c35c31d494305bcecee0b5fb8552edbb0c015bf64606924ea6567e1e9c948282341600fb924fb2dd64aa959761f25fc2688eb5c3e884219a0408ebf9",,"2025-01-29T13:20:00.000","30","NO CONTROLS","NO CONTROLS","CLEAR","DAYLIGHT","ANGLE","NOT DIVIDED",,"STRAIGHT AND LEVEL","DRY","UNKNOWN","NOT ON SCENE (DESK REPORT)","NO INJURY / DRIVE AWAY",,,"Y","OVER $1,500","2025-02-03T08:55:00.000","UNABLE TO DETERMINE","UNABLE TO DETERMINE","1100","S","CENTRAL AVE","1513",,,,,,,"2","NO INDICATION OF INJURY","0","0","0","0","0","2","0","13","4","1","41.8673713832","-87.7645908594","POINT (-87.764590859394 41.867371383181)"
"34f35a77e109677441fcd408072f50300453a1fb88c6c6e25f7e5d491c7249b8d4e00670722484ecbaeb6d44d5251c856b70eec3233e2cd8e1660457f5413d9c",,"2025-01-29T13:08:00.000","30","TRAFFIC SIGNAL","FUNCTIONING PROPERLY","CLEAR","DAYLIGHT","PEDESTRIAN","FOUR WAY",,"STRAIGHT AND LEVEL","DRY","NO DEFECTS","ON SCENE","INJURY AND / OR TOW DUE TO CRASH","Y",,,"$500 OR LESS","2025-01-29T13:09:00.000","NOT APPLICABLE","NOT APPLICABLE","600","S","CALIFORNIA AVE","1135",,,,,,,"2","NONINCAPACITATING INJURY","1","0","0","1","0","1","0","13","4","1","41.8737448805","-87.696245988","POINT (-87.696245988037 41.873744880509)"
"2c5a196bbf863dc8b9ab114d18731b2037c4097d2ad3de7650dcd84e7a45d8c3f1f8a3e758ce6340753e1ba3a8f082cfc4527f2b168a97266af1d9604b280bec",,"2025-01-29T13:00:00.000","30","TRAFFIC SIGNAL","FUNCTIONING PROPERLY","CLEAR","DAYLIGHT","TURNING","NOT DIVIDED",,"STRAIGHT AND LEVEL","DRY","NO DEFECTS","NOT ON SCENE (DESK REPORT)","NO INJURY / DRIVE AWAY",,,,"OVER $1,500","2025-01-29T13:10:00.000","IMPROPER TURNING/NO SIGNAL","UNABLE TO DETERMINE","4000","N","CUMBERLAND AVE","1614",,,,,,,"2","NO INDICATION OF INJURY","0","0","0","0","0","2","0","13","4","1","41.9521425871","-87.8368142669","POINT (-87.836814266937 41.952142587107)"
"b9081f9e4cb7a15a2fc30235ecaa7f7eda91511c7d93f544c409f2e5cdd634d9fadc7ae0d360ffca1f1181d8e8364a930049ad44e5fe28e2dd6d78167f486d04","Y","2025-01-29T13:00:00.000","30","NO CONTROLS","NO CONTROLS","CLEAR","DAYLIGHT","SIDESWIPE SAME DIRECTION","ONE-WAY",,"STRAIGHT AND LEVEL","DRY","NO DEFECTS","NOT ON SCENE (DESK REPORT)","NO INJURY / DRIVE AWAY",,,,"$500 OR LESS","2025-01-29T14:00:00.000","UNABLE TO DETERMINE","NOT APPLICABLE","9130","S","ADA ST","2222",,,,,,,"2","NO INDICATION OF INJURY","0","0","0","0","0","2","0","13","4","1","41.7276514942","-87.6568964011","POINT (-87.656896401068 41.72765149416)"
"c327b610bc89468b2b125c4eb0e8651c870cb8a35ca1c409d207b074da7ddb7a7af49b31cb763c5706c834e023ee0d93336a85fa58d4699987094cb0fca9e1ed",,"2025-01-29T13:00:00.000","30","NO CONTROLS","NO CONTROLS","CLEAR","DAYLIGHT","PARKED MOTOR VEHICLE","ONE-WAY",,"STRAIGHT AND LEVEL","DRY","NO DEFECTS","NOT ON SCENE (DESK REPORT)","NO INJURY / DRIVE AWAY",,,"Y","OVER $1,500","2025-01-29T14:10:00.000","UNABLE TO DETERMINE","NOT APPLICABLE","6358","S","UNIVERSITY AVE","314",,,,,,,"2","NO INDICATION OF INJURY","0","0","0","0","0","3","0","13","4","1","41.7789189132","-87.5976800192","POINT (-87.597680019231 41.778918913178)"
"51779905366fd643280585c6e7eed9a9e18b6b422fdcbcdd0604b4b27e0178641fd34d428c4e62787b7a696a42ace19b02c757ec7344ff7624c51e10de8c2d56",,"2025-01-29T12:53:00.000","30","NO CONTROLS","NO CONTROLS","CLEAR","DAYLIGHT","SIDESWIPE SAME DIRECTION","UNKNOWN",,"STRAIGHT AND LEVEL","DRY","NO DEFECTS","NOT ON SCENE (DESK REPORT)","NO INJURY / DRIVE AWAY",,,,"OVER $1,500","2025-01-29T14:00:00.000","UNABLE TO DETERMINE","UNABLE TO DETERMINE","6000","S","STATE ST","311",,,,,,,"2","NO INDICATION OF INJURY","0","0","0","0","0","2","0","12","4","1","41.7854434986","-87.6256095767","POINT (-87.6256095767 41.785443498609)"
"466326875349ce1c572352e64d2e46efbee04f4f9a06942b6e87803f405d7eb9038278b8dc55fe8f63feaabd20516e6fb000fb0ce4a81895688aa0a5aa0d3f4a",,"2025-01-29T12:48:00.000","35","TRAFFIC SIGNAL","FUNCTIONING PROPERLY","CLEAR","DAYLIGHT","PEDESTRIAN","NOT DIVIDED",,"STRAIGHT AND LEVEL","DRY","NO DEFECTS","ON SCENE","INJURY AND / OR TOW DUE TO CRASH","Y",,"Y","$500 OR LESS","2025-01-29T13:01:00.000","NOT APPLICABLE","NOT APPLICABLE","5300","N","LINCOLN AVE","2011",,,,,,,"2","REPORTED, NOT EVIDENT","1","0","0","0","1","1","0","12","4","1","41.9777203341","-87.6926942212","POINT (-87.69269422122 41.977720334077)"
"db626383aae6d3438ae43ed1b8518cfa81d57ca96390e68aea753744cf1263c33882c276bb2b6c7d1a7e277bba1ef4c40822be3c380ae299d6681aa0b55a13d3",,"2025-01-29T12:42:00.000","35","NO CONTROLS","NO CONTROLS","CLEAR","DAYLIGHT","REAR END","NOT DIVIDED",,"STRAIGHT AND LEVEL","DRY","NO DEFECTS","NOT ON SCENE (DESK REPORT)","NO INJURY / DRIVE AWAY",,,,"$501 - $1,500","2025-01-29T13:30:00.000","FOLLOWING TOO CLOSELY","UNABLE TO DETERMINE","3200","W","MARQUETTE RD","831",,,,,,,"2","NO INDICATION OF INJURY","0","0","0","0","0","2","0","12","4","1","41.7717835388","-87.7030897727","POINT (-87.703089772736 41.771783538784)"
"7cffc287611fe5f5033e5300eef413e6d9df91db710d84d20f4a972da8c169bdd917979ba6fe78b7fb3739a977433af0a1815a37ca2cf287194df1d763c111e1",,"2025-01-29T12:41:00.000","30","TRAFFIC SIGNAL","FUNCTIONING PROPERLY","CLEAR","DAYLIGHT","SIDESWIPE SAME DIRECTION","T-INTERSECTION",,"STRAIGHT AND LEVEL","DRY","NO DEFECTS","ON SCENE","INJURY AND / OR TOW DUE TO CRASH","Y",,,"OVER $1,500","2025-01-29T12:44:00.000","UNABLE TO DETERMINE","UNABLE TO DETERMINE","747","W","63RD ST","723",,,,,,,"2","NO INDICATION OF INJURY","0","0","0","0","0","2","0","12","4","1","41.7796436542","-87.6445236693","POINT (-87.644523669279 41.77964365419)"
"c8eb91e41d9e6a282b969d20db283897dc904ca178571efcbf065a9c37a1fdc96813fe06d0b6da17dfe00cf101c216880e2a46088ed189991f37ee907acc04ff",,"2025-01-29T12:35:00.000","20","TRAFFIC SIGNAL","FUNCTIONING PROPERLY","CLEAR","DAYLIGHT","REAR END","UNKNOWN INTERSECTION TYPE",,"STRAIGHT AND LEVEL","DRY","NO DEFECTS","NOT ON SCENE (DESK REPORT)","NO INJURY / DRIVE AWAY","Y",,,"$500 OR LESS","2025-01-29T18:00:00.000","FOLLOWING TOO CLOSELY","FOLLOWING TOO CLOSELY","800","E","57TH ST","235",,,,,,,"2","NO INDICATION OF INJURY","0","0","0","0","0","2","0","12","4","1","41.7914416215","-87.6061208782","POINT (-87.606120878225 41.791441621456)"
"6910d1fe9fb52c6f5ec815c3a45ba183529e0f41d5c35aeac7a2782ecb38d422994762111120673ea0bd56f3f1f8a45dc5a17eec696a0c4eec5fb6a1e0c9903c",,"2025-01-29T12:30:00.000","25","NO CONTROLS","NO CONTROLS","CLEAR","DAYLIGHT","FIXED OBJECT","DIVIDED - W/MEDIAN BARRIER",,"STRAIGHT AND LEVEL","DRY","NO DEFECTS","ON SCENE","NO INJURY / DRIVE AWAY",,"Y",,"OVER $1,500","2025-01-29T12:30:00.000","DRIVING SKILLS/KNOWLEDGE/EXPERIENCE","NOT APPLICABLE","1801","W","DEVON AVE","2433",,,,,,,"1","NO INDICATION OF INJURY","0","0","0","0","0","1","0","12","4","1","41.9978788822","-87.6752470032","POINT (-87.675247003181 41.997878882205)"
"990ed470592097561236580e8dfc7c24acc0cad1a70d02582b75bdd72a9b1f9df8a38800be4c394bccea87f4035d6307e2bcc5e00a94c4992f8e09cd0b4d1f9a",,"2025-01-29T12:30:00.000","30","STOP SIGN/FLASHER","NO CONTROLS","CLEAR","DAYLIGHT","SIDESWIPE SAME DIRECTION","NOT DIVIDED",,"STRAIGHT AND LEVEL","DRY","NO DEFECTS","ON SCENE","NO INJURY / DRIVE AWAY","Y",,,"$501 - $1,500","2025-01-29T12:40:00.000","IMPROPER OVERTAKING/PASSING","IMPROPER OVERTAKING/PASSING","1826","W","45TH ST","924",,,,,,,"2","NO INDICATION OF INJURY","0","0","0","0","0","3","0","12","4","1","41.8122971406","-87.6710819393","POINT (-87.671081939293 41.812297140584)"
"d727fc236926a6c6051438a69ed17508578a8f98becded9de0eb46d08c1c7098b3305d08029d91a64a67c80f05c158406d79ef12c043c6a221c1cac49bcea6d9",,"2025-01-29T12:30:00.000","35","NO CONTROLS","NO CONTROLS","CLEAR","DAYLIGHT","PEDESTRIAN","DRIVEWAY",,"STRAIGHT ON GRADE","DRY","NO DEFECTS","ON SCENE","INJURY AND / OR TOW DUE TO CRASH",,"Y",,"$500 OR LESS","2025-01-29T12:45:00.000","NOT APPLICABLE","NOT APPLICABLE","11836","S","LONGWOOD DR","2212",,,,,,,"2","REPORTED, NOT EVIDENT","1","0","0","0","1","1","0","12","4","1","41.6781272656","-87.675260881","POINT (-87.675260881047 41.678127265621)"
"f8711117d6a01fddde718412855c9501e552c694b6b99dd133749d956840d0211dac0dd6052fdb4194f532b74838b7421ac4f8ab74dbb250b56ea96978fe21f2",,"2025-01-29T12:30:00.000","30","TRAFFIC SIGNAL","UNKNOWN","CLEAR","DAYLIGHT","PARKED MOTOR VEHICLE","UNKNOWN INTERSECTION TYPE",,"STRAIGHT AND LEVEL","UNKNOWN","UNKNOWN","NOT ON SCENE (DESK REPORT)","NO INJURY / DRIVE AWAY","Y",,,"OVER $1,500","2025-01-29T13:20:00.000","UNABLE TO DETERMINE","UNABLE TO DETERMINE","1844","W","GRACE ST","1922",,,,,,,"2","NO INDICATION OF INJURY","0","0","0","0","0","1","0","12","4","1","41.9506590197","-87.6757867394","POINT (-87.675786739418 41.950659019708)"
"f8f2cd9dd08d4ca28a8b53cfd08014a99c263c3bb23e38c9508463d85fb194fb51a9979259d6fa9a75a44767db17c8be2b6ab180e7524a9e6aed96de93b1d3b3",,"2025-01-29T12:24:00.000","30","TRAFFIC SIGNAL","FUNCTIONING PROPERLY","CLEAR","DAYLIGHT","REAR END","NOT DIVIDED",,"STRAIGHT AND LEVEL","DRY","NO DEFECTS","NOT ON SCENE (DESK REPORT)","NO INJURY / DRIVE AWAY","Y",,,"OVER $1,500","2025-01-29T12:32:00.000","FOLLOWING TOO CLOSELY","NOT APPLICABLE","1813","S","STATE ST","131",,,,,,,"2","NO INDICATION OF INJURY","0","0","0","0","0","2","0","12","4","1","41.8574256223","-87.6270387749","POINT (-87.627038774875 41.857425622341)"
"a28dfe340a9522274df2e7000888d52e63cb2a840cade2a62e8e011234785e482fc412554674c406dc0104aefa0358c5791d8ad131f5d29f1e64611ca8f2354e",,"2025-01-29T12:23:00.000","30","NO CONTROLS","NO CONTROLS","CLEAR","DAYLIGHT","PARKED MOTOR VEHICLE","PARKING LOT",,"STRAIGHT AND LEVEL","DRY","NO DEFECTS","NOT ON SCENE (DESK REPORT)","NO INJURY / DRIVE AWAY",,"Y",,"OVER $1,500","2025-02-03T22:00:00.000","IMPROPER TURNING/NO SIGNAL","NOT APPLICABLE","7040","S","ASHLAND AVE","735",,,,,,,"2","NO INDICATION OF INJURY","0","0","0","0","0","1","0","12","4","1","41.7655065727","-87.6639637712","POINT (-87.663963771228 41.765506572652)"
"15888bfab0143cbfa4fc99cc00a6c9cf872be6ae1af56443b266f5eebf7f81d188e961ca80904aad74774b572b192016d2e7477373af77c5ff8c848deef7d79b",,"2025-01-29T12:15:00.000","30","TRAFFIC SIGNAL","FUNCTIONING PROPERLY","CLEAR","DAYLIGHT","SIDESWIPE SAME DIRECTION","NOT DIVIDED",,"STRAIGHT AND LEVEL","DRY","NO DEFECTS","NOT ON SCENE (DESK REPORT)","NO INJURY / DRIVE AWAY",,,,"OVER $1,500","2025-01-31T09:45:00.000","FAILING TO REDUCE SPEED TO AVOID CRASH","NOT APPLICABLE","1242","S","WESTERN AVE","1023",,,,,,,"2","NO INDICATION OF INJURY","0","0","0","0","0","2","0","12","4","1","41.8653819918","-87.6861541344","POINT (-87.686154134392 41.865381991759)"
"861c3937adea43f18dba4ca500ab7733e9f0c01cfcb17d23884b9eb4c0dadca6061acd1104bccc870a4269e62962074f997d35344d002da732fad3b7c642ef34",,"2025-01-29T12:15:00.000","30","NO CONTROLS","NO CONTROLS","CLEAR","DAYLIGHT","TURNING","NOT DIVIDED",,"STRAIGHT AND LEVEL","DRY","NO DEFECTS","NOT ON SCENE (DESK REPORT)","NO INJURY / DRIVE AWAY",,,,"OVER $1,500","2025-01-29T13:15:00.000","FAILING TO YIELD RIGHT-OF-WAY","NOT APPLICABLE","4548","N","KEDZIE AVE","1724",,,,,,,"2","NO INDICATION OF INJURY","0","0","0","0","0","2","0","12","4","1","41.9644437126","-87.7084939958","POINT (-87.708493995828 41.964443712612)"
"1eb9db6f6638c471d5453bdf9f47c69cddd6a1251dc8cf9e129b589470605e431d2da3ccb492fb5b6257fa52f5b7e8059d5d1d7aa2f63b829aace59662972bd6",,"2025-01-29T12:02:00.000","30","UNKNOWN","UNKNOWN","UNKNOWN","UNKNOWN","PARKED MOTOR VEHICLE","NOT DIVIDED",,"STRAIGHT AND LEVEL","UNKNOWN","UNKNOWN","NOT ON SCENE (DESK REPORT)","NO INJURY / DRIVE AWAY","Y",,,"OVER $1,500","2025-01-29T13:21:00.000","NOT APPLICABLE","NOT APPLICABLE","327","S","PLYMOUTH CT","113",,,,,,,"2","NO INDICATION OF INJURY","0","0","0","0","0","1","0","12","4","1","41.8774377397","-87.6285823402","POINT (-87.628582340224 41.877437739688)"
"10dfb25e111fdc16961fd263e533d795c89598fda30b20a9d9decfe12233595a6ff4a257316e841879ba1e81b2142f84fa23eb06f8da898b9a1939c5fe8e558b",,"2025-01-29T12:00:00.000","30","NO CONTROLS","NO CONTROLS","CLEAR","DAYLIGHT","PARKED MOTOR VEHICLE","ONE-WAY",,"STRAIGHT AND LEVEL","DRY","NO DEFECTS","NOT ON SCENE (DESK REPORT)","INJURY AND / OR TOW DUE TO CRASH",,,"Y","OVER $1,500","2025-01-30T13:34:00.000","UNABLE TO DETERMINE","NOT APPLICABLE","3715","W","18TH ST","1014",,,,,,,"2","NO INDICATION OF INJURY","0","0","0","0","0","1","0","12","4","1","41.8570023534","-87.7183244872","POINT (-87.718324487192 41.85700235336)"
"33b6dcbf17e147954a458317a5908e8c4620c664d47a976e5421bf74b7fb68cee00d9fd870ce57d945202228a0a3f59963e98092b972d304fca88ee99526cbab",,"2025-01-29T12:00:00.000","30","UNKNOWN","UNKNOWN","CLEAR","DAYLIGHT","REAR END","ONE-WAY",,"STRAIGHT AND LEVEL","UNKNOWN","UNKNOWN","NOT ON SCENE (DESK REPORT)","NO INJURY / DRIVE AWAY",,,,"OVER $1,500","2025-01-29T13:20:00.000","UNABLE TO DETERMINE","UNABLE TO DETERMINE","111","W","ERIE ST","1832",,,,,,,"2","NO INDICATION OF INJURY","0","0","0","0","0","2","0","12","4","1","41.89391402","-87.6317004632","POINT (-87.631700463175 41.893914019963)"
"388d4a606eeaf30d84aa92fac234fc36ee144f583725799de91604a62ee09e0f7468a34a93f708f01842ddccbed4fc5bc4d706df45c4f7a70708dd965d88b87f","Y","2025-01-29T12:00:00.000","25","NO CONTROLS","NO CONTROLS","CLEAR","DAYLIGHT","PARKED MOTOR VEHICLE","ONE-WAY",,"STRAIGHT AND LEVEL","DRY","NO DEFECTS","NOT ON SCENE (DESK REPORT)","NO INJURY / DRIVE AWAY",,,,"OVER $1,500","2025-01-30T14:30:00.000","UNABLE TO DETERMINE","UNABLE TO DETERMINE","4425","N","SPAULDING AVE","1724",,,,,,,"2","NO INDICATION OF INJURY","0","0","0","0","0","1","0","12","4","1","41.9619336324","-87.7105686249","POINT (-87.710568624894 41.961933632401)"
"1b211a5bf18339924c82ddaf2268914f15a5efd6684b12ef8c4e407bf75433cc31fea6e15bce613e76ed72714c51b8c93a913b3d1a616599eb2bbb446f180e1e",,"2025-01-29T11:55:00.000","30","NO CONTROLS","NO CONTROLS","CLEAR","DAYLIGHT","REAR END","NOT DIVIDED",,"STRAIGHT AND LEVEL","DRY","NO DEFECTS","ON SCENE","NO INJURY / DRIVE AWAY",,,,"$501 - $1,500","2025-01-29T11:57:00.000","UNABLE TO DETERMINE","NOT APPLICABLE","1852","N","CICERO AVE","2533",,,,,,,"2","NO INDICATION OF INJURY","0","0","0","0","0","2","0","11","4","1","41.9148480016","-87.7461698421","POINT (-87.746169842071 41.914848001569)"
"86a3ee0d9bde5eb260c1a73be75ba001e43ca25bab208df79f04140bc69044165dce2960b2c0335622fc22c71e6714f09e28b20071d9e19363a7b22584369531",,"2025-01-29T11:50:00.000","30","NO CONTROLS","NO CONTROLS","CLEAR","DAYLIGHT","HEAD ON","NOT DIVIDED",,"STRAIGHT AND LEVEL","DRY","UNKNOWN","NOT ON SCENE (DESK REPORT)","INJURY AND / OR TOW DUE TO CRASH",,,"Y","OVER $1,500","2025-01-29T12:10:00.000","DRIVING ON WRONG SIDE/WRONG WAY","NOT APPLICABLE","12700","S","HALSTED ST","523",,,,,,,"2","NONINCAPACITATING INJURY","1","0","0","1","0","1","0","11","4","1","41.6631821012","-87.6415652652","POINT (-87.641565265157 41.663182101231)"
"191ac86cde58d6556cf2f06432e2ba77eb4d0c8c9c65f8e38d7e8d398168b7f67f3e1180160005261c5a9ff1737696126cd250745b8d24f688a405690d398cd2",,"2025-01-29T11:43:00.000","25","NO CONTROLS","NO CONTROLS","CLEAR","DAYLIGHT","REAR END","NOT DIVIDED",,"STRAIGHT AND LEVEL","DRY","NO DEFECTS","ON SCENE","INJURY AND / OR TOW DUE TO CRASH","N",,,"OVER $1,500","2025-01-29T11:43:00.000","FOLLOWING TOO CLOSELY","DRIVING SKILLS/KNOWLEDGE/EXPERIENCE","226","N","CENTRAL AVE","1512",,,,,,,"2","NO INDICATION OF INJURY","0","0","0","0","0","2","0","11","4","1","41.8850611151","-87.7651808325","POINT (-87.76518083252 41.885061115089)"
"413bb1474421d481f4351341042d600160520e8cfe39662082283898a0999ad54d2b5e468ea52e39c22886886c4265a4bb06d02c9fca3efd5e08b3d92be3bbaa",,"2025-01-29T11:30:00.000","30","NO CONTROLS","NO CONTROLS","CLEAR","DAYLIGHT","ANGLE","NOT DIVIDED",,"STRAIGHT AND LEVEL","DRY","NO DEFECTS","NOT ON SCENE (DESK REPORT)","NO INJURY / DRIVE AWAY",,,,"OVER $1,500","2025-01-29T11:35:00.000","UNABLE TO DETERMINE","UNABLE TO DETERMINE","3646","N","BROADWAY","1925",,,,,,,"2","NO INDICATION OF INJURY","0","0","0","0","0","2","0","11","4","1","41.9486147425","-87.6481987882","POINT (-87.648198788225 41.948614742509)"
"945aca8c32573be9e23b0c5b99141db8f8a6b22ac32c26656032549f2f52b8c24a104007e170a081acd2880e2ed94f523b259abec699e897879be80cad0c850e",,"2025-01-29T11:15:00.000","30","TRAFFIC SIGNAL","FUNCTIONING PROPERLY","CLEAR","DAYLIGHT","TURNING","DIVIDED - W/MEDIAN BARRIER",,"STRAIGHT AND LEVEL","DRY","NO DEFECTS","NOT ON SCENE (DESK REPORT)","NO INJURY / DRIVE AWAY","Y",,,"OVER $1,500","2025-01-29T12:50:00.000","UNABLE TO DETERMINE","NOT APPLICABLE","1098","N","LA SALLE DR","1824",,,,,,,"2","NO INDICATION OF INJURY","0","0","0","0","0","2","0","11","4","1","41.9018067703","-87.6330036926","POINT (-87.633003692576 41.901806770272)"
"977221155ef49fda6740c51c2346e0468e536e82c53018d7ffbac0a15441719f313502c4c76b327e4c3ce6c5d6d280ec41ba024d0be999b2d415f21e400dcf0d",,"2025-01-29T11:15:00.000","30","TRAFFIC SIGNAL","FUNCTIONING PROPERLY","CLEAR","DAYLIGHT","ANGLE","NOT DIVIDED",,"STRAIGHT AND LEVEL","DRY","NO DEFECTS","ON SCENE","INJURY AND / OR TOW DUE TO CRASH","Y",,,"OVER $1,500","2025-01-29T11:18:00.000","DISREGARDING TRAFFIC SIGNALS","NOT APPLICABLE","1","W","GARFIELD BLVD","225",,,,,,,"2","REPORTED, NOT EVIDENT","3","0","0","0","3","1","0","11","4","1","41.7941887612","-87.6257393986","POINT (-87.625739398572 41.794188761171)"
"ecd3c04d2643fcd8264210b5eede30d030ec287beb320e72065deb6fd70049fefff4007e81e755762130883b60d1bd308077fc61499e70081bfac625c791fcd9",,"2025-01-29T11:15:00.000","30","TRAFFIC SIGNAL","NOT FUNCTIONING","CLEAR","DAYLIGHT","ANGLE","NOT DIVIDED",,"STRAIGHT AND LEVEL","DRY","NO DEFECTS","NOT ON SCENE (DESK REPORT)","NO INJURY / DRIVE AWAY","Y",,,"OVER $1,500","2025-02-07T12:48:00.000","FAILING TO REDUCE SPEED TO AVOID CRASH","NOT APPLICABLE","98","E","LOWER WACKER DR","111",,,,,,,"2","NO INDICATION OF INJURY","0","0","0","0","0","2","0","11","4","1","41.8884444641","-87.6246567021","POINT (-87.624656702139 41.88844446409)"
"2cc7c1524a0339c15320a331611f23f3b63f63c987e5d62ce82e200cd5d3c793e6a417a5d8fe782c720f4e43864150f99a6a8f54fe1f1ccd7b980b811b73f89b",,"2025-01-29T11:00:00.000","40","TRAFFIC SIGNAL","FUNCTIONING PROPERLY","CLEAR","DAYLIGHT","SIDESWIPE SAME DIRECTION","T-INTERSECTION",,"STRAIGHT AND LEVEL","DRY","NO DEFECTS","ON SCENE","NO INJURY / DRIVE AWAY","Y",,,"OVER $1,500","2025-01-29T11:05:00.000","FAILING TO REDUCE SPEED TO AVOID CRASH","IMPROPER LANE USAGE","1431","S","LAKE SHORE DR NB","132",,,,,,,"2","NO INDICATION OF INJURY","0","0","0","0","0","2","0","11","4","1","41.8632951525","-87.6184814714","POINT (-87.618481471441 41.863295152515)"
"4dca92a2614b2646d4143f698780e36bdd59465135ffa0726a8890e89ff064baf99da54f57c7f302e92cd3e23921ceddc01e9cb34baef65c41e305597d881636",,"2025-01-29T11:00:00.000","30","NO CONTROLS","NO CONTROLS","SNOW","DAYLIGHT","FIXED OBJECT","NOT DIVIDED",,"STRAIGHT AND LEVEL","ICE","NO DEFECTS",,"NO INJURY / DRIVE AWAY",,,,"OVER $1,500","2025-02-07T15:05:00.000","WEATHER","NOT APPLICABLE","4000","S","KEDZIE AVE","821",,,,,,,"1","NO INDICATION OF INJURY","0","0","0","0","0","1","0","11","4","1","41.8207411733","-87.7046155539","POINT (-87.704615553947 41.820741173314)"
"98769a48f99d30ba42cbca69c1afda3c524d49e3ddf7915ba86a3608fb824bb6a6bed75aa66a294e21d793e12631a6b2a14246f2fc720063ad177c3f1e4113a7",,"2025-01-29T11:00:00.000","30","TRAFFIC SIGNAL","FUNCTIONING PROPERLY","CLEAR","DAYLIGHT","PARKED MOTOR VEHICLE","DIVIDED - W/MEDIAN (NOT RAISED)",,"STRAIGHT AND LEVEL","DRY","UNKNOWN","ON SCENE","NO INJURY / DRIVE AWAY",,,"Y","OVER $1,500","2025-01-29T11:07:00.000","UNABLE TO DETERMINE","UNABLE TO DETERMINE","1001","W","MADISON ST","1232",,,,,,,"2","NO INDICATION OF INJURY","0","0","0","0","0","1","0","11","4","1","41.8815893122","-87.652086227","POINT (-87.652086227039 41.881589312155)"
"f8a2dc14eec968b2dc37a9390b9b1a16111b5dda6ca245066754507bb8855e96c25c0eeafb16418c21568bec3672119b90388b1575a13ad849bdae13f0bf63f1",,"2025-01-29T11:00:00.000","30","NO CONTROLS","NO CONTROLS","CLEAR","DAYLIGHT","PARKED MOTOR VEHICLE","DIVIDED - W/MEDIAN (NOT RAISED)",,"STRAIGHT AND LEVEL","DRY","NO DEFECTS","ON SCENE","INJURY AND / OR TOW DUE TO CRASH",,,,"OVER $1,500","2025-01-29T11:20:00.000","UNABLE TO DETERMINE","UNABLE TO DETERMINE","6603","S","WESTERN AVE","832",,,,,,,"2","NO INDICATION OF INJURY","0","0","0","0","0","2","0","11","4","1","41.7736397803","-87.6833424748","POINT (-87.683342474841 41.77363978026)"
"235426bd557a867173faf273bdaae7388449458b8494bd0facd33cccd9e41eddf780229711a89bad2427e5632d488ece497da128d5cda6db6ce1331361632f7a",,"2025-01-29T10:59:00.000","30","NO CONTROLS","NO CONTROLS","CLEAR","DAYLIGHT","OTHER NONCOLLISION","NOT DIVIDED",,"STRAIGHT AND LEVEL","DRY","OTHER","ON SCENE","INJURY AND / OR TOW DUE TO CRASH",,,,"OVER $1,500","2025-01-29T11:02:00.000","NOT APPLICABLE","NOT APPLICABLE","3856","W","GRANVILLE AVE","1711",,,,,,,"1","NONINCAPACITATING INJURY","1","0","0","1","0","2","0","10","4","1","41.9938141715","-87.7262668788","POINT (-87.726266878778 41.993814171485)"
"d5c10b4e405f5ba4088a8068ecb076b19a5c5dda206e3ac4b09e6b25447f6ffb0ba2dc38e7c540437dea841a4a04e268324e06b06dd93cc6f0dfca1a8d51230d",,"2025-01-29T10:48:00.000","30","NO CONTROLS","NO CONTROLS","CLEAR","DAYLIGHT","ANGLE","NOT DIVIDED",,"STRAIGHT AND LEVEL","DRY","NO DEFECTS","ON SCENE","INJURY AND / OR TOW DUE TO CRASH",,,,"OVER $1,500","2025-01-29T10:49:00.000","UNABLE TO DETERMINE","UNABLE TO DETERMINE","3312","W","ADDISON ST","1733",,,,,,,"2","NONINCAPACITATING INJURY","1","0","0","1","0","1","0","10","4","1","41.9466998705","-87.7109362428","POINT (-87.710936242759 41.946699870496)"
"35590a1d801d7c30d6060d1e13cc192bcf7c0c9e985260e565155bd3a3909002cdab23565dbba0421b566c4e1a8f2d8bc020d383c6daf082df9352ff4c3be0ef",,"2025-01-29T10:45:00.000","25","NO CONTROLS","NO CONTROLS","CLEAR","DAYLIGHT","SIDESWIPE SAME DIRECTION","DIVIDED - W/MEDIAN BARRIER",,"STRAIGHT AND LEVEL","DRY","NO DEFECTS","ON SCENE","NO INJURY / DRIVE AWAY",,,,"OVER $1,500","2025-01-29T10:46:00.000","IMPROPER OVERTAKING/PASSING","DRIVING SKILLS/KNOWLEDGE/EXPERIENCE","3713","N","ASHLAND AVE","1922",,,,,,,"2","NO INDICATION OF INJURY","0","0","0","0","0","2","0","10","4","1","41.949247115","-87.6687698812","POINT (-87.668769881197 41.949247115006)"