"crash_record_id","crash_date_est_i","crash_date","posted_speed_limit","traffic_control_device","device_condition","weather_condition","lighting_condition","first_crash_type","trafficway_type","lane_cnt","alignment","roadway_surface_cond","road_defect","report_type","crash_type","intersection_related_i","private_property_i","hit_and_run_i","damage","date_police_notified","prim_contributory_cause","sec_contributory_cause","street_no","street_direction","street_name","beat_of_occurrence","photos_taken_i","statements_taken_i","dooring_i","work_zone_i","work_zone_type","workers_present_i","num_units","most_severe_injury","injuries_total","injuries_fatal","injuries_incapacitating","injuries_non_incapacitating","injuries_reported_not_evident","injuries_no_indication","injuries_unknown","crash_hour","crash_day_of_week","crash_month","latitude","longitude","location"
"b35b1b90707a2a8b7b4c12ecf65dd762a4dcabef24d803388f708a9ed9fa560ac3844e91eeabe9a0a1275e56cf0cedc05c0584a084abb490bad136ea63f52a33",,"2025-01-29T10:45:00.000","30","STOP SIGN/FLASHER","FUNCTIONING PROPERLY","CLEAR","DAYLIGHT","TURNING","T-INTERSECTION",,"STRAIGHT AND LEVEL","DRY","NO DEFECTS","NOT ON SCENE (DESK REPORT)","NO INJURY / DRIVE AWAY",,,,"$501 - $1,500","2025-01-29T13:12:00.000","UNABLE TO DETERMINE","NOT APPLICABLE","3401","N","KEDZIE AVE","1733",,,,,,,"2","NO INDICATION OF INJURY","0","0","0","0","0","2","0","10","4","1","41.9427489429","-87.7075696041","POINT (-87.707569604066 41.942748942861)"
"33f18f19e40e816e1ba0709cc623dbc9d1c8cbc8c8e12c0c1652446f87123663d1ffc2f0db8335b2e34443e6077a9927d1a6619e1ee41ee563a868f393e6dc7d",,"2025-01-29T10:44:00.000","30","NO CONTROLS","NO CONTROLS","CLEAR","DAYLIGHT","ANGLE","FOUR WAY",,"STRAIGHT AND LEVEL","DRY","NO DEFECTS","ON SCENE","NO INJURY / DRIVE AWAY","Y",,,"OVER $1,500","2025-01-29T13:00:00.000","UNABLE TO DETERMINE","NOT APPLICABLE","8905","S","PHILLIPS AVE","423",,,,,,,"2","NO INDICATION OF INJURY","0","0","0","0","0","2","0","10","4","1","41.733357478","-87.5645443801","POINT (-87.564544380091 41.733357478013)"
"739471239bbf7cc859795b4683d26be2c7d70dc65504620b59e656935548fe7f74848cbb47d744621b848d511c76a3fed35110a18d4612a79e2089d57f175044",,"2025-01-29T10:39:00.000","20","STOP SIGN/FLASHER","FUNCTIONING PROPERLY","CLEAR","DAYLIGHT","HEAD ON","DIVIDED - W/MEDIAN (NOT RAISED)",,"STRAIGHT AND LEVEL","DRY","NO DEFECTS","NOT ON SCENE (DESK REPORT)","INJURY AND / OR TOW DUE TO CRASH","Y",,,"OVER $1,500","2025-01-29T10:40:00.000","NOT APPLICABLE","EQUIPMENT - VEHICLE CONDITION","1630","W","83RD ST","614",,,,,,,"2","INCAPACITATING INJURY","1","0","1","0","0","1","0","10","4","1","41.7431662256","-87.6644077676","POINT (-87.664407767553 41.743166225608)"
"b54c7fa82134ccd04adb273c990647382341ce3e5eadd8d317ba2b936110212cd1d939c05e6b29b63d03d6da523a19acfdd12996318cfe897abd47d9b2abc832",,"2025-01-29T10:32:00.000","30","TRAFFIC SIGNAL","FUNCTIONING PROPERLY","CLEAR","DAYLIGHT","ANGLE","NOT DIVIDED",,"STRAIGHT AND LEVEL","DRY","NO DEFECTS","ON SCENE","INJURY AND / OR TOW DUE TO CRASH","Y",,,"$501 - $1,500","2025-01-29T10:40:00.000","UNABLE TO DETERMINE","UNABLE TO DETERMINE","99","N","WESTERN AVE","1223",,,,,,,"2","REPORTED, NOT EVIDENT","1","0","0","0","1","1","0","10","4","1","41.8829526709","-87.6863365857","POINT (-87.686336585698 41.882952670853)"
"41aa0f4869caf332af36aa80b4d008692849c4d61354c477070c0a5cbcede58532ad27149247e7efd09c314ed6ccea5e17fccf35e38c4722dda0a7bed7da4807",,"2025-01-29T10:30:00.000","10","NO CONTROLS","NO CONTROLS","CLEAR","DAYLIGHT","PEDALCYCLIST","PARKING LOT",,"STRAIGHT AND LEVEL","DRY","NO DEFECTS","ON SCENE","INJURY AND / OR TOW DUE TO CRASH",,,,"$500 OR LESS","2025-01-29T10:37:00.000","UNABLE TO DETERMINE","UNABLE TO DETERMINE","3400","S","STATE ST","211",,,,,,,"2","INCAPACITATING INJURY","1","0","1","0","0","0","0","10","4","1","41.8327428733","-87.6268042876","POINT (-87.626804287582 41.832742873307)"
"b13d8fc330c3b1be13d6447b12770467cba1813d7283346cd00ae75cbb2b6a39467fec27d7488e499cf62c7da12b887b03a5bc2d8aa0eda5b0edb2732fe219fa",,"2025-01-29T10:30:00.000","25","NO CONTROLS","NO CONTROLS","CLEAR","DAYLIGHT","TURNING","ONE-WAY",,"STRAIGHT AND LEVEL","DRY","NO DEFECTS","ON SCENE","NO INJURY / DRIVE AWAY",,,,"$501 - $1,500","2025-01-29T10:42:00.000","VISION OBSCURED (SIGNS, TREE LIMBS, BUILDINGS, ETC.)","UNABLE TO DETERMINE","2512","S","OAKLEY AVE","1034","Y",,,,,,"2","NO INDICATION OF INJURY","0","0","0","0","0","2","0","10","4","1","41.8461987933","-87.6831753536","POINT (-87.68317535356 41.846198793338)"
"b58bd3933b6e308049f8ca28521a6abd820924da8a0b9917f393f4456287942aba505273e4eb656afd2699ae08dc0c55dc51484a5c134e6234c6f6d14c81bdd6",,"2025-01-29T10:30:00.000","30","NO CONTROLS","NO CONTROLS","CLEAR","DAYLIGHT","SIDESWIPE SAME DIRECTION","NOT DIVIDED",,"STRAIGHT AND LEVEL","DRY","NO DEFECTS","ON SCENE","INJURY AND / OR TOW DUE TO CRASH",,,,"OVER $1,500","2025-01-29T10:30:00.000","FAILING TO YIELD RIGHT-OF-WAY","NOT APPLICABLE","5435","N","HARLEM AVE","1613",,,,,,,"2","NO INDICATION OF INJURY","0","0","0","0","0","2","0","10","4","1","41.9802032338","-87.8068311183","POINT (-87.806831118316 41.980203233751)"
"82ac1c3fd73dfcbe5ec09095568bcc4f6c0af84798e5e65221a14d85b4cd4233456469d0249150dbe6f7e87c6ba86ef6c1a9da4d69a034ba3de436b742d823e9",,"2025-01-29T10:10:00.000","30","NO CONTROLS","NO CONTROLS","CLEAR","DAYLIGHT","TURNING","FOUR WAY",,"STRAIGHT AND LEVEL","DRY","NO DEFECTS","ON SCENE","INJURY AND / OR TOW DUE TO CRASH","Y",,,"OVER $1,500","2025-01-29T10:11:00.000","UNABLE TO DETERMINE","UNABLE TO DETERMINE","11100","S","PARNELL AVE","2233",,,,,,,"2","NONINCAPACITATING INJURY","3","0","0","3","0","2","0","10","4","1","41.692335522","-87.636480715","POINT (-87.636480715012 41.692335522029)"
"66f6f7268ff610353d15d32156e66b6a051350ed1781541be2ace47d57698973ad29a8bd9a66a84bcf1f38f0a8c7c94169c84e1b8e0dd65f55c5171294ea358a",,"2025-01-29T09:59:00.000","30","NO CONTROLS","NO CONTROLS","CLEAR","DAYLIGHT","REAR END","ONE-WAY",,"STRAIGHT AND LEVEL","DRY","NO DEFECTS","NOT ON SCENE (DESK REPORT)","NO INJURY / DRIVE AWAY","Y",,,"OVER $1,500","2025-01-29T10:30:00.000","FAILING TO YIELD RIGHT-OF-WAY","FAILING TO YIELD RIGHT-OF-WAY","6100","S","DORCHESTER AVE","314",,,,,,,"2","NO INDICATION OF INJURY","0","0","0","0","0","3","0","9","4","1","41.78415712","-87.5915809372","POINT (-87.591580937197 41.784157119987)"
"a81ad2667bf8e0d5d9790ff92a40e343b2a99b795e5090e9a2ad568b4fad782c49f5e68c682fe50bd320da5e56916b85a5f7ff002b6d95ba2b88b04afa5c633b",,"2025-01-29T09:57:00.000","30","TRAFFIC SIGNAL","FUNCTIONING PROPERLY","CLEAR","DAYLIGHT","REAR END","FOUR WAY",,"STRAIGHT AND LEVEL","DRY","NO DEFECTS","NOT ON SCENE (DESK REPORT)","NO INJURY / DRIVE AWAY","Y",,,"OVER $1,500","2025-01-29T11:15:00.000","FOLLOWING TOO CLOSELY","NOT APPLICABLE","800","N","LA SALLE DR","1832",,,,,,,"2","NO INDICATION OF INJURY","0","0","0","0","0","3","0","9","4","1","41.8966788753","-87.6328576605","POINT (-87.632857660493 41.896678875257)"
"b710205f5521798d6a897a3473628dcc9062280ee5df98ce1345760842e4e774cdeec5bbd1e3245f256c774ab6534c8a483a1c6c77e77a7557e3af37f6c34484",,"2025-01-29T09:55:00.000","5","NO CONTROLS","NO CONTROLS","OTHER","DARKNESS, LIGHTED ROAD","REAR END","OTHER",,"STRAIGHT AND LEVEL","WET","NO DEFECTS","ON SCENE","NO INJURY / DRIVE AWAY",,"Y",,"$501 - $1,500","2025-01-29T09:57:00.000","UNABLE TO DETERMINE","UNABLE TO DETERMINE","1538","E","95TH ST","413",,,,,,,"2","NO INDICATION OF INJURY","0","0","0","0","0","2","0","9","4","1","41.7224394759","-87.5861858365","POINT (-87.586185836462 41.722439475881)"
"8954aeefa77390f27d87d67c7e311aa54dc07e6f66bcf86fba84f1f86ea1db42d590700da7d9f0e1383df05da738a1efa48aaf29e636c8c45a90a9504597ba34",,"2025-01-29T09:53:00.000","30","TRAFFIC SIGNAL","FUNCTIONING PROPERLY","CLEAR","DAYLIGHT","REAR END","NOT DIVIDED",,"STRAIGHT AND LEVEL","DRY","NO DEFECTS","NOT ON SCENE (DESK REPORT)","NO INJURY / DRIVE AWAY",,,,"$501 - $1,500","2025-01-29T12:00:00.000","FAILING TO REDUCE SPEED TO AVOID CRASH","NOT APPLICABLE","2427","W","CHICAGO AVE","1221",,,,,,,"3","NO INDICATION OF INJURY","0","0","0","0","0","3","0","9","4","1","41.8956199525","-87.6879583907","POINT (-87.687958390749 41.895619952492)"
"125097fb6ed97dd6796a060b96eed28fdb363357698bb315b0b0def204906a655987bac59e30e04bb4c4ec20cf530a78315f01ad6957084ead176c3d2b001c42",,"2025-01-29T09:45:00.000","30","TRAFFIC SIGNAL","FUNCTIONING PROPERLY","CLEAR","DAYLIGHT","REAR END","NOT DIVIDED",,"STRAIGHT AND LEVEL","DRY","NO DEFECTS","NOT ON SCENE (DESK REPORT)","NO INJURY / DRIVE AWAY",,,,"OVER $1,500","2025-01-29T10:00:00.000","FOLLOWING TOO CLOSELY","UNABLE TO DETERMINE","4500","W","63RD ST","813",,,,,,,"2","NO INDICATION OF INJURY","0","0","0","0","0","2","0","9","4","1","41.7786249931","-87.7350293641","POINT (-87.735029364106 41.778624993141)"
"7cc6a60a10609106fb9a5d0b087005947a67c3fc7e9d0f5cf06f3332f1a8a76f5371c87a973aebebea27ccd782d0608ecc90490442ad281fa7459a907b092ed2",,"2025-01-29T09:30:00.000","30","NO CONTROLS","NO CONTROLS","CLEAR","DAYLIGHT","PARKED MOTOR VEHICLE","ONE-WAY",,"STRAIGHT AND LEVEL","DRY","NO DEFECTS","NOT ON SCENE (DESK REPORT)","NO INJURY / DRIVE AWAY",,,,"OVER $1,500","2025-01-29T10:25:00.000","UNABLE TO DETERMINE","NOT APPLICABLE","601","W","WASHINGTON BLVD","121",,,,,,,"2","NO INDICATION OF INJURY","0","0","0","0","0","2","0","9","4","1","41.883062096","-87.642772421","POINT (-87.642772421014 41.883062095969)"
"4f4333f00f578df2ffc68daa7a1177143340d8d899b83c4236a3be913dc91b7ea601867ffde97873fda55f26556c3311560baa82959b345e05a96bb3b0dc9d92",,"2025-01-29T09:27:00.000","30","TRAFFIC SIGNAL","FUNCTIONING PROPERLY","CLEAR","DAYLIGHT","REAR END","FOUR WAY",,"STRAIGHT AND LEVEL","DRY","NO DEFECTS","NOT ON SCENE (DESK REPORT)","NO INJURY / DRIVE AWAY","Y",,,"OVER $1,500","2025-01-29T10:15:00.000","UNABLE TO DETERMINE","NOT APPLICABLE","2154","S","ASHLAND AVE","1234",,,,,,,"2","NO INDICATION OF INJURY","0","0","0","0","0","2","0","9","4","1","41.8525003288","-87.6661723737","POINT (-87.666172373715 41.852500328787)"
"b528bfb9c85777fa3d02e07c67384e348edd6d09fbb6fa82f40a728b511826c0dfc0fc25f6386025422a66495d0f4e60c347c29a2b215d9d39034c27bf3c97dc",,"2025-01-29T09:20:00.000","35","RAILROAD CROSSING GATE","UNKNOWN","CLEAR","DAYLIGHT","REAR END","NOT DIVIDED",,"STRAIGHT AND LEVEL","DRY","UNKNOWN","ON SCENE","INJURY AND / OR TOW DUE TO CRASH",,,,"OVER $1,500","2025-01-29T09:20:00.000","UNABLE TO DETERMINE","UNABLE TO DETERMINE","9900","S","VINCENNES AVE","2213",,,,,,,"2","REPORTED, NOT EVIDENT","1","0","0","0","1","1","0","9","4","1","41.7139794991","-87.6535123131","POINT (-87.653512313106 41.713979499108)"
"0478e194feea7acce7b6770cf4c5617285c9b35d3e360e9f4d786d894c7811f08cdc1940502e9f2361d1a0e4d01674db96a80665161bc3f8fbe4002c0b87276c",,"2025-01-29T09:15:00.000","15","NO CONTROLS","NO CONTROLS","CLEAR","DAYLIGHT","SIDESWIPE OPPOSITE DIRECTION","PARKING LOT",,"STRAIGHT AND LEVEL","DRY","NO DEFECTS","ON SCENE","NO INJURY / DRIVE AWAY",,"Y","Y","OVER $1,500","2025-01-29T10:20:00.000","UNABLE TO DETERMINE","UNABLE TO DETERMINE","207","W","79TH ST","623",,,,,,,"2","NO INDICATION OF INJURY","0","0","0","0","0","2","0","9","4","1","41.750749996","-87.6297922443","POINT (-87.629792244319 41.750749995985)"
"1aee7409fedcf77685bd4a964368bdb84699c48587ba242462224fb6328a91be8559d1cd3fe0e4045e4f2cdf2f488e92da6393c45f7b7c97d479723090dfe15f",,"2025-01-29T09:15:00.000","25","NO CONTROLS","NO CONTROLS","CLEAR","DAYLIGHT","REAR TO SIDE","ONE-WAY",,"STRAIGHT AND LEVEL","DRY","NO DEFECTS","NOT ON SCENE (DESK REPORT)","NO INJURY / DRIVE AWAY",,,,"OVER $1,500","2025-01-29T09:30:00.000","IMPROPER BACKING","NOT APPLICABLE","2609","S","SAWYER AVE","1032",,,,,,,"2","NO INDICATION OF INJURY","0","0","0","0","0","2","0","9","4","1","41.8441855287","-87.7061003135","POINT (-87.706100313524 41.844185528742)"
"e5421c28c0829843d25053deb26123f075c2a6b55889291f38b8edef0279a93dbcf1e6137f958b230369716ce67a03da03499a7fb969dbe26a22c347d1ddb33e",,"2025-01-29T09:15:00.000","30","NO CONTROLS","NO CONTROLS","CLEAR","UNKNOWN","REAR TO FRONT","PARKING LOT",,"STRAIGHT AND LEVEL","UNKNOWN","UNKNOWN","NOT ON SCENE (DESK REPORT)","NO INJURY / DRIVE AWAY",,"Y",,"OVER $1,500","2025-01-29T13:05:00.000","DRIVING SKILLS/KNOWLEDGE/EXPERIENCE","NOT APPLICABLE","3300","W","51ST ST","821",,,,,,,"2","NO INDICATION OF INJURY","0","0","0","0","0","2","0","9","4","1","41.8008961877","-87.7062752117","POINT (-87.7062752117 41.800896187689)"
"e44bc0d09b66f552c6f2d06a95aa540d06be979cdbbe711a13ab4086243def976525a4e5f32a6f44af8491385f5aadd68ec8154752e3f5fb3b6c650a42d9376d",,"2025-01-29T09:10:00.000","30","STOP SIGN/FLASHER","FUNCTIONING PROPERLY","CLEAR","DAYLIGHT","ANGLE","DIVIDED - W/MEDIAN (NOT RAISED)",,"STRAIGHT AND LEVEL","DRY","UNKNOWN","ON SCENE","INJURY AND / OR TOW DUE TO CRASH","Y",,,"OVER $1,500","2025-01-29T09:12:00.000","FAILING TO YIELD RIGHT-OF-WAY","NOT APPLICABLE","7132","W","ADDISON ST","1632",,,,,,,"2","NO INDICATION OF INJURY","0","0","0","0","0","2","0","9","4","1","41.9454166467","-87.8046887713","POINT (-87.804688771289 41.945416646711)"
"41693f1c5ee6ea9fc8319253ae30f7b94abd658fe7083cfdf76e419a51673e30458db54037dbf67f001b7f1750cc62adaaeaf6c38bf88b48a7bd15cbbe70a388",,"2025-01-29T09:09:00.000","30","NO CONTROLS","NO CONTROLS","CLEAR","DAYLIGHT","TURNING","DIVIDED - W/MEDIAN (NOT RAISED)",,"STRAIGHT AND LEVEL","DRY","UNKNOWN","ON SCENE","NO INJURY / DRIVE AWAY",,,,"$500 OR LESS","2025-01-29T09:10:00.000","UNABLE TO DETERMINE","UNABLE TO DETERMINE","800","E","59TH ST","235",,,,,,,"2","NO INDICATION OF INJURY","0","0","0","0","0","3","0","9","4","1","41.7878059574","-87.6060226301","POINT (-87.606022630125 41.787805957421)"
"75d1b20790a8c19bbcf4652b598c2fcbab1d2ea25ce0b0cdfa6c379b0c4cb021f6fa667ada995de82f1bc66df17b37be473ea0b3ded818b8187aa6f00c79ce13",,"2025-01-29T09:09:00.000","30","STOP SIGN/FLASHER","FUNCTIONING PROPERLY","CLEAR","DAYLIGHT","ANGLE","NOT DIVIDED",,"STRAIGHT AND LEVEL","DRY","NO DEFECTS","ON SCENE","INJURY AND / OR TOW DUE TO CRASH",,,,"OVER $1,500","2025-01-29T09:25:00.000","FAILING TO YIELD RIGHT-OF-WAY","NOT APPLICABLE","2100","W","DIVISION ST","1424",,,,,,,"2","NONINCAPACITATING INJURY","1","0","0","1","0","1","0","9","4","1","41.903254515","-87.6798250453","POINT (-87.679825045347 41.903254515018)"
"fc4ea429bc4a3ff68756794f2ad188f3ce700632fd686798672d38e11b6354e3f24c435708780bdd4845c6ffa765e1f52930e50fba891552b008912d025f9bfa","Y","2025-01-29T09:00:00.000","30","NO CONTROLS","NO CONTROLS","CLEAR","DARKNESS, LIGHTED ROAD","PARKED MOTOR VEHICLE","NOT DIVIDED",,"STRAIGHT AND LEVEL","DRY","NO DEFECTS","NOT ON SCENE (DESK REPORT)","NO INJURY / DRIVE AWAY",,,"Y","OVER $1,500","2025-01-30T10:00:00.000","UNABLE TO DETERMINE","UNABLE TO DETERMINE","4543","W","MARQUETTE RD","833",,,,,,,"2","NO INDICATION OF INJURY","0","0","0","0","0","1","0","9","4","1","41.7711026102","-87.7364063425","POINT (-87.736406342471 41.771102610236)"
"37c2abce528748230773b50c93a7e87cb00161987d011bd0ced1070219e943c44d401fece28a71aedfeaf66277ee7c59ee5a24da0c6166e0030af349734dbb50",,"2025-01-29T08:58:00.000","25","UNKNOWN","UNKNOWN","CLEAR","DAYLIGHT","REAR END","DIVIDED - W/MEDIAN (NOT RAISED)",,"STRAIGHT AND LEVEL","DRY","NO DEFECTS","NOT ON SCENE (DESK REPORT)","NO INJURY / DRIVE AWAY",,,,"OVER $1,500","2025-01-29T09:40:00.000","UNABLE TO DETERMINE","UNABLE TO DETERMINE","2555","N","PULASKI RD","2524",,,,,,,"2","NO INDICATION OF INJURY","0","0","0","0","0","2","0","8","4","1","41.9279317269","-87.726723166","POINT (-87.726723165969 41.92793172692)"
"8def4e333c8571bc712343f1be2130ef12397bba141e9709bca388a9500d142707c660126af8e36561490b29427d1ab57864a68800bc5f924e146dfe104398d4",,"2025-01-29T08:53:00.000","30","NO CONTROLS","NO CONTROLS","CLEAR","DAYLIGHT","OTHER OBJECT","OTHER",,"STRAIGHT AND LEVEL","DRY","NO DEFECTS","ON SCENE","NO INJURY / DRIVE AWAY",,"Y","N","OVER $1,500","2025-01-29T08:55:00.000","NOT APPLICABLE","NOT APPLICABLE","2340","W","52ND ST","932",,,,,,,"1","NO INDICATION OF INJURY","0","0","0","0","0","1","0","8","4","1","41.7989375364","-87.6835163824","POINT (-87.683516382369 41.798937536372)"
"6c8ab13ab9eb10955da5dbd5eea19436d9bb00d92e26a35f87478c8daa66cf1a5a6b3f66f56a41efa365def72511986dcfd5b4ce17f7947dc245c06f8e37066d",,"2025-01-29T08:45:00.000","15","NO CONTROLS","NO CONTROLS","CLEAR","DAYLIGHT","PARKED MOTOR VEHICLE","PARKING LOT",,"STRAIGHT AND LEVEL","DRY","NO DEFECTS","ON SCENE","NO INJURY / DRIVE AWAY",,"Y",,"OVER $1,500","2025-01-29T10:19:00.000","DRIVING ON WRONG SIDE/WRONG WAY","DRIVING SKILLS/KNOWLEDGE/EXPERIENCE","2625","S","CALIFORNIA BLVD","1034",,,,,,,"2","NO INDICATION OF INJURY","0","0","0","0","0","1","0","8","4","1","41.843955257","-87.694495706","POINT (-87.694495706021 41.843955256958)"
"b0762a33c286de00f91fab09d6f05a49b547558e93b56b491f8f501962959f6b0c1c43f6efcea6881a869ef482a84d00785e3401398ccfb3016f638a77234210",,"2025-01-29T08:45:00.000","35","STOP SIGN/FLASHER","FUNCTIONING PROPERLY","CLEAR","DAYLIGHT","ANGLE","DIVIDED - W/MEDIAN (NOT RAISED)",,"STRAIGHT AND LEVEL","DRY","NO DEFECTS","ON SCENE","INJURY AND / OR TOW DUE TO CRASH","Y",,,"OVER $1,500","2025-01-29T08:50:00.000","FAILING TO YIELD RIGHT-OF-WAY","NOT APPLICABLE","9500","S","RACINE AVE","2213",,,,,,,"2","NO INDICATION OF INJURY","0","0","0","0","0","2","0","8","4","1","41.7212829773","-87.6530923935","POINT (-87.653092393511 41.721282977314)"
"5c803855095732650a4237977a25069fb762c8b589709395b894d6e625917139c7f32e5cf03a3a63e6ef3f890c546196eaf7ad86a2cfb5a2545fdc43b31d0bc0",,"2025-01-29T08:40:00.000","30","NO CONTROLS","NO CONTROLS","CLEAR","DAYLIGHT","SIDESWIPE SAME DIRECTION","NOT DIVIDED",,"STRAIGHT AND LEVEL","DRY","UNKNOWN","NOT ON SCENE (DESK REPORT)","NO INJURY / DRIVE AWAY",,,"Y","OVER $1,500","2025-01-29T09:11:00.000","UNABLE TO DETERMINE","UNABLE TO DETERMINE","7601","S","CICERO AVE","833",,,,,,,"2","NO INDICATION OF INJURY","0","0","0","0","0","2","0","8","4","1","41.7546601244","-87.7413847586","POINT (-87.741384758605 41.754660124394)"
"7146e4f1d1f52bfac85c8a5179255be353643a3989670ce561e60765fdeb7204ec32274effd04b14d9d2db81a2053e517e0fae979e2588a51a5866a8b6911a1a",,"2025-01-29T08:40:00.000","30","NO CONTROLS","NO CONTROLS","CLEAR","DAYLIGHT","REAR TO SIDE","NOT DIVIDED",,"STRAIGHT AND LEVEL","DRY","NO DEFECTS","NOT ON SCENE (DESK REPORT)","NO INJURY / DRIVE AWAY",,,"Y","$501 - $1,500","2025-01-29T09:05:00.000","IMPROPER BACKING","IMPROPER BACKING","1956","E","95TH ST","413",,,,,,,"2","NO INDICATION OF INJURY","0","0","0","0","0","2","0","8","4","1","41.7225773075","-87.5755024882","POINT (-87.57550248822 41.722577307537)"
"fbf2ac0fc6646fda40896b7a5db219293aaac05a8862a30d2f3fafd831f895d48acbd33a4d384ea5c7af02a621549804ecee5090da77724be878267f3412eb01",,"2025-01-29T08:40:00.000","25","STOP SIGN/FLASHER","FUNCTIONING PROPERLY","CLEAR","DAYLIGHT","REAR END","NOT DIVIDED",,"STRAIGHT AND LEVEL","DRY","NO DEFECTS","ON SCENE","NO INJURY / DRIVE AWAY","Y",,,"$500 OR LESS","2025-01-29T08:43:00.000","FAILING TO REDUCE SPEED TO AVOID CRASH","DRIVING SKILLS/KNOWLEDGE/EXPERIENCE","3702","N","DAMEN AVE","1921",,,,,,,"2","NO INDICATION OF INJURY","0","0","0","0","0","2","0","8","4","1","41.9487927627","-87.6787549138","POINT (-87.678754913763 41.948792762694)"
"3523fb34619b648ccb653835ac3152fa727e4a2be788cbe5e5bbe71c78ce2406d50d9d7aa287e698441a2baeaca1b11c76aea4e80e9fe6f65545251f480d9476",,"2025-01-29T08:35:00.000","30","NO CONTROLS","NO CONTROLS","CLEAR","DAYLIGHT","SIDESWIPE SAME DIRECTION","NOT DIVIDED",,"STRAIGHT AND LEVEL","DRY","NO DEFECTS","ON SCENE","NO INJURY / DRIVE AWAY",,,,"OVER $1,500","2025-01-29T08:40:00.000","NOT APPLICABLE","NOT APPLICABLE","1545","W","BELMONT AVE","1933",,,,,,,"2","NO INDICATION OF INJURY","0","0","0","0","0","2","0","8","4","1","41.9395936443","-87.6681348704","POINT (-87.668134870387 41.939593644261)"
"2ab0edbe72f382aeb7376d25b208cd8d83ce42664621df6ec7e1acfdcdaba2ec0744e168fd06e5b666c9cf7624614f69bc57ad1067681293bfe6cfe1de00bbbe",,"2025-01-29T08:30:00.000","30","NO CONTROLS","NO CONTROLS","CLEAR","DAYLIGHT","TURNING","NOT DIVIDED",,"STRAIGHT AND LEVEL","DRY","NO DEFECTS","NOT ON SCENE (DESK REPORT)","NO INJURY / DRIVE AWAY",,,"Y","$501 - $1,500","2025-01-29T09:00:00.000","FAILING TO YIELD RIGHT-OF-WAY","FAILING TO YIELD RIGHT-OF-WAY","3200","W","47TH ST","821",,,,,,,"2","NO INDICATION OF INJURY","0","0","0","0","0","3","0","8","4","1","41.8082262462","-87.7040316722","POINT (-87.70403167216 41.808226246244)"
"f3bac08f8748179d727f5484d5046c386f7f9acda3a916e3adf8c3070fe84a47202985fecaa17227466f591d15de18c72e3613b3c8aa6ca246908d71e50ef9e7",,"2025-01-29T08:30:00.000","30","NO CONTROLS","NO CONTROLS","CLEAR","DAYLIGHT","REAR END","DIVIDED - W/MEDIAN (NOT RAISED)",,"STRAIGHT AND LEVEL","DRY","UNKNOWN","ON SCENE","INJURY AND / OR TOW DUE TO CRASH",,,"Y","OVER $1,500","2025-01-29T08:32:00.000","UNABLE TO DETERMINE","UNABLE TO DETERMINE","2035","S","RACINE AVE","1235",,,,,,,"2","NONINCAPACITATING INJURY","1","0","0","1","0","1","0","8","4","1","41.8542003642","-87.6561710584","POINT (-87.656171058369 41.854200364176)"
"97d81ac569acd5cd68623ae36983b17baa1899ece32cf0dffa700454a40e4d8a97256f967a459bdeb38705a331e817e2e092bf0bca2bb5059dec4092ad8eeece",,"2025-01-29T08:25:00.000","30","NO CONTROLS","NO CONTROLS","CLEAR","DAYLIGHT","ANGLE","FOUR WAY",,"STRAIGHT AND LEVEL","DRY","NO DEFECTS",,"NO INJURY / DRIVE AWAY","Y",,"Y","OVER $1,500","2025-01-29T09:30:00.000","UNABLE TO DETERMINE","UNABLE TO DETERMINE","3432","W","OGDEN AVE","1021",,,,,,,"2","NO INDICATION OF INJURY","0","0","0","0","0","2","0","8","4","1","41.8559877066","-87.7113966844","POINT (-87.711396684388 41.855987706586)"
"b9cb052395828966deca07054fbcc171e6b223b2bd3188cf016fcb6efc56a8b92f711e436191893a8397896964238188c7d7987ca6b63ebd45cc1a902edcca77",,"2025-01-29T08:21:00.000","30","NO CONTROLS","NO CONTROLS","CLEAR","DAYLIGHT","PARKED MOTOR VEHICLE","NOT DIVIDED",,"STRAIGHT AND LEVEL","DRY","NO DEFECTS","ON SCENE","NO INJURY / DRIVE AWAY",,,,"OVER $1,500","2025-01-29T08:24:00.000","DRIVING SKILLS/KNOWLEDGE/EXPERIENCE","NOT APPLICABLE","2354","W","BIRCHWOOD AVE","2411",,,,,,,"2","NO INDICATION OF INJURY","0","0","0","0","0","1","0","8","4","1","42.0175440295","-87.6897121115","POINT (-87.689712111509 42.017544029496)"
"175cca6745ef0a6f67b3e54f1a82cc20374cc6dbb938024013f7dc9caf9cfd8d3502b03c97705cd7fde1a414b9ab16f11ca5ba958b2a1bfe48d9f64fd10b724b",,"2025-01-29T08:20:00.000","20","TRAFFIC SIGNAL","FUNCTIONING PROPERLY","CLEAR","DAYLIGHT","SIDESWIPE SAME DIRECTION","NOT DIVIDED",,"STRAIGHT AND LEVEL","DRY","NO DEFECTS","NOT ON SCENE (DESK REPORT)","NO INJURY / DRIVE AWAY",,,,"OVER $1,500","2025-01-29T09:10:00.000","IMPROPER LANE USAGE","IMPROPER LANE USAGE","9501","S","LOOMIS ST","2213",,,,,,,"2","NO INDICATION OF INJURY","0","0","0","0","0","2","0","8","4","1","41.721187686","-87.6575521575","POINT (-87.657552157497 41.721187685975)"