"crash_record_id","crash_date_est_i","crash_date","posted_speed_limit","traffic_control_device","device_condition","weather_condition","lighting_condition","first_crash_type","trafficway_type","lane_cnt","alignment","roadway_surface_cond","road_defect","report_type","crash_type","intersection_related_i","private_property_i","hit_and_run_i","damage","date_police_notified","prim_contributory_cause","sec_contributory_cause","street_no","street_direction","street_name","beat_of_occurrence","photos_taken_i","statements_taken_i","dooring_i","work_zone_i","work_zone_type","workers_present_i","num_units","most_severe_injury","injuries_total","injuries_fatal","injuries_incapacitating","injuries_non_incapacitating","injuries_reported_not_evident","injuries_no_indication","injuries_unknown","crash_hour","crash_day_of_week","crash_month","latitude","longitude","location"
"f1c65c9b70c5da7494dc963ceb1b437227abf83a135804c9d9e16ddc58a82a5817a5a6ca540732411e05ad1379d8566f5586d16437f82326a65a19237e75c168",,"2025-01-29T08:16:00.000","30","TRAFFIC SIGNAL","FUNCTIONING PROPERLY","CLEAR","DAYLIGHT","REAR END","FOUR WAY",,"STRAIGHT AND LEVEL","DRY","NO DEFECTS","NOT ON SCENE (DESK REPORT)","NO INJURY / DRIVE AWAY","Y",,,"$500 OR LESS","2025-01-29T09:00:00.000","FOLLOWING TOO CLOSELY","FOLLOWING TOO CLOSELY","3600","W","MONTROSE AVE","1723",,,,,,,"2","NO INDICATION OF INJURY","0","0","0","0","0","3","0","8","4","1","41.9611784957","-87.7181026024","POINT (-87.71810260241 41.961178495651)"
"3fd3a9856b48cabaf5b91bb973d1bc06e4ccc1f509dc2b257334539605bec4e59d582b0317ebc920fbdd223c4ed9041600ac7b144b2c8e795eae24cbe9d1d8f3",,"2025-01-29T08:15:00.000","30","UNKNOWN","UNKNOWN","CLEAR","UNKNOWN","REAR END","UNKNOWN",,"STRAIGHT AND LEVEL","UNKNOWN","UNKNOWN",,"NO INJURY / DRIVE AWAY",,,,"OVER $1,500","2025-01-29T12:55:00.000","UNABLE TO DETERMINE","UNABLE TO DETERMINE","3199","N","MONITOR AVE","2514",,,,,,,"2","NO INDICATION OF INJURY","0","0","0","0","0","2","0","8","4","1","41.9384073587","-87.7724224234","POINT (-87.772422423398 41.938407358696)"
"17f0e5ff48d1c34eab6929fe1a2d682742251befc4f89da9a4382e5d30065642fc9eb5b3fdd994ac2f462308f028dc07a5ce28acdc949aa64a2aa5fe17dfc239",,"2025-01-29T08:13:00.000","30","SCHOOL ZONE","NO CONTROLS","CLEAR","DAYLIGHT","SIDESWIPE SAME DIRECTION","DIVIDED - W/MEDIAN (NOT RAISED)",,"STRAIGHT AND LEVEL","DRY","UNKNOWN","ON SCENE","INJURY AND / OR TOW DUE TO CRASH",,,"Y","OVER $1,500","2025-01-29T08:15:00.000","IMPROPER OVERTAKING/PASSING","FAILING TO YIELD RIGHT-OF-WAY","1000","E","67TH ST","321",,,,,,,"2","REPORTED, NOT EVIDENT","1","0","0","0","1","1","0","8","4","1","41.7732984994","-87.6008439962","POINT (-87.600843996249 41.773298499376)"
"45ac0781b1f7ff078e84710473d8d13dfea5c1e34cc46b9ea9dcd5325078155e8c0deb0305a6699fe48554ec6c0a35c28f3e0e9dd13f5cbd360d8671a0f83c4d",,"2025-01-29T08:12:00.000","30","TRAFFIC SIGNAL","FUNCTIONING PROPERLY","CLEAR","DAYLIGHT","SIDESWIPE SAME DIRECTION","NOT DIVIDED",,"STRAIGHT AND LEVEL","DRY","NO DEFECTS","NOT ON SCENE (DESK REPORT)","NO INJURY / DRIVE AWAY","Y",,,"$500 OR LESS","2025-01-29T09:10:00.000","UNABLE TO DETERMINE","UNABLE TO DETERMINE","2","E","IDA B WELLS DR","113",,,,,,,"2","NO INDICATION OF INJURY","0","0","0","0","0","2","0","8","4","1","41.8757495339","-87.6275869352","POINT (-87.627586935154 41.875749533911)"
"54ff6d5c9ca791ef8eb482fe5d281a7873bb08dd49dab5a7c257073ffb1d415715f92c4fbcfaf2efd50e77e01ebc116c641e121db99663f661365a3c838c305c",,"2025-01-29T08:10:00.000","30","TRAFFIC SIGNAL","FUNCTIONING PROPERLY","CLEAR","DAYLIGHT","PEDESTRIAN","FOUR WAY",,"STRAIGHT AND LEVEL","DRY","NO DEFECTS","NOT ON SCENE (DESK REPORT)","INJURY AND / OR TOW DUE TO CRASH","Y",,,"$501 - $1,500","2025-01-29T10:12:00.000","FAILING TO YIELD RIGHT-OF-WAY","VISION OBSCURED (SIGNS, TREE LIMBS, BUILDINGS, ETC.)","100","S","STATE ST","112",,,,,,,"2","NONINCAPACITATING INJURY","1","0","0","1","0","1","0","8","4","1","41.8807151378","-87.6278760784","POINT (-87.627876078416 41.880715137843)"
"ca4e9d73748fe596a942b8f4b7271bf092c721e407e83212bb2ce79f5840bcc7405af458a1d6f493acb525ee526e59f9917934bb59faebcbdeb829ab3ba5247e",,"2025-01-29T08:10:00.000","30","NO CONTROLS","NO CONTROLS","CLEAR","DAYLIGHT","SIDESWIPE SAME DIRECTION","NOT DIVIDED",,"STRAIGHT AND LEVEL","DRY","NO DEFECTS","ON SCENE","NO INJURY / DRIVE AWAY",,,,"$501 - $1,500","2025-01-29T08:13:00.000","FAILING TO YIELD RIGHT-OF-WAY","NOT APPLICABLE","2700","N","SOUTHPORT AVE","1932",,,,,,,"2","NO INDICATION OF INJURY","0","0","0","0","0","2","0","8","4","1","41.9307961064","-87.6642825197","POINT (-87.664282519736 41.930796106357)"
"7b169b91bb86ddb236a21397299faada284e63905015b233da4630992f9d697d91c5bf5325c6192dfa9ee0866a6b8ed766c32d21e244c4e808d1348342e29356",,"2025-01-29T08:05:00.000","30","TRAFFIC SIGNAL","FUNCTIONING PROPERLY","CLEAR","DAYLIGHT","TURNING","NOT DIVIDED",,"STRAIGHT AND LEVEL","DRY","NO DEFECTS","ON SCENE","NO INJURY / DRIVE AWAY","Y",,,"OVER $1,500","2025-01-29T08:15:00.000","IMPROPER TURNING/NO SIGNAL","NOT APPLICABLE","401","S","MORGAN ST","1232",,,,,,,"2","NO INDICATION OF INJURY","0","0","0","0","0","3","0","8","4","1","41.8765744176","-87.6517260726","POINT (-87.651726072596 41.876574417577)"
"3a01e39b8997c8adf045f11b39d79d5a4ae97aa6fc1525fd47d7933832a87a8e60b9493a67b68f785d2fd9b1408a9d1b2f7b77c1c90d923499d8a929d01fff58",,"2025-01-29T08:00:00.000","25","NO CONTROLS","NO CONTROLS","CLEAR","DAYLIGHT","PARKED MOTOR VEHICLE","ONE-WAY",,"STRAIGHT AND LEVEL","DRY","NO DEFECTS","NOT ON SCENE (DESK REPORT)","NO INJURY / DRIVE AWAY",,,,"OVER $1,500","2025-01-29T08:20:00.000","IMPROPER OVERTAKING/PASSING","NOT APPLICABLE","3740","W","BELDEN AVE","2525",,,,,,,"2","NO INDICATION OF INJURY","0","0","0","0","0","8","0","8","4","1","41.9228321006","-87.7210622035","POINT (-87.72106220349 41.92283210062)"
"67bd359085e545bcd5570ae07ad837af01cf2e4923705fc3dcfe60f8fe6154fb011455a3d34af946d1027512c584a9189e5061645780bef0aaaad4e7651a92a4",,"2025-01-29T08:00:00.000","20","NO CONTROLS","NO CONTROLS","CLEAR","DAYLIGHT","SIDESWIPE SAME DIRECTION","FOUR WAY",,"STRAIGHT AND LEVEL","DRY","NO DEFECTS","NOT ON SCENE (DESK REPORT)","NO INJURY / DRIVE AWAY",,,,"$501 - $1,500","2025-01-29T11:15:00.000","NOT APPLICABLE","FAILING TO YIELD RIGHT-OF-WAY","3730","N","OAKLEY AVE","1921",,,,,,,"2","NO INDICATION OF INJURY","0","0","0","0","0","2","0","8","4","1","41.9495279471","-87.6860549562","POINT (-87.686054956152 41.949527947118)"
"a581fc97ac6863c60c7f1b126bddd8bd721af361cba51cd141248cdab85b419e05766e71dd51d8aff938dae696b2acb9f78347365d1e819542d2f3e59ecbae35","Y","2025-01-29T08:00:00.000","30","NO CONTROLS","NO CONTROLS","CLEAR","DAYLIGHT","PARKED MOTOR VEHICLE","OTHER",,"STRAIGHT AND LEVEL","DRY","NO DEFECTS","NOT ON SCENE (DESK REPORT)","NO INJURY / DRIVE AWAY",,,"Y","OVER $1,500","2025-01-29T14:15:00.000","NOT APPLICABLE","NOT APPLICABLE","1199","N","LONG AVE","1524",,,,,,,"2","NO INDICATION OF INJURY","0","0","0","0","0","1","0","8","4","1","41.9021828087","-87.760778183","POINT (-87.760778183044 41.902182808672)"
"b618384315987f7ebcc9fd398f714e030c112fd9616640534191113fced044c632a7b7a519a8b94104e126bf3df3495a1af1619daa610874064d0e64157d2eb1",,"2025-01-29T08:00:00.000","20","STOP SIGN/FLASHER","FUNCTIONING PROPERLY","CLEAR","DAYLIGHT","ANGLE","DIVIDED - W/MEDIAN (NOT RAISED)",,"STRAIGHT AND LEVEL","DRY","NO DEFECTS","NOT ON SCENE (DESK REPORT)","NO INJURY / DRIVE AWAY",,,,"OVER $1,500","2025-01-29T09:09:00.000","UNABLE TO DETERMINE","UNABLE TO DETERMINE","6324","N","NEWARK AVE","1611",,,,,,,"2","NO INDICATION OF INJURY","0","0","0","0","0","2","0","8","4","1","41.9957342255","-87.7986844286","POINT (-87.798684428615 41.995734225483)"
"d19aa4bd9f62ec19c7777fbf8392f476ffebe6355afa89cb7395c6040fbd865cb78e696bb545cdbf0879f61a327048c4ce65b864040468e7b220f5d96cc319cc",,"2025-01-29T08:00:00.000","30","NO CONTROLS","NO CONTROLS","CLEAR","DAYLIGHT","PARKED MOTOR VEHICLE","PARKING LOT",,"STRAIGHT AND LEVEL","DRY","NO DEFECTS","NOT ON SCENE (DESK REPORT)","NO INJURY / DRIVE AWAY",,"N","Y","OVER $1,500","2025-01-30T08:35:00.000","UNABLE TO DETERMINE","UNABLE TO DETERMINE","155","N","WOOD ST","1224",,,,,,,"2","NO INDICATION OF INJURY","0","0","0","0","0","1","0","8","4","1","41.8848383643","-87.6716964919","POINT (-87.671696491858 41.884838364258)"
"8ff0e825a0f90ff37390c83b6b8a45b58c4e59bbccb73cdc4beccdcf70aa3da36734cdd4aabfd9a2d9035b02d35582930941bbd4dd2d68a2d0084674e272aab8",,"2025-01-29T07:50:00.000","30","UNKNOWN","UNKNOWN","UNKNOWN","UNKNOWN","SIDESWIPE SAME DIRECTION","NOT DIVIDED",,"STRAIGHT AND LEVEL","UNKNOWN","UNKNOWN","NOT ON SCENE (DESK REPORT)","NO INJURY / DRIVE AWAY",,,"Y","$501 - $1,500","2025-01-29T08:11:00.000","UNABLE TO DETERMINE","UNABLE TO DETERMINE","5100","S","CHRISTIANA AVE","822",,,,,,,"2","NO INDICATION OF INJURY","0","0","0","0","0","5","0","7","4","1","41.8006793717","-87.7075985623","POINT (-87.707598562305 41.800679371654)"
"a389f97820d47b62522a7ee2abd803466307082494a50b126983bc70ba481391b2807fb64a717c24411d38f0f9c57f745b87fcee830ee93a4643098b438726db",,"2025-01-29T07:50:00.000","30","TRAFFIC SIGNAL","FUNCTIONING PROPERLY","CLEAR","DAYLIGHT","SIDESWIPE SAME DIRECTION","NOT DIVIDED",,"STRAIGHT AND LEVEL","DRY","NO DEFECTS","NOT ON SCENE (DESK REPORT)","NO INJURY / DRIVE AWAY",,,,"OVER $1,500","2025-01-29T08:45:00.000","UNABLE TO DETERMINE","UNABLE TO DETERMINE","2255","W","WILSON AVE","1911",,,,,,,"2","NO INDICATION OF INJURY","0","0","0","0","0","2","0","7","4","1","41.9648016072","-87.6860086481","POINT (-87.686008648069 41.964801607245)"
"e55c714c64f5ef43bbca769155e5153a05fef078d561df492dee097a2c540dc38b6a1f71847344c25d482a518328e02632863b7f1a2098ab95fd721c11532d4a",,"2025-01-29T07:48:00.000","30","TRAFFIC SIGNAL","FUNCTIONING PROPERLY","CLEAR","DAYLIGHT","PEDESTRIAN","FOUR WAY",,"STRAIGHT AND LEVEL","UNKNOWN","UNKNOWN","ON SCENE","INJURY AND / OR TOW DUE TO CRASH","Y",,"Y","OVER $1,500","2025-01-29T07:54:00.000","FAILING TO YIELD RIGHT-OF-WAY","UNABLE TO DETERMINE","699","W","51ST ST","935",,,,,,,"2","NONINCAPACITATING INJURY","1","0","0","1","0","1","0","7","4","1","41.8015173593","-87.6428402445","POINT (-87.642840244472 41.801517359336)"
"82fdcb3ee3e98e4c1f72fb0a061e632b7b6204905d9d7ec6ee3654c91db14627caac91ce2a95bd1817ace89fd8ab4a111f781f863cf6b6d7aa3449f2a58d057f",,"2025-01-29T07:46:00.000","35","NO CONTROLS","NO CONTROLS","CLEAR","DAYLIGHT","SIDESWIPE SAME DIRECTION","DIVIDED - W/MEDIAN BARRIER",,"STRAIGHT AND LEVEL","DRY","NO DEFECTS","ON SCENE","NO INJURY / DRIVE AWAY",,,,"$500 OR LESS","2025-01-29T07:57:00.000","DRIVING SKILLS/KNOWLEDGE/EXPERIENCE","UNABLE TO DETERMINE","3901","W","IRVING PARK RD","1732",,,,,,,"2","NO INDICATION OF INJURY","0","0","0","0","0","4","0","7","4","1","41.9535732608","-87.7252042878","POINT (-87.72520428776 41.953573260811)"
"0b1c63006d0da9095a42c537af1d46e60275e3882515961f7b4dcd9db7063e468cca4902859717d1273769d0d16200b1347971ccb7df992a943d4261cc467cad",,"2025-01-29T07:45:00.000","30","TRAFFIC SIGNAL","FUNCTIONING PROPERLY","CLEAR","DAYLIGHT","REAR END","NOT DIVIDED",,"STRAIGHT AND LEVEL","DRY","NO DEFECTS","NOT ON SCENE (DESK REPORT)","NO INJURY / DRIVE AWAY",,,,"OVER $1,500","2025-01-29T08:15:00.000","EQUIPMENT - VEHICLE CONDITION","NOT APPLICABLE","2600","N","ASHLAND AVE","1931",,,,,,,"2","NO INDICATION OF INJURY","0","0","0","0","0","3","0","7","4","1","41.9288670185","-87.6684221017","POINT (-87.668422101707 41.928867018523)"
"713071f4d665dbfb952a63f97b60724293a9daa62ab03ba39a2f821329cb700301e4f8c291aff1dc74324e9fa942d63aebf54f04caedc16a2b22eee3972badec",,"2025-01-29T07:45:00.000","15","NO CONTROLS","NO CONTROLS","CLEAR","DAYLIGHT","SIDESWIPE SAME DIRECTION","ONE-WAY",,"STRAIGHT AND LEVEL","DRY","NO DEFECTS","ON SCENE","INJURY AND / OR TOW DUE TO CRASH",,,,"OVER $1,500","2025-01-29T07:45:00.000","UNABLE TO DETERMINE","UNABLE TO DETERMINE","3105","N","MARMORA AVE","2514",,,,,,,"2","NO INDICATION OF INJURY","0","0","0","0","0","5","0","7","4","1","41.9368612169","-87.7735839614","POINT (-87.773583961398 41.936861216882)"
"ef41e0c6c517bc8f9aec844b61ffddc3efd314d237ea6697dabf089d8e4ba5555e8e0b2f55142a8d0f12722074ad28cca484d142fa5058d16b010533f20d2629",,"2025-01-29T07:40:00.000","35","TRAFFIC SIGNAL","FUNCTIONING PROPERLY","CLEAR","DAYLIGHT","SIDESWIPE SAME DIRECTION","DIVIDED - W/MEDIAN BARRIER",,"STRAIGHT AND LEVEL","DRY","NO DEFECTS","ON SCENE","NO INJURY / DRIVE AWAY",,,,"$500 OR LESS","2025-01-29T09:00:00.000","DRIVING SKILLS/KNOWLEDGE/EXPERIENCE","NOT APPLICABLE","5501","S","HARLEM AVE","811",,,,,,,"2","NO INDICATION OF INJURY","0","0","0","0","0","2","0","7","4","1","41.7918520654","-87.8013777989","POINT (-87.801377798929 41.79185206544)"
"0feb5c4bfdb255426b7d66d4b1920929bcc0cadc4b0b3f21a6694c4590ba00b1753aa89a8f90531eb096770df301a20e75232e4a9caf7526776ea16d1d8d7419",,"2025-01-29T07:32:00.000","30","STOP SIGN/FLASHER","FUNCTIONING PROPERLY","CLEAR","DAYLIGHT","ANGLE","NOT DIVIDED",,"STRAIGHT AND LEVEL","DRY","NO DEFECTS","ON SCENE","INJURY AND / OR TOW DUE TO CRASH","Y",,,"OVER $1,500","2025-01-29T07:34:00.000","UNABLE TO DETERMINE","NOT APPLICABLE","5900","S","NARRAGANSETT AVE","811",,,,,,,"2","NO INDICATION OF INJURY","0","0","0","0","0","5","0","7","4","1","41.7849512099","-87.7816840039","POINT (-87.781684003862 41.784951209892)"
"0483c1ebbb5a5bea542a60921a6c8c30cf0ce255dc2c9565794556e647f098af3a2a45505a680ceca697bf846e42a551eb1c0e5f6befe5684751a93b740c0a4c",,"2025-01-29T07:30:00.000","35","NO CONTROLS","NO CONTROLS","CLEAR","DAYLIGHT","SIDESWIPE SAME DIRECTION","NOT DIVIDED",,"STRAIGHT AND LEVEL","DRY","NO DEFECTS","ON SCENE","NO INJURY / DRIVE AWAY",,,,"OVER $1,500","2025-01-29T07:30:00.000","VISION OBSCURED (SIGNS, TREE LIMBS, BUILDINGS, ETC.)","UNABLE TO DETERMINE","5515","W","IRVING PARK RD","1633",,,,,,,"2","NO INDICATION OF INJURY","0","0","0","0","0","2","0","7","4","1","41.9530912678","-87.7651955686","POINT (-87.765195568592 41.953091267848)"
"663066c38cefa63406aa2289508ccc826f1c310a5fa360a98597bc00a6c1938516d89a1df1581ea9d4b87983406971a90e32ac75cb1a6ee6ef5b2dc8149d2c76","Y","2025-01-29T07:30:00.000","30","TRAFFIC SIGNAL","FUNCTIONING PROPERLY","CLEAR","DAYLIGHT","SIDESWIPE SAME DIRECTION","FOUR WAY",,"STRAIGHT AND LEVEL","DRY","NO DEFECTS","ON SCENE","NO INJURY / DRIVE AWAY",,,"Y","$500 OR LESS","2025-01-29T07:39:00.000","DISREGARDING ROAD MARKINGS","NOT APPLICABLE","1158","W","TAYLOR ST","1232",,,,,,,"2","NO INDICATION OF INJURY","0","0","0","0","0","3","0","7","4","1","41.8695278859","-87.6565987588","POINT (-87.656598758784 41.869527885895)"
"6741faa94607654b4bfba2c5a1c9ff0bd2bdea5f98fc71c741e07718634360934d7cdfbb63d05d594c7f9e091ada3793ab8fb084069273f4e9a2073a2a9d8efc",,"2025-01-29T07:30:00.000","15","NO CONTROLS","NO CONTROLS","CLEAR","DAYLIGHT","PARKED MOTOR VEHICLE","NOT DIVIDED",,"STRAIGHT AND LEVEL","DRY","NO DEFECTS","NOT ON SCENE (DESK REPORT)","NO INJURY / DRIVE AWAY",,,,"OVER $1,500","2025-01-29T09:00:00.000","UNABLE TO DETERMINE","NOT APPLICABLE","1531","N","DEARBORN PKWY","1824",,,,,,,"2","NO INDICATION OF INJURY","0","0","0","0","0","1","0","7","4","1","41.9103884216","-87.6300338763","POINT (-87.630033876292 41.910388421649)"
"a1c01902685cf31d7698cf53c2d028ed108b124bc476c29a8a88f0e3fa70e44067b9966863ac43e262a5292c1b6c0647c51ba3b8bca8215671494ca361690a11",,"2025-01-29T07:30:00.000","30","NO CONTROLS","NO CONTROLS","CLEAR","DAYLIGHT","SIDESWIPE SAME DIRECTION","NOT DIVIDED",,"STRAIGHT AND LEVEL","DRY","NO DEFECTS",,"NO INJURY / DRIVE AWAY",,,,"OVER $1,500","2025-01-29T16:30:00.000","FAILING TO YIELD RIGHT-OF-WAY","NOT APPLICABLE","3350","N","KENMORE AVE","1924",,,,,,,"2","NO INDICATION OF INJURY","0","0","0","0","0","2","0","7","4","1","41.9432305175","-87.6555691607","POINT (-87.655569160747 41.943230517522)"
"fa21aabdfddb4461651abd14fd96dad04684322173745fdf67a198d3fd9f7dba178658ce5f348100892015316b29879e5e9b5f99e50f95759e35ea3ffac53f4c",,"2025-01-29T07:27:00.000","30","NO CONTROLS","NO CONTROLS","CLEAR","DAYLIGHT","SIDESWIPE SAME DIRECTION","ONE-WAY",,"STRAIGHT AND LEVEL","DRY","NO DEFECTS","ON SCENE","INJURY AND / OR TOW DUE TO CRASH",,,,"OVER $1,500","2025-01-29T07:50:00.000","UNABLE TO DETERMINE","NOT APPLICABLE","855","W","FOSTER AVE","2024",,,,,,,"2","NO INDICATION OF INJURY","0","0","0","0","0","2","0","7","4","1","41.9763283569","-87.6522815911","POINT (-87.652281591142 41.976328356856)"
"01b0412906ca761e4e6c2c6fba14f22894aa37308b4ef03ad5f6320b9ffedbdc2a164e814acd81a90b06322e2306558c06778dbcd88a3f05e2ed300c98f9a531",,"2025-01-29T07:20:00.000","30","YIELD","NOT FUNCTIONING","CLEAR","DAYLIGHT","PEDESTRIAN","T-INTERSECTION",,"STRAIGHT AND LEVEL","DRY","NO DEFECTS","NOT ON SCENE (DESK REPORT)","NO INJURY / DRIVE AWAY",,,"Y","OVER $1,500","2025-01-29T13:18:00.000","FAILING TO YIELD RIGHT-OF-WAY","FOLLOWING TOO CLOSELY","101","N","MICHIGAN AVE","114",,,,,,,"2","NO INDICATION OF INJURY","0","0","0","0","0","2","0","7","4","1","41.8832966232","-87.624255795","POINT (-87.624255795047 41.883296623179)"
"2a6773589a7152731e15d1b07854bfdaab85daaf45cc2e27d2f99061cbf129b434a6e7fde52f53a27f6a651a0be424ff3895a0d243050e84c0623fc520ccc587",,"2025-01-29T07:20:00.000","40","NO CONTROLS","NO CONTROLS","CLEAR","DAYLIGHT","OTHER OBJECT","DIVIDED - W/MEDIAN BARRIER",,"STRAIGHT AND LEVEL","DRY","UNKNOWN","ON SCENE","INJURY AND / OR TOW DUE TO CRASH",,,,"OVER $1,500","2025-01-29T07:22:00.000","UNABLE TO DETERMINE","NOT APPLICABLE","3111","N","LAKE SHORE DR","1934",,,,,,,"1","NO INDICATION OF INJURY","0","0","0","0","0","3","0","7","4","1","41.9381283872","-87.6373194154","POINT (-87.637319415421 41.938128387184)"
"97a2e971b94573fe8d86b86138111f7b578bbec68471aafae7a65254a1b6aadb5c0c3715d295b9ee99524c04ef23b85bf18840ee13cb3850e17dd50304f65028",,"2025-01-29T07:20:00.000","30","NO CONTROLS","NO CONTROLS","CLEAR","DAYLIGHT","ANGLE","NOT DIVIDED",,"STRAIGHT AND LEVEL","DRY","NO DEFECTS","NOT ON SCENE (DESK REPORT)","NO INJURY / DRIVE AWAY",,,,"OVER $1,500","2025-01-29T07:40:00.000","UNABLE TO DETERMINE","NOT APPLICABLE","345","W","CHICAGO AVE","1831",,,,,,,"2","NO INDICATION OF INJURY","0","0","0","0","0","2","0","7","4","1","41.8964368602","-87.6374159297","POINT (-87.637415929661 41.896436860182)"
"2be4416bb6c6cfdbf6e73b60883c5dd6d598a096320eebb3c0df83e1aa2a12cf0bacc6720bb576c1147cb0b375bf9ffdfc6efdef1099fbaf3b6246c00f18a582",,"2025-01-29T07:15:00.000","35","STOP SIGN/FLASHER","FUNCTIONING PROPERLY","CLEAR","DAYLIGHT","ANGLE","NOT DIVIDED",,"STRAIGHT AND LEVEL","DRY","NO DEFECTS","ON SCENE","NO INJURY / DRIVE AWAY","Y",,,"OVER $1,500","2025-01-29T07:25:00.000","FAILING TO YIELD RIGHT-OF-WAY","NOT APPLICABLE","9900","S","GENOA AVE","2232",,,,,,,"2","NO INDICATION OF INJURY","0","0","0","0","0","2","0","7","4","1","41.714050888","-87.6521417474","POINT (-87.652141747427 41.714050888006)"
"4bd9a6ac56e5305f1bfaaef5da53a49052ed6ea607b7765fd8a185bb23dfbce5dc8433470596fa5da40877ba620f599020118919b4badf8b802aa2d03b9438f3",,"2025-01-29T07:15:00.000","30","OTHER","OTHER","CLEAR","DAYLIGHT","FIXED OBJECT","ONE-WAY",,"STRAIGHT AND LEVEL","DRY","NO DEFECTS","ON SCENE","INJURY AND / OR TOW DUE TO CRASH",,,,"OVER $1,500","2025-01-29T07:20:00.000","NOT APPLICABLE","NOT APPLICABLE","2658","S","LA SALLE ST","914",,,,,,,"1","REPORTED, NOT EVIDENT","1","0","0","0","1","0","0","7","4","1","41.844253348","-87.6311352932","POINT (-87.631135293195 41.844253348037)"
"9bbf5e8d874f2376a0374def4b1369a5c499c4b209f863a870a4d4d439ba799043ca026f564060b6a9e21a6aae1fff85344a16ab0a94bb186ad30f2ebab2db49",,"2025-01-29T07:15:00.000","30","NO CONTROLS","NO CONTROLS","CLEAR","DAYLIGHT","REAR END","NOT DIVIDED",,"STRAIGHT AND LEVEL","DRY","UNKNOWN","NOT ON SCENE (DESK REPORT)","NO INJURY / DRIVE AWAY",,,,"OVER $1,500","2025-01-29T07:51:00.000","UNABLE TO DETERMINE","UNABLE TO DETERMINE","4401","N","PULASKI RD","1723",,,,,,,"2","NO INDICATION OF INJURY","0","0","0","0","0","2","0","7","4","1","41.9610283804","-87.7276833905","POINT (-87.72768339047 41.961028380381)"
"9b1871a3f5959c1d345b2c288baa3afe5f73a7fd213bdbcd71c9f98fe83c3583908b67b9dca7b3d6bfe244bcaf05164f90c220f1ffd89c40f163586d2a9a8b13",,"2025-01-29T07:00:00.000","30","TRAFFIC SIGNAL","FUNCTIONING PROPERLY","CLEAR","DAYLIGHT","REAR END","ONE-WAY",,"STRAIGHT AND LEVEL","DRY","NO DEFECTS","NOT ON SCENE (DESK REPORT)","NO INJURY / DRIVE AWAY","Y",,,"$501 - $1,500","2025-01-29T11:20:00.000","FOLLOWING TOO CLOSELY","NOT APPLICABLE","1540","W","112TH PL","2234",,,,,,,"2","NO INDICATION OF INJURY","0","0","0","0","0","2","0","7","4","1","41.6893892585","-87.6617659657","POINT (-87.661765965733 41.68938925853)"
"d2106bd994276dbd0243bcca61c23e289b9d90f036bef8c6a992765d59d28d808501ee292e2a6c21a49eceab84ba72e1da4a8126b028897b2a81d274cdbdef02",,"2025-01-29T07:00:00.000","15","NO CONTROLS","NO CONTROLS","CLEAR","DARKNESS","PARKED MOTOR VEHICLE","NOT DIVIDED",,"STRAIGHT AND LEVEL","DRY","NO DEFECTS","ON SCENE","NO INJURY / DRIVE AWAY",,,"Y","OVER $1,500","2025-01-29T07:05:00.000","DRIVING SKILLS/KNOWLEDGE/EXPERIENCE","DRIVING SKILLS/KNOWLEDGE/EXPERIENCE","25","N","ALBANY AVE","1222",,,,,,,"3","NO INDICATION OF INJURY","0","0","0","0","0","1","0","7","4","1","41.8818117395","-87.7035347756","POINT (-87.703534775597 41.881811739532)"
"d7acbfa40580fa43ebbb6f603554e3e9abc95d902479296f312798236c4c3ced9f9104cacedf885e14e48d5fc8141324755e41af27275885b22a5009e382e429","Y","2025-01-29T07:00:00.000","30","NO CONTROLS","NO CONTROLS","CLEAR","DAYLIGHT","PARKED MOTOR VEHICLE","PARKING LOT",,"STRAIGHT AND LEVEL","DRY","NO DEFECTS",,"NO INJURY / DRIVE AWAY",,,"Y","OVER $1,500","2025-01-29T09:02:00.000","UNABLE TO DETERMINE","NOT APPLICABLE","1320","W","VAN BUREN ST","1231",,,,,,,"2","NO INDICATION OF INJURY","0","0","0","0","0","1","0","7","4","1","41.8765748656","-87.6602976168","POINT (-87.66029761682 41.876574865564)"
"f32c2d62a25c1a13b35a42df574239c96d8e0d236f284394fe602ec62039b20508c458822b839e5169ae41d006e2ce085216fc9d394d420cac4930117a0ab986",,"2025-01-29T07:00:00.000","30","NO CONTROLS","NO CONTROLS","CLEAR","DAWN","SIDESWIPE SAME DIRECTION","NOT DIVIDED",,"STRAIGHT AND LEVEL","DRY","NO DEFECTS","NOT ON SCENE (DESK REPORT)","NO INJURY / DRIVE AWAY",,,,"$501 - $1,500","2025-01-29T07:25:00.000","IMPROPER LANE USAGE","NOT APPLICABLE","2897","S","ARCHER AVE","913",,,,,,,"2","NO INDICATION OF INJURY","0","0","0","0","0","2","0","7","4","1","41.8417445364","-87.6574837434","POINT (-87.657483743378 41.841744536394)"
"15edd25aa1c0674ca2fafaea16fba724ca108cef63a1a3034c3f78af84d629e2ed522ecb8c9318c1d7840587d15090f0ba7046204968a0fa2a2771f66df5b636",,"2025-01-29T06:55:00.000","35","NO CONTROLS","NO CONTROLS","CLEAR","DAYLIGHT","REAR END","NOT DIVIDED",,"STRAIGHT AND LEVEL","DRY","NO DEFECTS","ON SCENE","NO INJURY / DRIVE AWAY",,,,"OVER $1,500","2025-01-29T07:01:00.000","FOLLOWING TOO CLOSELY","NOT APPLICABLE","1830","W","119TH ST","2234",,,,,,,"2","NO INDICATION OF INJURY","0","0","0","0","0","2","0","6","4","1","41.6775358486","-87.6674155334","POINT (-87.667415533388 41.67753584855)"