"crash_record_id","crash_date_est_i","crash_date","posted_speed_limit","traffic_control_device","device_condition","weather_condition","lighting_condition","first_crash_type","trafficway_type","lane_cnt","alignment","roadway_surface_cond","road_defect","report_type","crash_type","intersection_related_i","private_property_i","hit_and_run_i","damage","date_police_notified","prim_contributory_cause","sec_contributory_cause","street_no","street_direction","street_name","beat_of_occurrence","photos_taken_i","statements_taken_i","dooring_i","work_zone_i","work_zone_type","workers_present_i","num_units","most_severe_injury","injuries_total","injuries_fatal","injuries_incapacitating","injuries_non_incapacitating","injuries_reported_not_evident","injuries_no_indication","injuries_unknown","crash_hour","crash_day_of_week","crash_month","latitude","longitude","location"
"59f503456270a0edc354c58da81d1ba7e2334f570be40389905579b219cbb11f802594d7b8c1cfd59d1535c5d6a8b68494ca3e038f03e26316a73cb8ea7a97a5",,"2025-01-29T06:30:00.000","30","NO CONTROLS","NO CONTROLS","CLEAR","DARKNESS, LIGHTED ROAD","OTHER OBJECT","NOT DIVIDED",,"STRAIGHT AND LEVEL","DRY","NO DEFECTS","ON SCENE","INJURY AND / OR TOW DUE TO CRASH","Y",,"Y","OVER $1,500","2025-01-29T06:51:00.000","UNABLE TO DETERMINE","UNABLE TO DETERMINE","3503","W","CERMAK RD","1024",,,,,,,"1","NO INDICATION OF INJURY","0","0","0","0","0","1","0","6","4","1","41.8515886911","-87.7124799864","POINT (-87.712479986429 41.851588691098)"
"b40844755540d646d60e13f6de5df349688b760f9917bc94b67218e597b128565fb622844cf48b55e40f22c404c300ba3f48b2d7441295094c8fb6ee316bc1c2",,"2025-01-29T06:00:00.000","30","TRAFFIC SIGNAL","FUNCTIONING PROPERLY","OTHER","DARKNESS","ANGLE","FOUR WAY",,"STRAIGHT AND LEVEL","DRY","NO DEFECTS","NOT ON SCENE (DESK REPORT)","INJURY AND / OR TOW DUE TO CRASH","Y",,,"OVER $1,500","2026-01-07T08:00:00.000","DISREGARDING TRAFFIC SIGNALS","FAILING TO YIELD RIGHT-OF-WAY","100","E","ONTARIO ST","1834",,,,,,,"2","REPORTED, NOT EVIDENT","1","0","0","0","1","1","0","6","4","1","41.8934261467","-87.6253620246","POINT (-87.625362024568 41.893426146708)"
"1b9d79ad11e6389ffbfbae68beef9dba30bfff0456e8dc6d7390d81e3c84c03abc6e98aa4e522dd3dd8500c050ec9315483f6cc4ae510412e0a2ebe5bf2ce62a",,"2025-01-29T05:50:00.000","30","NO CONTROLS","NO CONTROLS","CLEAR","DARKNESS, LIGHTED ROAD","TURNING","NOT DIVIDED",,"STRAIGHT AND LEVEL","DRY","NO DEFECTS","ON SCENE","INJURY AND / OR TOW DUE TO CRASH","Y",,,"OVER $1,500","2025-01-29T06:00:00.000","FAILING TO YIELD RIGHT-OF-WAY","NOT APPLICABLE","3258","N","AUSTIN AVE","1633","N","N",,,,,"2","NO INDICATION OF INJURY","0","0","0","0","0","2","0","5","4","1","41.9402284645","-87.776430438","POINT (-87.776430437954 41.940228464523)"
"0fceda1520fb9acb595dc58892e773b979250e2f6f7ba43fe27b462d9c368191b35aab0ee528aa03107c67d05c4c72ff7743879abb98b389ef67822aa19951eb",,"2025-01-29T04:00:00.000","30","UNKNOWN","UNKNOWN","UNKNOWN","UNKNOWN","PARKED MOTOR VEHICLE","UNKNOWN",,"STRAIGHT AND LEVEL","UNKNOWN","UNKNOWN","NOT ON SCENE (DESK REPORT)","NO INJURY / DRIVE AWAY",,,"Y","OVER $1,500","2025-01-29T15:00:00.000","UNABLE TO DETERMINE","UNABLE TO DETERMINE","6326","W","HERMIONE ST","1611",,,,,,,"2","NO INDICATION OF INJURY","0","0","0","0","0","1","0","4","4","1","41.9951735676","-87.7859347464","POINT (-87.785934746427 41.995173567596)"
"01100dae5ab254376961276106d35e6bea044617104a8159955baa94f574d7f9af60353fc23ce2908b13b633bd5b0337a903b23d472425daa8faed919aadc327",,"2025-01-29T02:42:00.000","30","NO CONTROLS","NO CONTROLS","CLEAR","DARKNESS, LIGHTED ROAD","PARKED MOTOR VEHICLE","NOT DIVIDED",,"STRAIGHT AND LEVEL","DRY","NO DEFECTS","ON SCENE","INJURY AND / OR TOW DUE TO CRASH",,,"Y","$501 - $1,500","2025-01-29T02:42:00.000","UNABLE TO DETERMINE","UNABLE TO DETERMINE","5746","W","ROOSEVELT RD","1513",,,,,,,"2","NO INDICATION OF INJURY","0","0","0","0","0","2","0","2","4","1","41.8656457995","-87.7686815795","POINT (-87.768681579482 41.865645799488)"
"a0666edfe29fdd5bc422e58372d6abb3b93e0d5f1356e386752877517d3c1991e679ba8d8e443c25ef88304c75c921809b948d6f9be59c1e1ac9c55448aae3c9",,"2025-01-29T01:59:00.000","35","NO CONTROLS","UNKNOWN","CLEAR","DARKNESS, LIGHTED ROAD","PARKED MOTOR VEHICLE","NOT DIVIDED",,"STRAIGHT AND LEVEL","DRY","NO DEFECTS","ON SCENE","NO INJURY / DRIVE AWAY",,,,"OVER $1,500","2025-01-29T02:12:00.000","UNABLE TO DETERMINE","NOT APPLICABLE","549","E","73RD ST","323",,,,,,,"2","NO INDICATION OF INJURY","0","0","0","0","0","1","0","1","4","1","41.762027254","-87.6108187115","POINT (-87.610818711491 41.762027253975)"
"b00d9867017d712e744e09308530e3c4af957910fc1860d5be5b020b172f393d94189d7c4230d05693c6d594ae409254fc87c6f0cdb00e864f06a59997e004f0",,"2025-01-29T01:34:00.000","30","TRAFFIC SIGNAL","FUNCTIONING PROPERLY","CLEAR","DARKNESS, LIGHTED ROAD","ANGLE","NOT REPORTED",,"STRAIGHT AND LEVEL","DRY","NO DEFECTS","ON SCENE","INJURY AND / OR TOW DUE TO CRASH","Y",,,"OVER $1,500","2025-01-29T01:34:00.000","FAILING TO REDUCE SPEED TO AVOID CRASH","DISREGARDING OTHER TRAFFIC SIGNS","100","S","MICHIGAN AVE","112",,,,,,,"2","NONINCAPACITATING INJURY","3","0","0","1","2","2","0","1","4","1","41.8807706647","-87.6244830171","POINT (-87.624483017136 41.880770664748)"
"854de14a39868030adbe06db9339b36f6db7c07b460d47892d7f8e8fef94b61a4ba713e8060f684343416a6168ccf44bf0d4fe5602692aa1231ebde41298d046",,"2025-01-29T01:00:00.000","30","UNKNOWN","NO CONTROLS","CLEAR","DARKNESS, LIGHTED ROAD","REAR END","UNKNOWN",,"STRAIGHT AND LEVEL","DRY","UNKNOWN","NOT ON SCENE (DESK REPORT)","NO INJURY / DRIVE AWAY",,,,"OVER $1,500","2025-01-29T11:00:00.000","UNABLE TO DETERMINE","UNABLE TO DETERMINE","77","W","WACKER DR","111",,,,,,,"2","NO INDICATION OF INJURY","0","0","0","0","0","2","0","1","4","1","41.886707738","-87.6307945778","POINT (-87.630794577794 41.886707737973)"
"a4fbf7e7e40f9877a04c86247943998867d56931ae98ae89126df8828be15d3f34d134a5def365c64da50839f724908f5a69d143c2ecca2bf5841b052cdd4796",,"2025-01-29T00:59:00.000","30","UNKNOWN","UNKNOWN","CLEAR","DARKNESS, LIGHTED ROAD","PEDESTRIAN","DIVIDED - W/MEDIAN (NOT RAISED)",,"STRAIGHT AND LEVEL","DRY","NO DEFECTS","NOT ON SCENE (DESK REPORT)","INJURY AND / OR TOW DUE TO CRASH",,,"Y","$501 - $1,500","2025-01-29T01:00:00.000","NOT APPLICABLE","NOT APPLICABLE","860","E","63RD ST","313",,,,,,,"2","REPORTED, NOT EVIDENT","1","0","0","0","1","1","0","0","4","1","41.7805516742","-87.6035616797","POINT (-87.603561679715 41.78055167415)"
"e398b1d702a43c25c17771f5d18077c47185ec9cdcaa9a5a26a1eb86006eea0e2a4b9f526fb6f7dc7126b3ec2494fda0e4c8c1796c0d119f1a4135a347aeac8e",,"2025-01-29T00:50:00.000","15","NO CONTROLS","NO CONTROLS","CLEAR","UNKNOWN","FIXED OBJECT","ALLEY",,"STRAIGHT AND LEVEL","UNKNOWN","UNKNOWN","NOT ON SCENE (DESK REPORT)","NO INJURY / DRIVE AWAY",,,,"$500 OR LESS","2025-01-29T00:58:00.000","IMPROPER BACKING","NOT APPLICABLE","3947","W","LAWRENCE AVE","1723",,,,,,,"1","NO INDICATION OF INJURY","0","0","0","0","0","1","0","0","4","1","41.9681381509","-87.7274972945","POINT (-87.727497294461 41.968138150912)"
"98c95f025b01807e0fcc3edb0aaa77d07754210d948ae41d589725e6df57ef66f32aa8fc181158924e87ab0cf431c9e39983dca348935e9d08221cf2e61d26f6",,"2025-01-29T00:45:00.000","30","TRAFFIC SIGNAL","FUNCTIONING PROPERLY","CLEAR","DARKNESS, LIGHTED ROAD","TURNING","FOUR WAY",,"STRAIGHT AND LEVEL","DRY","NO DEFECTS","ON SCENE","INJURY AND / OR TOW DUE TO CRASH","Y",,,"OVER $1,500","2025-01-29T00:51:00.000","FAILING TO YIELD RIGHT-OF-WAY","IMPROPER TURNING/NO SIGNAL","7598","S","SOUTH CHICAGO AVE","411",,,,,,,"2","NONINCAPACITATING INJURY","2","0","0","2","0","0","0","0","4","1","41.7568252178","-87.5931949108","POINT (-87.593194910765 41.75682521784)"
"41d669d6e11fe225e04dbec28303d0d584f3dfc77c7d592b75d7eea119e77480c07ac07c6f98ed0d22bbc80fac22dc9bbf444963d7ae1bbd2051109c82e7e5f7",,"2025-01-29T00:01:00.000","30","NO CONTROLS","NO CONTROLS","CLEAR","UNKNOWN","PARKED MOTOR VEHICLE","ONE-WAY",,"STRAIGHT AND LEVEL","DRY","RUT, HOLES","ON SCENE","NO INJURY / DRIVE AWAY",,,"Y","OVER $1,500","2025-01-29T09:00:00.000","FAILING TO REDUCE SPEED TO AVOID CRASH","OPERATING VEHICLE IN ERRATIC, RECKLESS, CARELESS, NEGLIGENT OR AGGRESSIVE MANNER","3118","W","ARGYLE ST","1713",,,,,,,"2","NO INDICATION OF INJURY","0","0","0","0","0","1","0","0","4","1","41.9722136414","-87.7069608714","POINT (-87.706960871412 41.972213641353)"
"753cca05d53aaa017d974590f708cad7d9c3649c555b77cd9cee348076fab66c2a45b9d4b5fd1a1d0f647d720083b0f32b7092d897efa1e5e86b1f9831b3dff0",,"2025-01-28T22:47:00.000","30","NO CONTROLS","NO CONTROLS","CLEAR","DARKNESS, LIGHTED ROAD","SIDESWIPE SAME DIRECTION","ONE-WAY",,"STRAIGHT AND LEVEL","DRY","NO DEFECTS","ON SCENE","NO INJURY / DRIVE AWAY",,,,"OVER $1,500","2025-01-28T22:48:00.000","UNABLE TO DETERMINE","NOT APPLICABLE","5","W","TERMINAL ST","1655",,,,,,,"2","NO INDICATION OF INJURY","0","0","0","0","0","2","0","22","3","1",,,
"32d2d7548a8f19d2b128e9fe0cddf3622c65b9c37b6143f63c647060b0cfdee7be4d814922f918ea4185357e03822173565e1458882d5efe9447ed96ff7f9806",,"2025-01-28T22:40:00.000","30","TRAFFIC SIGNAL","FUNCTIONING PROPERLY","CLEAR","DARKNESS, LIGHTED ROAD","REAR END","NOT DIVIDED",,"STRAIGHT AND LEVEL","DRY","NO DEFECTS","ON SCENE","NO INJURY / DRIVE AWAY","Y",,"Y","OVER $1,500","2025-01-28T22:45:00.000","UNABLE TO DETERMINE","UNABLE TO DETERMINE","2500","S","HALSTED ST","913",,,,,,,"2","NO INDICATION OF INJURY","0","0","0","0","0","3","0","22","3","1","41.8471390028","-87.646632768","POINT (-87.646632767956 41.847139002778)"
"78aa7cae798bce5a942050cd97e33d2f35e137e7ae21d63f911537eae38c0ae14de8aa1b27709b1eb5994cbe7c1862bf90d7d1cdcd80d8b86722ed7b8d5b8353",,"2025-01-28T22:40:00.000","30","TRAFFIC SIGNAL","FUNCTIONING PROPERLY","CLEAR","DARKNESS, LIGHTED ROAD","REAR END","NOT DIVIDED",,"STRAIGHT AND LEVEL","DRY","NO DEFECTS","NOT ON SCENE (DESK REPORT)","NO INJURY / DRIVE AWAY",,,,"OVER $1,500","2025-01-29T18:00:00.000","FOLLOWING TOO CLOSELY","NOT APPLICABLE","2600","N","WESTERN AVE","1411",,,,,,,"2","NO INDICATION OF INJURY","0","0","0","0","0","2","0","22","3","1","41.9286697899","-87.6879222355","POINT (-87.687922235539 41.92866978991)"
"7624886a5111393229589f4eee6a93561e32d859d519b9903aeeb2a0a248080313f5db6903a97b5a1a5eaeb49590ebd803c8514c26da7b2c57c9554116e3ab37",,"2025-01-28T22:36:00.000","15","NO CONTROLS","NO CONTROLS","CLEAR","DARKNESS, LIGHTED ROAD","SIDESWIPE SAME DIRECTION","OTHER",,"STRAIGHT AND LEVEL","DRY","NO DEFECTS","ON SCENE","NO INJURY / DRIVE AWAY",,,"Y","OVER $1,500","2025-01-28T23:03:00.000","NOT APPLICABLE","NOT APPLICABLE","3201","W","MONTROSE AVE","1724",,,,,,,"2","NO INDICATION OF INJURY","0","0","0","0","0","3","0","22","3","1","41.9610767518","-87.7083085968","POINT (-87.708308596839 41.96107675183)"
"d2f041014d59c75880bbe4af9f121e60baefcd4d5b2786f703d61956c2b04760be847e154c0a64f30096149cac567c2930f76c286f44006743ea854b175dd869",,"2025-01-28T22:34:00.000","30","NO CONTROLS","NO CONTROLS","CLEAR","DARKNESS, LIGHTED ROAD","REAR END","Y-INTERSECTION",,"STRAIGHT AND LEVEL","DRY","NO DEFECTS","NOT ON SCENE (DESK REPORT)","NO INJURY / DRIVE AWAY",,,,"OVER $1,500","2025-01-29T01:30:00.000","UNABLE TO DETERMINE","NOT APPLICABLE","6501","S","RICHARDS DR","331",,,,,,,"2","NO INDICATION OF INJURY","0","0","0","0","0","2","0","22","3","1","41.7770527957","-87.5788088272","POINT (-87.578808827176 41.777052795691)"
"7f5bd3fa1c2ab02e1e7130169bcfd0f6593cb0a8bff87739254358c5f5fe939e3b8dd2c08408586dd0f91d90c12705a88a948b28e3301a3b81998bbdb9a17f0a",,"2025-01-28T22:30:00.000","30","TRAFFIC SIGNAL","FUNCTIONING PROPERLY","CLEAR","DARKNESS, LIGHTED ROAD","SIDESWIPE SAME DIRECTION","DIVIDED - W/MEDIAN (NOT RAISED)",,"STRAIGHT AND LEVEL","DRY","NO DEFECTS","NOT ON SCENE (DESK REPORT)","NO INJURY / DRIVE AWAY",,,,"$500 OR LESS","2025-01-30T18:30:00.000","FAILING TO YIELD RIGHT-OF-WAY","UNABLE TO DETERMINE","758","W","111TH ST","2233",,,,,,,"2","NO INDICATION OF INJURY","0","0","0","0","0","2","0","22","3","1","41.6924663418","-87.6423193693","POINT (-87.642319369263 41.692466341787)"
"9ec9b207746e4c52d65570723bf470ba0f6a51d64be54a5dc9cfa47ec64d43e05bc910f3a4032c7eb7d860881bc4b53b19e3c8b08fc63c20664bcd4c35b2c738",,"2025-01-28T22:30:00.000","30","TRAFFIC SIGNAL","FUNCTIONING PROPERLY","CLEAR","DUSK","TURNING","FOUR WAY",,"STRAIGHT AND LEVEL","DRY","NO DEFECTS","NOT ON SCENE (DESK REPORT)","NO INJURY / DRIVE AWAY",,,,"$501 - $1,500","2025-01-29T15:30:00.000","IMPROPER TURNING/NO SIGNAL","NOT APPLICABLE","785","W","111TH ST","2233",,,,,,,"2","NO INDICATION OF INJURY","0","0","0","0","0","2","0","22","3","1","41.6922468149","-87.6423162237","POINT (-87.642316223683 41.692246814917)"
"86bc8e07fb6b91582553d1ae972739f3449b45a5a8b3f9f0c674c87e2ee7da9e47434936c608fed511a9e5f154928b98c2c5e78c413c115c8d7c8d54ef62d2a0",,"2025-01-28T22:15:00.000","30","TRAFFIC SIGNAL","FUNCTIONING PROPERLY","CLEAR","DARKNESS, LIGHTED ROAD","PEDESTRIAN","DIVIDED - W/MEDIAN BARRIER",,"STRAIGHT AND LEVEL","DRY","NO DEFECTS","ON SCENE","INJURY AND / OR TOW DUE TO CRASH",,,"Y","$500 OR LESS","2025-01-28T22:19:00.000","FAILING TO YIELD RIGHT-OF-WAY","NOT APPLICABLE","1000","W","TAYLOR ST","1232",,,,,,,"2","INCAPACITATING INJURY","1","0","1","0","0","1","0","22","3","1","41.8696157979","-87.6511621833","POINT (-87.651162183323 41.869615797854)"
"043f92a1cddc5d60b1c2fd211a4f170bb02b375acd030036c0e59b91c672779c60234a8efefb86f4232ddbf77ebc2e34d0e2ec1eca225f3421a8bbaccb565d44",,"2025-01-28T22:09:00.000","35","TRAFFIC SIGNAL","FUNCTIONING PROPERLY","CLEAR","DAWN","ANGLE","NOT DIVIDED",,"STRAIGHT AND LEVEL","DRY","NO DEFECTS","ON SCENE","INJURY AND / OR TOW DUE TO CRASH","Y",,,"OVER $1,500","2025-01-28T22:11:00.000","UNABLE TO DETERMINE","UNABLE TO DETERMINE","3801","W","AUGUSTA BLVD","1112",,,,,,,"2","REPORTED, NOT EVIDENT","2","0","0","0","2","1","0","22","3","1","41.898953023","-87.721373141","POINT (-87.721373140994 41.898953023039)"
"ae90e84efc48e78e8df3f0f9fb730b1ccc0249e3f20582258afefd1386bf811cb6c54433d1c233cef2ba00ef54424e9008c2629c98d611b048069f3d9c93c0ed",,"2025-01-28T21:55:00.000","25","NO CONTROLS","NO CONTROLS","CLEAR","DARKNESS, LIGHTED ROAD","HEAD ON","DIVIDED - W/MEDIAN BARRIER",,"STRAIGHT AND LEVEL","DRY","NO DEFECTS","ON SCENE","INJURY AND / OR TOW DUE TO CRASH",,,"Y","OVER $1,500","2025-01-28T21:57:00.000","DRIVING ON WRONG SIDE/WRONG WAY","UNABLE TO DETERMINE","900","N","LAKE SHORE DR SB","1833",,,,,,,"2","NONINCAPACITATING INJURY","1","0","0","1","0","3","0","21","3","1","41.8993222788","-87.6187384331","POINT (-87.618738433114 41.899322278833)"
"a1185300e6cc48f869c97d612bd94e5233582deb4c359a4484b0e6c8ae247132f0ccfeae33ab933204776d7d9f9d4ec5262018b0067a36a7ed7306d519902b42",,"2025-01-28T21:47:00.000","20","NO CONTROLS","NO CONTROLS","CLEAR","DARKNESS, LIGHTED ROAD","PARKED MOTOR VEHICLE","ONE-WAY",,"STRAIGHT AND LEVEL","DRY","NO DEFECTS","ON SCENE","INJURY AND / OR TOW DUE TO CRASH",,,,"OVER $1,500","2025-01-28T21:47:00.000","DRIVING ON WRONG SIDE/WRONG WAY","UNABLE TO DETERMINE","4818","N","HAMILTON AVE","2032",,,,,,,"2",,,,,,,,,"21","3","1","41.9693523114","-87.6830322414","POINT (-87.683032241418 41.969352311413)"
"0a6b592e7f5ca2bb7a8febc47752fb729aaa4a58e0f650fbedd248bdb8fed9bfbb79cb01e505228814cff28143af43cfc0965a9f5dfd5d3407778fdaf5a4b801",,"2025-01-28T21:34:00.000","35","TRAFFIC SIGNAL","FUNCTIONING PROPERLY","CLEAR","DARKNESS, LIGHTED ROAD","SIDESWIPE SAME DIRECTION","NOT DIVIDED",,"STRAIGHT AND LEVEL","DRY","NO DEFECTS","ON SCENE","NO INJURY / DRIVE AWAY",,,,"$500 OR LESS","2025-01-28T21:34:00.000","DRIVING SKILLS/KNOWLEDGE/EXPERIENCE","NOT APPLICABLE","799","W","DIVISION ST","1822",,,,,,,"2","NO INDICATION OF INJURY","0","0","0","0","0","2","0","21","3","1","41.9035276712","-87.6480736456","POINT (-87.648073645642 41.903527671183)"
"ca3afa4c78587ffd46e88ebccacd4c59edb807830d094266ce2e34bdacc9f20366e82f79cf5d18d3660af7c4c6d170cc8836cf2c3ab40fa88a086fb476478d30",,"2025-01-28T21:30:00.000","30","NO CONTROLS","NO CONTROLS","CLEAR","DARKNESS, LIGHTED ROAD","SIDESWIPE SAME DIRECTION","DIVIDED - W/MEDIAN (NOT RAISED)",,"STRAIGHT AND LEVEL","DRY","NO DEFECTS","NOT ON SCENE (DESK REPORT)","NO INJURY / DRIVE AWAY",,,,"OVER $1,500","2025-01-31T22:15:00.000","FAILING TO YIELD RIGHT-OF-WAY","IMPROPER LANE USAGE","15","W","79TH ST","623",,,,,,,"2","NO INDICATION OF INJURY","0","0","0","0","0","2","0","21","3","1","41.7508303581","-87.6251802018","POINT (-87.625180201785 41.750830358086)"
"e833df6bf93bdc3c81b6dfd9ecf894d6ef961f9bf7f630dd3e23648305f44b607a9a98b00984eb78cab69601009defcc295931a2974b68f3da600725a9e56307",,"2025-01-28T21:20:00.000","30","STOP SIGN/FLASHER","FUNCTIONING PROPERLY","CLEAR","DARKNESS, LIGHTED ROAD","ANGLE","FOUR WAY",,"STRAIGHT AND LEVEL","DRY","NO DEFECTS","ON SCENE","NO INJURY / DRIVE AWAY","Y",,,"OVER $1,500","2025-01-28T21:25:00.000","FAILING TO YIELD RIGHT-OF-WAY","NOT APPLICABLE","1398","W","70TH ST","734",,,,,,,"2","NO INDICATION OF INJURY","0","0","0","0","0","2","0","21","3","1","41.7669117413","-87.6589563004","POINT (-87.658956300409 41.766911741326)"
"080c90d5ecefaa017b4fa5f81153c698fb3af512ed838245ee4a749e21d5d39a9170faf5fc59ce738aa9c14e08dd9b53606eabd020339d13455a62010e6c3b7d",,"2025-01-28T20:45:00.000","15","NO CONTROLS","NO CONTROLS","CLEAR","DARKNESS, LIGHTED ROAD","PARKED MOTOR VEHICLE","PARKING LOT",,"STRAIGHT AND LEVEL","DRY","NO DEFECTS","ON SCENE","NO INJURY / DRIVE AWAY",,,,"OVER $1,500","2025-01-28T20:50:00.000","DISTRACTION - FROM OUTSIDE VEHICLE","NOT APPLICABLE","3843","N","CALIFORNIA AVE","1733",,,,,,,"2","NO INDICATION OF INJURY","0","0","0","0","0","2","0","20","3","1","41.9516104486","-87.6980262401","POINT (-87.698026240087 41.95161044859)"
"333cf9e319d13729fbc5e669e2b0085e0c9eb07fd13afb52e790285a413dadf31a1f6260b08370c998ae4a1db305435b7e898fc5114d7d1ff78b38d97aa0d4e5",,"2025-01-28T20:40:00.000","30","TRAFFIC SIGNAL","FUNCTIONING PROPERLY","CLEAR","DUSK","PEDALCYCLIST","FOUR WAY",,"STRAIGHT AND LEVEL","DRY","NO DEFECTS","ON SCENE","INJURY AND / OR TOW DUE TO CRASH",,,,"$500 OR LESS","2025-01-28T20:45:00.000","FAILING TO YIELD RIGHT-OF-WAY","FAILING TO YIELD RIGHT-OF-WAY","41","W","WACKER DR","111",,,,,,,"2","NONINCAPACITATING INJURY","1","0","0","1","0","1","0","20","3","1","41.8867080859","-87.6296015631","POINT (-87.629601563147 41.886708085892)"
"dcccad631709f068b059a8b32c7cfed69cdf0dcb97e51acf8b6d96f6e86bf9db3d08a77b2600d3c923e989878fc8b22a23b96da9e5b619805e0a7cd27e17f750",,"2025-01-28T20:40:00.000","35","TRAFFIC SIGNAL","FUNCTIONING PROPERLY","CLEAR","DARKNESS, LIGHTED ROAD","TURNING","NOT DIVIDED",,"STRAIGHT AND LEVEL","DRY","NO DEFECTS","ON SCENE","INJURY AND / OR TOW DUE TO CRASH","Y",,,"OVER $1,500","2025-01-28T20:48:00.000","FAILING TO YIELD RIGHT-OF-WAY","FAILING TO REDUCE SPEED TO AVOID CRASH","2400","W","79TH ST","835",,,,,,,"2","REPORTED, NOT EVIDENT","1","0","0","0","1","2","0","20","3","1","41.750220168","-87.6828176925","POINT (-87.682817692537 41.750220167999)"
"e688afcd66a085e3a6af5d5007d1ee177f071c97745f8c4a6b00c80b64b99f0810a57d387735b20fbe4f315d47375f0f7d7e81ff313b9eee31dbd675ce4538da",,"2025-01-28T20:30:00.000","15","NO CONTROLS","NO CONTROLS","CLEAR","DARKNESS","PARKED MOTOR VEHICLE","PARKING LOT",,"STRAIGHT AND LEVEL","DRY","NO DEFECTS","ON SCENE","NO INJURY / DRIVE AWAY",,,,"OVER $1,500","2025-01-30T09:11:00.000","UNABLE TO DETERMINE","NOT APPLICABLE","401","E","BOWEN AVE","214",,,,,,,"2","NO INDICATION OF INJURY","0","0","0","0","0","1","0","20","3","1","41.8192285127","-87.6164517753","POINT (-87.616451775295 41.819228512714)"
"e89844509f9bbfd26c8f51eccd8ff074d4d6f3524ac4050e32c4e27c6d6d544af738fa9f3a781d4db38b8811f447f624e69dfff9ee2a5686aeff4e522d1c4eb7",,"2025-01-28T20:30:00.000","30","NO CONTROLS","NO CONTROLS","UNKNOWN","UNKNOWN","PARKED MOTOR VEHICLE","ONE-WAY",,"STRAIGHT AND LEVEL","UNKNOWN","UNKNOWN","NOT ON SCENE (DESK REPORT)","INJURY AND / OR TOW DUE TO CRASH",,,"Y","OVER $1,500","2025-01-29T09:30:00.000","UNABLE TO DETERMINE","NOT APPLICABLE","6243","S","KOLMAR AVE","813",,,,,,,"2","NO INDICATION OF INJURY","0","0","0","0","0","1","0","20","3","1","41.7790477678","-87.7360541986","POINT (-87.736054198562 41.77904776783)"
"5e014a71c6f4931381fdc9d59c0943341eb319bc26f0e589b0fb7db064fb24a3898c7cfbf5623ebb38e2e5a98c5623901720e99306ea560ed38f6ef1e990096b",,"2025-01-28T20:15:00.000","30","TRAFFIC SIGNAL","FUNCTIONING PROPERLY","CLEAR","DARKNESS, LIGHTED ROAD","ANIMAL","FOUR WAY",,"STRAIGHT AND LEVEL","UNKNOWN","UNKNOWN","NOT ON SCENE (DESK REPORT)","NO INJURY / DRIVE AWAY","Y",,"Y","$500 OR LESS","2025-01-28T21:00:00.000","FAILING TO YIELD RIGHT-OF-WAY","NOT APPLICABLE","1858","N","PULASKI RD","2534",,,,,,,"1","NO INDICATION OF INJURY","0","0","0","0","0","1","0","20","3","1","41.9152536816","-87.7266510051","POINT (-87.726651005093 41.915253681641)"
"71b10d62b53065f4297eeda1d54973a2495a137e0b4e3784c5512418407d60386b768f7060c9b79b4a23f2deb4158cc9f86dfa7d1930eab5e5c0f5a69e377371",,"2025-01-28T20:10:00.000","30","TRAFFIC SIGNAL","FUNCTIONING PROPERLY","CLEAR","DARKNESS, LIGHTED ROAD","REAR END","NOT DIVIDED",,"STRAIGHT AND LEVEL","DRY","NO DEFECTS","NOT ON SCENE (DESK REPORT)","NO INJURY / DRIVE AWAY",,,"Y","OVER $1,500","2025-01-28T20:35:00.000","FOLLOWING TOO CLOSELY","FOLLOWING TOO CLOSELY","1000","N","CICERO AVE","1531",,,,,,,"2","NO INDICATION OF INJURY","0","0","0","0","0","2","0","20","3","1","41.8987298306","-87.7460387132","POINT (-87.746038713154 41.898729830606)"
"be6b5bebe7ab884b1a336c05c412a48d07a3eb447d4b815c64f8e48603aee016fb725eb750226b3182e7eede1e946abf33e46d9c1bcc3b378d4eee31793942cc",,"2025-01-28T20:10:00.000","30","UNKNOWN","UNKNOWN","UNKNOWN","UNKNOWN","PARKED MOTOR VEHICLE","NOT DIVIDED",,"STRAIGHT AND LEVEL","UNKNOWN","UNKNOWN","NOT ON SCENE (DESK REPORT)","NO INJURY / DRIVE AWAY",,,"Y","$501 - $1,500","2025-01-28T20:15:00.000","UNABLE TO DETERMINE","NOT APPLICABLE","1110","W","FARWELL AVE","2431",,,,,,,"2","NO INDICATION OF INJURY","0","0","0","0","0","1","0","20","3","1","42.0069108699","-87.6590455766","POINT (-87.659045576567 42.006910869866)"
"f5f4db27f5038c653f9d50aeb05e02e4c05f6b923d23882a9cd5ad8d33573abea43efe8d79671cf22b57655f4fd744931b202e17900e8fcb77de2e65dc054883",,"2025-01-28T20:04:00.000","30","NO CONTROLS","NO CONTROLS","CLEAR","DARKNESS, LIGHTED ROAD","SIDESWIPE SAME DIRECTION","NOT DIVIDED",,"STRAIGHT AND LEVEL","DRY","NO DEFECTS","NOT ON SCENE (DESK REPORT)","NO INJURY / DRIVE AWAY",,,,"OVER $1,500","2025-01-28T20:35:00.000","IMPROPER TURNING/NO SIGNAL","UNABLE TO DETERMINE","3167","N","LINCOLN AVE","1933",,,,,,,"2","NO INDICATION OF INJURY","0","0","0","0","0","2","0","20","3","1","41.9394246217","-87.668110733","POINT (-87.668110732985 41.939424621694)"