"crash_record_id","crash_date_est_i","crash_date","posted_speed_limit","traffic_control_device","device_condition","weather_condition","lighting_condition","first_crash_type","trafficway_type","lane_cnt","alignment","roadway_surface_cond","road_defect","report_type","crash_type","intersection_related_i","private_property_i","hit_and_run_i","damage","date_police_notified","prim_contributory_cause","sec_contributory_cause","street_no","street_direction","street_name","beat_of_occurrence","photos_taken_i","statements_taken_i","dooring_i","work_zone_i","work_zone_type","workers_present_i","num_units","most_severe_injury","injuries_total","injuries_fatal","injuries_incapacitating","injuries_non_incapacitating","injuries_reported_not_evident","injuries_no_indication","injuries_unknown","crash_hour","crash_day_of_week","crash_month","latitude","longitude","location"
"bb74bceead170f188d9977da4fc474b72912dacadbe182677090b783ad62ab52ad1fc8a0285acccd2ce8a52275406c64d66def154ea24db140033e97366e9d54",,"2025-01-28T20:00:00.000","10","NO CONTROLS","NO CONTROLS","CLEAR","DARKNESS","REAR TO SIDE","PARKING LOT",,"STRAIGHT AND LEVEL","DRY","NO DEFECTS","NOT ON SCENE (DESK REPORT)","NO INJURY / DRIVE AWAY",,,"Y","$500 OR LESS","2025-01-28T21:05:00.000","UNABLE TO DETERMINE","UNABLE TO DETERMINE","721","E","103RD ST","512",,,,,,,"2","NO INDICATION OF INJURY","0","0","0","0","0","2","0","20","3","1","41.7073461546","-87.6056110011","POINT (-87.605611001065 41.707346154584)"
"1a49ecbd185adb0f1bfcca8a977b38f118442a4770c4f42e7a43423708a2f7efd8a58fb72b75378e614bb7b924a5f1f44bbeff02ea562dd8fcee2020542245d1",,"2025-01-28T19:45:00.000","30","STOP SIGN/FLASHER","FUNCTIONING PROPERLY","CLEAR","DARKNESS, LIGHTED ROAD","REAR END","DIVIDED - W/MEDIAN (NOT RAISED)",,"STRAIGHT AND LEVEL","DRY","NO DEFECTS","NOT ON SCENE (DESK REPORT)","NO INJURY / DRIVE AWAY","Y",,,"OVER $1,500","2025-01-28T21:00:00.000","FAILING TO REDUCE SPEED TO AVOID CRASH","PHYSICAL CONDITION OF DRIVER","6901","N","CALIFORNIA AVE","2411",,,,,,,"2","NO INDICATION OF INJURY","0","0","0","0","0","2","0","19","3","1","42.0066994627","-87.6996534953","POINT (-87.699653495336 42.006699462683)"
"03da326b23dd5c09a6e53651cb671ca92bbb0f042f03cb451df8d2541b0802ee7a429392806f984ec1b1e65bc425f29c131d2cc6f3eaf9b3e336b4086a9a40a3",,"2025-01-28T19:44:00.000","35","STOP SIGN/FLASHER","FUNCTIONING PROPERLY","CLEAR","DARKNESS, LIGHTED ROAD","SIDESWIPE OPPOSITE DIRECTION","FOUR WAY",,"STRAIGHT AND LEVEL","DRY","UNKNOWN","ON SCENE","NO INJURY / DRIVE AWAY","Y",,"Y","$501 - $1,500","2025-01-28T19:51:00.000","UNABLE TO DETERMINE","NOT APPLICABLE","831","W","EASTMAN ST","1822",,,,,,,"2","NO INDICATION OF INJURY","0","0","0","0","0","2","0","19","3","1","41.9073480473","-87.6493525641","POINT (-87.649352564089 41.907348047335)"
"7763fb3d42120b6ff0ea76b8eff0b8e295b157dca0745a15a07e90a4dcb026fa400fe69afb33289c58e071e12cdf2924b454b8da2b23d576864ecf1396056442",,"2025-01-28T19:30:00.000","30","NO CONTROLS","NO CONTROLS","CLEAR","DARKNESS, LIGHTED ROAD","TURNING","NOT DIVIDED",,"STRAIGHT AND LEVEL","UNKNOWN","UNKNOWN","ON SCENE","INJURY AND / OR TOW DUE TO CRASH",,,,"OVER $1,500","2025-01-28T19:32:00.000","IMPROPER TURNING/NO SIGNAL","NOT APPLICABLE","1620","S","ASHLAND AVE","1234",,,,,,,"2","NO INDICATION OF INJURY","0","0","0","0","0","2","0","19","3","1","41.8589323803","-87.6663305715","POINT (-87.666330571507 41.85893238032)"
"9324ea555754dfea24da64089d1eb3f5df0f09721f4553628ba8b6ab4562589efbb1eff374b14aa1165722116ab58a5ff5ea658642b615eb0f7aae91aac1c0f3",,"2025-01-28T19:30:00.000","30","UNKNOWN","UNKNOWN","CLEAR","DARKNESS, LIGHTED ROAD","SIDESWIPE SAME DIRECTION","ONE-WAY",,"STRAIGHT AND LEVEL","UNKNOWN","UNKNOWN","NOT ON SCENE (DESK REPORT)","NO INJURY / DRIVE AWAY",,,,"OVER $1,500","2025-01-28T20:00:00.000","UNABLE TO DETERMINE","UNABLE TO DETERMINE","369","W","GRAND AVE","1831",,,,,,,"2","NO INDICATION OF INJURY","0","0","0","0","0","2","0","19","3","1","41.8914193106","-87.6382213293","POINT (-87.638221329263 41.89141931063)"
"c0c843a121f4d2011cc3dc071f17d575aa5829a42ff10dbd8525ea9180d160520c0c34563d6d61b19608197ffac61df73306312f192de25cd21d8e55f7ce4c80",,"2025-01-28T19:30:00.000","5","NO CONTROLS","NO CONTROLS","CLEAR","DARKNESS, LIGHTED ROAD","FIXED OBJECT","PARKING LOT",,"STRAIGHT AND LEVEL","DRY","NO DEFECTS","NOT ON SCENE (DESK REPORT)","NO INJURY / DRIVE AWAY",,,,"OVER $1,500","2025-01-29T09:30:00.000","UNABLE TO DETERMINE","UNABLE TO DETERMINE","667","W","DIVERSEY PKWY","1935",,,,,,,"1","NO INDICATION OF INJURY","0","0","0","0","0","1","0","19","3","1","41.9326660117","-87.6461872718","POINT (-87.646187271815 41.932666011669)"
"038e04c0f8a9f0028ac4002a0ed385b0ffe13014c08f575a80368d561359fcca40ada22fdd62785bf516980aa14f7b783a6ac0bda50eaccaca2cce5198fa7e62",,"2025-01-28T19:00:00.000","15","NO CONTROLS","NO CONTROLS","CLEAR","DARKNESS","PARKED MOTOR VEHICLE","PARKING LOT",,"STRAIGHT AND LEVEL","DRY","NO DEFECTS","ON SCENE","NO INJURY / DRIVE AWAY",,"Y","Y","OVER $1,500","2025-01-28T19:53:00.000","UNABLE TO DETERMINE","UNABLE TO DETERMINE","642","N","PULASKI RD","1111","Y",,,,,,"2","NO INDICATION OF INJURY","0","0","0","0","0","1","0","19","3","1","41.8929311028","-87.7261568279","POINT (-87.726156827911 41.892931102846)"
"cbe970b0028edb7413b2516d4b354232f18d3513fcbd88369402880a7b8342cf2b4e50fec4facf6c0ff52c8b9713ec39e646cb881751cecbb762f02b18da1b6c",,"2025-01-28T19:00:00.000","25","STOP SIGN/FLASHER","OTHER","CLEAR","DARKNESS, LIGHTED ROAD","TURNING","T-INTERSECTION",,"STRAIGHT ON HILLCREST","DRY","UNKNOWN","NOT ON SCENE (DESK REPORT)","NO INJURY / DRIVE AWAY","Y",,,"OVER $1,500","2025-01-28T20:45:00.000","UNABLE TO DETERMINE","NOT APPLICABLE","7400","N","RIDGE BLVD","2411",,,,,,,"3","NO INDICATION OF INJURY","0","0","0","0","0","3","0","19","3","1","42.0160542559","-87.6843916863","POINT (-87.684391686318 42.016054255925)"
"6dd58f10f81722c05272cd7da230389c1eaf97e41c5187409957b0e492ce74577acb217abe7ee6b6e32debfb50b0e65340208956cb733e3633a72931698cb270",,"2025-01-28T18:50:00.000","25","NO CONTROLS","NO CONTROLS","CLEAR","DARKNESS, LIGHTED ROAD","REAR TO FRONT","NOT DIVIDED",,"STRAIGHT AND LEVEL","DRY","NO DEFECTS","ON SCENE","NO INJURY / DRIVE AWAY",,,,"$500 OR LESS","2025-01-28T18:50:00.000","OPERATING VEHICLE IN ERRATIC, RECKLESS, CARELESS, NEGLIGENT OR AGGRESSIVE MANNER","NOT APPLICABLE","1111","W","GRANVILLE AVE","2433",,,,,,,"2","NO INDICATION OF INJURY","0","0","0","0","0","3","0","18","3","1","41.9944607312","-87.6587888496","POINT (-87.658788849562 41.994460731192)"
"577b8502171f0d717848796407a89652544881a9601cec05296f927365cbe279edbc851c23c73f174415d0c840d67e928b79ed7588bcba1877c4f2f52d144f4c","Y","2025-01-28T18:45:00.000","30","UNKNOWN","UNKNOWN","CLEAR","DARKNESS","PEDESTRIAN","FOUR WAY",,"STRAIGHT AND LEVEL","UNKNOWN","UNKNOWN",,"INJURY AND / OR TOW DUE TO CRASH","Y",,,"$500 OR LESS","2025-01-29T00:28:00.000","FAILING TO REDUCE SPEED TO AVOID CRASH","UNABLE TO DETERMINE","3132","W","LAWRENCE AVE","1713",,,,,,,"2","NONINCAPACITATING INJURY","1","0","0","1","0","1","0","18","3","1","41.9685742223","-87.7073969233","POINT (-87.707396923289 41.96857422227)"
"96394dbafb860219e18b490165a0b0b9e9e066265d3a80faf7380e4f9ff6f8ecb3e2f8b6836bddfd3d91f22f2f608cf67d74ffad182c2c524ca94e9826e6c8ce",,"2025-01-28T18:44:00.000","35","NO CONTROLS","NO CONTROLS","CLEAR","DARKNESS","ANGLE","FOUR WAY",,"STRAIGHT AND LEVEL","DRY","NO DEFECTS",,"NO INJURY / DRIVE AWAY","Y",,,"OVER $1,500","2025-01-28T18:50:00.000","FAILING TO YIELD RIGHT-OF-WAY","NOT APPLICABLE","9700","S","DOBSON AVE","511",,,,,,,"2","NO INDICATION OF INJURY","0","0","0","0","0","2","0","18","3","1","41.7184814788","-87.5984467514","POINT (-87.598446751362 41.718481478797)"
"f7addaf8a2711b1dbe97139d21f77d8cd8f76978fb196512d3bb2ad3b7a2ca8235066a98899897f2ed3a6c9ad083292c7c60de78c368cd4550551b158c07da32",,"2025-01-28T18:44:00.000","30","NO CONTROLS","NO CONTROLS","CLEAR","DARKNESS, LIGHTED ROAD","PARKED MOTOR VEHICLE","DIVIDED - W/MEDIAN (NOT RAISED)",,"STRAIGHT AND LEVEL","DRY","NO DEFECTS","ON SCENE","INJURY AND / OR TOW DUE TO CRASH",,,"Y","OVER $1,500","2025-01-28T18:44:00.000","UNABLE TO DETERMINE","UNABLE TO DETERMINE","8459","S","RACINE AVE","613",,,,,,,"2","NO INDICATION OF INJURY","0","0","0","0","0","1","0","18","3","1","41.7396716273","-87.6532984642","POINT (-87.653298464242 41.739671627302)"
"40bc47530db0fb520cf25b6c1e1d1fa3cded8e42856b3265e330df295e87a8241920c93b0b3034b926fe21b8370b7daecb281623027e3f3a5cc7e3614f10f289",,"2025-01-28T18:30:00.000","30","STOP SIGN/FLASHER","FUNCTIONING PROPERLY","CLEAR","DUSK","ANGLE","FOUR WAY",,"STRAIGHT AND LEVEL","DRY","NO DEFECTS","ON SCENE","INJURY AND / OR TOW DUE TO CRASH","Y",,,"OVER $1,500","2025-01-28T18:45:00.000","FAILING TO YIELD RIGHT-OF-WAY","NOT APPLICABLE","2756","W","GREENLEAF AVE","2411",,,,,,,"2","REPORTED, NOT EVIDENT","1","0","0","0","1","2","0","18","3","1","42.0094764297","-87.6995691608","POINT (-87.699569160766 42.009476429738)"
"a7861b949f9de1cf8e187972885b717e8b8a8736661070e382a838f8fd59593b14ab1152928011db4c13348f2e9319c8277e40e51ad6102d9334c69f49874e4d",,"2025-01-28T18:24:00.000","30","TRAFFIC SIGNAL","FUNCTIONING PROPERLY","UNKNOWN","UNKNOWN","REAR END","NOT DIVIDED",,"STRAIGHT AND LEVEL","UNKNOWN","UNKNOWN","NOT ON SCENE (DESK REPORT)","NO INJURY / DRIVE AWAY",,,"Y","$501 - $1,500","2025-01-30T08:40:00.000","UNABLE TO DETERMINE","NOT APPLICABLE","3800","S","KEDZIE AVE","911",,,,,,,"2","NO INDICATION OF INJURY","0","0","0","0","0","2","0","18","3","1","41.8243563076","-87.7045936543","POINT (-87.704593654313 41.824356307608)"
"db5a8e2d6750f36d2bab0b5f04e119b6fc5990d7c683850a09dc2b82b54d25afde14376d13910f960986250007dbb9fdde269c34f6b604c67056227f6709f4fb",,"2025-01-28T18:18:00.000","30","UNKNOWN","UNKNOWN","CLEAR","DARKNESS, LIGHTED ROAD","REAR END","ONE-WAY",,"STRAIGHT AND LEVEL","UNKNOWN","UNKNOWN","NOT ON SCENE (DESK REPORT)","NO INJURY / DRIVE AWAY",,,"Y","OVER $1,500","2025-01-28T19:20:00.000","UNABLE TO DETERMINE","UNABLE TO DETERMINE","621","N","CLARK ST","1832",,,,,,,"2","NO INDICATION OF INJURY","0","0","0","0","0","2","0","18","3","1","41.8929847097","-87.6310165478","POINT (-87.63101654781 41.892984709702)"
"5e05820245fd0ebe171f773e80fbe05b99a45d910a0e9b17979128845ecee58178a07d72b0a05f164712b32adad48698e43d820392a12fc0ff1a9156e043885c",,"2025-01-28T18:15:00.000","30","TRAFFIC SIGNAL","FUNCTIONING PROPERLY","CLEAR","DARKNESS","SIDESWIPE SAME DIRECTION","OTHER",,"STRAIGHT AND LEVEL","DRY","NO DEFECTS","ON SCENE","NO INJURY / DRIVE AWAY",,,,"OVER $1,500","2025-01-28T18:36:00.000","FAILING TO YIELD RIGHT-OF-WAY","FAILING TO YIELD RIGHT-OF-WAY","317","N","CLARK ST","1831",,,,,,,"2","NO INDICATION OF INJURY","0","0","0","0","0","2","0","18","3","1","41.8879693353","-87.6308863378","POINT (-87.630886337829 41.887969335307)"
"c5a82e315cd5a980baf2d42265e89d3969fa4508c55597b910fe5d9b2293113fc15498cfa85107879c6b6f0e9e26bc54969bf34796fc73cdb4f7b8343c520be3",,"2025-01-28T18:15:00.000","30","TRAFFIC SIGNAL","FUNCTIONING PROPERLY","CLEAR","DARKNESS, LIGHTED ROAD","TURNING","DIVIDED - W/MEDIAN (NOT RAISED)",,"STRAIGHT AND LEVEL","DRY","NO DEFECTS","NOT ON SCENE (DESK REPORT)","NO INJURY / DRIVE AWAY","Y",,,"OVER $1,500","2025-01-28T18:15:00.000","UNABLE TO DETERMINE","UNABLE TO DETERMINE","6900","S","ASHLAND AVE","735",,,,,,,"2","NO INDICATION OF INJURY","0","0","0","0","0","2","0","18","3","1","41.7684549099","-87.664038433","POINT (-87.664038433009 41.768454909931)"
"df918a0d15ea0dff6e33d6f5872fe3f7ac88af75b1c18427353b67e61c5b11d21bec915bb9a050ae9e44bd29810bc5cc67dc8501a899062d5d61c624693b0588",,"2025-01-28T18:11:00.000","30","NO CONTROLS","NO CONTROLS","CLEAR","DARKNESS, LIGHTED ROAD","PARKED MOTOR VEHICLE","NOT DIVIDED",,"STRAIGHT AND LEVEL","DRY","UNKNOWN","NOT ON SCENE (DESK REPORT)","INJURY AND / OR TOW DUE TO CRASH",,,"Y","OVER $1,500","2025-01-30T13:50:00.000","UNABLE TO DETERMINE","NOT APPLICABLE","3726","N","RACINE AVE","1923",,,,,,,"2","NO INDICATION OF INJURY","0","0","0","0","0","1","0","18","3","1","41.9497520133","-87.6593801325","POINT (-87.659380132469 41.949752013301)"
"36a6055f6ee5ad5451759144ee55bddb7a9b90d1f5b7f3ce1fb466ead7e0cacfa798df3f26ddfa786067d9b4df1b1a8faa750299f4191f29b3e92da4dc64e025",,"2025-01-28T18:07:00.000","30","NO CONTROLS","NO CONTROLS","CLEAR","DUSK","REAR END","NOT DIVIDED",,"STRAIGHT AND LEVEL","DRY","NO DEFECTS","NOT ON SCENE (DESK REPORT)","NO INJURY / DRIVE AWAY",,,"N","$501 - $1,500","2025-01-28T22:40:00.000","UNABLE TO DETERMINE","NOT APPLICABLE","6706","S","KEDZIE AVE","831",,,,,,,"2","NO INDICATION OF INJURY","0","0","0","0","0","3","0","18","3","1","41.7714213144","-87.7031089882","POINT (-87.703108988228 41.771421314396)"
"7cc698cfa29392ffa7bc8d68f0308aa4482bb15a6f06d027e2df0fd7b65b3f6273013960c79da5a1964301387023af56f6a0bc48213ff2fc112cf7bf3038b055",,"2025-01-28T18:00:00.000","30","NO CONTROLS","NO CONTROLS","CLEAR","DARKNESS","REAR END","DIVIDED - W/MEDIAN BARRIER",,"STRAIGHT AND LEVEL","DRY","NO DEFECTS","NOT ON SCENE (DESK REPORT)","INJURY AND / OR TOW DUE TO CRASH",,,,"OVER $1,500","2025-01-28T19:55:00.000","FOLLOWING TOO CLOSELY","NOT APPLICABLE","8942","S","STONY ISLAND AVE","413",,,,,,,"2","REPORTED, NOT EVIDENT","2","0","0","0","2","1","0","18","3","1","41.7319922539","-87.5856879961","POINT (-87.585687996108 41.731992253881)"
"c5c7743fdaaa613b8a9597a177f7846d94a4b35b9587cee86b17f3e8f0d8365635990511e2bf69f530dd311c9ae0a97f581146a0ef45509a521fd70e9c6d05f2",,"2025-01-28T17:50:00.000","30","NO CONTROLS","NO CONTROLS","CLEAR","UNKNOWN","PEDESTRIAN","NOT DIVIDED",,"STRAIGHT AND LEVEL","UNKNOWN","NO DEFECTS","NOT ON SCENE (DESK REPORT)","INJURY AND / OR TOW DUE TO CRASH",,,"Y","$500 OR LESS","2025-01-29T12:20:00.000","UNABLE TO DETERMINE","UNABLE TO DETERMINE","3401","W","DEVON AVE","1711",,,,,,,"2","NONINCAPACITATING INJURY","1","0","0","1","0","1","0","17","3","1","41.9971983987","-87.714346233","POINT (-87.714346233033 41.997198398678)"
"095446a8594e3c2e63c07f57da47b002ffd6f1c99bfebe81c59a6afdc138ecfe3d5029d2adc7d4a96288bd6acb2826379727c5cd30648e1ab60d3bde42caf058",,"2025-01-28T17:47:00.000","30","TRAFFIC SIGNAL","FUNCTIONING PROPERLY","CLEAR","DUSK","SIDESWIPE SAME DIRECTION","NOT DIVIDED",,"STRAIGHT AND LEVEL","DRY","NO DEFECTS","NOT ON SCENE (DESK REPORT)","NO INJURY / DRIVE AWAY",,,,"OVER $1,500","2025-01-29T08:30:00.000","UNABLE TO DETERMINE","NOT APPLICABLE","829","N","MICHIGAN AVE","1833",,,,,,,"2","NO INDICATION OF INJURY","0","0","0","0","0","2","0","17","3","1","41.8975266986","-87.6239875752","POINT (-87.623987575215 41.897526698563)"
"04dd2bbdcf5b8f5cdfdd4314a5ad8ba0f524778ca007682eb629cf8009c7853f0f5578d17d235b0a15226930333a0d621954f4ece804478aff708ed065fb3376",,"2025-01-28T17:45:00.000","30","NO CONTROLS","NO CONTROLS","CLEAR","DARKNESS","SIDESWIPE SAME DIRECTION","DIVIDED - W/MEDIAN BARRIER",,"STRAIGHT AND LEVEL","DRY","NO DEFECTS","NOT ON SCENE (DESK REPORT)","NO INJURY / DRIVE AWAY",,,"Y","OVER $1,500","2025-01-29T14:57:00.000","UNABLE TO DETERMINE","NOT APPLICABLE","503","S","DAMEN AVE","1225",,,,,,,"2","NO INDICATION OF INJURY","0","0","0","0","0","2","0","17","3","1","41.8749123753","-87.6763365018","POINT (-87.67633650181 41.874912375318)"
"46ed7b3a743fae1a60eeb1706f747975e7150a5018f38fdab93909663a44944418b58fba186bea418b4ad3e29325a194eac4d675c090b8a3d9f641ed2cb8ece8",,"2025-01-28T17:40:00.000","30","TRAFFIC SIGNAL","FUNCTIONING PROPERLY","CLEAR","DARKNESS, LIGHTED ROAD","REAR END","DIVIDED - W/MEDIAN (NOT RAISED)",,"STRAIGHT AND LEVEL","DRY","NO DEFECTS","NOT ON SCENE (DESK REPORT)","NO INJURY / DRIVE AWAY",,,,"OVER $1,500","2025-01-28T18:00:00.000","UNABLE TO DETERMINE","NOT APPLICABLE","6646","S","HALSTED ST","723",,,,,,,"2","NO INDICATION OF INJURY","0","0","0","0","0","2","0","17","3","1","41.7728706346","-87.6447537839","POINT (-87.644753783889 41.772870634607)"
"7b4610abd20f1d9390c8e4aaf9ddce04a483c90e9b75af7052b2807bbb0ca7ea0f101f1c4e2ec1e69fdd6dd37534857a627839b6fdd2fcbf062ad039b8753219",,"2025-01-28T17:40:00.000","30","TRAFFIC SIGNAL","FUNCTIONING PROPERLY","CLEAR","DARKNESS, LIGHTED ROAD","PEDESTRIAN","DIVIDED - W/MEDIAN (NOT RAISED)",,"STRAIGHT AND LEVEL","DRY","UNKNOWN","ON SCENE","INJURY AND / OR TOW DUE TO CRASH",,,,"OVER $1,500","2025-01-28T17:43:00.000","UNABLE TO DETERMINE","FAILING TO YIELD RIGHT-OF-WAY","1604","N","WESTERN AVE","1434",,,,,,,"2","REPORTED, NOT EVIDENT","1","0","0","0","1","1","0","17","3","1","41.9105217123","-87.687373375","POINT (-87.687373374987 41.910521712337)"
"65db85bd6fa3dc40ab4193363f21bd61f8b2193b67ee1523fa732847420e905f2b60bc647ce2f2e7b7a9ea8185bb0144897d2e6966a3a326c9e6e063122f4a36",,"2025-01-28T17:38:00.000","30","NO CONTROLS","NO CONTROLS","CLEAR","DARKNESS","HEAD ON","DRIVEWAY",,"STRAIGHT AND LEVEL","DRY","NO DEFECTS","NOT ON SCENE (DESK REPORT)","NO INJURY / DRIVE AWAY",,,,"$501 - $1,500","2025-01-28T18:45:00.000","UNABLE TO DETERMINE","NOT APPLICABLE","1301","W","98TH ST","2213",,,,,,,"2","NO INDICATION OF INJURY","0","0","0","0","0","2","0","17","3","1","41.7158074483","-87.6553466554","POINT (-87.655346655358 41.71580744826)"
"8d3d385e7c03209a4ec3ac4ca38e9eb6f89f4839bba9a2f3d98c155b3a68de515a687c9e2fafcc4fc42bb5465ffdf5c22da97d509f2cabb6d7ff5001f1284b0d",,"2025-01-28T17:38:00.000","30","STOP SIGN/FLASHER","FUNCTIONING PROPERLY","CLEAR","DARKNESS, LIGHTED ROAD","PEDESTRIAN","FOUR WAY",,"STRAIGHT AND LEVEL","DRY","NO DEFECTS",,"INJURY AND / OR TOW DUE TO CRASH","Y",,,"$501 - $1,500","2025-01-28T18:01:00.000","FAILING TO REDUCE SPEED TO AVOID CRASH","UNABLE TO DETERMINE","2900","N","NARRAGANSETT AVE","2511",,,,,,,"2","NONINCAPACITATING INJURY","1","0","0","1","0","1","0","17","3","1","41.9329204246","-87.7859006894","POINT (-87.785900689402 41.932920424589)"
"4b218daad4779eaf470e7889eeb931594f799c8a8e6255f0191807ff0b223207e5be2b90407af227b6f03c1e913c9c8f9a8cd6c60873da3f0fa1af5e9edaa701",,"2025-01-28T17:30:00.000","35","TRAFFIC SIGNAL","FUNCTIONING PROPERLY","CLEAR","DARKNESS, LIGHTED ROAD","REAR END","FOUR WAY",,"STRAIGHT AND LEVEL","DRY","NO DEFECTS","NOT ON SCENE (DESK REPORT)","NO INJURY / DRIVE AWAY",,,,"OVER $1,500","2025-01-28T18:00:00.000","UNABLE TO DETERMINE","UNABLE TO DETERMINE","7900","S","STONY ISLAND AVE","411",,,,,,,"2","NO INDICATION OF INJURY","0","0","0","0","0","3","0","17","3","1","41.7514606032","-87.585971993","POINT (-87.585971992965 41.751460603167)"
"5b59ad765b86064d448527f6f6083fb11e8ee23524ac5b777adb6996f4f84ecf52870e61b693003e0401173960bb0f796ea10d48c83b34bd1050b0f05f17468f",,"2025-01-28T17:30:00.000","30","TRAFFIC SIGNAL","UNKNOWN","UNKNOWN","UNKNOWN","SIDESWIPE SAME DIRECTION","NOT DIVIDED",,"STRAIGHT AND LEVEL","UNKNOWN","UNKNOWN","NOT ON SCENE (DESK REPORT)","NO INJURY / DRIVE AWAY",,,,"$501 - $1,500","2025-01-28T20:40:00.000","UNABLE TO DETERMINE","NOT APPLICABLE","1637","W","95TH ST","2213",,,,,,,"2","NO INDICATION OF INJURY","0","0","0","0","0","2","0","17","3","1","41.7210817355","-87.6642733839","POINT (-87.664273383911 41.721081735483)"
"65347ed5e1b71a4803a876f671cfff19c52fceb318b4b0f7e4b809b0b0dda6bae395cd9a810995428f5ef89841cb063d86a4721e73d48ef94b4c40c5db62f999",,"2025-01-28T17:23:00.000","30","NO CONTROLS","NO CONTROLS","UNKNOWN","DUSK","PARKED MOTOR VEHICLE","DIVIDED - W/MEDIAN (NOT RAISED)",,"STRAIGHT AND LEVEL","UNKNOWN","UNKNOWN","NOT ON SCENE (DESK REPORT)","NO INJURY / DRIVE AWAY",,,"Y","OVER $1,500","2025-02-04T16:30:00.000","IMPROPER BACKING","FAILING TO REDUCE SPEED TO AVOID CRASH","2116","W","GRAND AVE","1221",,,,,,,"2","NO INDICATION OF INJURY","0","0","0","0","0","1","0","17","3","1","41.890881805","-87.680086519","POINT (-87.680086518977 41.89088180498)"
"a49aafaeb48fedc6e3304f49914a30948ed913545fbb2bc8627acdf174c23aef03df0be28ffdf8937ec3d626df454748bd88ec9c799893e83307560e81c3161e",,"2025-01-28T17:20:00.000","30","TRAFFIC SIGNAL","FUNCTIONING PROPERLY","CLEAR","DUSK","REAR END","FOUR WAY",,"STRAIGHT AND LEVEL","DRY","NO DEFECTS","ON SCENE","NO INJURY / DRIVE AWAY",,,"Y","$500 OR LESS","2025-01-28T17:28:00.000","FOLLOWING TOO CLOSELY","FAILING TO REDUCE SPEED TO AVOID CRASH","2601","S","STATE ST","133",,,,,,,"2","NO INDICATION OF INJURY","0","0","0","0","0","2","0","17","3","1","41.8455282987","-87.626611141","POINT (-87.626611141041 41.845528298716)"
"315b6425453961790251cc8d67c1b1ad36b5e3d19e271f977e6e5e815ebdd87c255935bfd8c3c5acd5191dc1b817440f1c441ac0a14b63cdb83ea25f6f535d91",,"2025-01-28T17:19:00.000","30","STOP SIGN/FLASHER","FUNCTIONING PROPERLY","CLOUDY/OVERCAST","DAYLIGHT","ANGLE","FOUR WAY",,"STRAIGHT AND LEVEL","DRY","NO DEFECTS","ON SCENE","INJURY AND / OR TOW DUE TO CRASH","Y",,"Y","OVER $1,500","2025-01-28T17:25:00.000","FAILING TO YIELD RIGHT-OF-WAY","NOT APPLICABLE","2200","W","GRAND AVE","1221",,,,,,,"3","NONINCAPACITATING INJURY","1","0","0","1","0","3","0","17","3","1","41.8908503935","-87.6819293868","POINT (-87.681929386762 41.890850393537)"
"7716db8c45ac881f19988dca9de638c9c5bdaa920be300dab03c6e7868024897b1895f86932c70cb387d258f960f16b6a89427e0d9b0d6a3e0d9764f9666f57e",,"2025-01-28T17:11:00.000","30","TRAFFIC SIGNAL","FUNCTIONING PROPERLY","CLEAR","DARKNESS, LIGHTED ROAD","REAR END","ONE-WAY",,"STRAIGHT AND LEVEL","DRY","NO DEFECTS",,"NO INJURY / DRIVE AWAY",,,"N","OVER $1,500","2025-01-28T18:00:00.000","UNABLE TO DETERMINE","UNABLE TO DETERMINE","678","N","ORLEANS ST","1831",,,,,,,"2","NO INDICATION OF INJURY","0","0","0","0","0","2","0","17","3","1","41.8947091562","-87.6372715049","POINT (-87.637271504933 41.894709156227)"
"91467bb7df8fc74d6e863047e530330e612659aa54113586d41c2e4b18b8f4dacc98c026566b937135aab724e82685cdb91b06a5cc6b1c56a6e4b78e81a327ca","Y","2025-01-28T17:10:00.000","30","STOP SIGN/FLASHER","FUNCTIONING PROPERLY","CLEAR","DARKNESS, LIGHTED ROAD","ANGLE","OTHER",,"STRAIGHT AND LEVEL","DRY","NO DEFECTS","ON SCENE","INJURY AND / OR TOW DUE TO CRASH",,,,"OVER $1,500","2025-01-28T17:33:00.000","FAILING TO YIELD RIGHT-OF-WAY","NOT APPLICABLE","59","E","46TH ST","215",,,,,,,"2","NO INDICATION OF INJURY","0","0","0","0","0","2","0","17","3","1","41.8109746119","-87.6237855955","POINT (-87.623785595483 41.810974611939)"
"1fbf38c415cbb06ca4f9d54da868d2326afeb70285c0a1f858d3038028f2b3b4f01afa59f703906d7ff8aadd281997026142c071b8565513a8c7cc211340b2be",,"2025-01-28T17:00:00.000","10","NO CONTROLS","NO CONTROLS","CLEAR","DUSK","OTHER OBJECT","PARKING LOT",,"STRAIGHT AND LEVEL","DRY","NO DEFECTS","ON SCENE","NO INJURY / DRIVE AWAY",,"Y",,"OVER $1,500","2025-01-28T17:25:00.000","UNABLE TO DETERMINE","NOT APPLICABLE","7150","W","ARCHER AVE","811",,,,,,,"1","NO INDICATION OF INJURY","0","0","0","0","0","1","0","17","3","1","41.7920564795","-87.8010589933","POINT (-87.801058993326 41.792056479464)"
"7396244cafc6d54fef3252ace7aec19de85c41f756bc0abecac4b1e2a2560810d96e7fc31a04ba2de9b73b1277fd69c94bfe608049e041debb89e5596eb3a9a5",,"2025-01-28T17:00:00.000","30","TRAFFIC SIGNAL","FUNCTIONING PROPERLY","CLEAR","DARKNESS, LIGHTED ROAD","TURNING","NOT DIVIDED",,"STRAIGHT AND LEVEL","DRY","NO DEFECTS","ON SCENE","NO INJURY / DRIVE AWAY",,,"Y","$500 OR LESS","2025-01-28T17:26:00.000","FOLLOWING TOO CLOSELY","NOT APPLICABLE","2333","N","ASHLAND AVE","1811",,,,,,,"2","NO INDICATION OF INJURY","0","0","0","0","0","3","0","17","3","1","41.924324863","-87.6679664277","POINT (-87.667966427682 41.924324862983)"