"crash_record_id","crash_date_est_i","crash_date","posted_speed_limit","traffic_control_device","device_condition","weather_condition","lighting_condition","first_crash_type","trafficway_type","lane_cnt","alignment","roadway_surface_cond","road_defect","report_type","crash_type","intersection_related_i","private_property_i","hit_and_run_i","damage","date_police_notified","prim_contributory_cause","sec_contributory_cause","street_no","street_direction","street_name","beat_of_occurrence","photos_taken_i","statements_taken_i","dooring_i","work_zone_i","work_zone_type","workers_present_i","num_units","most_severe_injury","injuries_total","injuries_fatal","injuries_incapacitating","injuries_non_incapacitating","injuries_reported_not_evident","injuries_no_indication","injuries_unknown","crash_hour","crash_day_of_week","crash_month","latitude","longitude","location"
"1a4f4e5b6c73b20e52f0c302d84110407a7d7332777bf2a281733088b0f363e53aa62b618c9bceb65727aedb5f2d726176f978db3f25d97e3178873c40148636",,"2025-01-28T13:45:00.000","30","TRAFFIC SIGNAL","FUNCTIONING PROPERLY","CLEAR","DAYLIGHT","SIDESWIPE SAME DIRECTION","NOT DIVIDED",,"STRAIGHT AND LEVEL","DRY","NO DEFECTS",,"NO INJURY / DRIVE AWAY",,,,"OVER $1,500","2025-01-28T15:25:00.000","NOT APPLICABLE","NOT APPLICABLE","4200","W","63RD ST","813",,,,,,,"3","NO INDICATION OF INJURY","0","0","0","0","0","4","0","13","3","1","41.7787078627","-87.7277079901","POINT (-87.727707990149 41.778707862748)"
"e700a9584a266ffbe39fd580ec4783a78bae6fad28cc0e80664d1a78d0f487f4e992ed485bfd5dd0a875231f02ea87ec5fb7de5347c3fb028539482f08fb69c6",,"2025-01-28T13:45:00.000","30","NO CONTROLS","NO CONTROLS","CLEAR","DAYLIGHT","PARKED MOTOR VEHICLE","PARKING LOT",,"STRAIGHT AND LEVEL","UNKNOWN","NO DEFECTS","ON SCENE","NO INJURY / DRIVE AWAY",,"Y","Y","$501 - $1,500","2025-01-28T14:25:00.000","UNABLE TO DETERMINE","NOT APPLICABLE","326","S","WELLS ST","122",,,,,,,"2","NO INDICATION OF INJURY","0","0","0","0","0","1","0","13","3","1","41.877459033","-87.6338560441","POINT (-87.633856044085 41.877459033036)"
"72ce94a1c39141121ba1b799c2fc655694773391eeb766b6769369dbe17ce12c716b5c905ffe1915126d4e9b7e584d84ce10a6d6d536bfe339258e9f56ab49bf",,"2025-01-28T13:35:00.000","30","OTHER","OTHER","CLEAR","DAYLIGHT","PEDESTRIAN","DIVIDED - W/MEDIAN BARRIER",,"STRAIGHT AND LEVEL","DRY","NO DEFECTS","ON SCENE","INJURY AND / OR TOW DUE TO CRASH",,,,"OVER $1,500","2025-01-28T13:59:00.000","NOT APPLICABLE","NOT APPLICABLE","535","N","MICHIGAN AVE","1834",,,,,,,"2","REPORTED, NOT EVIDENT","1","0","0","0","1","1","0","13","3","1","41.8918970758","-87.6240162886","POINT (-87.624016288559 41.891897075755)"
"cc7db23770d8cdc99bfdee36235aeed00f5b76eb7917c609303c6ee2078377680df559b1790f344f2eab823b72f41976a7585d95409cd78261b487cafd8cfc2c",,"2025-01-28T13:34:00.000","30","TRAFFIC SIGNAL","FUNCTIONING PROPERLY","CLEAR","DAYLIGHT","REAR END","FOUR WAY",,"STRAIGHT AND LEVEL","DRY","NO DEFECTS",,"INJURY AND / OR TOW DUE TO CRASH","Y",,,"$500 OR LESS","2025-01-28T13:36:00.000","UNABLE TO DETERMINE","UNABLE TO DETERMINE","11501","S","HALSTED ST","524",,,,,,,"2","REPORTED, NOT EVIDENT","2","0","0","0","2","1","0","13","3","1","41.6850295867","-87.6420045322","POINT (-87.642004532189 41.685029586669)"
"1079f12073cd2a3cfb3e00ea64c96c055b52fe75a16dc8dd16556845713061f9799c1d2e8cae8208aac7b81a471a2739101565e742a6bc2266fb9ca05b4d95e3",,"2025-01-28T13:31:00.000","30","TRAFFIC SIGNAL","FUNCTIONING PROPERLY","CLEAR","DAYLIGHT","ANGLE","FOUR WAY",,"STRAIGHT AND LEVEL","DRY","NO DEFECTS","ON SCENE","NO INJURY / DRIVE AWAY","Y",,,"OVER $1,500","2025-01-28T13:31:00.000","DRIVING SKILLS/KNOWLEDGE/EXPERIENCE","DISREGARDING TRAFFIC SIGNALS","9900","S","HALSTED ST","2232",,,,,,,"2","NO INDICATION OF INJURY","0","0","0","0","0","7","0","13","3","1","41.7141188681","-87.6431454082","POINT (-87.643145408182 41.71411886809)"
"0fa6dae7ea605eb027225897477f0f2213d4e85e272e3429b3de73c0c538ce71775cdf283f33c2163374f2f7a76faafb835e16a42bc2b8cd697bed4866729814",,"2025-01-28T13:30:00.000","30","TRAFFIC SIGNAL","FUNCTIONING PROPERLY","CLEAR","DAYLIGHT","REAR END","NOT DIVIDED",,"STRAIGHT AND LEVEL","DRY","NO DEFECTS","NOT ON SCENE (DESK REPORT)","NO INJURY / DRIVE AWAY",,,,"OVER $1,500","2025-01-28T14:07:00.000","FOLLOWING TOO CLOSELY","NOT APPLICABLE","5501","S","CENTRAL AVE","813",,,,,,,"2","NO INDICATION OF INJURY","0","0","0","0","0","2","0","13","3","1","41.7926452812","-87.7621532655","POINT (-87.762153265459 41.792645281195)"
"27fff3f194371f90c46cff6d30541b02a26779e259bb495b3899ca12f6b5c7ee7fa3514a439ddee8676439a4ae2877afc09dfa515d1b7c58f11ead873c0d9c57","Y","2025-01-28T13:30:00.000","40","TRAFFIC SIGNAL","FUNCTIONING PROPERLY","CLEAR","DAYLIGHT","REAR END","ONE-WAY",,"STRAIGHT AND LEVEL","DRY","NO DEFECTS","NOT ON SCENE (DESK REPORT)","NO INJURY / DRIVE AWAY",,,,"OVER $1,500","2025-01-28T14:00:00.000","DISTRACTION - FROM INSIDE VEHICLE","NOT APPLICABLE","299","S","LAKE SHORE DR NB","114",,,,,,,"2","NO INDICATION OF INJURY","0","0","0","0","0","2","0","13","3","1","41.8784445153","-87.6170550926","POINT (-87.617055092582 41.878444515253)"
"e68a3a317982afcd402b30f5ed7d8fefe8a027b70745381a00f662ada71f4fa900ec5f8116c945955d47d0aed521c664d590d184d8dd2447de5b3c5782ea83c9",,"2025-01-28T13:30:00.000","30","NO CONTROLS","NO CONTROLS","CLEAR","DAYLIGHT","TURNING","NOT DIVIDED",,"STRAIGHT AND LEVEL","DRY","NO DEFECTS","ON SCENE","INJURY AND / OR TOW DUE TO CRASH",,,,"$501 - $1,500","2025-01-28T13:35:00.000","IMPROPER TURNING/NO SIGNAL","DRIVING SKILLS/KNOWLEDGE/EXPERIENCE","4607","S","ST LAWRENCE AVE","221",,,,,,,"2","NONINCAPACITATING INJURY","1","0","0","1","0","1","0","13","3","1","41.8110607081","-87.6113488184","POINT (-87.611348818387 41.811060708092)"
"6ae1c2c788f02dc24ae8a2ad526ea1ec8341f26f0e4d247db06b76aa3811a146d83349a8050391b1a90e8e5c54c773b7778f622d3d200267154735911b58ccce","Y","2025-01-28T13:20:00.000","25","TRAFFIC SIGNAL","FUNCTIONING PROPERLY","CLEAR","DAYLIGHT","ANGLE","NOT DIVIDED",,"STRAIGHT AND LEVEL","DRY","NO DEFECTS","ON SCENE","INJURY AND / OR TOW DUE TO CRASH","Y",,,"OVER $1,500","2025-01-28T13:26:00.000","DISREGARDING TRAFFIC SIGNALS","UNABLE TO DETERMINE","3300","S","UNION AVE","915",,"Y",,,,,"2","NONINCAPACITATING INJURY","2","0","0","2","0","3","0","13","3","1","41.8343396085","-87.6439021603","POINT (-87.643902160323 41.834339608486)"
"67f9106fa599d90edc444bb8d9a67351b4bf53a57c88d45ff30fc0b4a4d05d7ce93be77de9754951d8cd0b64036c4c8dff20b6956a1c0302249ccbac8d7d9b18",,"2025-01-28T13:15:00.000","30","NO CONTROLS","NO CONTROLS","CLEAR","DAYLIGHT","SIDESWIPE OPPOSITE DIRECTION","DIVIDED - W/MEDIAN (NOT RAISED)",,"STRAIGHT AND LEVEL","DRY","NO DEFECTS","NOT ON SCENE (DESK REPORT)","NO INJURY / DRIVE AWAY",,,"Y","OVER $1,500","2025-01-28T13:30:00.000","UNABLE TO DETERMINE","UNABLE TO DETERMINE","11040","S","LONGWOOD DR","2212",,,,,,,"2","NO INDICATION OF INJURY","0","0","0","0","0","2","0","13","3","1","41.6931744803","-87.6716841774","POINT (-87.671684177412 41.693174480318)"
"a06c093400524dde6ffd28b11b5b95a5eb1d6691d9b3ede34ab67d1517d29ee0a0c0760043c7348b2143620d91aeea457a4649a70e0961a96a1be5eb9d03a685",,"2025-01-28T13:15:00.000","10","NO CONTROLS","NO CONTROLS","CLEAR","DAYLIGHT","PARKED MOTOR VEHICLE","NOT DIVIDED",,"STRAIGHT AND LEVEL","DRY","UNKNOWN","ON SCENE","NO INJURY / DRIVE AWAY",,,,"$501 - $1,500","2025-01-28T13:56:00.000","VISION OBSCURED (SIGNS, TREE LIMBS, BUILDINGS, ETC.)","NOT APPLICABLE","4100","W","84TH ST","834",,,,,,,"2","NO INDICATION OF INJURY","0","0","0","0","0","1","0","13","3","1","41.7404120567","-87.7241128991","POINT (-87.724112899104 41.740412056663)"
"60630e8d0a91d1094270dfdd66c4b1b4a6628eeb9f2ed3a4b84d0204fd117eebc5824f059ec5218c4f9eae269e5996ffec08dfc6a94470be3ae381d94dbc9960",,"2025-01-28T13:10:00.000","20","NO CONTROLS","NO CONTROLS","CLEAR","DAYLIGHT","SIDESWIPE SAME DIRECTION","DIVIDED - W/MEDIAN (NOT RAISED)",,"STRAIGHT AND LEVEL","DRY","NO DEFECTS","NOT ON SCENE (DESK REPORT)","NO INJURY / DRIVE AWAY",,,,"OVER $1,500","2025-01-28T17:43:00.000","FAILING TO YIELD RIGHT-OF-WAY","UNABLE TO DETERMINE","1901","S","WESTERN AVE","1234",,,,,,,"2","NO INDICATION OF INJURY","0","0","0","0","0","2","0","13","3","1","41.8556653236","-87.6855898295","POINT (-87.685589829503 41.85566532356)"
"a2550bf2afa3f1e1410f7d53557edd3fb205c42e2d12fa3dbaab6bbcaf0a5c77f88bc16db21df5e8ec12ce14224a1cc9e06ad0609282a2cdd8a49df5563f9191",,"2025-01-28T13:00:00.000","30","NO CONTROLS","NO CONTROLS","CLEAR","DAYLIGHT","REAR TO REAR","NOT DIVIDED",,"STRAIGHT AND LEVEL","DRY","NO DEFECTS","NOT ON SCENE (DESK REPORT)","NO INJURY / DRIVE AWAY",,,,"$501 - $1,500","2025-01-28T13:35:00.000","UNABLE TO DETERMINE","UNABLE TO DETERMINE","4701","W","FOSTER AVE","1712",,,,,,,"2","NO INDICATION OF INJURY","0","0","0","0","0","2","0","13","3","1","41.9752605117","-87.7456803998","POINT (-87.745680399798 41.975260511682)"
"bef5b4a2659eaea9ac646c787ffd7533422ac155f4a0c1c0b4ce8b061df46950ce710080bbd069e8b8d6a865ba8a385d26f1ad0e87ed7805f0655840ec949571",,"2025-01-28T13:00:00.000","30","UNKNOWN","UNKNOWN","CLEAR","DAYLIGHT","REAR END","NOT DIVIDED",,"STRAIGHT AND LEVEL","UNKNOWN","UNKNOWN","ON SCENE","INJURY AND / OR TOW DUE TO CRASH","Y",,,"OVER $1,500","2025-01-28T14:52:00.000","NOT APPLICABLE","UNABLE TO DETERMINE","4098","W","MARQUETTE RD","833",,,,,,,"2","NONINCAPACITATING INJURY","1","0","0","1","0","1","0","13","3","1","41.7714557814","-87.7249539415","POINT (-87.724953941488 41.771455781353)"
"ec741cb297ed2ed79f90cae02b6f605baf2bd71dce713ffade13a4ed44e364e149cfa1225cb9dbf3ecfbe252fce74b0adb6c4095cc1fe1e17227633744bfb740",,"2025-01-28T13:00:00.000","30","TRAFFIC SIGNAL","UNKNOWN","UNKNOWN","DAYLIGHT","SIDESWIPE SAME DIRECTION","ONE-WAY",,"STRAIGHT ON GRADE","UNKNOWN","UNKNOWN","NOT ON SCENE (DESK REPORT)","NO INJURY / DRIVE AWAY",,,"Y","$501 - $1,500","2025-01-31T09:50:00.000","UNABLE TO DETERMINE","UNABLE TO DETERMINE","5112","W","ROOSEVELT RD","1533",,,,,,,"2","NO INDICATION OF INJURY","0","0","0","0","0","2","0","13","3","1","41.8658891994","-87.7525871967","POINT (-87.752587196714 41.865889199421)"
"72a67f8e1dc35457537c60a543c2fecea54c99e2f42c27ebda283a4d4f052d11f892a9319d62515e37fc4ac45b5fc801950f5fe8cae67e68a3b1b97e47072cc4",,"2025-01-28T12:41:00.000","30","NO CONTROLS","NO CONTROLS","CLEAR","DAYLIGHT","PEDESTRIAN","ONE-WAY",,"STRAIGHT AND LEVEL","DRY","UNKNOWN","ON SCENE","INJURY AND / OR TOW DUE TO CRASH",,,,"OVER $1,500","2025-01-28T12:41:00.000","UNABLE TO DETERMINE","NOT APPLICABLE","1035","N","LOCKWOOD AVE","1524",,,"N",,,,"2","NONINCAPACITATING INJURY","1","0","0","1","0","1","0","12","3","1","41.8996243455","-87.7580288858","POINT (-87.758028885782 41.899624345451)"
"2007874ff6d81d0def409b16bf6e24873af6c1b07484ff21506cab5e8f935647e0c221a4754ba1400f9fe5b3f03f0cbe49ffc511f089f632cc1f1a4745556644",,"2025-01-28T12:30:00.000","35","NO CONTROLS","NO CONTROLS","CLEAR","DAYLIGHT","TURNING","NOT DIVIDED",,"STRAIGHT AND LEVEL","DRY","UNKNOWN","NOT ON SCENE (DESK REPORT)","NO INJURY / DRIVE AWAY",,,,"OVER $1,500","2025-01-28T13:30:00.000","DRIVING SKILLS/KNOWLEDGE/EXPERIENCE","UNABLE TO DETERMINE","4829","W","DIVERSEY AVE","2521",,,,,,,"2","NO INDICATION OF INJURY","0","0","0","0","0","2","0","12","3","1","41.9314085084","-87.7477842116","POINT (-87.747784211572 41.931408508385)"
"20b7338f049f3d66886b887b58744a209d1839ab77ef9449b24aba95dee670646868ffe081ce95efa732b7cc7f4fa57c37b9f0ee781b95527a7a29e905406dea",,"2025-01-28T12:30:00.000","30","NO CONTROLS","NO CONTROLS","CLEAR","DAYLIGHT","PARKED MOTOR VEHICLE","ALLEY",,"STRAIGHT AND LEVEL","DRY","NO DEFECTS","ON SCENE","NO INJURY / DRIVE AWAY",,"Y",,"OVER $1,500","2025-01-28T12:35:00.000","UNABLE TO DETERMINE","NOT APPLICABLE","1513","N","KEELER AVE","2534",,,,,,,"2","NO INDICATION OF INJURY","0","0","0","0","0","1","0","12","3","1","41.9085341041","-87.7312339433","POINT (-87.731233943273 41.908534104124)"
"2c5a981024e61661d14126e5d8962c4bca01ad214d16b33b163658ad416645d435fa26a42fb0d8bfc7d545e3656e89587a30aa750de5047a2d033e23c008d06e",,"2025-01-28T12:30:00.000","30","NO CONTROLS","NO CONTROLS","CLEAR","DAYLIGHT","SIDESWIPE SAME DIRECTION","NOT DIVIDED",,"STRAIGHT AND LEVEL","DRY","NO DEFECTS","ON SCENE","INJURY AND / OR TOW DUE TO CRASH",,"Y","Y","OVER $1,500","2025-01-28T12:30:00.000","UNABLE TO DETERMINE","UNABLE TO DETERMINE","318","N","PULASKI RD","1114",,"Y",,,,,"2","NONINCAPACITATING INJURY","1","0","0","1","0","1","0","12","3","1","41.8859842012","-87.7259657488","POINT (-87.725965748809 41.885984201152)"
"6f07a86cd80d0050bb1a033fedd348d19a2058480e895dee9c9de501c343adf2ddfb3f1fb6fe47d67bef7ff87db9c32184c45d8d3f4d94fc9328386592127217",,"2025-01-28T12:30:00.000","30","STOP SIGN/FLASHER","NO CONTROLS","CLEAR","DAYLIGHT","TURNING","NOT DIVIDED",,"STRAIGHT AND LEVEL","DRY","NO DEFECTS","NOT ON SCENE (DESK REPORT)","NO INJURY / DRIVE AWAY","Y",,,"OVER $1,500","2025-01-28T14:08:00.000","NOT APPLICABLE","NOT APPLICABLE","4700","W","MADISON ST","1113",,,,,,,"2","NO INDICATION OF INJURY","0","0","0","0","0","2","0","12","3","1","41.8806340554","-87.7429547312","POINT (-87.742954731159 41.880634055402)"
"adc284faadcd228dd55f481c0b816277550efd8bf43198b4e0a43948e1da9b7deecf711698869c21c2853d61ff8bd799339129d7e05da4d96e3db1c1edeacae3",,"2025-01-28T12:30:00.000","30","NO CONTROLS","NO CONTROLS","CLEAR","DAYLIGHT","SIDESWIPE SAME DIRECTION","DIVIDED - W/MEDIAN BARRIER",,"STRAIGHT AND LEVEL","DRY","NO DEFECTS","NOT ON SCENE (DESK REPORT)","NO INJURY / DRIVE AWAY",,,"Y","OVER $1,500","2025-01-28T13:30:00.000","IMPROPER OVERTAKING/PASSING","NOT APPLICABLE","7504","S","EXCHANGE AVE","421",,,,,,,"2","NO INDICATION OF INJURY","0","0","0","0","0","2","0","12","3","1","41.7587924257","-87.5601794028","POINT (-87.560179402842 41.758792425659)"
"6e057fd7509b4373d9bf4540d697121ab83547fca105fb5e8fff1e1af1624d1badb830770604d6f8074f48a0037c3fedc3861df866891325727f4e6a57597b8b",,"2025-01-28T12:25:00.000","30","NO CONTROLS","NO CONTROLS","CLEAR","DAYLIGHT","FIXED OBJECT","ONE-WAY",,"STRAIGHT AND LEVEL","DRY","UNKNOWN","ON SCENE","NO INJURY / DRIVE AWAY",,"Y",,"OVER $1,500","2025-01-28T12:25:00.000","DISREGARDING ROAD MARKINGS","VISION OBSCURED (SIGNS, TREE LIMBS, BUILDINGS, ETC.)","3556","W","66TH PL","831",,,,,,,"1","NO INDICATION OF INJURY","0","0","0","0","0","1","0","12","3","1","41.772566886","-87.7124639248","POINT (-87.71246392475 41.772566885966)"
"58cad5b24d089eb55482ab91a2162cc51a558ae0aadee64654a474d4eac2288a499b9535be0dffb6f31540b25f265b510575175091c2e0f422655cbe64c665ef",,"2025-01-28T12:21:00.000","30","NO CONTROLS","NO CONTROLS","CLEAR","DAYLIGHT","REAR END","NOT DIVIDED",,"STRAIGHT AND LEVEL","DRY","NO DEFECTS","ON SCENE","INJURY AND / OR TOW DUE TO CRASH",,,,"OVER $1,500","2025-01-28T12:30:00.000","FOLLOWING TOO CLOSELY","UNABLE TO DETERMINE","1314","N","DAMEN AVE","1424",,,,,,,"2","NO INDICATION OF INJURY","0","0","0","0","0","2","0","12","3","1","41.9054738174","-87.6774716761","POINT (-87.677471676085 41.905473817445)"
"5a68af67b9ec995dfeb71dcc268226f55e8478badcf6fa58b38453a6551a6ef763b050a4e42ff6358df9a2b8162c803324737637f07b46208a4fc99601002fee",,"2025-01-28T12:15:00.000","25","NO CONTROLS","NO CONTROLS","CLEAR","DAYLIGHT","PARKED MOTOR VEHICLE","ONE-WAY",,"STRAIGHT AND LEVEL","DRY","NO DEFECTS","ON SCENE","NO INJURY / DRIVE AWAY",,,,"$501 - $1,500","2025-01-28T12:15:00.000","DRIVING SKILLS/KNOWLEDGE/EXPERIENCE","DRIVING SKILLS/KNOWLEDGE/EXPERIENCE","1232","W","ROSCOE ST","1924",,,,,,,"2","NO INDICATION OF INJURY","0","0","0","0","0","1","0","12","3","1","41.9435849334","-87.660399047","POINT (-87.660399046993 41.943584933361)"
"d735749c289e67e93c19f2aead30f9ec622310fbabadfef65e964c7d486b21ea012fd9e5f2051f5028e8b03ba676747e8326068b26e5578dea28db6cce10be10",,"2025-01-28T12:10:00.000","35","NO CONTROLS","NO CONTROLS","CLEAR","DAYLIGHT","PARKED MOTOR VEHICLE","DIVIDED - W/MEDIAN (NOT RAISED)",,"STRAIGHT AND LEVEL","UNKNOWN","UNKNOWN","ON SCENE","NO INJURY / DRIVE AWAY",,,"Y","OVER $1,500","2025-01-28T12:42:00.000","IMPROPER OVERTAKING/PASSING","UNABLE TO DETERMINE","2298","N","NARRAGANSETT AVE","2512",,,,,,,"2","NO INDICATION OF INJURY","0","0","0","0","0","2","0","12","3","1","41.9217691305","-87.7855325498","POINT (-87.785532549837 41.921769130514)"
"0842219c15ce1562ed52964169fb2e939b37432baef4de2ca06b1fdf23fe08d2d359dd63649a519559cdd6bd510a44e3ebb197a1070adadef18261cd6bce07ab",,"2025-01-28T12:00:00.000","15","NO CONTROLS","NO CONTROLS","CLEAR","DAYLIGHT","PARKED MOTOR VEHICLE","ONE-WAY",,"STRAIGHT AND LEVEL","UNKNOWN","UNKNOWN","NOT ON SCENE (DESK REPORT)","NO INJURY / DRIVE AWAY",,,,"$500 OR LESS","2025-01-28T13:42:00.000","UNABLE TO DETERMINE","UNABLE TO DETERMINE","1749","N","LOREL AVE","2532",,,,,,,"2","NO INDICATION OF INJURY","0","0","0","0","0","1","0","12","3","1","41.9127395175","-87.7593018657","POINT (-87.759301865747 41.912739517467)"
"321ae0005df143aaa4bee1e6fe37020cc2f918828925e666aa4d42dbb8a4250eb9706166069736ad1e4f46c9c4aeaff747a4c8e8163c782bd176368bfc7f88b4",,"2025-01-28T12:00:00.000","30","UNKNOWN","UNKNOWN","UNKNOWN","DAYLIGHT","SIDESWIPE SAME DIRECTION","DIVIDED - W/MEDIAN (NOT RAISED)",,"STRAIGHT AND LEVEL","UNKNOWN","UNKNOWN","NOT ON SCENE (DESK REPORT)","NO INJURY / DRIVE AWAY",,,,"$501 - $1,500","2025-01-28T13:45:00.000","UNABLE TO DETERMINE","NOT APPLICABLE","6551","N","SHERIDAN RD","2432",,,,,,,"2","NO INDICATION OF INJURY","0","0","0","0","0","2","0","12","3","1","42.0016340738","-87.6606014318","POINT (-87.660601431826 42.001634073815)"
"2292ff745bfcde87f1c444754bc0b7e3fdb615b316fbdcddeb0517bf18b4c066b506e7e2b544a5b09df9a513bbad0f3d8366594e3d47f80292f0e0b31b533385",,"2025-01-28T11:57:00.000","5","NO CONTROLS","NO CONTROLS","CLEAR","DAYLIGHT","FIXED OBJECT","PARKING LOT",,"STRAIGHT AND LEVEL","DRY","NO DEFECTS","ON SCENE","INJURY AND / OR TOW DUE TO CRASH",,"Y",,"OVER $1,500","2025-01-28T11:57:00.000","PHYSICAL CONDITION OF DRIVER","UNABLE TO DETERMINE","4400","W","ARMITAGE AVE","2522",,,,,,,"1","NONINCAPACITATING INJURY","1","0","0","1","0","2","0","11","3","1","41.9171539491","-87.73639149","POINT (-87.736391489951 41.917153949114)"
"b138cd6e8c797b208beec0b951b78b5f01db0a9eb20d795a18c66a65ff9c73d32a56bda72132bf402ae80f15a26bad15dec945ef328ffc6162c17de0dd80fce6",,"2025-01-28T11:52:00.000","20","NO CONTROLS","NO CONTROLS","CLEAR","DAYLIGHT","REAR END","NOT DIVIDED",,"STRAIGHT AND LEVEL","DRY","NO DEFECTS","ON SCENE","NO INJURY / DRIVE AWAY",,,,"$501 - $1,500","2025-01-28T11:52:00.000","NOT APPLICABLE","NOT APPLICABLE","8941","S","COMMERCIAL AVE","424",,,,,,,"2","NO INDICATION OF INJURY","0","0","0","0","0","3","0","11","3","1","41.7325066254","-87.5511660631","POINT (-87.551166063089 41.732506625416)"
"01038bdfcd5db618f323b7cb4befeff1b7a11b78e2b325e83e7b95b47018dfdc5bdc3c2fa58805b08ba5451c02fe6bc29ef1046725a5cb2f7a00b77eea75ac5b",,"2025-01-28T11:50:00.000","40","NO CONTROLS","NO CONTROLS","CLEAR","DAYLIGHT","PEDESTRIAN","DIVIDED - W/MEDIAN (NOT RAISED)",,"STRAIGHT AND LEVEL","DRY","UNKNOWN","ON SCENE","INJURY AND / OR TOW DUE TO CRASH",,,,"OVER $1,500","2025-01-28T12:05:00.000","NOT APPLICABLE","NOT APPLICABLE","5500","N","LAKE SHORE DR SB","2023",,,,,,,"2","INCAPACITATING INJURY","1","0","1","0","0","2","0","11","3","1","41.9820354011","-87.6530463951","POINT (-87.653046395054 41.982035401108)"
"223b45f1090694cf87f9c13b74036bb826d400c81186857308916dee8ea455e21fd2fbf367889d40a4e728b594fa1ec963bdec58d2ec7bfe9b0109977a7f23d4",,"2025-01-28T11:40:00.000","30","TRAFFIC SIGNAL","FUNCTIONING PROPERLY","OTHER","DAYLIGHT","TURNING","NOT DIVIDED",,"STRAIGHT AND LEVEL","UNKNOWN","UNKNOWN","NOT ON SCENE (DESK REPORT)","NO INJURY / DRIVE AWAY","Y",,,"$501 - $1,500","2025-01-28T12:30:00.000","UNABLE TO DETERMINE","UNABLE TO DETERMINE","5600","W","63RD ST","812",,,,,,,"2","NO INDICATION OF INJURY","0","0","0","0","0","3","0","11","3","1","41.7781618734","-87.7617802217","POINT (-87.76178022166 41.778161873405)"
"6d8b0822587dc96f74bbdda2d8f429b98a0a82d52a2613a5f7ce58c93fb73d6f17036a7738899a5109d60e1bffab7a15507e49f913973516cbd87ccbabb229e7",,"2025-01-28T11:40:00.000","20","UNKNOWN","UNKNOWN","CLEAR","DAYLIGHT","REAR TO SIDE","FOUR WAY",,"STRAIGHT AND LEVEL","UNKNOWN","UNKNOWN","NOT ON SCENE (DESK REPORT)","NO INJURY / DRIVE AWAY",,,"N","OVER $1,500","2025-01-28T12:15:00.000","NOT APPLICABLE","NOT APPLICABLE","4600","S","MICHIGAN AVE","215",,,,,,,"2","NO INDICATION OF INJURY","0","0","0","0","0","2","0","11","3","1","41.8110070469","-87.6230291092","POINT (-87.623029109238 41.811007046873)"
"733c2934c2d6c231fe49a7cfdf71fc4fb4556b98517a70ad67f49c5dfa75224f637dc862bbb7c3ee33595102f98cca3fb3d37994dec2826e349240e4aed94f07",,"2025-01-28T11:30:00.000","30","STOP SIGN/FLASHER","UNKNOWN","UNKNOWN","DAYLIGHT","REAR END","DIVIDED - W/MEDIAN (NOT RAISED)",,"STRAIGHT AND LEVEL","UNKNOWN","UNKNOWN","NOT ON SCENE (DESK REPORT)","NO INJURY / DRIVE AWAY",,,,"$501 - $1,500","2025-01-28T13:00:00.000","UNABLE TO DETERMINE","NOT APPLICABLE","1801","W","PRATT BLVD","2432",,,,,,,"2","NO INDICATION OF INJURY","0","0","0","0","0","2","0","11","3","1","42.0051903334","-87.6754715149","POINT (-87.675471514858 42.005190333371)"
"a56d23df8c008bc555c112bf2d564ac84394c9265495b0532111493893bcf25abb694c4fe6152a7889cabda37668b782f227fa62738b1f96dc52511261e089c3",,"2025-01-28T11:30:00.000","30","NO CONTROLS","NO CONTROLS","CLEAR","DAYLIGHT","PARKED MOTOR VEHICLE","DIVIDED - W/MEDIAN (NOT RAISED)",,"STRAIGHT AND LEVEL","DRY","NO DEFECTS","NOT ON SCENE (DESK REPORT)","NO INJURY / DRIVE AWAY",,,,"$500 OR LESS","2025-01-28T13:15:00.000","IMPROPER BACKING","NOT APPLICABLE","125","S","WACKER DR","122",,,,,,,"2","NO INDICATION OF INJURY","0","0","0","0","0","2","0","11","3","1","41.8800134271","-87.6365723845","POINT (-87.636572384507 41.880013427132)"
"016fd7f7ac161205989341e5af71f227ac021b85fe50ea6ee384e5a3cab5fd8f77ecf0afb333f6db825a4425c244ec9b6764562f1fbc8534aab6f53201ed4bec",,"2025-01-28T11:26:00.000","35","TRAFFIC SIGNAL","FUNCTIONING PROPERLY","CLEAR","DAYLIGHT","SIDESWIPE SAME DIRECTION","DIVIDED - W/MEDIAN (NOT RAISED)",,"STRAIGHT AND LEVEL","DRY","NO DEFECTS","ON SCENE","NO INJURY / DRIVE AWAY",,,,"OVER $1,500","2025-01-28T11:29:00.000","UNABLE TO DETERMINE","UNABLE TO DETERMINE","3652","W","87TH ST","834",,,,,,,"2","NO INDICATION OF INJURY","0","0","0","0","0","2","0","11","3","1","41.7350959495","-87.7140383805","POINT (-87.714038380469 41.735095949541)"
"cce330412c177f965c20b5259643d515b3ec79d75bcc49cd578239ad8852b91caac07e2f4a49cbea8c3e5cb8db0745e734175538e8b959f893b03b2d36f2f02c",,"2025-01-28T11:26:00.000","30","TRAFFIC SIGNAL","FUNCTIONING PROPERLY","CLEAR","DAYLIGHT","REAR END","DIVIDED - W/MEDIAN BARRIER",,"STRAIGHT AND LEVEL","DRY","NO DEFECTS","ON SCENE","INJURY AND / OR TOW DUE TO CRASH","Y",,,"OVER $1,500","2025-01-28T11:42:00.000","UNABLE TO DETERMINE","UNABLE TO DETERMINE","4398","W","79TH ST","834",,,,,,,"2","NONINCAPACITATING INJURY","1","0","0","1","0","2","0","11","3","1","41.7495049846","-87.7315152495","POINT (-87.731515249545 41.749504984586)"