"crash_record_id","crash_date_est_i","crash_date","posted_speed_limit","traffic_control_device","device_condition","weather_condition","lighting_condition","first_crash_type","trafficway_type","lane_cnt","alignment","roadway_surface_cond","road_defect","report_type","crash_type","intersection_related_i","private_property_i","hit_and_run_i","damage","date_police_notified","prim_contributory_cause","sec_contributory_cause","street_no","street_direction","street_name","beat_of_occurrence","photos_taken_i","statements_taken_i","dooring_i","work_zone_i","work_zone_type","workers_present_i","num_units","most_severe_injury","injuries_total","injuries_fatal","injuries_incapacitating","injuries_non_incapacitating","injuries_reported_not_evident","injuries_no_indication","injuries_unknown","crash_hour","crash_day_of_week","crash_month","latitude","longitude","location"
"14694fa53f8209a3affd66140138af3c5d30b2a2464336898388604447ecd9363f44f106f8e18f0db8ff2552d00cac3ea4072376c3596b943f1055514a780477",,"2025-01-28T11:21:00.000","25","NO CONTROLS","NO CONTROLS","CLEAR","DAYLIGHT","PARKED MOTOR VEHICLE","NOT DIVIDED",,"STRAIGHT AND LEVEL","DRY","NO DEFECTS","ON SCENE","NO INJURY / DRIVE AWAY","Y",,,"OVER $1,500","2025-01-28T11:30:00.000","UNABLE TO DETERMINE","NOT APPLICABLE","618","E","47TH ST","221",,,,,,,"2","NO INDICATION OF INJURY","0","0","0","0","0","2","0","11","3","1","41.8095840848","-87.6106198256","POINT (-87.61061982557 41.809584084829)"
"79f631ad04651ec2ee6763b6b5129e8d11956c7b1227600e5582921fa0fe0faa4eff5f50f8d40de00908be250ba6148a5dd62b33b7db6491896b1f1992307377",,"2025-01-28T11:05:00.000","30","NO CONTROLS","NO CONTROLS","RAIN","DAYLIGHT","PARKED MOTOR VEHICLE","NOT DIVIDED",,"STRAIGHT AND LEVEL","DRY","UNKNOWN","NOT ON SCENE (DESK REPORT)","NO INJURY / DRIVE AWAY",,,,"OVER $1,500","2025-01-28T11:30:00.000","UNABLE TO DETERMINE","UNABLE TO DETERMINE","5429","S","WABASH AVE","225",,,,,,,"2","NO INDICATION OF INJURY","0","0","0","0","0","1","0","11","3","1","41.7956154369","-87.6239646615","POINT (-87.623964661518 41.795615436857)"
"2f7ed4fc33140f26f1d219ef7594e8ff382c0c8722dc8d9d089b0b3c30027543f8da2d0c8cc5174676023c65c4b46a050a0587fd584deb8e944ad0f23f9e833c",,"2025-01-28T11:00:00.000","35","TRAFFIC SIGNAL","FUNCTIONING PROPERLY","CLEAR","DAYLIGHT","REAR END","NOT DIVIDED",,"STRAIGHT AND LEVEL","UNKNOWN","UNKNOWN","NOT ON SCENE (DESK REPORT)","NO INJURY / DRIVE AWAY",,,,"OVER $1,500","2025-01-28T11:35:00.000","UNABLE TO DETERMINE","UNABLE TO DETERMINE","5600","N","RIDGE AVE","2013",,,,,,,"2","NO INDICATION OF INJURY","0","0","0","0","0","2","0","11","3","1","41.9835780709","-87.6602278049","POINT (-87.660227804932 41.983578070853)"
"4402c5673b7ff17ca86b80566c9a7883425c13aad7062090bd869db7995960640f401dfceeb7e8e50530b5fde999aa9592eff42b1ab81a3c49ece8cd4407355e",,"2025-01-28T11:00:00.000","30","STOP SIGN/FLASHER","FUNCTIONING PROPERLY","CLEAR","DAYLIGHT","REAR END","NOT DIVIDED",,"STRAIGHT AND LEVEL","DRY","NO DEFECTS","NOT ON SCENE (DESK REPORT)","NO INJURY / DRIVE AWAY",,,,"OVER $1,500","2025-01-28T12:28:00.000","FOLLOWING TOO CLOSELY","FOLLOWING TOO CLOSELY","333","S","ASHLAND AVE","1231",,,,,,,"2","NO INDICATION OF INJURY","0","0","0","0","0","2","0","11","3","1","41.8766250556","-87.6665227987","POINT (-87.666522798706 41.87662505558)"
"9fa613b47f52f077946fd2bbad2374fd7b96def55a81fc317d199dd21c8637471310231d2dc9586a54683e6f92195fd0655a2ca3efdf3b5fb7994f433fa5ed99",,"2025-01-28T11:00:00.000","25","NO CONTROLS","NO CONTROLS","RAIN","DAYLIGHT","SIDESWIPE SAME DIRECTION","NOT DIVIDED",,"STRAIGHT AND LEVEL","DRY","NO DEFECTS","ON SCENE","NO INJURY / DRIVE AWAY",,,,"OVER $1,500","2025-01-28T11:09:00.000","IMPROPER LANE USAGE","UNABLE TO DETERMINE","535","N","CENTRAL AVE","1523",,,,,,,"2","NO INDICATION OF INJURY","0","0","0","0","0","6","0","11","3","1","41.8903367493","-87.7650726846","POINT (-87.765072684591 41.890336749336)"
"f532752e061aa0b447de38cfb36bd15d4b75d07b640ba4307464303b3d915f568338fb5ad6a6148539e3b9961840f1e3847a7d4ddb0768518893ae4d5679ac44","N","2025-01-28T11:00:00.000","20","NO CONTROLS","NO CONTROLS","CLEAR","DAYLIGHT","PARKED MOTOR VEHICLE","ONE-WAY",,"STRAIGHT AND LEVEL","DRY","NO DEFECTS","ON SCENE","NO INJURY / DRIVE AWAY",,,"Y","OVER $1,500","2025-01-28T12:23:00.000","UNABLE TO DETERMINE","UNABLE TO DETERMINE","5754","N","WINTHROP AVE","2022",,,,,,,"2","NO INDICATION OF INJURY","0","0","0","0","0","1","0","11","3","1","41.9871004671","-87.6582704713","POINT (-87.658270471335 41.987100467066)"
"61b34e9f62c7e47090b79ac2ba131e2ba767c065d2602d7abd682f81c8c56976807200bfe18283336bd4498dcab05b123beaa4a7e6564cd90125bdc3ce29cc16",,"2025-01-28T10:40:00.000","30","TRAFFIC SIGNAL","UNKNOWN","CLEAR","DAYLIGHT","TURNING","OTHER",,"STRAIGHT AND LEVEL","UNKNOWN","UNKNOWN","NOT ON SCENE (DESK REPORT)","NO INJURY / DRIVE AWAY",,,,"OVER $1,500","2025-01-28T16:15:00.000","UNABLE TO DETERMINE","UNABLE TO DETERMINE","3019","W","PETERSON AVE","2011",,,,,,,"2","NO INDICATION OF INJURY","0","0","0","0","0","2","0","10","3","1","41.9902996887","-87.7051332139","POINT (-87.705133213892 41.990299688692)"
"1304ef8dba6fa9a22b80681c479d5be0ac66ccb0339cb89007dc5af50c43f3d7c6fc2fbc5b8c4e9b78ead4f306da1cbe4cfb03a06d25143d3144c149a761c945",,"2025-01-28T10:30:00.000","35","NO CONTROLS","NO CONTROLS","CLEAR","DAYLIGHT","PARKED MOTOR VEHICLE","ONE-WAY",,"STRAIGHT AND LEVEL","DRY","UNKNOWN","NOT ON SCENE (DESK REPORT)","NO INJURY / DRIVE AWAY",,,,"OVER $1,500","2025-01-28T14:00:00.000","UNABLE TO DETERMINE","UNABLE TO DETERMINE","2806","N","DAWSON AVE","1412",,,,,,,"2","NO INDICATION OF INJURY","0","0","0","0","0","1","0","10","3","1","41.9330970767","-87.7134851243","POINT (-87.713485124333 41.933097076664)"
"262641bb68b46f57dce9520994d28abc4c9586c73ae84f92e435031a861e867c7876a943fd021f2511b2ff6ce7c307d19fdf3aeaa97cbcc92d8298536851cc4d",,"2025-01-28T10:30:00.000","30","NO CONTROLS","NO CONTROLS","CLEAR","DAYLIGHT","TURNING","NOT DIVIDED",,"STRAIGHT AND LEVEL","DRY","NO DEFECTS","NOT ON SCENE (DESK REPORT)","INJURY AND / OR TOW DUE TO CRASH","Y",,,"OVER $1,500","2025-01-30T09:30:00.000","UNABLE TO DETERMINE","NOT APPLICABLE","5824","W","ROOSEVELT RD","1513",,,,,,,"2","REPORTED, NOT EVIDENT","1","0","0","0","1","1","0","10","3","1","41.8656223659","-87.7703840852","POINT (-87.770384085167 41.865622365878)"
"6bc08d3739235dcb12ac34089d39f65d6f9f9125e1a6a35f2f378a6d4bd4353a51aa3cbfe0bc45c27b4db46887c42ba47c68fee0362b40896c32b7fceeabb9ea",,"2025-01-28T10:30:00.000","20","NO CONTROLS","NO CONTROLS","CLEAR","DAYLIGHT","PARKED MOTOR VEHICLE","PARKING LOT",,"STRAIGHT AND LEVEL","DRY","NO DEFECTS","NOT ON SCENE (DESK REPORT)","NO INJURY / DRIVE AWAY",,"Y","Y","OVER $1,500","2025-01-28T10:49:00.000","UNABLE TO DETERMINE","NOT APPLICABLE","5606","W","MADISON ST","1513",,,,,,,"2","NO INDICATION OF INJURY","0","0","0","0","0","1","0","10","3","1","41.8803510063","-87.7651930461","POINT (-87.76519304606 41.880351006263)"
"a7710271e2021d4c4805dc5e0ac36b025f3795f5ab8ed92ad4d78c881550ca8d3702752b7ca457d5dbd8d6279329d84215201e31dfe1856a36f52dd1a2181cd2","N","2025-01-28T10:30:00.000","30","UNKNOWN","UNKNOWN","CLEAR","DAYLIGHT","PARKED MOTOR VEHICLE","NOT DIVIDED",,"STRAIGHT AND LEVEL","UNKNOWN","UNKNOWN","ON SCENE","NO INJURY / DRIVE AWAY",,,,"$501 - $1,500","2025-01-28T10:30:00.000","UNABLE TO DETERMINE","NOT APPLICABLE","2340","W","FULLERTON AVE","1432",,,,,,,"2","NO INDICATION OF INJURY","0","0","0","0","0","2","0","10","3","1","41.9250191541","-87.6868083894","POINT (-87.686808389438 41.925019154111)"
"93c64c47b2a3384e2e587b8015b2a280598950a036bb2192bf52c11ac5d6d31369024e588e35f85a0881969a545ed19e87320c30c3f977368c21a1580033437a",,"2025-01-28T10:19:00.000","30","STOP SIGN/FLASHER","FUNCTIONING PROPERLY","CLEAR","DAYLIGHT","TURNING","FOUR WAY",,"STRAIGHT AND LEVEL","DRY","NO DEFECTS","ON SCENE","INJURY AND / OR TOW DUE TO CRASH","Y",,,"OVER $1,500","2025-01-28T10:19:00.000","UNABLE TO DETERMINE","UNABLE TO DETERMINE","1860","N","HOYNE AVE","1434",,,,,,,"2","NO INDICATION OF INJURY","0","0","0","0","0","2","0","10","3","1","41.9154644584","-87.6801784972","POINT (-87.680178497151 41.915464458386)"
"7f0648c66f113c9f7f911453812b80a6363e123bc297d3ff03ac296fee09ccbc1edd65811c0f92db98d53a8b700838a6ca5bf2d381aed776528523b7b347c649",,"2025-01-28T10:15:00.000","30","NO CONTROLS","NO CONTROLS","CLEAR","DAYLIGHT","PARKED MOTOR VEHICLE","NOT DIVIDED",,"STRAIGHT AND LEVEL","DRY","NO DEFECTS","NOT ON SCENE (DESK REPORT)","NO INJURY / DRIVE AWAY",,,,"$501 - $1,500","2025-01-30T11:00:00.000","IMPROPER BACKING","NOT APPLICABLE","125","S","WACKER DR","122",,,,,,,"2","NO INDICATION OF INJURY","0","0","0","0","0","3","0","10","3","1","41.8800134271","-87.6365723845","POINT (-87.636572384507 41.880013427132)"
"3b3854a143c420e15e0d32ad9a518eda5ed67529eadddaeedb287d51694c7464eefc0284f07a1359b90d43d4db7c3c7a3874495010c8f0a0d0a7be9e0bc25083","Y","2025-01-28T10:10:00.000","30","NO CONTROLS","NO CONTROLS","CLEAR","DAYLIGHT","PARKED MOTOR VEHICLE","DIVIDED - W/MEDIAN (NOT RAISED)",,"STRAIGHT AND LEVEL","DRY","NO DEFECTS","ON SCENE","NO INJURY / DRIVE AWAY",,,"Y","OVER $1,500","2025-01-28T10:38:00.000","UNABLE TO DETERMINE","NOT APPLICABLE","5300","S","LAKE PARK AVE","234",,,,,,,"2","NO INDICATION OF INJURY","0","0","0","0","0","1","0","10","3","1","41.7994838255","-87.5874420363","POINT (-87.587442036314 41.799483825503)"
"054c467692c08c6b2d8c020eb09da9488f7e89bed07c3b579dc5c36487b560b7712d461ad76e2bdef0a160e460ce5c094b9686d2922421ad982db3cae2fd131f",,"2025-01-28T10:00:00.000","30","UNKNOWN","UNKNOWN","CLEAR","DAYLIGHT","PARKED MOTOR VEHICLE","UNKNOWN",,"STRAIGHT AND LEVEL","UNKNOWN","UNKNOWN","NOT ON SCENE (DESK REPORT)","NO INJURY / DRIVE AWAY",,,"Y","OVER $1,500","2025-01-28T17:20:00.000","UNABLE TO DETERMINE","UNABLE TO DETERMINE","5629","W","HIGGINS AVE","1622",,,,,,,"2","NO INDICATION OF INJURY","0","0","0","0","0","1","0","10","3","1","41.9705082888","-87.7686641828","POINT (-87.768664182816 41.970508288829)"
"41dd6011bdf56621c5ac088714a1d4670aaa3f0d16114c57ea80239a7c4380d1692472cbdf601e25808c26ec571071d9a5f879958792fac084798162622c2493","Y","2025-01-28T10:00:00.000","30","NO CONTROLS","NO CONTROLS","CLEAR","DAYLIGHT","PARKED MOTOR VEHICLE","NOT DIVIDED",,"STRAIGHT AND LEVEL","DRY","NO DEFECTS","NOT ON SCENE (DESK REPORT)","NO INJURY / DRIVE AWAY",,,"Y","OVER $1,500","2025-01-28T19:00:00.000","UNABLE TO DETERMINE","UNABLE TO DETERMINE","2102","W","OGDEN AVE","1225",,,,,,,"2","NO INDICATION OF INJURY","0","0","0","0","0","1","0","10","3","1","41.8704637282","-87.6793603047","POINT (-87.679360304749 41.870463728229)"
"ebd316cffad20308ee28f598be1278023595619b32edda6d3409a45125639f81550bb7b2ad774d52b1bd8e4fcd726ecd0825dfb3b0f2fd552300a65dfa24be5b",,"2025-01-28T10:00:00.000","30","NO CONTROLS","NO CONTROLS","CLEAR","DAYLIGHT","PARKED MOTOR VEHICLE","NOT DIVIDED",,"STRAIGHT AND LEVEL","DRY","NO DEFECTS","NOT ON SCENE (DESK REPORT)","NO INJURY / DRIVE AWAY",,,,"OVER $1,500","2025-01-28T12:58:00.000","NOT APPLICABLE","NOT APPLICABLE","2450","W","59TH ST","824",,,,,,,"3","NO INDICATION OF INJURY","0","0","0","0","0","1","0","10","3","1","41.7866400663","-87.6859468829","POINT (-87.685946882926 41.7866400663)"
"95478288183051f39123a9d872a341bf71df1ab1501f7ddaaf480b6671d118458860df29b892d31d8143ae464ad5392d99b018e39d21b6680b7bc1aad6fef023",,"2025-01-28T09:58:00.000","30","STOP SIGN/FLASHER","FUNCTIONING PROPERLY","CLEAR","DAYLIGHT","TURNING","DIVIDED - W/MEDIAN BARRIER",,"STRAIGHT AND LEVEL","DRY","NO DEFECTS","NOT ON SCENE (DESK REPORT)","NO INJURY / DRIVE AWAY",,,,"OVER $1,500","2025-01-28T10:30:00.000","FAILING TO YIELD RIGHT-OF-WAY","NOT APPLICABLE","4101","W","79TH ST","834",,,,,,,"2","NO INDICATION OF INJURY","0","0","0","0","0","2","0","9","3","1","41.7492854311","-87.7244086913","POINT (-87.724408691329 41.749285431108)"
"0f4b3d012d648d9989c8e314eb90415776d95e47a9bed27e9d55991dd45b12e69d45b1118e9e9593dfaa4e9b19645245f462d4e62a284af385309eb3abc8b5f7",,"2025-01-28T09:45:00.000","30","TRAFFIC SIGNAL","FUNCTIONING PROPERLY","CLEAR","DAYLIGHT","REAR END","FOUR WAY",,"STRAIGHT AND LEVEL","DRY","NO DEFECTS","NOT ON SCENE (DESK REPORT)","NO INJURY / DRIVE AWAY","Y",,,"OVER $1,500","2025-01-28T11:45:00.000","UNABLE TO DETERMINE","NOT APPLICABLE","1803","S","HALSTED ST","1235",,,,,,,"2","NO INDICATION OF INJURY","0","0","0","0","0","2","0","9","3","1","41.8575027649","-87.6464860795","POINT (-87.646486079541 41.857502764937)"
"05bea7b782f555818162c25b74f769636b2ec3e71cfc9f274be83f98c520aa66ea55a270b83f56a221c44710e4699c0b7c605cef82b8ab2d13e3233acc666001",,"2025-01-28T09:38:00.000","30","NO CONTROLS","NO CONTROLS","CLEAR","DAYLIGHT","PARKED MOTOR VEHICLE","PARKING LOT",,"STRAIGHT AND LEVEL","DRY","NO DEFECTS","NOT ON SCENE (DESK REPORT)","NO INJURY / DRIVE AWAY",,,,"OVER $1,500","2025-01-28T10:15:00.000","UNABLE TO DETERMINE","UNABLE TO DETERMINE","7808","S","HALSTED ST","621",,,,,,,"2","NO INDICATION OF INJURY","0","0","0","0","0","1","0","9","3","1","41.7521368378","-87.6442289066","POINT (-87.644228906559 41.752136837768)"
"da4af80684e00912b5fe29dda9ecabdd1561e1bee3b4d74f160796d1c497d8e87da2ab341e9d7e46e2a79f48d1188a42cbe143e4afe0f53c54af77e1f61af532",,"2025-01-28T09:35:00.000","30","STOP SIGN/FLASHER","FUNCTIONING PROPERLY","CLEAR","DAYLIGHT","PEDESTRIAN","FOUR WAY",,"STRAIGHT AND LEVEL","DRY","NO DEFECTS","NOT ON SCENE (DESK REPORT)","INJURY AND / OR TOW DUE TO CRASH","Y",,"Y","$500 OR LESS","2025-01-29T12:10:00.000","UNABLE TO DETERMINE","UNABLE TO DETERMINE","3535","W","MONTROSE AVE","1723",,,,,,,"2","REPORTED, NOT EVIDENT","1","0","0","0","1","1","0","9","3","1","41.9609713571","-87.7170265957","POINT (-87.717026595684 41.960971357108)"
"2fcf7daa80071c56e2712c808b4dc48ca7dba46535f6b44dabe880dfc922f0680c40185b43c6fded9c6e8aba94184b84286cefb6fff81a6ce3e23014baa673c4",,"2025-01-28T09:30:00.000","20","NO CONTROLS","NO CONTROLS","CLEAR","DAYLIGHT","FIXED OBJECT","ALLEY",,"STRAIGHT AND LEVEL","DRY","NO DEFECTS","NOT ON SCENE (DESK REPORT)","NO INJURY / DRIVE AWAY",,,,"OVER $1,500","2025-01-28T13:00:00.000","UNABLE TO DETERMINE","UNABLE TO DETERMINE","6326","S","RACINE AVE","724",,,,,,,"1","NO INDICATION OF INJURY","0","0","0","0","0","1","0","9","3","1","41.778782659","-87.6546280548","POINT (-87.654628054811 41.778782659017)"
"472786da691fcc70b2dafc928d6169b43476514bd63c924f55770979f80b9e29127f07471e7414aaae9181ca4de05cf163785f48e4c02f161cb805f0a653b5d8",,"2025-01-28T09:30:00.000","30","TRAFFIC SIGNAL","FUNCTIONING PROPERLY","CLEAR","DAYLIGHT","SIDESWIPE SAME DIRECTION","DIVIDED - W/MEDIAN (NOT RAISED)",,"STRAIGHT AND LEVEL","DRY","UNKNOWN",,"NO INJURY / DRIVE AWAY",,,,"$501 - $1,500","2025-01-28T10:40:00.000","IMPROPER LANE USAGE","UNABLE TO DETERMINE","3701","W","ADDISON ST","1732",,,,,,,"2","NO INDICATION OF INJURY","0","0","0","0","0","3","0","9","3","1","41.9463595605","-87.7201809304","POINT (-87.720180930371 41.946359560499)"
"76031bac3d83af3bf1226ff628174441289ec8ce8390c0ca4cf43c89ec5a6c4ee3934c924d0bdc64b84344e67a9ce79c8cb144a59a210cc78c04e45c760957a6",,"2025-01-28T09:30:00.000","30","NO CONTROLS","NO CONTROLS","CLEAR","DAYLIGHT","SIDESWIPE SAME DIRECTION","NOT DIVIDED",,"STRAIGHT AND LEVEL","DRY","NO DEFECTS","NOT ON SCENE (DESK REPORT)","NO INJURY / DRIVE AWAY",,,,"OVER $1,500","2025-01-28T10:30:00.000","FAILING TO YIELD RIGHT-OF-WAY","NOT APPLICABLE","1618","N","CENTRAL AVE","2531",,,,,,,"3","NO INDICATION OF INJURY","0","0","0","0","0","3","0","9","3","1","41.9099756743","-87.7656938372","POINT (-87.765693837235 41.909975674252)"
"1ad6ad726de9cc735a3daaf0a1acd6545fed743e442049264f3b46e0dcc29e2cfcb4865158088fdd915594f38670118b3eb3eccc647364bbb0dbfaff4431d695",,"2025-01-28T09:25:00.000","30","STOP SIGN/FLASHER","FUNCTIONING PROPERLY","CLEAR","DAYLIGHT","TURNING","DIVIDED - W/MEDIAN (NOT RAISED)",,"STRAIGHT AND LEVEL","DRY","NO DEFECTS","NOT ON SCENE (DESK REPORT)","NO INJURY / DRIVE AWAY","Y",,,"OVER $1,500","2025-01-28T11:05:00.000","IMPROPER TURNING/NO SIGNAL","FAILING TO YIELD RIGHT-OF-WAY","5501","W","DIVERSEY AVE","2514",,,,,,,"2","NO INDICATION OF INJURY","0","0","0","0","0","2","0","9","3","1","41.9311994102","-87.7638480625","POINT (-87.763848062489 41.931199410218)"
"8df0e46ac6ff5cfeb87a85494d4d4aa12abcf60168a238af9a9eb0aed604080e083c70b1be82c290424ff357bf602d85ce7be2d62772c73e3b11bd5050619c48",,"2025-01-28T09:24:00.000","25","NO CONTROLS","NO CONTROLS","CLEAR","DAYLIGHT","TURNING","DIVIDED - W/MEDIAN (NOT RAISED)",,"STRAIGHT ON GRADE","DRY","NO DEFECTS","ON SCENE","NO INJURY / DRIVE AWAY",,,,"$500 OR LESS","2025-01-28T09:25:00.000","IMPROPER OVERTAKING/PASSING","DRIVING SKILLS/KNOWLEDGE/EXPERIENCE","4919","N","BROADWAY","2033",,,,,,,"2","NO INDICATION OF INJURY","0","0","0","0","0","3","0","9","3","1","41.9720399814","-87.6596049496","POINT (-87.659604949637 41.972039981378)"
"f648de0aaed16784c7016bf169dffaeb79fdcd5e554bafd89b842e81d97c1aeada05c8d2eeda83b8cfc929f9920a6857eac6f713a5c724f9fae58700c59066c4",,"2025-01-28T09:20:00.000","30","TRAFFIC SIGNAL","FUNCTIONING PROPERLY","CLEAR","DAYLIGHT","TURNING","T-INTERSECTION",,"STRAIGHT AND LEVEL","DRY","NO DEFECTS","ON SCENE","INJURY AND / OR TOW DUE TO CRASH","Y",,,"OVER $1,500","2025-01-28T09:23:00.000","FAILING TO YIELD RIGHT-OF-WAY","NOT APPLICABLE","1800","W","PETERSON AVE","2413",,,,,,,"2","NONINCAPACITATING INJURY","2","0","0","1","1","0","0","9","3","1","41.9908610995","-87.6753559261","POINT (-87.675355926114 41.990861099527)"
"355ec056f64f6d8a136a8b9415fa92d0c423494a40c6bba9ebcbb6304e3a66a9dcb7826eaec60037a481437cc708e7b0d85ae111e6d4cc9a268ad5a7fb599947",,"2025-01-28T09:15:00.000","40","NO CONTROLS","NO CONTROLS","CLEAR","DAYLIGHT","REAR END","DIVIDED - W/MEDIAN BARRIER",,"STRAIGHT AND LEVEL","DRY","NO DEFECTS","NOT ON SCENE (DESK REPORT)","NO INJURY / DRIVE AWAY",,,,"$500 OR LESS","2025-01-28T10:05:00.000","FOLLOWING TOO CLOSELY","NOT APPLICABLE","3200","N","LAKE SHORE DR SB","1925",,,,,,,"2","NO INDICATION OF INJURY","0","0","0","0","0","3","0","9","3","1","41.9404429026","-87.6386335392","POINT (-87.638633539238 41.940442902597)"
"508b1b1784c28e12c2ed11595b8ef1b81ef846c869e937097f164bf39177315a7ec71f06ccdc51486c7bd57eaa52cd3390fd46e561386adb6ec0517450ff3d42",,"2025-01-28T09:15:00.000","30","TRAFFIC SIGNAL","UNKNOWN","CLEAR","DAYLIGHT","REAR END","FOUR WAY",,"STRAIGHT AND LEVEL","UNKNOWN","UNKNOWN","NOT ON SCENE (DESK REPORT)","INJURY AND / OR TOW DUE TO CRASH","Y",,,"$501 - $1,500","2025-01-28T09:25:00.000","FOLLOWING TOO CLOSELY","NOT APPLICABLE","4401","N","SHERIDAN RD","1914",,,,,,,"2","REPORTED, NOT EVIDENT","1","0","0","0","1","1","0","9","3","1","41.9618249215","-87.6546019606","POINT (-87.654601960595 41.961824921462)"
"839f209b4c88ac2b78bf3cae127740ba6a8c201465efabe9828a9139530d813f3ef07204ae062047d73e325b22c73d5f0f3d9aff1806967c6de5a71a7e755634",,"2025-01-28T09:15:00.000","30","TRAFFIC SIGNAL","FUNCTIONING PROPERLY","CLEAR","DAYLIGHT","REAR END","NOT DIVIDED",,"STRAIGHT AND LEVEL","DRY","NO DEFECTS","NOT ON SCENE (DESK REPORT)","NO INJURY / DRIVE AWAY",,,,"OVER $1,500","2025-01-28T09:45:00.000","FOLLOWING TOO CLOSELY","UNABLE TO DETERMINE","8701","S","COMMERCIAL AVE","424",,,,,,,"2","NO INDICATION OF INJURY","0","0","0","0","0","2","0","9","3","1","41.7372891648","-87.5512820811","POINT (-87.551282081126 41.73728916476)"
"aba617553e14d7917616d1b4e8e983bdfde28ae3ebcc89bff97031648b3d9ca0a7bd75970bcf401ac903857a77b9952ee1bebf6ad3436a60ecf602b5e31c1b35",,"2025-01-28T09:11:00.000","30","TRAFFIC SIGNAL","FUNCTIONING PROPERLY","CLEAR","DAYLIGHT","SIDESWIPE SAME DIRECTION","Y-INTERSECTION",,"STRAIGHT AND LEVEL","DRY","UNKNOWN",,"NO INJURY / DRIVE AWAY",,,,"$501 - $1,500","2025-01-28T09:39:00.000","FAILING TO REDUCE SPEED TO AVOID CRASH","UNABLE TO DETERMINE","3939","W","OGDEN AVE","1013",,,,,,,"2","NO INDICATION OF INJURY","0","0","0","0","0","2","0","9","3","1","41.8512884884","-87.7238508433","POINT (-87.723850843329 41.851288488406)"
"e6a431c01a93f1ebb9a55299c17adb3a4795c6623a7d4c9e54c77321d703ba0934d0a678b0506948dedfcd602d616842f5b54c8dd64a46a28b73a698b2fd058f",,"2025-01-28T09:10:00.000","30","NO CONTROLS","NO CONTROLS","CLEAR","DAYLIGHT","REAR TO REAR","NOT DIVIDED",,"STRAIGHT AND LEVEL","DRY","NO DEFECTS","NOT ON SCENE (DESK REPORT)","NO INJURY / DRIVE AWAY",,,,"$501 - $1,500","2025-01-28T15:00:00.000","UNABLE TO DETERMINE","NOT APPLICABLE","1327","W","TOUHY AVE","2423",,,,,,,"2","NO INDICATION OF INJURY","0","0","0","0","0","2","0","9","3","1","42.0127009607","-87.6645702902","POINT (-87.664570290233 42.012700960749)"
"f5e078d73670fd29b918d4a63ba38603ba2419e91513eb539484569448167e36f2b35062de2554bac83f799e895379146860bab3734acaad35e9c66849127fad",,"2025-01-28T09:10:00.000","35","NO CONTROLS","NO CONTROLS","CLEAR","DAYLIGHT","PARKED MOTOR VEHICLE","NOT DIVIDED",,"STRAIGHT AND LEVEL","DRY","UNKNOWN","ON SCENE","INJURY AND / OR TOW DUE TO CRASH",,,,"OVER $1,500","2025-01-28T09:15:00.000","UNABLE TO DETERMINE","UNABLE TO DETERMINE","10859","S","PULASKI RD","2211",,,,,,,"2","NONINCAPACITATING INJURY","1","0","0","1","0","0","0","9","3","1","41.6949676652","-87.7203341494","POINT (-87.720334149352 41.694967665233)"
"8fb4c7ba3873fc22b9411b19e0392336413ebb920a934efa8a01d58732dc701a6aad03efef7e098a874b59783f24b8e7818192861876f1a532fe59301eb666bf",,"2025-01-28T09:08:00.000","30","STOP SIGN/FLASHER","FUNCTIONING PROPERLY","CLEAR","DAYLIGHT","ANGLE","FOUR WAY",,"STRAIGHT AND LEVEL","DRY","NO DEFECTS","ON SCENE","INJURY AND / OR TOW DUE TO CRASH","Y",,,"OVER $1,500","2025-01-28T09:25:00.000","FAILING TO REDUCE SPEED TO AVOID CRASH","NOT APPLICABLE","4200","S","PRAIRIE AVE","213",,,,,,,"2","REPORTED, NOT EVIDENT","3","0","0","0","3","6","0","9","3","1","41.8182979768","-87.6199846583","POINT (-87.619984658272 41.818297976847)"
"61b9d75579981d263aa5a1b6a82bdfe92c6652388453d6e0137795bf159b755c9fdcb6dc414ec3013bd6c27c85bff7f6367c37f722240e50ad492698865b86fc",,"2025-01-28T09:00:00.000","10","NO CONTROLS","NO CONTROLS","CLEAR","DAYLIGHT","FIXED OBJECT","PARKING LOT",,"STRAIGHT AND LEVEL","DRY","NO DEFECTS","NOT ON SCENE (DESK REPORT)","NO INJURY / DRIVE AWAY",,,,"$500 OR LESS","2025-02-01T07:30:00.000","UNABLE TO DETERMINE","UNABLE TO DETERMINE","4650","N","PULASKI RD","1722",,,,,,,"1","NO INDICATION OF INJURY","0","0","0","0","0","1","0","9","3","1","41.9660534171","-87.728114561","POINT (-87.728114561023 41.966053417064)"
"f4282c071934ef3624b8a17ae03d677d3fc2ba9aea6b79076c49cc4f666230d2c40193c2a010a58e3b078b2317e733e0ffee3386d95bbd582ca0e4387976edf9",,"2025-01-28T09:00:00.000","30","NO CONTROLS","NO CONTROLS","UNKNOWN","DAYLIGHT","REAR END","DIVIDED - W/MEDIAN (NOT RAISED)",,"STRAIGHT AND LEVEL","UNKNOWN","UNKNOWN","NOT ON SCENE (DESK REPORT)","NO INJURY / DRIVE AWAY",,,,"$501 - $1,500","2025-01-28T13:25:00.000","FOLLOWING TOO CLOSELY","NOT APPLICABLE","4300","S","CICERO AVE","814",,,,,,,"2","NO INDICATION OF INJURY","0","0","0","0","0","2","0","9","3","1","41.8148367504","-87.7435014806","POINT (-87.743501480634 41.81483675036)"