"crash_record_id","crash_date_est_i","crash_date","posted_speed_limit","traffic_control_device","device_condition","weather_condition","lighting_condition","first_crash_type","trafficway_type","lane_cnt","alignment","roadway_surface_cond","road_defect","report_type","crash_type","intersection_related_i","private_property_i","hit_and_run_i","damage","date_police_notified","prim_contributory_cause","sec_contributory_cause","street_no","street_direction","street_name","beat_of_occurrence","photos_taken_i","statements_taken_i","dooring_i","work_zone_i","work_zone_type","workers_present_i","num_units","most_severe_injury","injuries_total","injuries_fatal","injuries_incapacitating","injuries_non_incapacitating","injuries_reported_not_evident","injuries_no_indication","injuries_unknown","crash_hour","crash_day_of_week","crash_month","latitude","longitude","location"
"db0e12172968e705f20b2bbaed6b451cd29bd1b8e51f8e3d1c9be6d858cd0841a85b29d6e212d19e454a27eb8aaa70f43175b94a904187de07d89c4624ed9858",,"2025-01-28T08:55:00.000","30","STOP SIGN/FLASHER","FUNCTIONING IMPROPERLY","CLEAR","DAYLIGHT","ANGLE","T-INTERSECTION",,"STRAIGHT AND LEVEL","DRY","UNKNOWN","ON SCENE","INJURY AND / OR TOW DUE TO CRASH","Y",,,"OVER $1,500","2025-01-28T08:57:00.000","FAILING TO YIELD RIGHT-OF-WAY","NOT APPLICABLE","5200","S","LAKE PARK AVE","234",,,,,,,"2","NO INDICATION OF INJURY","0","0","0","0","0","2","0","8","3","1","41.800941976","-87.5876367922","POINT (-87.587636792157 41.800941975966)"
"a0fded9c7a2819db0ed5682c1ea582174ed88d73f05fab263fb0cdf79ce0ff25a155854c6a5b0139c1534dd361b0f223c3540e1c1d21568d92b2f7ee4bf02af2",,"2025-01-28T08:53:00.000","30","TRAFFIC SIGNAL","FUNCTIONING PROPERLY","CLEAR","DAYLIGHT","PEDESTRIAN","NOT DIVIDED",,"STRAIGHT AND LEVEL","DRY","NO DEFECTS","ON SCENE","INJURY AND / OR TOW DUE TO CRASH",,,"Y","$500 OR LESS","2025-01-28T08:56:00.000","UNABLE TO DETERMINE","NOT APPLICABLE","7332","N","SHERIDAN RD","2423",,,,,,,"2","REPORTED, NOT EVIDENT","1","0","0","0","1","1","0","8","3","1","42.014923178","-87.6647917921","POINT (-87.664791792091 42.014923177979)"
"794cd4d5c82534a25f6f0e8da2afb53066789935c7ce2562eee51d986725dc9576ccdbaf91b3a34e8e2da91671dff787da7536bad4acd737c628319c07df7035",,"2025-01-28T08:50:00.000","30","NO CONTROLS","NO CONTROLS","CLEAR","DAYLIGHT","SIDESWIPE SAME DIRECTION","DIVIDED - W/MEDIAN BARRIER",,"STRAIGHT AND LEVEL","DRY","NO DEFECTS","ON SCENE","INJURY AND / OR TOW DUE TO CRASH",,,,"OVER $1,500","2025-01-28T09:00:00.000","IMPROPER OVERTAKING/PASSING","EQUIPMENT - VEHICLE CONDITION","2135","E","71ST ST","333",,,,,,,"3","NO INDICATION OF INJURY","0","0","0","0","0","8","0","8","3","1","41.7660012088","-87.5725324676","POINT (-87.572532467641 41.766001208793)"
"9e394c3d970324af9afcdc883d6f87ea8af22bfa958d6dd85cefd3ff0caa3aba1fb7a2a9ad808d4a8abd32cf0c3160c4527e096a706052433449076ff94c5dd2",,"2025-01-28T08:47:00.000","35","NO CONTROLS","NO CONTROLS","CLEAR","DAYLIGHT","ANGLE","DIVIDED - W/MEDIAN (NOT RAISED)",,"STRAIGHT AND LEVEL","UNKNOWN","UNKNOWN","ON SCENE","INJURY AND / OR TOW DUE TO CRASH",,,,"OVER $1,500","2025-01-28T09:03:00.000","FAILING TO YIELD RIGHT-OF-WAY","VISION OBSCURED (SIGNS, TREE LIMBS, BUILDINGS, ETC.)","3143","N","KOSTNER AVE","2523",,,,,,,"2","NO INDICATION OF INJURY","0","0","0","0","0","6","0","8","3","1","41.9384226968","-87.7368704454","POINT (-87.736870445431 41.938422696821)"
"4804841267c10173103ab1bc80e2f71285d201cdb1fda7692528c8e05468638d9f43d4c6b0ef59c7e0c05da641becb6917629a13ed89b37d2eb7796cc5b89b0a",,"2025-01-28T08:45:00.000","25","TRAFFIC SIGNAL","FUNCTIONING PROPERLY","CLEAR","DAYLIGHT","PEDESTRIAN","FOUR WAY",,"STRAIGHT AND LEVEL","DRY","NO DEFECTS","ON SCENE","INJURY AND / OR TOW DUE TO CRASH","Y",,,"OVER $1,500","2025-01-28T08:52:00.000","VISION OBSCURED (SIGNS, TREE LIMBS, BUILDINGS, ETC.)","UNABLE TO DETERMINE","5940","N","CLARK ST","2012",,,,,,,"2","REPORTED, NOT EVIDENT","2","0","0","0","2","0","0","8","3","1","41.989576201","-87.6701257857","POINT (-87.670125785683 41.989576201002)"
"e36bacb275f5a0934108d31b54fc90892c612a6b4e81be70802c67d21e78b82b59e9abf1a45c0e6cce328552f086131a2ec3596f6534808816e404a9bf1da665",,"2025-01-28T08:45:00.000","40","NO CONTROLS","NO CONTROLS","CLEAR","DAYLIGHT","REAR END","DIVIDED - W/MEDIAN BARRIER",,"STRAIGHT AND LEVEL","DRY","NO DEFECTS","ON SCENE","NO INJURY / DRIVE AWAY",,,,"$500 OR LESS","2025-01-28T08:50:00.000","FAILING TO REDUCE SPEED TO AVOID CRASH","FOLLOWING TOO CLOSELY","2558","N","LAKE SHORE DR SB","1935",,,,,,,"2","NO INDICATION OF INJURY","0","0","0","0","0","2","0","8","3","1","41.929671691","-87.6322956888","POINT (-87.632295688816 41.929671690952)"
"e3c273ac726e180546fe423dfe3173e6df4e226683dd06e4fb640d3543579389fe00b94823a3a68712bba1ca90fd4c6b5a8a2ef10af02d0d28203985bb3a5676",,"2025-01-28T08:45:00.000","30","UNKNOWN","UNKNOWN","UNKNOWN","UNKNOWN","SIDESWIPE SAME DIRECTION","FOUR WAY",,"STRAIGHT AND LEVEL","UNKNOWN","UNKNOWN","NOT ON SCENE (DESK REPORT)","NO INJURY / DRIVE AWAY",,,"Y","OVER $1,500","2025-01-28T09:00:00.000","UNABLE TO DETERMINE","UNABLE TO DETERMINE","3001","W","LOGAN BLVD","1414",,,,,,,"2","NO INDICATION OF INJURY","0","0","0","0","0","2","0","8","3","1","41.9283137304","-87.7024807515","POINT (-87.702480751522 41.928313730413)"
"4529bb8e23a7da24f71bf505caf864467b0a347202f4591d73061a53844b5ed60d7c288e9f7cff06719aeabdb89584985a11166cba404ea912483eb95e1209b9",,"2025-01-28T08:35:00.000","30","TRAFFIC SIGNAL","FUNCTIONING PROPERLY","CLEAR","DAYLIGHT","SIDESWIPE SAME DIRECTION","DIVIDED - W/MEDIAN BARRIER",,"STRAIGHT AND LEVEL","DRY","NO DEFECTS","ON SCENE","NO INJURY / DRIVE AWAY",,,"Y","OVER $1,500","2025-01-28T08:40:00.000","UNABLE TO DETERMINE","UNABLE TO DETERMINE","5975","N","CLARK ST","2013",,,,,,,"2","NO INDICATION OF INJURY","0","0","0","0","0","2","0","8","3","1","41.9906425339","-87.6698716983","POINT (-87.669871698256 41.990642533943)"
"240ddd243a6dff2bfa157735596ce48bb4aafef7f25faecb3a72653bcd00701e61af99ce56a25892a115b04eb6b88ab6810c1fa76ad58e042dc37c6669075860",,"2025-01-28T08:30:00.000","30","NO CONTROLS","UNKNOWN","CLEAR","DAYLIGHT","TURNING","OTHER",,"STRAIGHT AND LEVEL","DRY","UNKNOWN","NOT ON SCENE (DESK REPORT)","NO INJURY / DRIVE AWAY",,,,"OVER $1,500","2025-01-30T16:45:00.000","UNABLE TO DETERMINE","UNABLE TO DETERMINE","2403","S","BLUE ISLAND AVE","1034",,,,,,,"2","NO INDICATION OF INJURY","0","0","0","0","0","2","0","8","3","1","41.8485391874","-87.6754169836","POINT (-87.675416983619 41.848539187353)"
"24206fa476ce8a70d148074ff62544150a7ba6c7ac1ef5b5ad23bf4a0b77fe08eec5f669a4a684e5d9ca6a208a2dc607cb38e15ba5a3f2e67039ba0d061fa3b4",,"2025-01-28T08:30:00.000","30","TRAFFIC SIGNAL","FUNCTIONING PROPERLY","CLEAR","DAYLIGHT","TURNING","FOUR WAY",,"STRAIGHT AND LEVEL","DRY","NO DEFECTS","ON SCENE","NO INJURY / DRIVE AWAY","Y",,,"OVER $1,500","2025-01-28T08:40:00.000","UNABLE TO DETERMINE","UNABLE TO DETERMINE","8300","S","PULASKI RD","834",,,,,,,"2","NO INDICATION OF INJURY","0","0","0","0","0","2","0","8","3","1","41.7421305541","-87.7218241003","POINT (-87.72182410033 41.742130554062)"
"70db60d754616870d163c23c64ec5b8f21657a39adfc9f72915c92f5c659e2ac5d152d1f60bdc5fe38a612ddd9c48f4a5f97b8b9a228e7418f380d18477e2497","Y","2025-01-28T08:30:00.000","30","TRAFFIC SIGNAL","FUNCTIONING PROPERLY","CLEAR","DAYLIGHT","PARKED MOTOR VEHICLE","NOT DIVIDED",,"STRAIGHT AND LEVEL","DRY","NO DEFECTS","ON SCENE","NO INJURY / DRIVE AWAY",,,,"OVER $1,500","2025-01-29T10:35:00.000","UNABLE TO DETERMINE","NOT APPLICABLE","1730","S","RACINE AVE","1233",,,,,,,"2","NO INDICATION OF INJURY","0","0","0","0","0","1","0","8","3","1","41.8579956978","-87.6565777987","POINT (-87.656577798719 41.857995697848)"
"b58629ca55ad6c8e77d5a8d9438b0dbc985b96cb5f64cf7f6a577d09d97220d9cbb1687c96cb0cc18b2d1f46e6cd93e1cf1f02ac2a8af7e6ed67a56746744b21",,"2025-01-28T08:30:00.000","30","TRAFFIC SIGNAL","FUNCTIONING PROPERLY","CLEAR","DAYLIGHT","TURNING","NOT DIVIDED",,"STRAIGHT AND LEVEL","DRY","NO DEFECTS","ON SCENE","NO INJURY / DRIVE AWAY",,,"Y","OVER $1,500","2025-01-28T08:30:00.000","DRIVING SKILLS/KNOWLEDGE/EXPERIENCE","NOT APPLICABLE","2575","N","MILWAUKEE AVE","1411",,,,,,,"2","NO INDICATION OF INJURY","0","0","0","0","0","2","0","8","3","1","41.9282677362","-87.7058587877","POINT (-87.705858787719 41.928267736189)"
"a005ac9229020b7b39ecbe79e9c1a8d6a63d6db0e232d32c9216d625e47cfaaae082ec9bff98fd66b42a792a0db3fc8e5dd4494131996f336aec4932782784c0",,"2025-01-28T08:29:00.000","20","NO CONTROLS","NO CONTROLS","CLEAR","DAYLIGHT","PARKED MOTOR VEHICLE","NOT DIVIDED",,"STRAIGHT AND LEVEL","DRY","NO DEFECTS","NOT ON SCENE (DESK REPORT)","NO INJURY / DRIVE AWAY",,,"Y","$501 - $1,500","2025-01-28T10:00:00.000","UNABLE TO DETERMINE","DRIVING SKILLS/KNOWLEDGE/EXPERIENCE","6725","S","EVANS AVE","321",,,,,,,"2","NO INDICATION OF INJURY","0","0","0","0","0","2","0","8","3","1","41.7723527142","-87.6068623465","POINT (-87.606862346477 41.772352714192)"
"943b578a6a9d023cdacd7c11426cac9f11ee6e3b35b0e46c890be1ec9658ebb8f1ab9a49f39be93560f9611f0814c8939ba8f064f9db1194485eda2dfd0ba774",,"2025-01-28T08:20:00.000","30","TRAFFIC SIGNAL","FUNCTIONING PROPERLY","UNKNOWN","UNKNOWN","TURNING","DIVIDED - W/MEDIAN (NOT RAISED)",,"STRAIGHT AND LEVEL","UNKNOWN","UNKNOWN","NOT ON SCENE (DESK REPORT)","NO INJURY / DRIVE AWAY","Y",,"Y","OVER $1,500","2025-01-29T18:47:00.000","UNABLE TO DETERMINE","UNABLE TO DETERMINE","88","N","HAMLIN BLVD","1122",,,,,,,"2","NO INDICATION OF INJURY","0","0","0","0","0","4","0","8","3","1","41.8818388719","-87.7209653359","POINT (-87.720965335863 41.881838871901)"
"be4b18033e9391338f08a3b1b740c45f809badea1cf4a14381983c25c32c9af9a2eb72c67d460e182029b7c703024daf608270808a97f886ea203ce8e0d8c9b0",,"2025-01-28T08:20:00.000","30","STOP SIGN/FLASHER","UNKNOWN","UNKNOWN","DAYLIGHT","ANGLE","FOUR WAY",,"STRAIGHT AND LEVEL","UNKNOWN","UNKNOWN","NOT ON SCENE (DESK REPORT)","NO INJURY / DRIVE AWAY",,,,"$501 - $1,500","2025-01-29T08:29:00.000","UNABLE TO DETERMINE","NOT APPLICABLE","3801","N","SHEFFIELD AVE","1923",,,,,,,"2","NO INDICATION OF INJURY","0","0","0","0","0","4","0","8","3","1","41.9512044463","-87.6542997979","POINT (-87.654299797896 41.951204446299)"
"71bddaad81b5ab813773ead0109eea8e43a2de073e3c4c0359a0c8fa6fa1db7f9a2ba9b31e4a2f4a9fcfd880e73155badb9d20e9de02460d03465fefda528f1b",,"2025-01-28T08:16:00.000","30","TRAFFIC SIGNAL","FUNCTIONING PROPERLY","CLEAR","DAYLIGHT","REAR END","NOT DIVIDED",,"STRAIGHT AND LEVEL","DRY","NO DEFECTS","ON SCENE","INJURY AND / OR TOW DUE TO CRASH",,,,"OVER $1,500","2025-01-28T08:22:00.000","UNABLE TO DETERMINE","NOT APPLICABLE","1802","W","ROOSEVELT RD","1231",,,,,,,"2","REPORTED, NOT EVIDENT","1","0","0","0","1","1","0","8","3","1","41.8669309869","-87.6715448897","POINT (-87.671544889683 41.866930986945)"
"57892a53ec5730eddd2bbab8215e86f2ca826b400d09d7904ac9454d88fc511ce3bf418546a1e7b8d4afd355b268c089c4ad54fa5b8f540b5f44046f85f0b4ff",,"2025-01-28T08:15:00.000","25","NO CONTROLS","NO CONTROLS","CLEAR","DAYLIGHT","ANGLE","NOT DIVIDED",,"STRAIGHT AND LEVEL","DRY","NO DEFECTS","NOT ON SCENE (DESK REPORT)","NO INJURY / DRIVE AWAY",,,,"OVER $1,500","2025-01-28T08:45:00.000","FAILING TO YIELD RIGHT-OF-WAY","NOT APPLICABLE","557","W","OAK ST","1823",,,,,,,"2","NO INDICATION OF INJURY","0","0","0","0","0","2","0","8","3","1","41.9003042149","-87.6430384594","POINT (-87.643038459373 41.900304214927)"
"5c4a53c685b86b7a93a8120023f931545a8004f2c1aebb169cd091f15cfe1de3fb8111d00ce09c062a9ad48ff06f94d1f9ba598278350d0bcc28490ed35f004d",,"2025-01-28T08:15:00.000","25","STOP SIGN/FLASHER","FUNCTIONING PROPERLY","CLEAR","DAYLIGHT","PEDESTRIAN","UNKNOWN INTERSECTION TYPE",,"STRAIGHT AND LEVEL","DRY","NO DEFECTS","ON SCENE","INJURY AND / OR TOW DUE TO CRASH","Y",,,"$500 OR LESS","2025-01-28T08:18:00.000","VISION OBSCURED (SIGNS, TREE LIMBS, BUILDINGS, ETC.)","FAILING TO YIELD RIGHT-OF-WAY","3624","W","83RD ST","834",,,,,,,"2","NONINCAPACITATING INJURY","1","0","0","1","0","1","0","8","3","1","41.7424299113","-87.7130044383","POINT (-87.713004438296 41.742429911311)"
"68e3c137d56ee884e9693aef887095399b0a3a7040d342b0f1cb81fc56ff21f696c5393fd6bbcb0a55fb33a6b95a72bc9c77441a14bfb994af48859e21f67c69",,"2025-01-28T08:15:00.000","30","TRAFFIC SIGNAL","FUNCTIONING PROPERLY","CLEAR","DAYLIGHT","PEDESTRIAN","OTHER",,"STRAIGHT AND LEVEL","DRY","NO DEFECTS","ON SCENE","INJURY AND / OR TOW DUE TO CRASH",,,,"$500 OR LESS","2025-01-28T08:16:00.000","UNABLE TO DETERMINE","UNABLE TO DETERMINE","3900","S","DR MARTIN LUTHER KING JR DR","213",,"N",,,,,"2","NONINCAPACITATING INJURY","1","0","0","1","0","1","0","8","3","1","41.8237727478","-87.6171420204","POINT (-87.617142020372 41.823772747763)"
"904c9f8d85feea59cd05c142300f22cc9f0448d309053853094e2de9591658a34e8d59a7da85494a969fd20f666cc53a36a5138e72f0b210a346190134eb1576",,"2025-01-28T08:15:00.000","25","NO CONTROLS","NO CONTROLS","CLEAR","DAWN","TURNING","OTHER",,"STRAIGHT AND LEVEL","DRY","NO DEFECTS","NOT ON SCENE (DESK REPORT)","NO INJURY / DRIVE AWAY",,,,"$501 - $1,500","2025-01-29T17:45:00.000","FAILING TO YIELD RIGHT-OF-WAY","IMPROPER TURNING/NO SIGNAL","2403","S","BLUE ISLAND AVE","1034",,,,,,,"2","NO INDICATION OF INJURY","0","0","0","0","0","2","0","8","3","1","41.8485391874","-87.6754169836","POINT (-87.675416983619 41.848539187353)"
"a2400d12f6518b25e35dd17337e8a98ec195732b9515c8df8806a80424937b7f581690b8f1fa0138d5d2f209badd6a95a835bf0e373b5414658aeef4eb56348f",,"2025-01-28T08:15:00.000","30","NO CONTROLS","NO CONTROLS","CLEAR","DAYLIGHT","TURNING","NOT DIVIDED",,"STRAIGHT AND LEVEL","DRY","NO DEFECTS","NOT ON SCENE (DESK REPORT)","NO INJURY / DRIVE AWAY",,,,"OVER $1,500","2025-01-28T09:00:00.000","IMPROPER TURNING/NO SIGNAL","UNABLE TO DETERMINE","3132","N","WESTERN AVE","1931",,,,,,,"2","NO INDICATION OF INJURY","0","0","0","0","0","2","0","8","3","1","41.9386247383","-87.6882977013","POINT (-87.688297701307 41.938624738296)"
"d222bba902c116a4c32e12e3f694349286da11967636e614c05a5bea26ea40dbbe6490d74f227fa1e9ed296d22d91ab7f21f41b8e00ac262d47d98cce7fc61ba",,"2025-01-28T08:10:00.000","30","NO CONTROLS","NO CONTROLS","CLEAR","DAYLIGHT","REAR END","DIVIDED - W/MEDIAN (NOT RAISED)",,"STRAIGHT AND LEVEL","DRY","NO DEFECTS","ON SCENE","NO INJURY / DRIVE AWAY",,,,"OVER $1,500","2025-01-28T08:13:00.000","UNABLE TO DETERMINE","UNABLE TO DETERMINE","9551","S","HALSTED ST","2223",,,,,,,"3","NO INDICATION OF INJURY","0","0","0","0","0","4","0","8","3","1","41.7199648445","-87.6430273501","POINT (-87.64302735008 41.719964844522)"
"235d277bac1183cb014b0d71a431a444155c8b14d9de79bd3239e121c5bf7a7e8568d506722af12485bf892cf37bfddd6661ba276a14e836f8cf88ac4ed1e465",,"2025-01-28T08:08:00.000","30","TRAFFIC SIGNAL","FUNCTIONING PROPERLY","CLEAR","DAYLIGHT","REAR END","DIVIDED - W/MEDIAN BARRIER",,"STRAIGHT AND LEVEL","DRY","UNKNOWN","NOT ON SCENE (DESK REPORT)","NO INJURY / DRIVE AWAY",,,,"OVER $1,500","2025-01-28T08:45:00.000","FOLLOWING TOO CLOSELY","FOLLOWING TOO CLOSELY","160","N","OGDEN AVE","1224",,,,,,,"2","NO INDICATION OF INJURY","0","0","0","0","0","2","0","8","3","1","41.8845362796","-87.6633481272","POINT (-87.66334812721 41.884536279648)"
"561880a0349ece1e47d28eaa191bfc61eae085f0453fad2356aba95dbd8da51f987b316d7339c7b7eecc2235bb6c57bc3014a74a9131ad8e2886a43fb16db3dd",,"2025-01-28T08:05:00.000","30","NO CONTROLS","NO CONTROLS","CLEAR","DAYLIGHT","TURNING","NOT DIVIDED",,"STRAIGHT AND LEVEL","DRY","NO DEFECTS","ON SCENE","INJURY AND / OR TOW DUE TO CRASH",,,,"OVER $1,500","2025-01-28T08:11:00.000","PHYSICAL CONDITION OF DRIVER","UNABLE TO DETERMINE","3330","N","KIMBALL AVE","1732",,,,,,,"2","NO INDICATION OF INJURY","0","0","0","0","0","2","0","8","3","1","41.9420735168","-87.712735824","POINT (-87.712735823952 41.942073516765)"
"73657d1bab0c07313a5b2a34f20cec1ba8419c2eb61f22613213a5ba0d529137a09e6285f8fb6066e2a4c992f846c016be95dc8dff76a5cc25ae552526cfdd74",,"2025-01-28T08:05:00.000","30","NO CONTROLS","NO CONTROLS","CLEAR","DAWN","TURNING","NOT DIVIDED",,"STRAIGHT AND LEVEL","DRY","NO DEFECTS","NOT ON SCENE (DESK REPORT)","NO INJURY / DRIVE AWAY",,,"Y","$500 OR LESS","2025-01-28T17:58:00.000","UNABLE TO DETERMINE","NOT APPLICABLE","2545","W","24TH ST","1034",,,,,,,"2","NO INDICATION OF INJURY","0","0","0","0","0","2","0","8","3","1","41.8482309556","-87.6897244839","POINT (-87.68972448391 41.848230955591)"
"0ddffb1540168bade20610ce1122dc35b517ba592603fd123328bfbf435b9e88c6822edb619d2b458a209eea9de276eb735233294f045c7f8730c62ad897810b","Y","2025-01-28T08:00:00.000","30","NO CONTROLS","NO CONTROLS","UNKNOWN","UNKNOWN","PARKED MOTOR VEHICLE","ONE-WAY",,"STRAIGHT AND LEVEL","DRY","NO DEFECTS","NOT ON SCENE (DESK REPORT)","NO INJURY / DRIVE AWAY",,,"Y","OVER $1,500","2025-01-28T19:41:00.000","NOT APPLICABLE","NOT APPLICABLE","2900","W","52ND ST","923",,,,,,,"2","NO INDICATION OF INJURY","0","0","0","0","0","1","0","8","3","1","41.7992282897","-87.6964557983","POINT (-87.696455798336 41.799228289685)"
"20f5fe5632c9f7f8c6adfcf43b8bee4a102b6661641a5c667c6aba3622d77655d6c23c04ffcbfbe8a22124eb19068ce68c316fafa80ef93048f6db2078a4f138",,"2025-01-28T08:00:00.000","30","NO CONTROLS","NO CONTROLS","CLEAR","DAYLIGHT","SIDESWIPE SAME DIRECTION","DIVIDED - W/MEDIAN (NOT RAISED)",,"STRAIGHT AND LEVEL","DRY","NO DEFECTS","ON SCENE","NO INJURY / DRIVE AWAY",,,,"OVER $1,500","2025-01-28T08:10:00.000","FAILING TO YIELD RIGHT-OF-WAY","NOT APPLICABLE","2631","W","PRATT BLVD","2412",,,,,,,"2","NO INDICATION OF INJURY","0","0","0","0","0","2","0","8","3","1","42.0048069385","-87.6961097373","POINT (-87.696109737298 42.004806938497)"
"70574d5cf12427e7e8b35f715446a85651e342dd9413a9829fabb321a100b9e3b5de4dbe914c2c2bf6c32805d58b4490f55e44f317a2b3417e431be80dfdb97d",,"2025-01-28T08:00:00.000","40","NO CONTROLS","NO CONTROLS","CLEAR","DAYLIGHT","SIDESWIPE SAME DIRECTION","NOT DIVIDED",,"STRAIGHT AND LEVEL","DRY","NO DEFECTS","NOT ON SCENE (DESK REPORT)","NO INJURY / DRIVE AWAY",,,"Y","OVER $1,500","2025-01-28T08:57:00.000","IMPROPER LANE USAGE","NOT APPLICABLE","1732","N","LAKE SHORE DR NB","1814",,,,,,,"2","NO INDICATION OF INJURY","0","0","0","0","0","2","0","8","3","1","41.9140721794","-87.6271745696","POINT (-87.627174569605 41.914072179421)"
"ae0492a0ce175c5fc6fd488fdf52d8e677d000f396574d6e7fcd02bca81f1dcf1060f1816b3e674302ab557a8bff9d39f1093b1ea8c6cdd552a4c3418c9f5bf0",,"2025-01-28T08:00:00.000","25","NO CONTROLS","NO CONTROLS","CLEAR","UNKNOWN","PARKED MOTOR VEHICLE","OTHER",,"STRAIGHT AND LEVEL","DRY","NO DEFECTS","NOT ON SCENE (DESK REPORT)","NO INJURY / DRIVE AWAY",,,"Y","OVER $1,500","2025-01-28T16:30:00.000","UNABLE TO DETERMINE","UNABLE TO DETERMINE","5917","S","PRINCETON AVE","711",,,,,,,"2","NO INDICATION OF INJURY","0","0","0","0","0","1","0","8","3","1","41.7866388049","-87.6326384711","POINT (-87.632638471149 41.786638804935)"
"99b7229bf867fec8f00c6c75ab7edcfc286e3599b82e5b36a8172cb02801cebd30fc50cf283bd4ffdb01159176fb05df778d7f389c611293909f809e42bb40d5",,"2025-01-28T07:55:00.000","30","NO CONTROLS","NO CONTROLS","CLEAR","DAYLIGHT","TURNING","NOT DIVIDED",,"STRAIGHT AND LEVEL","DRY","NO DEFECTS","NOT ON SCENE (DESK REPORT)","NO INJURY / DRIVE AWAY",,,,"OVER $1,500","2025-01-28T08:30:00.000","FAILING TO YIELD RIGHT-OF-WAY","FAILING TO YIELD RIGHT-OF-WAY","4232","W","63RD ST","813",,,,,,,"2","NO INDICATION OF INJURY","0","0","0","0","0","2","0","7","3","1","41.7786932352","-87.7289268917","POINT (-87.728926891701 41.778693235244)"
"01e798134b030a25449386daaa74433eb4a07e9aec041b10147fda996578e3491ff6b5d922489094b65a4a3555bf0b6a7ba6b805ab4f9c10e64d0fd10bbe304a",,"2025-01-28T07:50:00.000","20","SCHOOL ZONE","UNKNOWN","OTHER","DAYLIGHT","SIDESWIPE SAME DIRECTION","NOT DIVIDED",,"STRAIGHT AND LEVEL","OTHER","UNKNOWN","NOT ON SCENE (DESK REPORT)","NO INJURY / DRIVE AWAY",,,"Y","$501 - $1,500","2025-01-28T09:09:00.000","UNABLE TO DETERMINE","UNABLE TO DETERMINE","8445","S","KOLIN AVE","834",,,,,,,"2","NO INDICATION OF INJURY","0","0","0","0","0","4","0","7","3","1","41.7388635214","-87.7299192667","POINT (-87.729919266682 41.738863521359)"
"a19572b97c7734466507ae416cb83cb559e4673dcea26e1c81b6aca7bb195431ffa7f0ba462b3d50f136d8e7a84139662ea1ba75cc83bed974f1d3be0515c97c","Y","2025-01-28T07:50:00.000","30","TRAFFIC SIGNAL","NO CONTROLS","CLEAR","DAYLIGHT","REAR END","NOT DIVIDED",,"STRAIGHT AND LEVEL","DRY","NO DEFECTS","ON SCENE","NO INJURY / DRIVE AWAY",,,,"$500 OR LESS","2025-01-28T07:59:00.000","FOLLOWING TOO CLOSELY","UNABLE TO DETERMINE","3560","N","CENTRAL AVE","1633",,,,,,,"2","NO INDICATION OF INJURY","0","0","0","0","0","3","0","7","3","1","41.9458281676","-87.7669013842","POINT (-87.766901384157 41.94582816763)"
"b9ae7a6fb2a7289355ca7a2468e73cee98a67a8b48f84bf5dbf8ee25c2ec3d4da21d11199d9f0855a774865e48d4e2004da667de07a5f7f7159e6c7bd5db455d",,"2025-01-28T07:50:00.000","10","NO CONTROLS","NO CONTROLS","CLEAR","DAYLIGHT","PARKED MOTOR VEHICLE","NOT DIVIDED",,"STRAIGHT AND LEVEL","DRY","NO DEFECTS","NOT ON SCENE (DESK REPORT)","NO INJURY / DRIVE AWAY","Y",,,"OVER $1,500","2025-01-28T08:50:00.000","UNABLE TO DETERMINE","NOT APPLICABLE","2239","S","WOOD ST","1034",,,,,,,"2","NO INDICATION OF INJURY","0","0","0","0","0","1","0","7","3","1","41.851071764","-87.6707586407","POINT (-87.67075864069 41.851071764032)"
"c669fab77901cfffa7f9eea8e69623b62aedb2667b856d9e43c8f95b96760a713fdb3aca739071d2a41bd27ab651f9f38f0878326aa1c67884bb9ae29dc30726",,"2025-01-28T07:50:00.000","30","NO CONTROLS","NO CONTROLS","CLEAR","DAYLIGHT","REAR END","ONE-WAY",,"STRAIGHT AND LEVEL","DRY","UNKNOWN","NOT ON SCENE (DESK REPORT)","NO INJURY / DRIVE AWAY",,,,"OVER $1,500","2025-01-28T08:10:00.000","UNABLE TO DETERMINE","UNABLE TO DETERMINE","1746","S","MILLER ST","1235",,,,,,,"2","NO INDICATION OF INJURY","0","0","0","0","0","3","0","7","3","1","41.8581005327","-87.6523393317","POINT (-87.652339331687 41.858100532685)"
"d29353d602b4b6c372290ffed29ef7feac72f84a14ca0be97f86f0a61dad7a57b52aca8f56f87faa72d722e4d2b2157e09b4e79521525574adc3e2c1c68487fc",,"2025-01-28T07:49:00.000","30","RAILROAD CROSSING GATE","UNKNOWN","CLEAR","DAYLIGHT","TRAIN","NOT REPORTED",,"STRAIGHT AND LEVEL","DRY","NO DEFECTS","ON SCENE","INJURY AND / OR TOW DUE TO CRASH","Y",,,"OVER $1,500","2025-01-28T07:49:00.000","UNABLE TO DETERMINE","NOT APPLICABLE","1963","N","NARRAGANSETT AVE","2512",,,,,,,"1","FATAL","1","1","0","0","0","0","0","7","3","1","41.9165294103","-87.7850805676","POINT (-87.785080567572 41.91652941033)"
"1ad7983d44d426607fa2b58c71fd09060874563b6d9a3ab2482a73d181016a8d2e4341ff6971bc9bf5f4b425e1c0f00d24dedcfb04999cc3ba3024b8f1623534",,"2025-01-28T07:45:00.000","30","NO CONTROLS","NO CONTROLS","CLEAR","DAYLIGHT","SIDESWIPE OPPOSITE DIRECTION","NOT DIVIDED",,"STRAIGHT AND LEVEL","DRY","UNKNOWN","ON SCENE","NO INJURY / DRIVE AWAY",,,"Y","$500 OR LESS","2025-01-28T08:00:00.000","UNABLE TO DETERMINE","UNABLE TO DETERMINE","6129","S","KOSTNER AVE","813",,,,,,,"3","NO INDICATION OF INJURY","0","0","0","0","0","2","0","7","3","1","41.7813079682","-87.7324589579","POINT (-87.732458957863 41.781307968192)"