"crash_record_id","crash_date_est_i","crash_date","posted_speed_limit","traffic_control_device","device_condition","weather_condition","lighting_condition","first_crash_type","trafficway_type","lane_cnt","alignment","roadway_surface_cond","road_defect","report_type","crash_type","intersection_related_i","private_property_i","hit_and_run_i","damage","date_police_notified","prim_contributory_cause","sec_contributory_cause","street_no","street_direction","street_name","beat_of_occurrence","photos_taken_i","statements_taken_i","dooring_i","work_zone_i","work_zone_type","workers_present_i","num_units","most_severe_injury","injuries_total","injuries_fatal","injuries_incapacitating","injuries_non_incapacitating","injuries_reported_not_evident","injuries_no_indication","injuries_unknown","crash_hour","crash_day_of_week","crash_month","latitude","longitude","location"
"bc8999cad83f958ffc14d73b4daf74873690089e6a7bfbccd86eaddcf0b7e383241b8cb8771c5b60674e06a9d122c39c4ed075d2ea079871f3a8e1bfb904e67b",,"2025-01-28T07:40:00.000","25","UNKNOWN","UNKNOWN","CLEAR","DAYLIGHT","TURNING","NOT DIVIDED",,"STRAIGHT AND LEVEL","DRY","UNKNOWN","NOT ON SCENE (DESK REPORT)","NO INJURY / DRIVE AWAY",,,,"$500 OR LESS","2025-01-28T07:40:00.000","FAILING TO YIELD RIGHT-OF-WAY","FOLLOWING TOO CLOSELY","1647","N","LA SALLE DR","1814",,,,,,,"2","NO INDICATION OF INJURY","0","0","0","0","0","2","0","7","3","1","41.9125032395","-87.6330119329","POINT (-87.633011932875 41.912503239452)"
"29442bf572d8069ee983770f12ef1c7b0af36b4528ea77a5058e4b38b7ddeac0398b867d71abede0d77d284106b178b6b18e6cb44ef13a22dbfe267c5643d55b",,"2025-01-28T07:39:00.000","25","NO CONTROLS","NO CONTROLS","CLEAR","DAYLIGHT","TURNING","NOT DIVIDED",,"STRAIGHT AND LEVEL","DRY","NO DEFECTS","NOT ON SCENE (DESK REPORT)","NO INJURY / DRIVE AWAY",,,,"$501 - $1,500","2025-01-28T08:30:00.000","OBSTRUCTED CROSSWALKS","UNABLE TO DETERMINE","3145","W","WILSON AVE","1724",,,,,,,"2","NO INDICATION OF INJURY","0","0","0","0","0","2","0","7","3","1","41.9645964665","-87.7077458216","POINT (-87.707745821581 41.964596466456)"
"d7d1e6fb89f43cfaf5ba71ccb63a17ca54e02d10b33f27b03c74ed76ba85d811dd4cc6ec2eaed5e347aaa4f9991090a3821e0b3152a9307b5a48ea3c83a6d2a6",,"2025-01-28T07:38:00.000","30","TRAFFIC SIGNAL","FUNCTIONING PROPERLY","CLEAR","DAYLIGHT","PARKED MOTOR VEHICLE","NOT DIVIDED",,"STRAIGHT AND LEVEL","DRY","NO DEFECTS","ON SCENE","NO INJURY / DRIVE AWAY","Y",,"Y","OVER $1,500","2025-01-28T07:40:00.000","NOT APPLICABLE","NOT APPLICABLE","5448","S","WOOD ST","932",,,,,,,"2","NO INDICATION OF INJURY","0","0","0","0","0","2","0","7","3","1","41.7943457367","-87.6696010261","POINT (-87.669601026134 41.794345736727)"
"dc4d6bc7c01bdee91c8a19d0debfa9877088e25f3cc0b40633188b1c63116c6aacb760e37531f9d60f68e72e3841344fc566b60fc1aaf9e7307401a3aeb01ccc",,"2025-01-28T07:34:00.000","30","NO CONTROLS","NO CONTROLS","CLEAR","DAYLIGHT","SIDESWIPE SAME DIRECTION","NOT DIVIDED",,"STRAIGHT AND LEVEL","DRY","NO DEFECTS","ON SCENE","NO INJURY / DRIVE AWAY",,,,"OVER $1,500","2025-01-28T07:54:00.000","DRIVING SKILLS/KNOWLEDGE/EXPERIENCE","DRIVING SKILLS/KNOWLEDGE/EXPERIENCE","612","W","OHARE ST","1654",,,,,,,"2","NO INDICATION OF INJURY","0","0","0","0","0","2","0","7","3","1",,,
"7980f7d21314908c5e7e47ed9110122bccb5f243452298a96fe705966305006f09f53d229747efb48141aa2bff0de7216761d3cc6f03af69d42a0d7ce6690db3",,"2025-01-28T07:30:00.000","30","TRAFFIC SIGNAL","UNKNOWN","UNKNOWN","UNKNOWN","REAR END","OTHER",,"STRAIGHT AND LEVEL","UNKNOWN","UNKNOWN","NOT ON SCENE (DESK REPORT)","NO INJURY / DRIVE AWAY",,,,"$501 - $1,500","2025-01-28T13:50:00.000","UNABLE TO DETERMINE","NOT APPLICABLE","9830","S","HALSTED ST","2223",,,,,,,"2","NO INDICATION OF INJURY","0","0","0","0","0","2","0","7","3","1","41.7151494564","-87.6431879176","POINT (-87.643187917608 41.715149456405)"
"9c8f0033cc6708ec4c23c79b5fcf082b182beeee5d14bf059ab21bca19483c884862bba7a9411ae6477c6ae5f2417b11b349e2588a445176b04bd7cae9865dc2",,"2025-01-28T07:30:00.000","30","NO CONTROLS","NO CONTROLS","CLEAR","DAYLIGHT","SIDESWIPE SAME DIRECTION","NOT DIVIDED",,"STRAIGHT ON GRADE","DRY","NO DEFECTS","NOT ON SCENE (DESK REPORT)","NO INJURY / DRIVE AWAY",,,,"OVER $1,500","2025-01-28T07:50:00.000","DRIVING SKILLS/KNOWLEDGE/EXPERIENCE","NOT APPLICABLE","849","W","IRVING PARK RD","1923",,,,,,,"2","NO INDICATION OF INJURY","0","0","0","0","0","2","0","7","3","1","41.9544201166","-87.6516425955","POINT (-87.65164259552 41.954420116644)"
"cb81fed926dbe1795a17036681a2f06bdffbaed5fe18e6584678ca09dfed5a407cc0e7347ef88b8c9f7949768d3dbc24163b353dd2a5b96fc64c344cf901ee4b",,"2025-01-28T07:30:00.000","30","TRAFFIC SIGNAL","FUNCTIONING PROPERLY","CLEAR","DAYLIGHT","TURNING","FOUR WAY",,"STRAIGHT AND LEVEL","DRY","NO DEFECTS","NOT ON SCENE (DESK REPORT)","NO INJURY / DRIVE AWAY","Y",,,"OVER $1,500","2025-01-28T07:55:00.000","IMPROPER TURNING/NO SIGNAL","IMPROPER OVERTAKING/PASSING","9845","S","HALSTED ST","2223",,,,,,,"2","NO INDICATION OF INJURY","0","0","0","0","0","2","0","7","3","1","41.7146683869","-87.6428749312","POINT (-87.642874931224 41.714668386912)"
"d2a392788946f11820f3fe8dd8f3f0efcf34b2ce5a746428e76f250834200edfdc997bb19b5ea118687b1535ec3f9503efd6adad3805b6ddd2090de62f203b32","Y","2025-01-28T07:30:00.000","30","OTHER","OTHER","OTHER","UNKNOWN","PARKED MOTOR VEHICLE","OTHER",,"STRAIGHT AND LEVEL","UNKNOWN","UNKNOWN","NOT ON SCENE (DESK REPORT)","NO INJURY / DRIVE AWAY",,,,"OVER $1,500","2025-01-29T21:00:00.000","UNABLE TO DETERMINE","UNABLE TO DETERMINE","4640","S","PRAIRIE AVE","215",,,,,,,"2","NO INDICATION OF INJURY","0","0","0","0","0","1","0","7","3","1","41.8099316436","-87.619755971","POINT (-87.619755971014 41.809931643622)"
"ff283b3f84e2ef07fdea1efc20e9a509f72467a3e9b1948ed005129bb435cde338127e880dea4c2eead61b6dd86661ae0cb5403afd0323537fd3f025b33c426b",,"2025-01-28T07:30:00.000","30","NO CONTROLS","NO CONTROLS","CLEAR","DAYLIGHT","PARKED MOTOR VEHICLE","OTHER",,"STRAIGHT AND LEVEL","OTHER","NO DEFECTS","ON SCENE","NO INJURY / DRIVE AWAY",,,,"$501 - $1,500","2025-01-28T07:45:00.000","UNABLE TO DETERMINE","UNABLE TO DETERMINE","1152","W","ROOSEVELT RD","1232",,,,,,,"2","NO INDICATION OF INJURY","0","0","0","0","0","1","0","7","3","1","41.8671126844","-87.6562726471","POINT (-87.656272647145 41.867112684358)"
"3b5368c89e13a37eddfdac6bcd7b726e4fd65c228892b7e8743db3a7b156ded1d664ef898e18df482ac2877949298d0a76ff8e233113b6314406781ddf15469a",,"2025-01-28T07:29:00.000","40","NO CONTROLS","NO CONTROLS","CLEAR","DAYLIGHT","SIDESWIPE SAME DIRECTION","DIVIDED - W/MEDIAN BARRIER",,"STRAIGHT AND LEVEL","DRY","UNKNOWN","ON SCENE","INJURY AND / OR TOW DUE TO CRASH",,,,"OVER $1,500","2025-01-28T07:31:00.000","UNABLE TO DETERMINE","UNABLE TO DETERMINE","3400","N","LAKE SHORE DR SB","1925",,,,,,,"4","REPORTED, NOT EVIDENT","1","0","0","0","1","3","0","7","3","1","41.9434086832","-87.6404716415","POINT (-87.640471641548 41.943408683197)"
"2a84cf81197710d471d334fe575c592411499255a57194a33186978f634781004320d355ad3f792a7765468d746681a0c31122bb3f60e9a2b41421ae1db7609e",,"2025-01-28T07:25:00.000","40","NO CONTROLS","NO CONTROLS","CLEAR","DAYLIGHT","REAR END","DIVIDED - W/MEDIAN BARRIER",,"STRAIGHT AND LEVEL","DRY","UNKNOWN","ON SCENE","NO INJURY / DRIVE AWAY",,,"Y","OVER $1,500","2025-01-28T07:29:00.000","UNABLE TO DETERMINE","NOT APPLICABLE","3400","N","LAKE SHORE DR SB","1925",,,,,,,"4","NO INDICATION OF INJURY","0","0","0","0","0","5","0","7","3","1","41.9434086832","-87.6404716415","POINT (-87.640471641548 41.943408683197)"
"3c2c729cf299cf0483af9fff9f7b22613a048a65f3f239952bc14c372b4366e9f53981910b4796e31010e51977b6539701f00b9197ecd540cac02adc0ef06729",,"2025-01-28T07:25:00.000","30","NO CONTROLS","NO CONTROLS","CLEAR","DAYLIGHT","TURNING","NOT DIVIDED",,"STRAIGHT AND LEVEL","DRY","NO DEFECTS","NOT ON SCENE (DESK REPORT)","NO INJURY / DRIVE AWAY",,,,"OVER $1,500","2025-01-29T16:30:00.000","UNABLE TO DETERMINE","NOT APPLICABLE","1958","W","21ST ST","1234",,,,,,,"2","NO INDICATION OF INJURY","0","0","0","0","0","2","0","7","3","1","41.8541228162","-87.6757745814","POINT (-87.675774581416 41.854122816202)"
"9e56bfde609d23386502556f33773470a29e53c42ffbbac90671213dc7d50b84c79dbb6894c2f7d27987a292d78fb928ed61e999b4dd002f8a83f265408d9266",,"2025-01-28T07:25:00.000","10","NO CONTROLS","NO CONTROLS","CLEAR","DAYLIGHT","SIDESWIPE SAME DIRECTION","ALLEY",,"STRAIGHT AND LEVEL","DRY","NO DEFECTS","NOT ON SCENE (DESK REPORT)","NO INJURY / DRIVE AWAY",,,,"OVER $1,500","2025-01-28T08:00:00.000","UNABLE TO DETERMINE","NOT APPLICABLE","1228","W","WASHBURNE AVE","1233",,,,,,,"2","NO INDICATION OF INJURY","0","0","0","0","0","2","0","7","3","1","41.86624117","-87.6574123124","POINT (-87.657412312402 41.866241170015)"
"c11404702dcbab966d8047a170632b9da3f8239b310e56406c850b71349152b44594471708b5a20c3c822c141aee44237ed727421d708dc5524797b73befbbd0",,"2025-01-28T07:25:00.000","30","NO CONTROLS","NO CONTROLS","CLEAR","DAYLIGHT","TURNING","NOT DIVIDED",,"STRAIGHT AND LEVEL","DRY","NO DEFECTS","NOT ON SCENE (DESK REPORT)","NO INJURY / DRIVE AWAY",,,,"$501 - $1,500","2025-01-28T16:56:00.000","FAILING TO YIELD RIGHT-OF-WAY","NOT APPLICABLE","3214","W","WILSON AVE","1713",,,,,,,"2","NO INDICATION OF INJURY","0","0","0","0","0","2","0","7","3","1","41.9648039664","-87.7089691994","POINT (-87.708969199415 41.964803966373)"
"c2290269c4125a14a70bf5f95e0335bda1a15261c3e23d7a9cd212d0b95e96c73e8a201a6dbec83be0215cb413f71d8a77fbac31269f9d89df0441a75ef36faf","Y","2025-01-28T07:22:00.000","30","NO CONTROLS","NO CONTROLS","CLEAR","DAYLIGHT","SIDESWIPE SAME DIRECTION","NOT DIVIDED",,"STRAIGHT AND LEVEL","DRY","UNKNOWN","ON SCENE","NO INJURY / DRIVE AWAY",,,,"OVER $1,500","2025-01-28T07:23:00.000","IMPROPER LANE USAGE","NOT APPLICABLE","4619","W","MONTROSE AVE","1722",,"Y",,,,,"2","NO INDICATION OF INJURY","0","0","0","0","0","2","0","7","3","1","41.9606580985","-87.7435546336","POINT (-87.743554633616 41.960658098475)"
"08292f70244d7b2e39609ad5d01359d27fd9ec4187ea2f3ee404670cc658975e39aa23ee5881d7314d6da2e8c1011061a169923dc5eeb478434f60ab3f381241",,"2025-01-28T07:15:00.000","30","NO CONTROLS","NO CONTROLS","CLEAR","DAYLIGHT","SIDESWIPE SAME DIRECTION","DIVIDED - W/MEDIAN (NOT RAISED)",,"STRAIGHT AND LEVEL","DRY","NO DEFECTS","ON SCENE","INJURY AND / OR TOW DUE TO CRASH","Y",,,"OVER $1,500","2025-01-28T07:18:00.000","EQUIPMENT - VEHICLE CONDITION","UNABLE TO DETERMINE","7145","W","GRAND AVE","2512",,,,,,,"2","REPORTED, NOT EVIDENT","1","0","0","0","1","1","0","7","3","1","41.9235982263","-87.8043388496","POINT (-87.804338849581 41.923598226343)"
"da0f4aa25c8f0287197deb86a5f4078c9a9cb6a94038fd46b06273fb300cbc2aeea8485e4cd497656f9d3d80e5c5537f7de5c91c7b94face9704faf7d5ad6dc6",,"2025-01-28T07:15:00.000","25","TRAFFIC SIGNAL","FUNCTIONING PROPERLY","CLEAR","DAYLIGHT","REAR END","NOT DIVIDED",,"STRAIGHT AND LEVEL","DRY","NO DEFECTS","NOT ON SCENE (DESK REPORT)","NO INJURY / DRIVE AWAY",,,,"OVER $1,500","2025-01-28T09:40:00.000","FOLLOWING TOO CLOSELY","NOT APPLICABLE","5346","W","AINSLIE ST","1623",,,,,,,"2","NO INDICATION OF INJURY","0","0","0","0","0","2","0","7","3","1","41.9685580184","-87.7612621692","POINT (-87.76126216916 41.968558018395)"
"766efd6d07d4b3c9f85d3df0cb26ede54ecb0720048912c00308577195f7a92f3c74548d273e5c4cb6d8a1d3711bc4a704399102cb205975cd9865383ba5f672",,"2025-01-28T07:14:00.000","15","STOP SIGN/FLASHER","NO CONTROLS","CLEAR","DAYLIGHT","PARKED MOTOR VEHICLE","NOT DIVIDED",,"STRAIGHT AND LEVEL","DRY","NO DEFECTS","ON SCENE","NO INJURY / DRIVE AWAY","Y",,,"OVER $1,500","2025-01-28T07:14:00.000","UNABLE TO DETERMINE","UNABLE TO DETERMINE","2627","N","LONG AVE","2514",,,,,,,"2","NO INDICATION OF INJURY","0","0","0","0","0","8","0","7","3","1","41.9285920763","-87.7610855451","POINT (-87.761085545111 41.928592076272)"
"f84704a7b869eee84ad9c3fb291917b0a0b2f32f1e762a97f723adedb429812bb88113fc0fb05187991c21103705dac11e98217aa20dd7036367ca34e90987e8",,"2025-01-28T07:10:00.000","30","NO CONTROLS","NO CONTROLS","CLEAR","DAYLIGHT","SIDESWIPE OPPOSITE DIRECTION","NOT DIVIDED",,"STRAIGHT AND LEVEL","DRY","NO DEFECTS","NOT ON SCENE (DESK REPORT)","NO INJURY / DRIVE AWAY",,,,"$501 - $1,500","2025-01-28T14:50:00.000","IMPROPER OVERTAKING/PASSING","IMPROPER OVERTAKING/PASSING","5132","N","CENTRAL AVE","1622",,,,,,,"2","NO INDICATION OF INJURY","0","0","0","0","0","2","0","7","3","1","41.9745275217","-87.76864902","POINT (-87.768649020026 41.974527521708)"
"13be9600e254da399f71d3ada41cef9c05a331daa56e89e1df0d9e88a8b640b02046e55849e35da69b0f05f5164b726ef00911b9be9ab43501a600c1e7f90e7e",,"2025-01-28T07:05:00.000","15","NO CONTROLS","NO CONTROLS","CLEAR","DAYLIGHT","PARKED MOTOR VEHICLE","PARKING LOT",,"STRAIGHT AND LEVEL","DRY","NO DEFECTS","ON SCENE","NO INJURY / DRIVE AWAY",,,,"$501 - $1,500","2025-01-28T07:41:00.000","UNABLE TO DETERMINE","UNABLE TO DETERMINE","4219","N","MILWAUKEE AVE","1624",,,,,,,"2","NO INDICATION OF INJURY","0","0","0","0","0","1","0","7","3","1","41.9576134696","-87.7516894601","POINT (-87.751689460074 41.957613469579)"
"de3788c13afabd69bd7bbd9dcac865d3bb8b89c3cdf9b910c52252b3d1e7b5b12aefdc6b9228539cefde0f529aa3993ae4f30d5ce36dc43d1233dc0402796d7e","Y","2025-01-28T07:01:00.000","30","NO CONTROLS","NO CONTROLS","CLEAR","DAYLIGHT","TURNING","DIVIDED - W/MEDIAN (NOT RAISED)",,"STRAIGHT AND LEVEL","DRY","UNKNOWN","ON SCENE","INJURY AND / OR TOW DUE TO CRASH","Y",,"Y","$501 - $1,500","2025-01-28T07:04:00.000","UNABLE TO DETERMINE","NOT APPLICABLE","1125","E","90TH ST","413",,,,,,,"2","NO INDICATION OF INJURY","0","0","0","0","0","2","0","7","3","1","41.7311878143","-87.5962676032","POINT (-87.596267603175 41.731187814346)"
"3caf1a83b9ee0ec1a081a026a7e1004032bf5d6ba6b1a31caa70d047341ea0fd39ef1f3b45555c3f0c2145659fd1c94aed2e3210d1d13d263dc482592b121116",,"2025-01-28T07:00:00.000","25","NO CONTROLS","NO CONTROLS","RAIN","DAYLIGHT","PEDESTRIAN","PARKING LOT",,"STRAIGHT AND LEVEL","WET","NO DEFECTS","NOT ON SCENE (DESK REPORT)","INJURY AND / OR TOW DUE TO CRASH",,,,"OVER $1,500","2025-02-01T07:55:00.000","UNABLE TO DETERMINE","UNABLE TO DETERMINE","4545","S","RACINE AVE","925",,,,,,,"2","NONINCAPACITATING INJURY","1","0","0","1","0","1","0","7","3","1","41.8110882897","-87.6550616414","POINT (-87.655061641421 41.811088289748)"
"c686c5c056d4f254198dcc9a7c21b3abbf937169115d78905f59993cb9eed58a7dd9fdfca94880fb7f499b80d6dce242d6c8e662e455a7f95693ce4f0ea68f93",,"2025-01-28T06:58:00.000","45","NO CONTROLS","NO CONTROLS","CLEAR","DAYLIGHT","SIDESWIPE SAME DIRECTION","DIVIDED - W/MEDIAN BARRIER",,"STRAIGHT AND LEVEL","DRY","NO DEFECTS","ON SCENE","NO INJURY / DRIVE AWAY",,,,"$501 - $1,500","2025-01-28T07:10:00.000","UNABLE TO DETERMINE","UNABLE TO DETERMINE","5433","S","LAKE SHORE DR NB","234",,,,,,,"2","NO INDICATION OF INJURY","0","0","0","0","0","2","0","6","3","1","41.7973208605","-87.5797399173","POINT (-87.579739917286 41.797320860481)"
"61fa828e877c3297276495386f3a6d5d4b9e893eb261a0ccf31452bd31eb5cda4ca4227d7c3c930738159b4c7cd6372099c8bb0670af2cd2975717f5083877d1",,"2025-01-28T06:56:00.000","30","NO CONTROLS","NO CONTROLS","CLEAR","DAYLIGHT","FIXED OBJECT","DIVIDED - W/MEDIAN BARRIER",,"STRAIGHT AND LEVEL","DRY","NO DEFECTS","ON SCENE","INJURY AND / OR TOW DUE TO CRASH",,,,"OVER $1,500","2025-01-28T07:16:00.000","DISREGARDING ROAD MARKINGS","DISREGARDING ROAD MARKINGS","342","W","GARFIELD BLVD","935",,,,,,,"1","NO INDICATION OF INJURY","0","0","0","0","0","1","0","6","3","1","41.7946000014","-87.6346976437","POINT (-87.634697643679 41.794600001425)"
"5616e167680ede7045ee638e5a7ed46ca585f2c9892bb7ff1424731f06ac543d7ebe5b295a52909441d2be7bd8ba17a16be7821c0ee17b76850e2c0efaa44ee4",,"2025-01-28T06:49:00.000","30","STOP SIGN/FLASHER","FUNCTIONING PROPERLY","CLEAR","DAYLIGHT","TURNING","FOUR WAY",,"STRAIGHT AND LEVEL","DRY","NO DEFECTS","ON SCENE","INJURY AND / OR TOW DUE TO CRASH","Y",,,"OVER $1,500","2025-01-28T07:32:00.000","EQUIPMENT - VEHICLE CONDITION","FAILING TO REDUCE SPEED TO AVOID CRASH","4100","W","ARMITAGE AVE","2525",,,,,,,"2","NO INDICATION OF INJURY","0","0","0","0","0","2","0","6","3","1","41.9172439738","-87.7290637155","POINT (-87.729063715517 41.917243973804)"
"7a67f86d0a994f534f0e943dcd65399817a9b1114caf4dc5d73164df833c9cc8fe835df69bc96ab9f55e4b0bf2faea7a93dfddad1d4d2e7d09c267b79100c91a",,"2025-01-28T06:35:00.000","30","NO CONTROLS","NO CONTROLS","CLEAR","DAYLIGHT","ANGLE","DIVIDED - W/MEDIAN (NOT RAISED)",,"STRAIGHT AND LEVEL","DRY","NO DEFECTS","ON SCENE","NO INJURY / DRIVE AWAY","N",,"Y","OVER $1,500","2025-01-28T06:46:00.000","FAILING TO YIELD RIGHT-OF-WAY","NOT APPLICABLE","635","W","74TH ST","732",,,,,,,"2","NO INDICATION OF INJURY","0","0","0","0","0","2","0","6","3","1","41.7596887849","-87.6407619297","POINT (-87.640761929678 41.759688784888)"
"c160e65a5f4d77d862b56421d42f30e4daefb13f6139fb5873353eca6f74f708934b8ff6c630ce390caf624083fe9fa2be835bfbaf972659e2070cbfb58dc5ef",,"2025-01-28T06:30:00.000","35","NO CONTROLS","NO CONTROLS","CLEAR","UNKNOWN","PARKED MOTOR VEHICLE","PARKING LOT",,"STRAIGHT AND LEVEL","DRY","NO DEFECTS","NOT ON SCENE (DESK REPORT)","NO INJURY / DRIVE AWAY",,,"Y","$500 OR LESS","2025-01-30T09:25:00.000","UNABLE TO DETERMINE","UNABLE TO DETERMINE","3500","N","KIMBALL AVE","1732",,,,,,,"2","NO INDICATION OF INJURY","0","0","0","0","0","1","0","6","3","1","41.9448810738","-87.7128050888","POINT (-87.712805088759 41.944881073845)"
"f4d60c4eeb2352ae0a6380d90e5b6b49d639083da5bea4ee00bf80e77fff2f75159769c4449a952b7dd4d7080e71001493e8998167a453a8fb416cb0d9fff060",,"2025-01-28T06:20:00.000","30","NO CONTROLS","NO CONTROLS","CLEAR","DAWN","SIDESWIPE SAME DIRECTION","NOT DIVIDED",,"STRAIGHT AND LEVEL","UNKNOWN","UNKNOWN","NOT ON SCENE (DESK REPORT)","NO INJURY / DRIVE AWAY",,,,"OVER $1,500","2025-01-28T06:45:00.000","UNABLE TO DETERMINE","UNABLE TO DETERMINE","5005","W","LAWRENCE AVE","1623",,,,,,,"2","NO INDICATION OF INJURY","0","0","0","0","0","3","0","6","3","1","41.9678551038","-87.752871971","POINT (-87.75287197102 41.967855103764)"
"754e748b4f58ed2ecc9dc9b3648ee4fa29db45b948a9b565ebf09847fb7ae57b6efc1c3f5dd67a075d4c4c0c2fe5dc5be72b622a19a0ed0885f505f7a9052310",,"2025-01-28T05:50:00.000","30","TRAFFIC SIGNAL","FUNCTIONING PROPERLY","CLEAR","DARKNESS, LIGHTED ROAD","ANGLE","DIVIDED - W/MEDIAN BARRIER",,"STRAIGHT AND LEVEL","DRY","NO DEFECTS","ON SCENE","INJURY AND / OR TOW DUE TO CRASH",,,,"OVER $1,500","2025-01-28T05:55:00.000","FAILING TO YIELD RIGHT-OF-WAY","FAILING TO REDUCE SPEED TO AVOID CRASH","3533","S","KEDZIE AVE","911",,,,,,,"2","NO INDICATION OF INJURY","0","0","0","0","0","2","0","5","3","1","41.8287715155","-87.7044149805","POINT (-87.70441498046 41.828771515538)"
"74d2c9ca8d337e59c02d7582f4a040235fd2f97f840bc924d1e280f2329e14c0d9d0bfdd47f1f7f12454aa916d87149391a0bfab62a7e9a9246fe41637add2de",,"2025-01-28T05:45:00.000","30","TRAFFIC SIGNAL","FUNCTIONING PROPERLY","CLEAR","DARKNESS, LIGHTED ROAD","TURNING","NOT DIVIDED",,"STRAIGHT AND LEVEL","DRY","NO DEFECTS","NOT ON SCENE (DESK REPORT)","NO INJURY / DRIVE AWAY",,,"Y","OVER $1,500","2025-01-28T06:15:00.000","DRIVING ON WRONG SIDE/WRONG WAY","IMPROPER LANE USAGE","5505","S","KEDZIE AVE","824",,,,,,,"2","NO INDICATION OF INJURY","0","0","0","0","0","4","0","5","3","1","41.7933124908","-87.7034004968","POINT (-87.703400496812 41.793312490801)"
"eee61e479032d31ca09236ccafac654fcbbb4f0afe2e7888486d10686e3f23d48d7409a1dcc7cc1d4207211608bcdd32150b6d476578a3dac45dce25494f6481",,"2025-01-28T05:34:00.000","30","NO CONTROLS","NO CONTROLS","CLEAR","DARKNESS, LIGHTED ROAD","TURNING","NOT DIVIDED",,"STRAIGHT AND LEVEL","DRY","NO DEFECTS","ON SCENE","NO INJURY / DRIVE AWAY",,,,"OVER $1,500","2025-01-28T05:34:00.000","VISION OBSCURED (SIGNS, TREE LIMBS, BUILDINGS, ETC.)","NOT APPLICABLE","5119","N","MILWAUKEE AVE","1623",,,,,,,"2","NO INDICATION OF INJURY","0","0","0","0","0","3","0","5","3","1","41.9734441976","-87.765565426","POINT (-87.765565426021 41.973444197587)"
"b8a981c80b00f2ab804d24f17adb24f8e1970e2e8e4b581dabb62ba7d4e889cf8efeb4e8f83a440fa384bba1cf2dbe6c9f7c780d18677450e4ea644bcd747865",,"2025-01-28T05:25:00.000","30","STOP SIGN/FLASHER","OTHER","CLEAR","DARKNESS, LIGHTED ROAD","ANGLE","DIVIDED - W/MEDIAN (NOT RAISED)",,"STRAIGHT AND LEVEL","DRY","NO DEFECTS","ON SCENE","INJURY AND / OR TOW DUE TO CRASH",,,,"OVER $1,500","2025-01-28T05:25:00.000","UNABLE TO DETERMINE","NOT APPLICABLE","6628","W","DIVERSEY AVE","2511",,,,,,,"2","REPORTED, NOT EVIDENT","2","0","0","0","2","0","0","5","3","1","41.9310391337","-87.791744461","POINT (-87.791744460994 41.93103913374)"
"24f57dab49102264d126234c9ee550b3e2d590158f93fd65b062b57342a318f1a1e9bb58ac1d959db1d62b904c53f3dd24c9f4323d87a131d8f810b051360c7b",,"2025-01-28T05:24:00.000","30","NO CONTROLS","UNKNOWN","CLEAR","DAWN","REAR END","DIVIDED - W/MEDIAN (NOT RAISED)",,"STRAIGHT AND LEVEL","DRY","NO DEFECTS","ON SCENE","INJURY AND / OR TOW DUE TO CRASH",,,,"OVER $1,500","2025-01-28T05:24:00.000","NOT APPLICABLE","FOLLOWING TOO CLOSELY","3498","S","WESTERN AVE","911",,,,,,,"3","NO INDICATION OF INJURY","0","0","0","0","0","3","0","5","3","1","41.8303242161","-87.6851823336","POINT (-87.685182333559 41.830324216125)"
"dc727c7ec467b5b058b606762c0b288e308b2bf9850b4ab0dcc562221409ddceb45345311176802c14db5c72ff723b32c49be59a24adcaf6550250a2a9f23280",,"2025-01-28T05:05:00.000","45","TRAFFIC SIGNAL","FUNCTIONING PROPERLY","CLEAR","DARKNESS, LIGHTED ROAD","ANGLE","FOUR WAY",,"STRAIGHT AND LEVEL","DRY","NO DEFECTS","ON SCENE","INJURY AND / OR TOW DUE TO CRASH","Y",,"Y","OVER $1,500","2025-01-28T05:05:00.000","FAILING TO YIELD RIGHT-OF-WAY","FAILING TO YIELD RIGHT-OF-WAY","370","E","MONROE DR","114",,,,,,,"2","NO INDICATION OF INJURY","0","0","0","0","0","4","0","5","3","1","41.881017827","-87.6182640277","POINT (-87.618264027672 41.881017826994)"
"4678b3184b05064d76f5314ec2c9601b35b3ba2a6041c882266d712b1d378ba0f0c814eb059c5d1906c6d7df7158f59b2371e32c0d400fe5195cd854987d5bbd",,"2025-01-28T04:59:00.000","30","TRAFFIC SIGNAL","FUNCTIONING PROPERLY","CLEAR","DARKNESS, LIGHTED ROAD","ANGLE","FOUR WAY",,"STRAIGHT AND LEVEL","DRY","NO DEFECTS","ON SCENE","INJURY AND / OR TOW DUE TO CRASH","Y",,,"OVER $1,500","2025-01-28T04:59:00.000","DISREGARDING TRAFFIC SIGNALS","UNABLE TO DETERMINE","8301","S","STATE ST","632",,,,,,,"2","REPORTED, NOT EVIDENT","1","0","0","0","1","1","0","4","3","1","41.7435662758","-87.6241827275","POINT (-87.624182727532 41.74356627583)"