"crash_record_id","crash_date_est_i","crash_date","posted_speed_limit","traffic_control_device","device_condition","weather_condition","lighting_condition","first_crash_type","trafficway_type","lane_cnt","alignment","roadway_surface_cond","road_defect","report_type","crash_type","intersection_related_i","private_property_i","hit_and_run_i","damage","date_police_notified","prim_contributory_cause","sec_contributory_cause","street_no","street_direction","street_name","beat_of_occurrence","photos_taken_i","statements_taken_i","dooring_i","work_zone_i","work_zone_type","workers_present_i","num_units","most_severe_injury","injuries_total","injuries_fatal","injuries_incapacitating","injuries_non_incapacitating","injuries_reported_not_evident","injuries_no_indication","injuries_unknown","crash_hour","crash_day_of_week","crash_month","latitude","longitude","location"
"a00807f0d4f49639edc8527ac2ddca021caaf7d7f9da52e4329cc1a9f38a6466da7cc290fafce3761d4d0c38aed3b3c5ee08498d3455776c6a17e38c70d6b746",,"2025-01-28T02:22:00.000","30","TRAFFIC SIGNAL","FUNCTIONING PROPERLY","CLEAR","DARKNESS, LIGHTED ROAD","REAR END","FOUR WAY",,"STRAIGHT AND LEVEL","DRY","NO DEFECTS","ON SCENE","NO INJURY / DRIVE AWAY","Y",,,"OVER $1,500","2025-01-28T02:24:00.000","FAILING TO REDUCE SPEED TO AVOID CRASH","UNABLE TO DETERMINE","11101","S","HALSTED ST","2233",,,,,,,"2","NO INDICATION OF INJURY","0","0","0","0","0","2","0","2","3","1","41.6922670889","-87.6422298341","POINT (-87.642229834104 41.692267088937)"
"53918749534c767f82e40fafc3f370751a59ea34ca396f79708ab6f1517c9d26a34632a2d3d63e363628f711d49ae13d17609c41208be0bfdd166d8ca46cf6e6",,"2025-01-28T02:16:00.000","30","TRAFFIC SIGNAL","FUNCTIONING PROPERLY","CLEAR","DARKNESS, LIGHTED ROAD","ANGLE","FOUR WAY",,"STRAIGHT AND LEVEL","DRY","NO DEFECTS","ON SCENE","INJURY AND / OR TOW DUE TO CRASH","Y",,,"OVER $1,500","2025-01-28T02:25:00.000","DISREGARDING TRAFFIC SIGNALS","DISREGARDING TRAFFIC SIGNALS","3601","W","DIVERSEY AVE","2524",,,,,,,"3","NO INDICATION OF INJURY","0","0","0","0","0","2","0","2","3","1","41.9318004365","-87.7172537997","POINT (-87.717253799732 41.931800436541)"
"babafbcd2c03e6b8fd86c2ef0bb977dd0381ccc73df0bc67373105fb96fb7688223dbd332a310a34c4ee202d581b2f407e23c151945f89d1ed3e49b63891a7f9",,"2025-01-28T02:15:00.000","30","NO CONTROLS","NO CONTROLS","CLEAR","DARKNESS, LIGHTED ROAD","PARKED MOTOR VEHICLE","NOT DIVIDED",,"STRAIGHT AND LEVEL","DRY","NO DEFECTS","ON SCENE","INJURY AND / OR TOW DUE TO CRASH",,,"Y","OVER $1,500","2025-01-28T03:34:00.000","UNABLE TO DETERMINE","NOT APPLICABLE","5413","S","MC VICKER AVE","811",,,,,,,"2","NO INDICATION OF INJURY","0","0","0","0","0","1","0","2","3","1","41.793603177","-87.7731707028","POINT (-87.773170702843 41.793603176951)"
"c688c5ec3f0181339ab182cc8e7e2f09e1cc1af481cb57002f7893718f4cf66b7f1a6fdfe42bc18193aa1acdba83ca9693f44c0d541f8e31b01eaaa4be789b51",,"2025-01-28T02:03:00.000","35","TRAFFIC SIGNAL","FUNCTIONING PROPERLY","CLEAR","DARKNESS, LIGHTED ROAD","FIXED OBJECT","DIVIDED - W/MEDIAN (NOT RAISED)",,"STRAIGHT AND LEVEL","DRY","UNKNOWN","ON SCENE","INJURY AND / OR TOW DUE TO CRASH",,,,"OVER $1,500","2025-01-28T02:03:00.000","UNABLE TO DETERMINE","UNABLE TO DETERMINE","2602","S","CALIFORNIA AVE","1033",,,,,,,"1","NONINCAPACITATING INJURY","1","0","0","1","0","0","0","2","3","1","41.8445207743","-87.6953584746","POINT (-87.695358474644 41.844520774291)"
"9b286b7ebe7b4c6442dc6e1e9fa0c804bb569475086b3cdb5878d23ef3af0782b1b62afeaf0624c8b26b33dc731a8a4cfdedb39c9d70461e2aeae51913d16d24",,"2025-01-28T01:42:00.000","20","NO CONTROLS","UNKNOWN","CLEAR","DARKNESS, LIGHTED ROAD","PARKED MOTOR VEHICLE","ONE-WAY",,"STRAIGHT AND LEVEL","DRY","UNKNOWN","ON SCENE","INJURY AND / OR TOW DUE TO CRASH",,,"Y","OVER $1,500","2025-01-28T01:42:00.000","UNDER THE INFLUENCE OF ALCOHOL/DRUGS (USE WHEN ARREST IS EFFECTED)","NOT APPLICABLE","2137","W","IOWA ST","1212",,,,,,,"3","NO INDICATION OF INJURY","0","0","0","0","0","1","0","1","3","1","41.8975536831","-87.6810386357","POINT (-87.681038635667 41.897553683089)"
"df733fe2d6bbdd1bda1ddd689629b8fc13576d1c95b1b4472a45025c79df244e28b58f8521d430edb86caa508356caa801a0232203f90e40f4c45b7b8c0cb02a",,"2025-01-28T00:53:00.000","35","NO CONTROLS","NO CONTROLS","CLEAR","DARKNESS, LIGHTED ROAD","REAR TO SIDE","PARKING LOT",,"STRAIGHT AND LEVEL","DRY","NO DEFECTS","ON SCENE","NO INJURY / DRIVE AWAY",,,"Y","OVER $1,500","2025-01-29T00:35:00.000","DISTRACTION - FROM INSIDE VEHICLE","NOT APPLICABLE","353","W","79TH ST","623",,,,,,,"2","NO INDICATION OF INJURY","0","0","0","0","0","6","0","0","3","1","41.7506790234","-87.6339318987","POINT (-87.633931898672 41.750679023437)"
"a81e8bee426dd576a31be8b170fdecbf77d1db00a1cf3dcb3b74f4aba9f209735a12b32b9f856ab0655b87a70dd4f54c9bb543e5515d11beaa660a32255e6e6b",,"2025-01-27T23:49:00.000","15","NO CONTROLS","NO CONTROLS","CLEAR","DARKNESS, LIGHTED ROAD","REAR END","ONE-WAY",,"STRAIGHT AND LEVEL","DRY","NO DEFECTS","ON SCENE","NO INJURY / DRIVE AWAY",,,"Y","OVER $1,500","2025-01-27T23:50:00.000","UNABLE TO DETERMINE","NOT APPLICABLE","3015","W","61ST ST","823",,,,,,,"2","NO INDICATION OF INJURY","0","0","0","0","0","3","0","23","2","1","41.782560741","-87.6990658576","POINT (-87.699065857577 41.782560741004)"
"96d4a480340ad54bb0d49ae6cf82b305345d4694eb168a43136807e38557033c8417872f312533c2e3d368f406024cc3593b1a2f33891cbd18e8abb32ea35c30",,"2025-01-27T23:36:00.000","30","NO CONTROLS","NO CONTROLS","CLEAR","DAYLIGHT","REAR END","NOT DIVIDED",,"STRAIGHT AND LEVEL","DRY","NO DEFECTS","NOT ON SCENE (DESK REPORT)","NO INJURY / DRIVE AWAY",,,"Y","$501 - $1,500","2025-01-28T14:35:00.000","FOLLOWING TOO CLOSELY","FOLLOWING TOO CLOSELY","9826","S","HALSTED ST","2223",,,,,,,"2","NO INDICATION OF INJURY","0","0","0","0","0","2","0","23","2","1","41.7151494564","-87.6431879176","POINT (-87.643187917608 41.715149456405)"
"ce5ac16ce0f078fdf9abb1b96d6e785c12171b87ed9e07c1bc52d8f90ed44aa947168c09f459fed16b90e97e544d90541aeb573607d2ef8d2c2f02f47bcd9bc8",,"2025-01-27T23:29:00.000","30","NO CONTROLS","NO CONTROLS","CLEAR","DARKNESS, LIGHTED ROAD","SIDESWIPE OPPOSITE DIRECTION","DIVIDED - W/MEDIAN (NOT RAISED)",,"STRAIGHT AND LEVEL","DRY","NO DEFECTS","ON SCENE","INJURY AND / OR TOW DUE TO CRASH",,,"Y","OVER $1,500","2025-01-27T23:33:00.000","UNABLE TO DETERMINE","NOT APPLICABLE","6132","S","KEDZIE AVE","823",,,,,,,"2","NO INDICATION OF INJURY","0","0","0","0","0","2","0","23","2","1","41.781652965","-87.7033595429","POINT (-87.703359542928 41.78165296498)"
"324440045fb95c1fc1e4ad216f9d0cd3a04f584df85a36608d8795ab8f99d964b5d70b53a327dc623bd5501fe56c3f1e0d9968d88b0083fa0f3d421292577286","Y","2025-01-27T23:00:00.000","25","TRAFFIC SIGNAL","FUNCTIONING PROPERLY","CLEAR","UNKNOWN","PARKED MOTOR VEHICLE","NOT DIVIDED",,"STRAIGHT AND LEVEL","DRY","NO DEFECTS","ON SCENE","NO INJURY / DRIVE AWAY",,,"Y","OVER $1,500","2025-01-28T10:48:00.000","UNABLE TO DETERMINE","NOT APPLICABLE","1725","S","RACINE AVE","1235",,,,,,,"3","NO INDICATION OF INJURY","0","0","0","0","0","1","0","23","2","1","41.858064198","-87.6562864253","POINT (-87.656286425333 41.858064198018)"
"7c8fe6109c4e2c5fc63aebc18ec88dd0857c01d3182c176810dcf77f6e68a8dbecd7cb145e23a1259a546d0f4a11c5030483b0e949e36cf6f09a892308ba10a8",,"2025-01-27T23:00:00.000","30","NO CONTROLS","NO CONTROLS","CLEAR","DARKNESS, LIGHTED ROAD","SIDESWIPE SAME DIRECTION","NOT DIVIDED",,"STRAIGHT AND LEVEL","DRY","UNKNOWN","ON SCENE","NO INJURY / DRIVE AWAY",,,"Y","OVER $1,500","2025-01-27T23:01:00.000","IMPROPER OVERTAKING/PASSING","IMPROPER LANE USAGE","2375","N","MILWAUKEE AVE","1414",,,,,,,"2","NO INDICATION OF INJURY","0","0","0","0","0","2","0","23","2","1","41.9244825632","-87.6996928656","POINT (-87.699692865621 41.924482563172)"
"ce3d3e8d11d6efb59265105eefc859bdeb883f15189d80e034053eb9d7e866b1edcd7f901528ad7a83a628398c6f4daf946acf54efa889047eb3302bd4d4e74b","Y","2025-01-27T23:00:00.000","30","NO CONTROLS","NO CONTROLS","CLEAR","DAYLIGHT","PARKED MOTOR VEHICLE","NOT DIVIDED",,"STRAIGHT AND LEVEL","DRY","NO DEFECTS","NOT ON SCENE (DESK REPORT)","NO INJURY / DRIVE AWAY",,,"Y","OVER $1,500","2025-01-29T10:40:00.000","UNABLE TO DETERMINE","NOT APPLICABLE","2508","W","HURON ST","1221",,,,,,,"2","NO INDICATION OF INJURY","0","0","0","0","0","1","0","23","2","1","41.8940248054","-87.6896758325","POINT (-87.689675832461 41.894024805395)"
"ec5c54506e89569380a72c220f7277f9a4830eca349986d3c2bf14fa5055144081c7e1b3edd570df8680b253bde992a30b5a43d6341a363648e7547b299a7cb4",,"2025-01-27T23:00:00.000","30","NO CONTROLS","NO CONTROLS","CLEAR","DARKNESS, LIGHTED ROAD","PARKED MOTOR VEHICLE","NOT DIVIDED",,"STRAIGHT AND LEVEL","DRY","NO DEFECTS","ON SCENE","INJURY AND / OR TOW DUE TO CRASH",,,,"OVER $1,500","2025-01-27T23:02:00.000","FAILING TO REDUCE SPEED TO AVOID CRASH","UNABLE TO DETERMINE","3907","W","ADDISON ST","1732",,,,,,,"2","INCAPACITATING INJURY","1","0","1","0","0","1","0","23","2","1","41.9462918779","-87.7252560017","POINT (-87.725256001707 41.946291877882)"
"16bdeb351cc8d6c89c15b4eedc811aed846017b9dd710a30f4012d2bf331172b3761c54cabd05ede3658e9b6db8944dedb822d8e7fbec6325f239d682f54ddbe",,"2025-01-27T22:50:00.000","30","UNKNOWN","UNKNOWN","UNKNOWN","UNKNOWN","PARKED MOTOR VEHICLE","NOT DIVIDED",,"STRAIGHT AND LEVEL","UNKNOWN","UNKNOWN","NOT ON SCENE (DESK REPORT)","NO INJURY / DRIVE AWAY",,,"Y","OVER $1,500","2025-01-28T11:30:00.000","UNABLE TO DETERMINE","UNABLE TO DETERMINE","5049","S","WINCHESTER AVE","931",,,,,,,"2","NO INDICATION OF INJURY","0","0","0","0","0","1","0","22","2","1","41.801620289","-87.6731553144","POINT (-87.673155314414 41.80162028898)"
"f8c0fcb056674a12dc6e1e5fea14130997ff684ce4d046b93bad701fe5f5e3e34e2e4eec2b07df874752bc4e8a8a88f9edbc7eab33ccb44ffa8ce1bbce72bd58",,"2025-01-27T22:49:00.000","30","TRAFFIC SIGNAL","FUNCTIONING PROPERLY","CLEAR","DARKNESS, LIGHTED ROAD","REAR END","FOUR WAY",,"STRAIGHT AND LEVEL","DRY","NO DEFECTS","ON SCENE","INJURY AND / OR TOW DUE TO CRASH","Y",,,"OVER $1,500","2025-01-27T22:49:00.000","FAILING TO REDUCE SPEED TO AVOID CRASH","UNABLE TO DETERMINE","1804","S","RUBLE ST","1235",,,,,,,"2","REPORTED, NOT EVIDENT","1","0","0","0","1","1","0","22","2","1","41.8574360084","-87.6439215035","POINT (-87.643921503522 41.857436008429)"
"8df06b2bb8b0898095caa39272094e4e0733815c12cac2c2e5b1c044c1b3cf12943cc8ecd78d5b90020e6261970f0633e76b6eb06a4f9f02e447d044388b977c",,"2025-01-27T21:59:00.000","20","NO CONTROLS","NO CONTROLS","CLEAR","DARKNESS, LIGHTED ROAD","PARKED MOTOR VEHICLE","ONE-WAY",,"STRAIGHT AND LEVEL","DRY","NO DEFECTS","ON SCENE","NO INJURY / DRIVE AWAY",,,"N","OVER $1,500","2025-01-27T21:59:00.000","IMPROPER TURNING/NO SIGNAL","NOT APPLICABLE","5102","S","WINCHESTER AVE","932",,,,,,,"2","NO INDICATION OF INJURY","0","0","0","0","0","1","0","21","2","1","41.8010935062","-87.6734358499","POINT (-87.673435849935 41.801093506188)"
"b3d12b61ec75c6137b040280882f34e1ce6331e2b8b36f0f561054af53e6affaaa7250bb974e2034fe1272dad2e8e78261a45b902d596e3a5f6cbe855bdcfe28",,"2025-01-27T21:56:00.000","30","NO CONTROLS","NO CONTROLS","CLEAR","DARKNESS","TURNING","NOT DIVIDED",,"STRAIGHT AND LEVEL","DRY","NO DEFECTS",,"INJURY AND / OR TOW DUE TO CRASH",,,,"OVER $1,500","2025-01-27T22:00:00.000","FAILING TO YIELD RIGHT-OF-WAY","FAILING TO YIELD RIGHT-OF-WAY","5662","N","AVONDALE AVE","1622",,,,,,,"2","NONINCAPACITATING INJURY","2","0","0","1","1","0","0","21","2","1","41.9841335573","-87.7864572689","POINT (-87.786457268886 41.984133557315)"
"e1c63e0137ab327bfc50d6b964cac6013ecda49462b66a38384dc8ca95517c4b6489d59e0198f42f6cbf71ccbd2ffd3bcf6b02c9fe2ccdb3c617612afec43fdc",,"2025-01-27T21:51:00.000","30","TRAFFIC SIGNAL","FUNCTIONING PROPERLY","CLEAR","DUSK","REAR END","CENTER TURN LANE",,"STRAIGHT AND LEVEL","DRY","NO DEFECTS","ON SCENE","NO INJURY / DRIVE AWAY",,,,"OVER $1,500","2025-01-27T23:18:00.000","FAILING TO REDUCE SPEED TO AVOID CRASH","NOT APPLICABLE","1403","W","DIVISION ST","1213",,,,,,,"2","NO INDICATION OF INJURY","0","0","0","0","0","2","0","21","2","1","41.9032966009","-87.6627678506","POINT (-87.662767850641 41.903296600919)"
"af8893c32fc65441839c5c2a1b84ac3f6cd35091078ac7d49ef4f103a1262097a5edb36321e4e20945afa7861ae63051e35ba9edcfd445496bc9f901d3ee2059",,"2025-01-27T21:30:00.000","30","NO CONTROLS","NO CONTROLS","UNKNOWN","DARKNESS","FIXED OBJECT","NOT DIVIDED",,"STRAIGHT AND LEVEL","UNKNOWN","UNKNOWN","NOT ON SCENE (DESK REPORT)","NO INJURY / DRIVE AWAY",,,,"OVER $1,500","2025-01-28T14:30:00.000","UNABLE TO DETERMINE","UNABLE TO DETERMINE","4500","W","KINZIE ST","1111",,,,,,,"2","NO INDICATION OF INJURY","0","0","0","0","0","3","0","21","2","1","41.8877401328","-87.7382701169","POINT (-87.738270116892 41.887740132764)"
"b592a6549fae60c2a17e32358d7f2b950767c136c08fb9db798aafb484c3276fcffe7d2e2a1145e6070453fb4efa1c6111bae640eba31a678f089b5b1a1a99f2",,"2025-01-27T21:29:00.000","30","UNKNOWN","UNKNOWN","UNKNOWN","UNKNOWN","REAR END","NOT DIVIDED",,"STRAIGHT AND LEVEL","UNKNOWN","UNKNOWN","NOT ON SCENE (DESK REPORT)","INJURY AND / OR TOW DUE TO CRASH",,,,"OVER $1,500","2025-01-27T21:45:00.000","NOT APPLICABLE","NOT APPLICABLE","3600","N","CLARK ST","1923",,,,,,,"3","REPORTED, NOT EVIDENT","3","0","0","0","3","0","0","21","2","1","41.9472022255","-87.6566877556","POINT (-87.656687755593 41.947202225469)"
"f49037e8d205fb847466af7a109e9312d81f38fece817ff1fe3f0dee9812a0b2f6b107055cc5ce1a71fdd73f313515e9cd2d9dd3ab741cdc5d1cddefb226ed4d",,"2025-01-27T21:25:00.000","30","NO CONTROLS","NO CONTROLS","CLEAR","DARKNESS, LIGHTED ROAD","PARKED MOTOR VEHICLE","NOT DIVIDED",,"STRAIGHT AND LEVEL","DRY","NO DEFECTS","ON SCENE","INJURY AND / OR TOW DUE TO CRASH",,,,"OVER $1,500","2025-01-27T21:26:00.000","FAILING TO REDUCE SPEED TO AVOID CRASH","UNABLE TO DETERMINE","4309","N","KIMBALL AVE","1724",,,,,,,"2","NO INDICATION OF INJURY","0","0","0","0","0","2","0","21","2","1","41.9595954298","-87.7129464696","POINT (-87.712946469573 41.959595429755)"
"dac6fbfa96e70c0018e18693aaccca964f4dd23defa575325db8ff6fc39b2da4add0f73b7b183e17d3233744018c834d815cd44022107c2f59c533e3871011a4",,"2025-01-27T21:07:00.000","30","STOP SIGN/FLASHER","FUNCTIONING PROPERLY","CLEAR","DARKNESS, LIGHTED ROAD","TURNING","FOUR WAY",,"STRAIGHT AND LEVEL","DRY","NO DEFECTS","ON SCENE","NO INJURY / DRIVE AWAY","Y",,,"OVER $1,500","2025-01-27T21:09:00.000","FAILING TO YIELD RIGHT-OF-WAY","IMPROPER TURNING/NO SIGNAL","8500","S","BENNETT AVE","412","Y","Y",,,,,"2","NO INDICATION OF INJURY","0","0","0","0","0","2","0","21","2","1","41.7405691178","-87.5783562182","POINT (-87.578356218242 41.740569117843)"
"9a63f0790aee908ed5d574780fab3754a1d6167cb75d73d904e8a80fcce4a4986c2f0d9352f4d4cc4ea840c61146ced109755f765c2eab67576cba6580cbb5f3",,"2025-01-27T20:45:00.000","30","NO CONTROLS","NO CONTROLS","CLEAR","DARKNESS, LIGHTED ROAD","FIXED OBJECT","FOUR WAY",,"STRAIGHT AND LEVEL","DRY","NO DEFECTS","ON SCENE","INJURY AND / OR TOW DUE TO CRASH",,,,"OVER $1,500","2025-01-27T20:50:00.000","IMPROPER TURNING/NO SIGNAL","DISREGARDING ROAD MARKINGS","22","S","WESTERN AVE","1125",,,,,,,"1","NO INDICATION OF INJURY","0","0","0","0","0","2","0","20","2","1","41.8804896592","-87.6865643632","POINT (-87.686564363195 41.880489659244)"
"cee690ea4f784968194492323979d2b3c408b135fb1b226820db39b0e746d2cdf05849c51557c9f7b86e7272d51feefe01dfc9f6b575de7b19cd2ce6964f200a",,"2025-01-27T20:20:00.000","25","TRAFFIC SIGNAL","UNKNOWN","CLEAR","DARKNESS, LIGHTED ROAD","REAR END","DIVIDED - W/MEDIAN (NOT RAISED)",,"STRAIGHT ON GRADE","UNKNOWN","UNKNOWN","NOT ON SCENE (DESK REPORT)","NO INJURY / DRIVE AWAY","N",,,"OVER $1,500","2025-01-27T20:45:00.000","UNABLE TO DETERMINE","NOT APPLICABLE","1801","S","CANAL ST","1235",,,,,,,"2","NO INDICATION OF INJURY","0","0","0","0","0","2","0","20","2","1","41.8575700476","-87.6387853651","POINT (-87.638785365139 41.857570047555)"
"307d668f45bc6150418d47a0c4f89780d4d70ab9c0b225f286c816d5dd55896ff8585db9dd223b2c203a0ef1b482346b54ea6cca0a4dfc5fca1bf75a78d1bc9d",,"2025-01-27T20:00:00.000","30","NO CONTROLS","NO CONTROLS","CLEAR","DARKNESS, LIGHTED ROAD","HEAD ON","NOT DIVIDED",,"STRAIGHT AND LEVEL","DRY","NO DEFECTS","ON SCENE","INJURY AND / OR TOW DUE TO CRASH",,,,"$501 - $1,500","2025-01-27T20:21:00.000","IMPROPER LANE USAGE","DRIVING ON WRONG SIDE/WRONG WAY","6630","W","GRAND AVE","2512",,,,,,,"2","NONINCAPACITATING INJURY","1","0","0","1","0","1","0","20","2","1","41.9237366492","-87.7916827733","POINT (-87.791682773266 41.923736649211)"
"67022b02bb861d9dbcf01a370cbf616d783de5b492507eb5c105d3f42d5c84481f68d408df2ea553f95a081c40de8aa7993fe7636561c95fa162983c5157ed81",,"2025-01-27T20:00:00.000","30","NO CONTROLS","NO CONTROLS","CLEAR","DARKNESS, LIGHTED ROAD","SIDESWIPE SAME DIRECTION","NOT DIVIDED",,"STRAIGHT AND LEVEL","DRY","NO DEFECTS","NOT ON SCENE (DESK REPORT)","NO INJURY / DRIVE AWAY",,,,"OVER $1,500","2025-01-28T09:25:00.000","FAILING TO YIELD RIGHT-OF-WAY","UNABLE TO DETERMINE","2156","N","RACINE AVE","1811",,,,,,,"2","NO INDICATION OF INJURY","0","0","0","0","0","2","0","20","2","1","41.9215118714","-87.6584773302","POINT (-87.658477330187 41.921511871389)"
"209d8b5c15e93eea121d793e253c99b7fd64fa584d8876096b7d0dd515f28428d05710d03e69dad7de7c5668ce8727d9193f08649d0e540b50cefe96f3f366a7",,"2025-01-27T19:49:00.000","30","STOP SIGN/FLASHER","FUNCTIONING PROPERLY","CLEAR","DARKNESS, LIGHTED ROAD","ANGLE","NOT DIVIDED",,"STRAIGHT AND LEVEL","DRY","NO DEFECTS",,"INJURY AND / OR TOW DUE TO CRASH",,,,"OVER $1,500","2025-01-27T19:49:00.000","DISREGARDING STOP SIGN","NOT APPLICABLE","6200","N","NORTHWEST HWY","1612",,,,,,,"2","NO INDICATION OF INJURY","0","0","0","0","0","2","0","19","2","1","41.9942954362","-87.8025379038","POINT (-87.802537903799 41.99429543622)"
"138a9ee4ce93d1020675af20e7ef8a87bc36743bfc8ba75df1ce28051176c19a9aeb29e79e0ac617804ed2317c830e7ecd577ef8c0a115f8affa50b6eae88e52",,"2025-01-27T19:30:00.000","30","NO CONTROLS","NO CONTROLS","CLEAR","DARKNESS","TURNING","FOUR WAY",,"STRAIGHT AND LEVEL","DRY","NO DEFECTS",,"INJURY AND / OR TOW DUE TO CRASH","Y",,"Y","OVER $1,500","2025-01-27T21:30:00.000","IMPROPER TURNING/NO SIGNAL","NOT APPLICABLE","3756","W","DIVISION ST","2535",,,,,,,"2","NONINCAPACITATING INJURY","1","0","0","1","0","2","0","19","2","1","41.902823718","-87.7212934973","POINT (-87.721293497325 41.902823718044)"
"d1cef63614c028157abe04136b05b88807949729ad9e8726357130c5e3b5fe2920be6b95113ec96f14d181483209aa9c5777f4b8da436f066b5cd2844f25fd45",,"2025-01-27T19:25:00.000","35","TRAFFIC SIGNAL","FUNCTIONING PROPERLY","CLEAR","DARKNESS, LIGHTED ROAD","TURNING","FOUR WAY",,"STRAIGHT AND LEVEL","DRY","UNKNOWN","ON SCENE","NO INJURY / DRIVE AWAY","N",,"Y","OVER $1,500","2025-01-27T19:32:00.000","IMPROPER TURNING/NO SIGNAL","NOT APPLICABLE","7599","S","STATE ST","623",,,,,,,"2","NO INDICATION OF INJURY","0","0","0","0","0","2","0","19","2","1","41.7565259775","-87.6245785234","POINT (-87.624578523389 41.756525977459)"
"22557fd517b37fa3c418d1c8daf57432857cd152b5785f6becb91045af8a964697ce7a985b8181fa0259e61e64d1cce64cb3aedcf790695cff7a119a2f343da3",,"2025-01-27T19:22:00.000","30","NO CONTROLS","NO CONTROLS","CLEAR","DARKNESS","PARKED MOTOR VEHICLE","NOT DIVIDED",,"STRAIGHT AND LEVEL","DRY","UNKNOWN","ON SCENE","NO INJURY / DRIVE AWAY",,,"Y","OVER $1,500","2025-01-27T19:43:00.000","UNABLE TO DETERMINE","NOT APPLICABLE","4900","S","CHICAGO BEACH DR","222",,,,,,,"2","NO INDICATION OF INJURY","0","0","0","0","0","1","0","19","2","1","41.8061703876","-87.5857995725","POINT (-87.585799572515 41.806170387633)"
"bc3de655ae5399447f9f2e3202846795082ba8edc06d71f077ca386526a49f2a5be889eda5edd842be148aa07eb9ea7ad3521cc1f9745e345ca4b98632baea74",,"2025-01-27T19:15:00.000","35","NO CONTROLS","NO CONTROLS","CLEAR","DARKNESS, LIGHTED ROAD","ANGLE","PARKING LOT",,"STRAIGHT AND LEVEL","UNKNOWN","UNKNOWN","NOT ON SCENE (DESK REPORT)","NO INJURY / DRIVE AWAY",,,,"OVER $1,500","2025-01-27T20:20:00.000","FAILING TO YIELD RIGHT-OF-WAY","NOT APPLICABLE","1410","E","53RD ST","234",,,,,,,"2","NO INDICATION OF INJURY","0","0","0","0","0","3","0","19","2","1","41.7996265236","-87.5912869856","POINT (-87.591286985588 41.799626523572)"
"1690767d862e1868b0ce28f6dd04978aa307b0fe758cd2821321a9e317bca9cad09bf8d957bc2b1b437eb49e579ee1cc6a4515cece2615c017c20e63e6119d1f",,"2025-01-27T19:00:00.000","35","STOP SIGN/FLASHER","FUNCTIONING PROPERLY","CLEAR","DARKNESS, LIGHTED ROAD","PARKED MOTOR VEHICLE","NOT DIVIDED",,"STRAIGHT AND LEVEL","DRY","NO DEFECTS","ON SCENE","NO INJURY / DRIVE AWAY","N",,,"OVER $1,500","2025-01-27T19:03:00.000","UNABLE TO DETERMINE","UNABLE TO DETERMINE","998","W","BLACKHAWK ST","1822",,,,,,,"2","NO INDICATION OF INJURY","0","0","0","0","0","1","0","19","2","1","41.9079116191","-87.6526846084","POINT (-87.652684608362 41.907911619127)"
"28cb22dc96137d6b7324be2bec66e236f93e8dd42005c9e299fee818a64d6aed6b491495c11ea25a94b1f01af39b0affd30eea5af3449bbdafc9a4c45fd67229",,"2025-01-27T19:00:00.000","30","NO CONTROLS","NO CONTROLS","CLEAR","DAYLIGHT","REAR TO REAR","PARKING LOT",,"STRAIGHT AND LEVEL","DRY","NO DEFECTS","NOT ON SCENE (DESK REPORT)","NO INJURY / DRIVE AWAY",,,,"$501 - $1,500","2025-01-28T14:30:00.000","UNABLE TO DETERMINE","NOT APPLICABLE","1326","W","MORSE AVE","2431",,,,,,,"2","NO INDICATION OF INJURY","0","0","0","0","0","2","0","19","2","1","42.0080384472","-87.664817119","POINT (-87.664817119011 42.008038447183)"
"4e4fac9372f0763e30ebe660cfb601867df26c90f95f5c55dd23f4534534139d9df57aca40b386c55acae4ad9a885196608dfd26c26e98b752652a0eea82c9d7",,"2025-01-27T19:00:00.000","30","STOP SIGN/FLASHER","OTHER","CLEAR","DARKNESS, LIGHTED ROAD","TURNING","FOUR WAY",,"STRAIGHT AND LEVEL","DRY","NO DEFECTS","ON SCENE","INJURY AND / OR TOW DUE TO CRASH","Y",,,"OVER $1,500","2025-01-27T19:06:00.000","FAILING TO YIELD RIGHT-OF-WAY","UNABLE TO DETERMINE","6754","S","HALSTED ST","723",,,,,,,"2","NONINCAPACITATING INJURY","1","0","0","1","0","1","0","19","2","1","41.7708566888","-87.6447015906","POINT (-87.644701590577 41.770856688821)"
"8f8083d244fe6b05cbac82bdef8170d2312b8dd80df561c0994c89edd25ba008b6b91709d09d2a2a758ab6db4d05f58e5157e5e943915adf302a70a22eda4be4",,"2025-01-27T19:00:00.000","25","TRAFFIC SIGNAL","FUNCTIONING PROPERLY","UNKNOWN","UNKNOWN","PEDESTRIAN","FOUR WAY",,"STRAIGHT AND LEVEL","UNKNOWN","UNKNOWN","ON SCENE","INJURY AND / OR TOW DUE TO CRASH","Y",,,"$500 OR LESS","2025-01-27T19:56:00.000","UNABLE TO DETERMINE","NOT APPLICABLE","1198","N","PULASKI RD","1111",,,,,,,"2","NONINCAPACITATING INJURY","1","0","0","1","0","1","0","19","2","1","41.9025772514","-87.7264465066","POINT (-87.726446506632 41.902577251356)"
"487315d3e9eaf3e2e829686240119082174e19593d20a5614f6a09a9c798292f9630eac1025773423d113eb41dca84f69a4f28b717fc80334546a124390497b5",,"2025-01-27T18:52:00.000","30","TRAFFIC SIGNAL","UNKNOWN","CLEAR","DARKNESS, LIGHTED ROAD","TURNING","NOT DIVIDED",,"STRAIGHT AND LEVEL","DRY","UNKNOWN","ON SCENE","NO INJURY / DRIVE AWAY",,,,"OVER $1,500","2025-01-27T18:52:00.000","FAILING TO YIELD RIGHT-OF-WAY","FAILING TO REDUCE SPEED TO AVOID CRASH","6010","N","CALIFORNIA AVE","2413",,,,,,,"3","NO INDICATION OF INJURY","0","0","0","0","0","3","0","18","2","1","41.9907986164","-87.6995595078","POINT (-87.699559507776 41.990798616365)"