"crash_record_id","crash_date_est_i","crash_date","posted_speed_limit","traffic_control_device","device_condition","weather_condition","lighting_condition","first_crash_type","trafficway_type","lane_cnt","alignment","roadway_surface_cond","road_defect","report_type","crash_type","intersection_related_i","private_property_i","hit_and_run_i","damage","date_police_notified","prim_contributory_cause","sec_contributory_cause","street_no","street_direction","street_name","beat_of_occurrence","photos_taken_i","statements_taken_i","dooring_i","work_zone_i","work_zone_type","workers_present_i","num_units","most_severe_injury","injuries_total","injuries_fatal","injuries_incapacitating","injuries_non_incapacitating","injuries_reported_not_evident","injuries_no_indication","injuries_unknown","crash_hour","crash_day_of_week","crash_month","latitude","longitude","location"
"234e33baf3a2a4c2798b2cf9857a25c9605e73b5f4caa24b2d4d399b247fc83c5d0344134b2a72781ebcf431328f25306b81f3a0fc9a96fbae574be9fad19f51",,"2025-01-27T18:50:00.000","20","NO CONTROLS","NO CONTROLS","CLEAR","DARKNESS, LIGHTED ROAD","SIDESWIPE SAME DIRECTION","PARKING LOT",,"STRAIGHT AND LEVEL","DRY","NO DEFECTS",,"NO INJURY / DRIVE AWAY",,,,"OVER $1,500","2025-01-27T18:50:00.000","UNABLE TO DETERMINE","NOT APPLICABLE","524","W","OHARE ST","1654",,,,,,,"2","NO INDICATION OF INJURY","0","0","0","0","0","2","0","18","2","1",,,
"e5a6e48d71066a03f1aeead0bcf0c9c0215d253bfabce3bcacecfc40dacec4580c8ce23b125df83873fa0fda869dbb190080134959f1a766d362108c7853f98c",,"2025-01-27T18:45:00.000","30","NO CONTROLS","NO CONTROLS","CLEAR","DARKNESS, LIGHTED ROAD","REAR END","NOT DIVIDED",,"STRAIGHT AND LEVEL","DRY","UNKNOWN","NOT ON SCENE (DESK REPORT)","INJURY AND / OR TOW DUE TO CRASH",,,,"OVER $1,500","2025-01-27T19:12:00.000","FAILING TO REDUCE SPEED TO AVOID CRASH","NOT APPLICABLE","1148","W","GRAND AVE","1214",,,,,,,"2","REPORTED, NOT EVIDENT","1","0","0","0","1","1","0","18","2","1","41.8911989333","-87.656548139","POINT (-87.656548139026 41.891198933325)"
"36216d1f973b2fbecba61cb647da93dfc6bc77a092ef322a634299a5aad0a9a3656f6dce4a2790a06bcded6c52f7d62faaa94904ab8d70028b1e7de3a0ad5e53",,"2025-01-27T18:43:00.000","30","TRAFFIC SIGNAL","FUNCTIONING PROPERLY","CLEAR","DARKNESS, LIGHTED ROAD","TURNING","FOUR WAY",,"STRAIGHT AND LEVEL","DRY","NO DEFECTS","ON SCENE","INJURY AND / OR TOW DUE TO CRASH","Y",,"Y","$501 - $1,500","2025-01-27T18:44:00.000","IMPROPER TURNING/NO SIGNAL","IMPROPER LANE USAGE","2502","N","CICERO AVE","2521",,,,,,,"2","NO INDICATION OF INJURY","0","0","0","0","0","2","0","18","2","1","41.9262653055","-87.7465242736","POINT (-87.74652427359 41.926265305497)"
"3fec2ba98f1fe9d7632b7a8f66e95427ec743bd84c33b622f03e3108e64fa8df00e3eb70a49c9537199558aedbff524d06ebd8268c139f75f3b62865a43637ed",,"2025-01-27T18:39:00.000","30","TRAFFIC SIGNAL","UNKNOWN","CLEAR","DARKNESS, LIGHTED ROAD","PEDALCYCLIST","FOUR WAY",,"STRAIGHT AND LEVEL","DRY","UNKNOWN","ON SCENE","INJURY AND / OR TOW DUE TO CRASH","Y",,,"OVER $1,500","2025-01-27T18:39:00.000","FAILING TO YIELD RIGHT-OF-WAY","FAILING TO YIELD RIGHT-OF-WAY","800","W","CERMAK RD","1235",,"Y",,,,,"2","NONINCAPACITATING INJURY","1","0","0","1","0","1","0","18","2","1","41.8527551845","-87.6465798588","POINT (-87.64657985879 41.852755184496)"
"b7ed209547f351b5d04c891bfb7ad41d0c8f67ddba2572909512f80575e8817397a89e4776ec0b2545e34d0b4c29f898e2d57b2e32160b9b77b5fb2bd2dd8099",,"2025-01-27T18:23:00.000","25","TRAFFIC SIGNAL","FUNCTIONING PROPERLY","CLEAR","DAYLIGHT","PEDALCYCLIST","FOUR WAY",,"STRAIGHT AND LEVEL","DRY","NO DEFECTS",,"NO INJURY / DRIVE AWAY",,,,"$501 - $1,500","2025-01-27T19:30:00.000","UNABLE TO DETERMINE","NOT APPLICABLE","2300","S","CANAL ST","914",,,,,,,"2","NO INDICATION OF INJURY","0","0","0","0","0","2","0","18","2","1","41.8508370203","-87.638628145","POINT (-87.63862814499 41.850837020309)"
"1fdeaacc3f69a5af6608c12df6137d4ebc76c5f977c814b1d53c20b1e04ad48dae660a183eede40f31485a5e658b93da960253e3ba8c0724bd1eeb74d52a3a13",,"2025-01-27T18:00:00.000","30","UNKNOWN","UNKNOWN","UNKNOWN","DARKNESS, LIGHTED ROAD","SIDESWIPE SAME DIRECTION","NOT DIVIDED",,"STRAIGHT AND LEVEL","UNKNOWN","UNKNOWN","NOT ON SCENE (DESK REPORT)","NO INJURY / DRIVE AWAY",,,,"OVER $1,500","2025-01-28T17:00:00.000","UNABLE TO DETERMINE","UNABLE TO DETERMINE","820","W","LAKE ST","1214",,,,,,,"2","NO INDICATION OF INJURY","0","0","0","0","0","2","0","18","2","1","41.885758369","-87.6484105885","POINT (-87.648410588519 41.885758368983)"
"73c55af6ba9079aeaaeb42035ba47eccb1b8b4b3b996027e35da00dccb00397242b5b39ade1a4a27d06e475657a6f167d80ac98f837c7eacc01812423da6c90a",,"2025-01-27T18:00:00.000","30","OTHER REG. SIGN","NOT FUNCTIONING","CLEAR","DARKNESS, LIGHTED ROAD","SIDESWIPE SAME DIRECTION","DIVIDED - W/MEDIAN (NOT RAISED)",,"STRAIGHT AND LEVEL","DRY","NO DEFECTS","NOT ON SCENE (DESK REPORT)","INJURY AND / OR TOW DUE TO CRASH",,,"Y","OVER $1,500","2025-01-28T08:30:00.000","IMPROPER OVERTAKING/PASSING","FAILING TO YIELD RIGHT-OF-WAY","6969","W","GRAND AVE","2512",,,,,,,"2","NO INDICATION OF INJURY","0","0","0","0","0","2","0","18","2","1","41.9234448539","-87.8006440054","POINT (-87.800644005416 41.923444853854)"
"bdb00895f596361bd39ab1ad3c146aaed37fbd32bb1954dac74e948308d5ae84c8100c7742c20548e9e96eb08180ceefed6184df146fd8e4e5d11dba9d1c312d",,"2025-01-27T18:00:00.000","30","NO CONTROLS","NO CONTROLS","CLEAR","DARKNESS, LIGHTED ROAD","OTHER NONCOLLISION","NOT DIVIDED",,"STRAIGHT AND LEVEL","DRY","OTHER","ON SCENE","INJURY AND / OR TOW DUE TO CRASH",,,,"OVER $1,500","2025-01-27T18:10:00.000","ROAD CONSTRUCTION/MAINTENANCE","UNABLE TO DETERMINE","4926","N","NEWLAND AVE","1613",,,,,,,"1","NO INDICATION OF INJURY","0","0","0","0","0","1","0","18","2","1","41.9709437157","-87.8002177536","POINT (-87.800217753623 41.970943715743)"
"6576fe74f1347e9bdcf8ea7c530c2455ad456978374070e5295e853f48223c966550100cf7bbe7da9c4786021d7fbf130b45f9fdd0f252d190904e5f58610cb8",,"2025-01-27T17:57:00.000","30","TRAFFIC SIGNAL","FUNCTIONING PROPERLY","CLEAR","DARKNESS","TURNING","NOT DIVIDED",,"STRAIGHT AND LEVEL","DRY","UNKNOWN","ON SCENE","NO INJURY / DRIVE AWAY",,,,"$501 - $1,500","2025-01-27T17:58:00.000","FAILING TO YIELD RIGHT-OF-WAY","FAILING TO YIELD RIGHT-OF-WAY","4440","N","MARINE DR","1914",,,,,,,"3","NO INDICATION OF INJURY","0","0","0","0","0","4","0","17","2","1","41.9629953112","-87.6477358895","POINT (-87.64773588953 41.962995311184)"
"b6fb304d3a397dab42ae5d4843f7f67655dc671f5f69f7df80bd49c7201674ef8ded7746dfa281ceddb084ed2e65ac70e3f2b0b008b2961e1a738b203569d747",,"2025-01-27T17:52:00.000","35","NO CONTROLS","NO CONTROLS","CLEAR","DARKNESS, LIGHTED ROAD","PARKED MOTOR VEHICLE","NOT DIVIDED",,"STRAIGHT AND LEVEL","DRY","NO DEFECTS","ON SCENE","NO INJURY / DRIVE AWAY",,,,"OVER $1,500","2025-01-27T17:55:00.000","UNABLE TO DETERMINE","UNABLE TO DETERMINE","3212","W","112TH PL","2211",,,,,,,"2","NO INDICATION OF INJURY","0","0","0","0","0","1","0","17","2","1","41.6889013356","-87.7012936357","POINT (-87.701293635717 41.688901335596)"
"2d812813a3a617cb604d887795898ffad566d12aace008229b4a5c7feefe86dc9d881474b24a8ccb4f1af62d92081f0a7bf2ad5b5888a174b0116fb409cff651",,"2025-01-27T17:42:00.000","30","TRAFFIC SIGNAL","FUNCTIONING PROPERLY","CLEAR","DUSK","PARKED MOTOR VEHICLE","ONE-WAY",,"STRAIGHT AND LEVEL","DRY","UNKNOWN","ON SCENE","INJURY AND / OR TOW DUE TO CRASH",,,,"OVER $1,500","2025-01-27T17:49:00.000","DRIVING SKILLS/KNOWLEDGE/EXPERIENCE","DRIVING SKILLS/KNOWLEDGE/EXPERIENCE","609","N","DEARBORN ST","1832",,,,,,,"2","NO INDICATION OF INJURY","0","0","0","0","0","1","0","17","2","1","41.8927789212","-87.629539228","POINT (-87.629539228029 41.892778921184)"
"77aaa63fffb022e4ad2d66a27b2a837024235ffb6344565231d72ff03cef470debb7d70f8f86d9ef195836a5a8c07f08f582ac94866f4f6f1b6b8fbb13bd71b6",,"2025-01-27T17:40:00.000","30","UNKNOWN","UNKNOWN","CLEAR","UNKNOWN","REAR END","ONE-WAY",,"STRAIGHT AND LEVEL","UNKNOWN","UNKNOWN","ON SCENE","NO INJURY / DRIVE AWAY",,,,"OVER $1,500","2025-01-27T17:46:00.000","FOLLOWING TOO CLOSELY","FAILING TO REDUCE SPEED TO AVOID CRASH","3799","N","WESTERN AVE","1921",,,,,,,"2","NO INDICATION OF INJURY","0","0","0","0","0","2","0","17","2","1","41.9502904027","-87.6882110154","POINT (-87.688211015391 41.950290402676)"
"dd005436246ccee3f7b16225d3f81d5ebaae1b2cc942a11e4760009c2982a801f6c0d7c9765fff2e14a79df2f7583a7541dfcc8f6ab6d1e7c3679bfeb43c8a1c",,"2025-01-27T17:31:00.000","30","UNKNOWN","UNKNOWN","UNKNOWN","UNKNOWN","PARKED MOTOR VEHICLE","PARKING LOT",,"STRAIGHT AND LEVEL","UNKNOWN","UNKNOWN","NOT ON SCENE (DESK REPORT)","NO INJURY / DRIVE AWAY",,"Y","Y","OVER $1,500","2025-01-27T18:10:00.000","UNABLE TO DETERMINE","UNABLE TO DETERMINE","667","W","DIVERSEY PKWY","1935",,,,,,,"2","NO INDICATION OF INJURY","0","0","0","0","0","1","0","17","2","1","41.9326660117","-87.6461872718","POINT (-87.646187271815 41.932666011669)"
"5408423b0170251ef1a3799670845db48e1a59dad044c2e7a2dc7e0e89328f952db05a52194c7712cb8a498ee98175a6bc142e00ded45b5d606eacd51fbbc1af",,"2025-01-27T17:30:00.000","30","TRAFFIC SIGNAL","FUNCTIONING PROPERLY","UNKNOWN","DARKNESS, LIGHTED ROAD","REAR END","DIVIDED - W/MEDIAN (NOT RAISED)",,"STRAIGHT AND LEVEL","UNKNOWN","UNKNOWN","NOT ON SCENE (DESK REPORT)","NO INJURY / DRIVE AWAY",,,,"OVER $1,500","2025-01-30T18:15:00.000","UNABLE TO DETERMINE","NOT APPLICABLE","3240","N","KIMBALL AVE","1732",,,,,,,"2","NO INDICATION OF INJURY","0","0","0","0","0","2","0","17","2","1","41.9404737071","-87.7126869282","POINT (-87.712686928216 41.94047370712)"
"d5471ce9e3a9f941e95ad15a4cc6a646e536ef5d79431fcb775f0c0a6b5d221c921170ca41247ed46b5393133289298a5a199ba23d1f20a925fc6f560102640e",,"2025-01-27T17:30:00.000","30","TRAFFIC SIGNAL","FUNCTIONING PROPERLY","CLEAR","DAYLIGHT","TURNING","ONE-WAY",,"STRAIGHT ON GRADE","DRY","NO DEFECTS","NOT ON SCENE (DESK REPORT)","NO INJURY / DRIVE AWAY","Y",,,"OVER $1,500","2025-01-28T07:47:00.000","UNABLE TO DETERMINE","NOT APPLICABLE","150","W","ADAMS ST","122",,,,,,,"2","NO INDICATION OF INJURY","0","0","0","0","0","2","0","17","2","1","41.8795095838","-87.6323668538","POINT (-87.632366853767 41.879509583766)"
"b9452545d4156810a9c0b4192eaf3c0de6c196f45c862b97ca47fd4a9c932f78f073fae6b9aa4d8ad655a267e871efbe7c19cb6400cc2362c927cf585fc1d142",,"2025-01-27T17:25:00.000","30","TRAFFIC SIGNAL","FUNCTIONING PROPERLY","CLEAR","DAYLIGHT","TURNING","NOT DIVIDED",,"STRAIGHT AND LEVEL","DRY","NO DEFECTS","NOT ON SCENE (DESK REPORT)","NO INJURY / DRIVE AWAY","N",,,"OVER $1,500","2025-01-27T19:00:00.000","UNABLE TO DETERMINE","UNABLE TO DETERMINE","189","S","LA SALLE ST","122",,,,,,,"2","NO INDICATION OF INJURY","0","0","0","0","0","2","0","17","2","1","41.8794557128","-87.6321462022","POINT (-87.632146202209 41.879455712798)"
"a18877b7d5b9567298acf593cdd3b93492906648606ee1f6a3dd59be2e9595aa66203274f6986044965b1d0307730be961fa6efbd2a8b8940fa306f8ac3d7413",,"2025-01-27T17:23:00.000","30","TRAFFIC SIGNAL","FUNCTIONING PROPERLY","CLEAR","DARKNESS, LIGHTED ROAD","SIDESWIPE SAME DIRECTION","NOT DIVIDED",,"STRAIGHT AND LEVEL","DRY","NO DEFECTS","ON SCENE","NO INJURY / DRIVE AWAY","Y",,,"OVER $1,500","2025-01-27T17:23:00.000","DRIVING SKILLS/KNOWLEDGE/EXPERIENCE","NOT APPLICABLE","7204","N","HARLEM AVE","1611",,,,,,,"2","NO INDICATION OF INJURY","0","0","0","0","0","2","0","17","2","1","42.0119172649","-87.8067831119","POINT (-87.806783111875 42.011917264904)"
"978d8fd336f87b8eed9bafe20912d7e52b3807ba2d3549d0b3c98c2543e91e7dc23d6bc862ca58dd7e7a859f875f3257e55a0038cead408c3d2b910fd6e6510c",,"2025-01-27T17:20:00.000","30","NO CONTROLS","NO CONTROLS","CLEAR","DARKNESS, LIGHTED ROAD","SIDESWIPE SAME DIRECTION","NOT DIVIDED",,"STRAIGHT AND LEVEL","DRY","NO DEFECTS","ON SCENE","NO INJURY / DRIVE AWAY",,,,"OVER $1,500","2025-01-27T17:21:00.000","UNABLE TO DETERMINE","UNABLE TO DETERMINE","501","W","63RD ST","722",,,,,,,"2","NO INDICATION OF INJURY","0","0","0","0","0","3","0","17","2","1","41.7797574121","-87.6375604208","POINT (-87.637560420774 41.779757412057)"
"78a6956a2de40b6c0364d231c5a91e363441e8f67348f6359e41351cab140459105724724dd620feb3306b5a9cfd5b4261099bb19753c295727756d09bbc0783",,"2025-01-27T17:15:00.000","30","NO CONTROLS","NO CONTROLS","CLEAR","DARKNESS, LIGHTED ROAD","TURNING","DIVIDED - W/MEDIAN BARRIER",,"STRAIGHT AND LEVEL","DRY","NO DEFECTS","NOT ON SCENE (DESK REPORT)","NO INJURY / DRIVE AWAY","Y",,,"$501 - $1,500","2025-01-27T18:30:00.000","IMPROPER TURNING/NO SIGNAL","UNABLE TO DETERMINE","10000","W","OHARE ST","1651",,,,,,,"2","NO INDICATION OF INJURY","0","0","0","0","0","2","0","17","2","1","41.976201139","-87.9053091251","POINT (-87.905309125103 41.976201139024)"
"2bf02a3b56a1e95d369425e3cd3177434c2671e3d5ad481631632a186af407d5f1c76d1d0ca98cfd177cee1fdedf6513b431e9fec59aec2dcbd8493e2b25f664",,"2025-01-27T17:10:00.000","30","UNKNOWN","UNKNOWN","CLEAR","DUSK","ANGLE","NOT DIVIDED",,"STRAIGHT AND LEVEL","DRY","UNKNOWN","NOT ON SCENE (DESK REPORT)","NO INJURY / DRIVE AWAY",,,"Y","OVER $1,500","2025-01-27T18:15:00.000","IMPROPER LANE USAGE","UNABLE TO DETERMINE","6300","S","RACINE AVE","724",,,,,,,"2","NO INDICATION OF INJURY","0","0","0","0","0","2","0","17","2","1","41.779516038","-87.6546468737","POINT (-87.654646873699 41.779516037968)"
"38f670bea8570a0c024cdd621ab92df6d5ef6af67d546e5aef1f2eb9ab9b256f46e9b31f5b82c5e98b1b980bdadaa7c23cd3754f64bec54399833bf9a652e8a0",,"2025-01-27T17:10:00.000","30","NO CONTROLS","NO CONTROLS","CLEAR","DARKNESS, LIGHTED ROAD","SIDESWIPE SAME DIRECTION","NOT DIVIDED",,"STRAIGHT AND LEVEL","DRY","NO DEFECTS","ON SCENE","NO INJURY / DRIVE AWAY",,,,"OVER $1,500","2025-01-27T17:11:00.000","IMPROPER OVERTAKING/PASSING","UNABLE TO DETERMINE","3583","W","71ST ST","833",,,,,,,"2","NO INDICATION OF INJURY","0","0","0","0","0","2","0","17","2","1","41.7641281627","-87.712807545","POINT (-87.712807544998 41.76412816266)"
"bdf9325267c854b40a3d96ef384c443789c05a376c6761ffa985688a0f5e0aaf2871fcec590be4412b341b8e58f86f141a895712dd9a0e30b2118b0dd5745b34",,"2025-01-27T17:10:00.000","25","TRAFFIC SIGNAL","FUNCTIONING PROPERLY","CLEAR","DUSK","ANGLE","TRAFFIC ROUTE",,"STRAIGHT AND LEVEL","DRY","NO DEFECTS","NOT ON SCENE (DESK REPORT)","NO INJURY / DRIVE AWAY",,,,"OVER $1,500","2025-01-27T17:30:00.000","FAILING TO YIELD RIGHT-OF-WAY","DISREGARDING TRAFFIC SIGNALS","9500","S","COMMERCIAL AVE","431",,,,,,,"2","NO INDICATION OF INJURY","0","0","0","0","0","2","0","17","2","1","41.7226729025","-87.5512219798","POINT (-87.551221979784 41.722672902536)"
"ad5a526a86ca3a10927941dc0cb1c9d17bd27612f5c66f5fe0b818a6834fc5e94afb8cc19617f01bb7e9ab13e9ddf0060af1dc705a150970884eb8c8626a931d",,"2025-01-27T17:00:00.000","30","TRAFFIC SIGNAL","FUNCTIONING PROPERLY","CLEAR","DAYLIGHT","TURNING","DIVIDED - W/MEDIAN (NOT RAISED)",,"STRAIGHT AND LEVEL","DRY","NO DEFECTS","NOT ON SCENE (DESK REPORT)","NO INJURY / DRIVE AWAY","Y",,,"OVER $1,500","2025-01-27T18:21:00.000","UNABLE TO DETERMINE","NOT APPLICABLE","3044","S","WALLACE ST","914",,,,,,,"2","NO INDICATION OF INJURY","0","0","0","0","0","3","0","17","2","1","41.8385929727","-87.6415749351","POINT (-87.641574935109 41.838592972694)"
"b4d5a0018e48be59604f3e2c4be8d933e1f1043d4fd1e29c09c76824e5023176408454ca79c26f6091ca03b37d43d0f0cdb8dfa90cce950503845afbe7569fb0",,"2025-01-27T17:00:00.000","30","UNKNOWN","UNKNOWN","CLEAR","DAYLIGHT","REAR END","NOT DIVIDED",,"STRAIGHT AND LEVEL","UNKNOWN","UNKNOWN","NOT ON SCENE (DESK REPORT)","NO INJURY / DRIVE AWAY",,,,"OVER $1,500","2025-01-27T18:40:00.000","UNABLE TO DETERMINE","UNABLE TO DETERMINE","350","N","CANAL ST","1214",,,,,,,"2","NO INDICATION OF INJURY","0","0","0","0","0","2","0","17","2","1","41.8882580946","-87.6401122491","POINT (-87.640112249084 41.888258094627)"
"ef50ca158ea503ac090ac5848f0f334fa67d25794f960f277895ab74d177109d4526539e5c630a20a773023ccb6862fc89e796151ccfb5b95994b074f9f1af25",,"2025-01-27T17:00:00.000","30","STOP SIGN/FLASHER","UNKNOWN","UNKNOWN","UNKNOWN","ANGLE","ROUNDABOUT",,"STRAIGHT AND LEVEL","UNKNOWN","UNKNOWN","NOT ON SCENE (DESK REPORT)","NO INJURY / DRIVE AWAY",,,"Y","OVER $1,500","2025-01-28T12:55:00.000","UNABLE TO DETERMINE","UNABLE TO DETERMINE","2700","W","24TH ST","1034",,,,,,,"2","NO INDICATION OF INJURY","0","0","0","0","0","2","0","17","2","1","41.848405326","-87.6930177231","POINT (-87.693017723114 41.848405326028)"
"badbff0a54f9998f9cb9473db54841e1887e6e933fd2deefecb5dc5a4fdbb5ecd4841e0a178a6a525900893a31e70ccc0affa5fcce7ea1b8f2e4da9127908bb5",,"2025-01-27T16:55:00.000","30","NO CONTROLS","NO CONTROLS","CLEAR","DUSK","PEDALCYCLIST","NOT DIVIDED",,"STRAIGHT AND LEVEL","DRY","NO DEFECTS","ON SCENE","INJURY AND / OR TOW DUE TO CRASH","Y",,,"$500 OR LESS","2025-01-27T18:50:00.000","FAILING TO YIELD RIGHT-OF-WAY","UNABLE TO DETERMINE","4331","S","HALSTED ST","925",,,,,,,"2","NONINCAPACITATING INJURY","1","0","0","1","0","1","0","16","2","1","41.815238491","-87.6455552402","POINT (-87.645555240159 41.815238490973)"
"be2c23afee6de2b2688321a8892bca0db0d17dbc786c8317127761fc11695a3f50ae402b6935a0d769a712e251fa45a24502cd7309fa1fcad00048f956532199",,"2025-01-27T16:54:00.000","30","PEDESTRIAN CROSSING SIGN","NO CONTROLS","CLEAR","DAYLIGHT","PEDESTRIAN","DIVIDED - W/MEDIAN BARRIER",,"STRAIGHT AND LEVEL","DRY","NO DEFECTS","ON SCENE","INJURY AND / OR TOW DUE TO CRASH",,,,"$500 OR LESS","2025-01-27T17:00:00.000","FAILING TO YIELD RIGHT-OF-WAY","VISION OBSCURED (SIGNS, TREE LIMBS, BUILDINGS, ETC.)","5900","W","BELMONT AVE","1633",,,,,,,"2","NONINCAPACITATING INJURY","2","0","0","1","1","0","0","16","2","1","41.9385885716","-87.7738490927","POINT (-87.773849092694 41.938588571573)"
"6cc7d15886455860e6d4eb88ac9a90b224f1974a581ad570af3cc6796f2ed89263dafed975f9747e19b94ab938db33454d83e7e06711c4e4b88e8a35aad3e1d5",,"2025-01-27T16:46:00.000","30","NO CONTROLS","NO CONTROLS","UNKNOWN","UNKNOWN","PARKED MOTOR VEHICLE","DIVIDED - W/MEDIAN (NOT RAISED)",,"STRAIGHT AND LEVEL","UNKNOWN","UNKNOWN","NOT ON SCENE (DESK REPORT)","NO INJURY / DRIVE AWAY",,,"Y","$501 - $1,500","2025-01-27T17:45:00.000","UNABLE TO DETERMINE","NOT APPLICABLE","2750","W","DEVON AVE","2412",,,,,,,"2","NO INDICATION OF INJURY","0","0","0","0","0","3","0","16","2","1","41.9976770767","-87.6992489782","POINT (-87.699248978162 41.997677076652)"
"4408615d260fddeb72f0b3c69801b9012054be0fff7f4dc0acce670ccdbedb1b661bebd4b250d7fe639ab00979e56d50ed121c681bd913853e261484587dac05",,"2025-01-27T16:45:00.000","30","STOP SIGN/FLASHER","FUNCTIONING PROPERLY","CLEAR","DAYLIGHT","ANGLE","NOT DIVIDED",,"STRAIGHT AND LEVEL","DRY","UNKNOWN","NOT ON SCENE (DESK REPORT)","NO INJURY / DRIVE AWAY",,,,"OVER $1,500","2025-01-28T09:45:00.000","DISREGARDING STOP SIGN","FAILING TO YIELD RIGHT-OF-WAY","1200","W","16TH ST","1233",,,,,,,"2","NO INDICATION OF INJURY","0","0","0","0","0","3","0","16","2","1","41.8598742358","-87.6565430568","POINT (-87.656543056755 41.859874235813)"
"75ec0a3da644106c2d8cc9befa61539122ac54ddcf8886a70e96cb9ec00a9ca3b3711a820587d31877b0f22a9f282770d2cca00bccc84a488147b91c9c7d6408",,"2025-01-27T16:42:00.000","25","STOP SIGN/FLASHER","FUNCTIONING PROPERLY","CLEAR","DAYLIGHT","PARKED MOTOR VEHICLE","NOT DIVIDED",,"STRAIGHT AND LEVEL","DRY","UNKNOWN","ON SCENE","NO INJURY / DRIVE AWAY",,,,"$501 - $1,500","2025-01-27T16:47:00.000","VISION OBSCURED (SIGNS, TREE LIMBS, BUILDINGS, ETC.)","VISION OBSCURED (SIGNS, TREE LIMBS, BUILDINGS, ETC.)","936","W","115TH ST","2234",,,,,,,"3","NO INDICATION OF INJURY","0","0","0","0","0","2","0","16","2","1","41.6851410625","-87.6460906715","POINT (-87.646090671499 41.685141062542)"
"0312ce5927396fb27a7c6136cfc1ce555edf2386b45a9e26aa961ee42f56ad6eb889a8b24614f9603ae8f6649a10b9dedc69de7d534baa39b98620c7884aa34d",,"2025-01-27T16:40:00.000","15","NO CONTROLS","NO CONTROLS","CLEAR","DAYLIGHT","PARKED MOTOR VEHICLE","PARKING LOT",,"STRAIGHT AND LEVEL","DRY","NO DEFECTS","ON SCENE","NO INJURY / DRIVE AWAY",,"Y",,"$501 - $1,500","2025-01-27T16:43:00.000","NOT APPLICABLE","NOT APPLICABLE","5200","W","FULLERTON AVE","2515",,,,,,,"2","NO INDICATION OF INJURY","0","0","0","0","0","1","0","16","2","1","41.9242157972","-87.7562107546","POINT (-87.756210754589 41.924215797231)"
"8ecf990e1be5762f7e9136a081534b814b01674537568da0db7023df106f3e3038c58b14f4e290d2757b0b512eede981c225b726b0617541efd6a0668a208cc1","Y","2025-01-27T16:40:00.000","30","NO CONTROLS","NO CONTROLS","CLEAR","DUSK","TURNING","FOUR WAY",,"STRAIGHT AND LEVEL","DRY","NO DEFECTS","ON SCENE","INJURY AND / OR TOW DUE TO CRASH","Y",,,"OVER $1,500","2025-01-27T16:40:00.000","UNABLE TO DETERMINE","NOT APPLICABLE","8400","S","DAMEN AVE","614",,,,,,,"2","NO INDICATION OF INJURY","0","0","0","0","0","2","0","16","2","1","41.74102893","-87.6730622566","POINT (-87.673062256629 41.74102893001)"
"3bd7fa73dea887c9d82208af8fe0927af5c967f74edde1e841b811d5892fe01c27fa2fea4366bed029bbbc73c74a748874de8bad66805c0f5bf7b307b656de13",,"2025-01-27T16:35:00.000","30","TRAFFIC SIGNAL","FUNCTIONING PROPERLY","CLEAR","DAYLIGHT","TURNING","UNKNOWN",,"STRAIGHT AND LEVEL","DRY","UNKNOWN","NOT ON SCENE (DESK REPORT)","NO INJURY / DRIVE AWAY",,,,"OVER $1,500","2025-01-27T16:50:00.000","UNABLE TO DETERMINE","UNABLE TO DETERMINE","1550","W","CONGRESS PKWY","1231",,,,,,,"2","NO INDICATION OF INJURY","0","0","0","0","0","2","0","16","2","1","41.8752929684","-87.666351327","POINT (-87.666351326956 41.875292968432)"
"61dc876c0101616ab608cc861b6c2c5a7a3ed1653a63e111f941081521fa5776a8e3be50e30bc444a69b1185279c9810c3f0346f8bea7cb4197e65e3c77219ad",,"2025-01-27T16:29:00.000","15","NO CONTROLS","NO CONTROLS","CLEAR","DAYLIGHT","PARKED MOTOR VEHICLE","PARKING LOT",,"STRAIGHT AND LEVEL","DRY","UNKNOWN","ON SCENE","NO INJURY / DRIVE AWAY",,,"Y","$501 - $1,500","2025-01-27T16:33:00.000","UNABLE TO DETERMINE","UNABLE TO DETERMINE","4548","N","MAGNOLIA AVE","1913",,,,,,,"2","NO INDICATION OF INJURY","0","0","0","0","0","2","0","16","2","1","41.9649707204","-87.6611588098","POINT (-87.661158809767 41.964970720425)"
"1732076876d86740366fdd5dbb068c77d90a196031c2cc69fb93491245b2243ca29a8c058a627fbb35fd8b79356cb3e18e3926a542e6db9df1b78082c66ec9d2",,"2025-01-27T16:10:00.000","30","TRAFFIC SIGNAL","FUNCTIONING PROPERLY","CLEAR","DAYLIGHT","PEDALCYCLIST","NOT DIVIDED",,"STRAIGHT AND LEVEL","DRY","NO DEFECTS","NOT ON SCENE (DESK REPORT)","INJURY AND / OR TOW DUE TO CRASH",,,,"$501 - $1,500","2025-01-28T12:15:00.000","FAILING TO YIELD RIGHT-OF-WAY","NOT APPLICABLE","698","S","DAMEN AVE","1225",,,,,,,"2","NONINCAPACITATING INJURY","1","0","0","1","0","1","0","16","2","1","41.8733422777","-87.6765852135","POINT (-87.676585213488 41.873342277745)"
"fdf1814f4688c0c539a2fdc3fcddd99e93c140fbd9c0b8febc336839c73e45e8250cd0368ce287407d1b247282a0a8956ede29566f74077ecfb88a44e9552c51",,"2025-01-27T16:10:00.000","30","TRAFFIC SIGNAL","FUNCTIONING PROPERLY","CLEAR","DAYLIGHT","PEDALCYCLIST","DIVIDED - W/MEDIAN BARRIER",,"STRAIGHT AND LEVEL","DRY","UNKNOWN","NOT ON SCENE (DESK REPORT)","INJURY AND / OR TOW DUE TO CRASH","Y",,,"$500 OR LESS","2025-01-28T12:15:00.000","FOLLOWING TOO CLOSELY","UNABLE TO DETERMINE","2000","W","OGDEN AVE","1225",,,,,,,"2","REPORTED, NOT EVIDENT","1","0","0","0","1","1","0","16","2","1","41.8727994672","-87.6765666455","POINT (-87.676566645545 41.872799467191)"