"crash_record_id","crash_date_est_i","crash_date","posted_speed_limit","traffic_control_device","device_condition","weather_condition","lighting_condition","first_crash_type","trafficway_type","lane_cnt","alignment","roadway_surface_cond","road_defect","report_type","crash_type","intersection_related_i","private_property_i","hit_and_run_i","damage","date_police_notified","prim_contributory_cause","sec_contributory_cause","street_no","street_direction","street_name","beat_of_occurrence","photos_taken_i","statements_taken_i","dooring_i","work_zone_i","work_zone_type","workers_present_i","num_units","most_severe_injury","injuries_total","injuries_fatal","injuries_incapacitating","injuries_non_incapacitating","injuries_reported_not_evident","injuries_no_indication","injuries_unknown","crash_hour","crash_day_of_week","crash_month","latitude","longitude","location"
"69cada5dd82c776db156e8703c74d609c68b52ab3182efc109a5d6b11b6322cc7468f037e7435308710bd083cca63782bd1212d88fbfebac8c05abe2b18d0339",,"2025-01-27T16:05:00.000","25","NO CONTROLS","NO CONTROLS","CLEAR","DUSK","FIXED OBJECT","NOT DIVIDED",,"STRAIGHT AND LEVEL","DRY","NO DEFECTS","ON SCENE","NO INJURY / DRIVE AWAY",,,,"OVER $1,500","2025-01-27T16:06:00.000","UNABLE TO DETERMINE","UNABLE TO DETERMINE","800","N","SPRINGFIELD AVE","1112",,,,,,,"1","NO INDICATION OF INJURY","0","0","0","0","0","1","0","16","2","1","41.8954801766","-87.7237856865","POINT (-87.723785686526 41.895480176597)"
"96652923ced81b4445e478ed0712504dc2c6e287308ac8019354ea53ef72d15aea2bcac2a6655bd8c3fcefe2fc88f4b98716a1dd25a6b5d20f2f32499ecb7262",,"2025-01-27T16:03:00.000","30","UNKNOWN","UNKNOWN","CLEAR","DAYLIGHT","SIDESWIPE SAME DIRECTION","NOT DIVIDED",,"STRAIGHT AND LEVEL","DRY","UNKNOWN","NOT ON SCENE (DESK REPORT)","NO INJURY / DRIVE AWAY",,,,"OVER $1,500","2025-01-27T16:45:00.000","FAILING TO YIELD RIGHT-OF-WAY","UNABLE TO DETERMINE","6900","S","HONORE ST","735",,,,,,,"2","NO INDICATION OF INJURY","0","0","0","0","0","2","0","16","2","1","41.7683922469","-87.6701308648","POINT (-87.670130864769 41.76839224692)"
"2454ca2bcbc232a37da76cddc6341cced0ae18ebdb85bd9d65f913ac1a78e0e8c33071493fbd570f99075e40b04832d62a0161364822f2e633a169b8436ad156",,"2025-01-27T16:00:00.000","30","TRAFFIC SIGNAL","UNKNOWN","UNKNOWN","DAYLIGHT","ANGLE","NOT DIVIDED",,"STRAIGHT AND LEVEL","UNKNOWN","UNKNOWN",,"NO INJURY / DRIVE AWAY",,,,"OVER $1,500","2025-01-27T17:00:00.000","UNABLE TO DETERMINE","NOT APPLICABLE","806","E","83RD ST","631",,,,,,,"3","NO INDICATION OF INJURY","0","0","0","0","0","3","0","16","2","1","41.7440838209","-87.6047158595","POINT (-87.604715859507 41.744083820937)"
"8adcfe7f7900a1f514b3df7563b13fd0f249bfd4b36263a13bcf9d734c999754fc6065638d136d26d7414cca6b5321e7448f80e56b639e14821feca7eaeecef7",,"2025-01-27T16:00:00.000","30","STOP SIGN/FLASHER","FUNCTIONING PROPERLY","CLEAR","DAYLIGHT","PEDESTRIAN","FOUR WAY",,"STRAIGHT AND LEVEL","DRY","NO DEFECTS","ON SCENE","INJURY AND / OR TOW DUE TO CRASH","Y",,"Y","$500 OR LESS","2025-01-27T16:14:00.000","DISREGARDING STOP SIGN","NOT APPLICABLE","11898","S","EGGLESTON AVE","522",,,,,,,"2","NONINCAPACITATING INJURY","1","0","0","1","0","5","0","16","2","1","41.6779972571","-87.6336210768","POINT (-87.633621076817 41.677997257114)"
"b3886129ee772b5ed0f5224c5d7b9e1ce6efa6111ecac2d635d82fe39c1769796114466ee34d867e4e70b50866b2be3d2f0ad38923d9114caea5ca5744adc2b1","Y","2025-01-27T16:00:00.000","30","NO CONTROLS","NO CONTROLS","UNKNOWN","UNKNOWN","PARKED MOTOR VEHICLE","DIVIDED - W/MEDIAN (NOT RAISED)",,"STRAIGHT AND LEVEL","UNKNOWN","UNKNOWN","ON SCENE","NO INJURY / DRIVE AWAY",,,"Y","OVER $1,500","2025-01-28T09:58:00.000","UNABLE TO DETERMINE","UNABLE TO DETERMINE","7608","S","DR MARTIN LUTHER KING JR DR","623",,,,,,,"2","NO INDICATION OF INJURY","0","0","0","0","0","1","0","16","2","1","41.7562646858","-87.615221639","POINT (-87.615221639008 41.756264685767)"
"c73e7cf1c95f2de76654c7be14115107838cdcbf71f959d460705d5f47042ad7a6afbe8ce45d3345d618848154a2eaf227e531c1f8cfb9de07204d9ba3144132",,"2025-01-27T16:00:00.000","35","TRAFFIC SIGNAL","FUNCTIONING PROPERLY","CLEAR","DAYLIGHT","TURNING","NOT DIVIDED",,"STRAIGHT AND LEVEL","DRY","NO DEFECTS","ON SCENE","INJURY AND / OR TOW DUE TO CRASH","Y",,,"OVER $1,500","2025-01-27T16:07:00.000","FAILING TO YIELD RIGHT-OF-WAY","UNABLE TO DETERMINE","500","W","63RD ST","711",,,,,,,"2","NO INDICATION OF INJURY","0","0","0","0","0","4","0","16","2","1","41.7799768795","-87.6375677558","POINT (-87.637567755839 41.77997687947)"
"d79c64cd25d1af5d30661931dc1ac5e2da72b819d06f831310bd377a11c15c99fc2914cd7d74681637b6dce0c1ddb08a1dcc91cf3f4b705aa66f0bf3249710ef",,"2025-01-27T16:00:00.000","20","NO CONTROLS","NO CONTROLS","CLEAR","DAYLIGHT","PARKED MOTOR VEHICLE","NOT DIVIDED",,"STRAIGHT AND LEVEL","DRY","UNKNOWN","NOT ON SCENE (DESK REPORT)","NO INJURY / DRIVE AWAY",,,,"OVER $1,500","2025-01-27T17:15:00.000","UNABLE TO DETERMINE","NOT APPLICABLE","5336","W","PALMER ST","2515",,,,,,,"2","NO INDICATION OF INJURY","0","0","0","0","0","1","0","16","2","1","41.9205133997","-87.7600228775","POINT (-87.760022877454 41.920513399741)"
"df0b4b73965498c5d3f9271da0a5523c1cd634da7ae3f06c0c6fb5199a2de2f265f5ef96239163c69fe2d03ec98b56e0bcf0eed4ff770d2970b6f041bae92831",,"2025-01-27T15:58:00.000","30","NO CONTROLS","NO CONTROLS","CLEAR","DAYLIGHT","SIDESWIPE SAME DIRECTION","NOT DIVIDED",,"STRAIGHT AND LEVEL","DRY","NO DEFECTS","NOT ON SCENE (DESK REPORT)","NO INJURY / DRIVE AWAY",,,,"$500 OR LESS","2025-01-27T17:30:00.000","FAILING TO YIELD RIGHT-OF-WAY","NOT APPLICABLE","7240","N","RIDGE BLVD","2411",,,,,,,"2","NO INDICATION OF INJURY","0","0","0","0","0","2","0","15","2","1","42.013443208","-87.6836314633","POINT (-87.683631463337 42.013443207983)"
"1a2c4bb0fb6ff8e2606d52279bb6b748033c62a9a84ccb779cae8b5723082e0c2f3d9344bf996735f74065eb72971b5e18255d3c7597dc10b9be00b31ab9dc7e","Y","2025-01-27T15:54:00.000","30","NO CONTROLS","NO CONTROLS","CLEAR","DAYLIGHT","SIDESWIPE SAME DIRECTION","DIVIDED - W/MEDIAN BARRIER",,"STRAIGHT AND LEVEL","DRY","NO DEFECTS","ON SCENE","NO INJURY / DRIVE AWAY",,,,"OVER $1,500","2025-01-27T15:55:00.000","DRIVING SKILLS/KNOWLEDGE/EXPERIENCE","UNABLE TO DETERMINE","4631","S","CICERO AVE","815",,,,,,,"2","NO INDICATION OF INJURY","0","0","0","0","0","2","0","15","2","1","41.8085084546","-87.7430241549","POINT (-87.743024154894 41.808508454648)"
"af3d2f47ae9cfd979f5dc5736f04167a6ad62291fc2eabdfd746aa8fe1b22e9fe13eb0ca03b227aa7b649e3cdf8983c99b2133f67270e9704c519006e7442d5b",,"2025-01-27T15:50:00.000","30","STOP SIGN/FLASHER","FUNCTIONING PROPERLY","CLEAR","DAYLIGHT","REAR TO FRONT","FOUR WAY",,"STRAIGHT AND LEVEL","DRY","UNKNOWN","NOT ON SCENE (DESK REPORT)","NO INJURY / DRIVE AWAY","Y",,"Y","$500 OR LESS","2025-01-27T17:30:00.000","UNABLE TO DETERMINE","NOT APPLICABLE","1301","W","14TH ST","1233",,,,,,,"2","NO INDICATION OF INJURY","0","0","0","0","0","4","0","15","2","1","41.8632727748","-87.6591424704","POINT (-87.659142470373 41.86327277477)"
"56a999a3c4a198867745358c37dc125f03856a366798b5d4ca7d11a22b03b49746b328bb63d26e1f2753eaa7ea7f79caccb22eda31c16a767a6d71a090c893d1",,"2025-01-27T15:45:00.000","15","NO CONTROLS","NO CONTROLS","CLEAR","DAYLIGHT","REAR TO SIDE","PARKING LOT",,"STRAIGHT AND LEVEL","DRY","NO DEFECTS","ON SCENE","NO INJURY / DRIVE AWAY",,,,"OVER $1,500","2025-01-27T16:00:00.000","UNABLE TO DETERMINE","NOT APPLICABLE","171","N","BESSIE COLEMAN DR","1654",,,,,,,"2","NO INDICATION OF INJURY","0","0","0","0","0","2","0","15","2","1",,,
"4ce61b08fe213262b5417282a1c59ee611795350a29e962fc0216db1182e8b8e78f6c29d23f0ac0afb789004903456df7a5625628fc92d94a791c0187ec6a555",,"2025-01-27T15:40:00.000","30","NO CONTROLS","NO CONTROLS","CLEAR","DAYLIGHT","TURNING","NOT DIVIDED",,"STRAIGHT AND LEVEL","UNKNOWN","UNKNOWN","NOT ON SCENE (DESK REPORT)","INJURY AND / OR TOW DUE TO CRASH",,,,"OVER $1,500","2025-01-27T16:30:00.000","FAILING TO YIELD RIGHT-OF-WAY","NOT APPLICABLE","7700","S","PULASKI RD","834",,,,,,,"2","REPORTED, NOT EVIDENT","2","0","0","0","2","1","0","15","2","1","41.7527169549","-87.7221662116","POINT (-87.722166211581 41.752716954894)"
"cc114b4e0a25f39b9a6e7af73caa4ffa25a735ebc6722bcbe9606360fe4bb3af65e4d78a5d18cbfe5d6e40c7ebfe7beb8901d0a703faa17d27df31b3e77fa74a",,"2025-01-27T15:40:00.000","30","STOP SIGN/FLASHER","FUNCTIONING PROPERLY","CLEAR","DAYLIGHT","REAR END","T-INTERSECTION",,"STRAIGHT AND LEVEL","DRY","NO DEFECTS","NOT ON SCENE (DESK REPORT)","NO INJURY / DRIVE AWAY",,,,"OVER $1,500","2025-01-27T17:15:00.000","FOLLOWING TOO CLOSELY","UNABLE TO DETERMINE","3850","S","RHODES AVE","212",,,,,,,"2","NO INDICATION OF INJURY","0","0","0","0","0","2","0","15","2","1","41.8241769751","-87.6145177254","POINT (-87.614517725407 41.824176975126)"
"4e8d952a899e46a1c5737db7100d4a95a55e518be46475b48c89fd37f10eb0b3447ca1cc54e89d2ddb6715e565001381a49f2690eb8fb6520f2308e110374b36",,"2025-01-27T15:30:00.000","30","TRAFFIC SIGNAL","FUNCTIONING PROPERLY","CLEAR","DAYLIGHT","REAR END","T-INTERSECTION",,"STRAIGHT AND LEVEL","DRY","NO DEFECTS","NOT ON SCENE (DESK REPORT)","NO INJURY / DRIVE AWAY",,,,"$500 OR LESS","2025-01-28T18:10:00.000","FOLLOWING TOO CLOSELY","NOT APPLICABLE","7706","S","PULASKI RD","834",,,,,,,"2","NO INDICATION OF INJURY","0","0","0","0","0","2","0","15","2","1","41.7525413195","-87.7221602871","POINT (-87.72216028712 41.752541319463)"
"073a023fd2cbaea29f7865a3aed8bb85dc11d5f9e0f29a5b0b67196a8ab30ddd589e10cf5f617990637c81ba51c068e91cb1df30ec258b802f7763e4dd5d0e24",,"2025-01-27T15:28:00.000","30","TRAFFIC SIGNAL","FUNCTIONING PROPERLY","CLEAR","DAYLIGHT","PEDESTRIAN","FOUR WAY",,"STRAIGHT AND LEVEL","DRY","NO DEFECTS","ON SCENE","INJURY AND / OR TOW DUE TO CRASH","Y",,,"OVER $1,500","2025-01-27T15:32:00.000","UNABLE TO DETERMINE","NOT APPLICABLE","6900","S","DAMEN AVE","735",,,,,,,"2","NONINCAPACITATING INJURY","1","0","0","1","0","1","0","15","2","1","41.7683929797","-87.6737700561","POINT (-87.673770056146 41.768392979654)"
"b25e6fbbc2979f2fc87cdb140656d4326f6dd17c9c83a5769ceef7556f4a9926962a2fbdf55d8ca77177a855a313b32e6279ff8c5abd289d81e531dfae38c373",,"2025-01-27T15:28:00.000","30","STOP SIGN/FLASHER","FUNCTIONING PROPERLY","CLEAR","DAYLIGHT","TURNING","NOT DIVIDED",,"STRAIGHT AND LEVEL","DRY","NO DEFECTS","ON SCENE","NO INJURY / DRIVE AWAY",,,"Y","OVER $1,500","2025-01-27T15:40:00.000","FAILING TO YIELD RIGHT-OF-WAY","UNABLE TO DETERMINE","6530","W","HIGGINS AVE","1613",,,,,,,"2","NO INDICATION OF INJURY","0","0","0","0","0","2","0","15","2","1","41.9775359242","-87.7913566535","POINT (-87.79135665354 41.977535924233)"
"3ef2f192abd14c6d67610ea0a14412d6a215731633f47ddba996c43c8045f7e9aac6700378645fe6f2da4dddda37b184dd56c8eb08ec29622d34e4c0a8da50df",,"2025-01-27T15:21:00.000","30","NO CONTROLS","NO CONTROLS","CLEAR","DAYLIGHT","TURNING","NOT DIVIDED",,"STRAIGHT AND LEVEL","DRY","NO DEFECTS","NOT ON SCENE (DESK REPORT)","NO INJURY / DRIVE AWAY",,,,"$501 - $1,500","2025-01-27T15:51:00.000","FAILING TO YIELD RIGHT-OF-WAY","IMPROPER TURNING/NO SIGNAL","1198","S","CANAL ST","124",,"Y",,,,,"2","NO INDICATION OF INJURY","0","0","0","0","0","2","0","15","2","1","41.8673568541","-87.6393461403","POINT (-87.639346140344 41.867356854077)"
"482cbb2818bfbc1e339f844da9c14f3ffa9a7b36e9020b1f736367bd61b03eb14db7a4c0a1515c8b5871cb6ba5b1939be37bad49eecdb89d625a8a2ef7356e98","Y","2025-01-27T15:20:00.000","15","NO CONTROLS","NO CONTROLS","CLEAR","DAYLIGHT","REAR END","ALLEY",,"STRAIGHT AND LEVEL","UNKNOWN","UNKNOWN","NOT ON SCENE (DESK REPORT)","NO INJURY / DRIVE AWAY",,,,"$500 OR LESS","2025-01-27T16:25:00.000","UNABLE TO DETERMINE","UNABLE TO DETERMINE","165","N","CENTRAL AVE","1523",,,,,,,"2","NO INDICATION OF INJURY","0","0","0","0","0","2","0","15","2","1","41.8841395322","-87.7648506391","POINT (-87.764850639074 41.884139532224)"
"cefffca20b5f92068e8ef8af901929bcc8fd7684677abdf89e08e1ebc314d1f623772de90b736a966643030ff2242f2236e3927659332e29bd1eeb5bde40a3df",,"2025-01-27T15:20:00.000","30","TRAFFIC SIGNAL","FUNCTIONING PROPERLY","CLEAR","DAYLIGHT","TURNING","DIVIDED - W/MEDIAN (NOT RAISED)",,"STRAIGHT AND LEVEL","DRY","UNKNOWN","ON SCENE","INJURY AND / OR TOW DUE TO CRASH","Y",,,"OVER $1,500","2025-01-27T15:24:00.000","UNABLE TO DETERMINE","UNABLE TO DETERMINE","1398","W","71ST ST","734",,,,,,,"2","NO INDICATION OF INJURY","0","0","0","0","0","2","0","15","2","1","41.7650917228","-87.6589107006","POINT (-87.658910700556 41.765091722784)"
"aee54857b0e78f22ad905208db0ea191718cb77f1003e9df7d163664a581969c298bad5332a38d74a124494e37635555d7d55b69aa82fa414969ddd044fcc05d",,"2025-01-27T15:10:00.000","35","TRAFFIC SIGNAL","FUNCTIONING PROPERLY","CLEAR","DAYLIGHT","SIDESWIPE SAME DIRECTION","DIVIDED - W/MEDIAN (NOT RAISED)",,"STRAIGHT AND LEVEL","DRY","NO DEFECTS","NOT ON SCENE (DESK REPORT)","NO INJURY / DRIVE AWAY",,,,"OVER $1,500","2025-01-27T16:20:00.000","FAILING TO YIELD RIGHT-OF-WAY","FAILING TO YIELD RIGHT-OF-WAY","4430","S","KEDZIE AVE","821",,,,,,,"2","NO INDICATION OF INJURY","0","0","0","0","0","2","0","15","2","1","41.8126652626","-87.7043006911","POINT (-87.704300691133 41.81266526261)"
"e7558dc1ae6640f122a72a19b2c9655212a24c9eb5761f563972fa97178ab9ae82cb3822b2a02bf4c3d07bb36ac008136a564cc98d086df3cb1249fbb3421924",,"2025-01-27T15:05:00.000","30","NO CONTROLS","NO CONTROLS","CLEAR","DAYLIGHT","PARKED MOTOR VEHICLE","DIVIDED - W/MEDIAN (NOT RAISED)",,"STRAIGHT AND LEVEL","DRY","NO DEFECTS",,"NO INJURY / DRIVE AWAY",,,"Y","OVER $1,500","2025-01-27T15:05:00.000","FOLLOWING TOO CLOSELY","FAILING TO REDUCE SPEED TO AVOID CRASH","2928","W","38TH PL","911",,,,,,,"2","NO INDICATION OF INJURY","0","0","0","0","0","1","0","15","2","1","41.8237357776","-87.6982712307","POINT (-87.69827123068 41.823735777641)"
"6b994e3ac428d5c71c22d1a6f0b9a41fab4c972517eb95fc88c89ee184f196afd495a5bf34284774086dc6c654af4c0e0871a45cfb630d5e7eaba3c02ac6661b",,"2025-01-27T15:00:00.000","30","TRAFFIC SIGNAL","FUNCTIONING PROPERLY","CLEAR","DAYLIGHT","REAR END","NOT DIVIDED",,"STRAIGHT AND LEVEL","DRY","NO DEFECTS","NOT ON SCENE (DESK REPORT)","NO INJURY / DRIVE AWAY",,,,"$501 - $1,500","2025-01-27T15:38:00.000","FOLLOWING TOO CLOSELY","FOLLOWING TOO CLOSELY","5900","S","HALSTED ST","712",,,,,,,"2","NO INDICATION OF INJURY","0","0","0","0","0","2","0","15","2","1","41.7869316518","-87.6451124499","POINT (-87.64511244991 41.786931651847)"
"72dfa1d3aa13b1c642a06adcc57f1c6b4577797628b2262fca3ee19cd179b262f3a28ff6270a9178ab4b6baed4f8d81e615a1891a4ce1ab19fbe268d6ad4c47a",,"2025-01-27T15:00:00.000","30","UNKNOWN","UNKNOWN","CLEAR","DAYLIGHT","PARKED MOTOR VEHICLE","NOT DIVIDED",,"STRAIGHT AND LEVEL","UNKNOWN","UNKNOWN","NOT ON SCENE (DESK REPORT)","NO INJURY / DRIVE AWAY",,,"Y","$501 - $1,500","2025-01-27T18:00:00.000","UNABLE TO DETERMINE","UNABLE TO DETERMINE","66","W","OAK ST","1824",,,,,,,"2","NO INDICATION OF INJURY","0","0","0","0","0","1","0","15","2","1","41.9006702853","-87.6308416959","POINT (-87.630841695886 41.900670285306)"
"880647938f912e29dca37b26342d20565a2289a622734a143a9a801aad879c933f9d42c5296b83a3d07b7ff5d7c370a441519169548cfff53e61bd2b21419724",,"2025-01-27T15:00:00.000","30","TRAFFIC SIGNAL","FUNCTIONING PROPERLY","CLEAR","DAYLIGHT","REAR END","NOT DIVIDED",,"STRAIGHT AND LEVEL","UNKNOWN","UNKNOWN","NOT ON SCENE (DESK REPORT)","NO INJURY / DRIVE AWAY",,,"Y","OVER $1,500","2025-01-29T18:00:00.000","UNABLE TO DETERMINE","NOT APPLICABLE","201","N","OGDEN AVE","1215",,,,,,,"2","NO INDICATION OF INJURY","0","0","0","0","0","2","0","15","2","1","41.8858284468","-87.6622993892","POINT (-87.662299389219 41.885828446802)"
"5eaeb94156a1c0bcce118f8feb75d57b4877812070b977f88feaa572f7498425bf924e42ad39b1f7da82123da2490d5400cc7494941acff6dfef300daddc6d43",,"2025-01-27T14:54:00.000","30","NO CONTROLS","NO CONTROLS","CLEAR","DAYLIGHT","REAR END","DIVIDED - W/MEDIAN (NOT RAISED)",,"STRAIGHT AND LEVEL","DRY","NO DEFECTS","ON SCENE","INJURY AND / OR TOW DUE TO CRASH","Y",,,"OVER $1,500","2025-01-27T14:55:00.000","DRIVING SKILLS/KNOWLEDGE/EXPERIENCE","UNABLE TO DETERMINE","5707","N","RIDGE AVE","2013",,,,,,,"2","NONINCAPACITATING INJURY","1","0","0","1","0","2","0","14","2","1","41.9858696074","-87.6635035845","POINT (-87.663503584485 41.985869607373)"
"72ba837f5af207171925870ed6c7087072d52ffcdd96ed0f5c52c7a8b6c6b958c35556aa845195f7c54ce4ef77cc283aadfcee7f7e1294a916cef1cff68308d0",,"2025-01-27T14:53:00.000","30","STOP SIGN/FLASHER","NO CONTROLS","CLEAR","DAYLIGHT","TURNING","NOT DIVIDED",,"STRAIGHT AND LEVEL","DRY","NO DEFECTS","NOT ON SCENE (DESK REPORT)","NO INJURY / DRIVE AWAY",,,,"OVER $1,500","2025-01-27T15:30:00.000","UNABLE TO DETERMINE","NOT APPLICABLE","2300","S","ARCHER AVE","914",,,,,,,"2","NO INDICATION OF INJURY","0","0","0","0","0","2","0","14","2","1","41.8510273907","-87.6388934799","POINT (-87.63889347987 41.851027390659)"
"c2245f2096cc57b0f47717aac755f50b9657fbc6c3cec3d9d3e6a9a0803713826baa39f0fdc0fa95edbfcb70156907d5843f2d77f5ff161877c5d6e79aec93f6",,"2025-01-27T14:45:00.000","15","UNKNOWN","UNKNOWN","UNKNOWN","UNKNOWN","ANGLE","PARKING LOT",,"STRAIGHT AND LEVEL","UNKNOWN","UNKNOWN","NOT ON SCENE (DESK REPORT)","NO INJURY / DRIVE AWAY",,"Y",,"$501 - $1,500","2025-01-28T15:15:00.000","UNABLE TO DETERMINE","NOT APPLICABLE","6601","N","RIDGE BLVD","2432",,,,,,,"2","NO INDICATION OF INJURY","0","0","0","0","0","2","0","14","2","1","42.0017420183","-87.6784191236","POINT (-87.678419123564 42.001742018263)"
"e7ba30aeb594f2974bacccb96f28bb421c88af724e5e1a499fdc19e02683b81230804a0768456eaed29fa0c9cbc73ed8f1cf91e5d19ddca2f98251b52ed154fc",,"2025-01-27T14:45:00.000","30","NO CONTROLS","NO CONTROLS","CLEAR","DAYLIGHT","PARKED MOTOR VEHICLE","ONE-WAY",,"STRAIGHT AND LEVEL","DRY","NO DEFECTS","NOT ON SCENE (DESK REPORT)","NO INJURY / DRIVE AWAY",,,,"OVER $1,500","2025-01-27T20:00:00.000","UNABLE TO DETERMINE","NOT APPLICABLE","1458","W","THORNDALE AVE","2013",,,,,,,"2","NO INDICATION OF INJURY","0","0","0","0","0","2","0","14","2","1","41.990056617","-87.6673803273","POINT (-87.667380327298 41.990056617043)"
"ccb322327812adcbd126ce635c0cee040fc2eb8e91ca38b8ed54078e247459a81719e1fe98627ec9ac70adbb87a95c16c08379d394824ff77519f2a72753cf88",,"2025-01-27T14:40:00.000","30","NO CONTROLS","NO CONTROLS","CLEAR","DAYLIGHT","REAR TO FRONT","NOT DIVIDED",,"STRAIGHT AND LEVEL","DRY","NO DEFECTS","NOT ON SCENE (DESK REPORT)","NO INJURY / DRIVE AWAY",,,,"OVER $1,500","2025-01-27T16:00:00.000","IMPROPER BACKING","NOT APPLICABLE","5200","S","ROCKWELL ST","923",,,,,,,"2","NO INDICATION OF INJURY","0","0","0","0","0","2","0","14","2","1","41.7991542318","-87.689217074","POINT (-87.689217073984 41.79915423183)"
"47951063abcc279daefb0af6c4f4c9858ecd99c27fdf8971e69f76392b831e158a64471b199a969ad1d25df603e45eabc90b4a7bb3e20ffb791dff070eecd1a7",,"2025-01-27T14:30:00.000","30","TRAFFIC SIGNAL","UNKNOWN","CLEAR","DAYLIGHT","REAR END","T-INTERSECTION",,"STRAIGHT AND LEVEL","UNKNOWN","UNKNOWN","NOT ON SCENE (DESK REPORT)","INJURY AND / OR TOW DUE TO CRASH",,,,"OVER $1,500","2025-01-27T16:00:00.000","UNABLE TO DETERMINE","UNABLE TO DETERMINE","400","N","PULASKI RD","1111",,,,,,,"2","REPORTED, NOT EVIDENT","3","0","0","0","3","1","0","14","2","1","41.8877847742","-87.7260155945","POINT (-87.726015594503 41.88778477417)"
"f2269197b015e9ee4e454608e998694b50b5bd4f1aa8ddc93224d55f517686fd1dc7ca5a898bfe7c385ff18bd216f5f7969a96c0be4dce730a415ebdde754d97",,"2025-01-27T14:30:00.000","30","NO CONTROLS","NO CONTROLS","CLEAR","DAYLIGHT","PARKED MOTOR VEHICLE","ONE-WAY",,"STRAIGHT AND LEVEL","DRY","NO DEFECTS","NOT ON SCENE (DESK REPORT)","NO INJURY / DRIVE AWAY",,,"Y","$501 - $1,500","2025-02-20T11:00:00.000","UNABLE TO DETERMINE","NOT APPLICABLE","7431","N","SEELEY AVE","2424",,,,,,,"2","NO INDICATION OF INJURY","0","0","0","0","0","1","0","14","2","1","42.0167746484","-87.6815064685","POINT (-87.681506468456 42.016774648392)"
"2197aec41460e29890506b4a6d00abd60a498c70a8946cae37c1ee77f98abc02960130bef6c28dd5e84aea7c8fa6c5797589ef1170fbc8fc6350016e22b0132b",,"2025-01-27T14:27:00.000","35","NO CONTROLS","NO CONTROLS","CLEAR","DAYLIGHT","FIXED OBJECT","DIVIDED - W/MEDIAN BARRIER",,"STRAIGHT ON GRADE","DRY","NO DEFECTS","NOT ON SCENE (DESK REPORT)","INJURY AND / OR TOW DUE TO CRASH",,"Y",,"OVER $1,500","2025-01-27T15:19:00.000","DISREGARDING ROAD MARKINGS","NOT APPLICABLE","3609","W","79TH ST","834",,,,,,,"1","NO INDICATION OF INJURY","0","0","0","0","0","1","0","14","2","1","41.749478482","-87.7124915493","POINT (-87.712491549321 41.749478482039)"
"d8672cccb7e4cd979409316238baf1c4a3f31679948573d207daa8174709562d0d42cf9a9362ca5aad80312a9ca031062fd785a9603d847470424e52d8a5c11d",,"2025-01-27T14:23:00.000","30","TRAFFIC SIGNAL","FUNCTIONING PROPERLY","CLEAR","DAYLIGHT","REAR END","DIVIDED - W/MEDIAN (NOT RAISED)",,"STRAIGHT AND LEVEL","UNKNOWN","UNKNOWN","NOT ON SCENE (DESK REPORT)","NO INJURY / DRIVE AWAY",,,,"OVER $1,500","2025-01-27T15:49:00.000","UNABLE TO DETERMINE","UNABLE TO DETERMINE","2002","N","LARAMIE AVE","2515",,,,,,,"2","NO INDICATION OF INJURY","0","0","0","0","0","2","0","14","2","1","41.9170706752","-87.7560891411","POINT (-87.75608914109 41.917070675207)"
"34d65b55a14044570510a6d0457ead914c5b3caf50ff0d78f3c3719c40cfa07d9d549924214a22891a3c9af8ca2924cfbc6e04dfcefe931dd7f7ae113f994f35",,"2025-01-27T14:20:00.000","30","TRAFFIC SIGNAL","FUNCTIONING PROPERLY","CLEAR","DAYLIGHT","REAR END","DIVIDED - W/MEDIAN (NOT RAISED)",,"STRAIGHT AND LEVEL","DRY","NO DEFECTS","NOT ON SCENE (DESK REPORT)","NO INJURY / DRIVE AWAY",,,"Y","OVER $1,500","2025-01-27T15:26:00.000","UNABLE TO DETERMINE","UNABLE TO DETERMINE","5733","N","CICERO AVE","1711",,,,,,,"2","NO INDICATION OF INJURY","0","0","0","0","0","2","0","14","2","1","41.985219511","-87.7481527858","POINT (-87.748152785846 41.985219511043)"
"2a9657961f2d144cc71c5c1cb6ad5749aca98d14a6d6c65a71f2ba0a3694cb239e832f0a8491be1d32ee2a9f0a8b8b4b0c72ed57e9f8bf9fc3b8473ad737bcd0",,"2025-01-27T14:17:00.000","30","STOP SIGN/FLASHER","FUNCTIONING PROPERLY","CLEAR","DAYLIGHT","ANGLE","NOT DIVIDED",,"STRAIGHT AND LEVEL","DRY","NO DEFECTS","NOT ON SCENE (DESK REPORT)","NO INJURY / DRIVE AWAY",,,,"$501 - $1,500","2025-01-27T14:56:00.000","NOT APPLICABLE","NOT APPLICABLE","3800","W","MARQUETTE RD","833",,,,,,,"2","NO INDICATION OF INJURY","0","0","0","0","0","3","0","14","2","1","41.7715577567","-87.7177986964","POINT (-87.717798696372 41.771557756749)"