"crash_record_id","crash_date_est_i","crash_date","posted_speed_limit","traffic_control_device","device_condition","weather_condition","lighting_condition","first_crash_type","trafficway_type","lane_cnt","alignment","roadway_surface_cond","road_defect","report_type","crash_type","intersection_related_i","private_property_i","hit_and_run_i","damage","date_police_notified","prim_contributory_cause","sec_contributory_cause","street_no","street_direction","street_name","beat_of_occurrence","photos_taken_i","statements_taken_i","dooring_i","work_zone_i","work_zone_type","workers_present_i","num_units","most_severe_injury","injuries_total","injuries_fatal","injuries_incapacitating","injuries_non_incapacitating","injuries_reported_not_evident","injuries_no_indication","injuries_unknown","crash_hour","crash_day_of_week","crash_month","latitude","longitude","location"
"8154293eeec3ed92d17de72fc620632ebc299a08d7c899319d9d84786eb6f97c55f77ec02dbd9e92d8b03e15fdd73590c40af67d35381ae3f9fa9392d24be5ea",,"2025-01-27T14:10:00.000","30","NO CONTROLS","NO CONTROLS","CLEAR","DAYLIGHT","SIDESWIPE SAME DIRECTION","DIVIDED - W/MEDIAN BARRIER",,"STRAIGHT AND LEVEL","DRY","NO DEFECTS","NOT ON SCENE (DESK REPORT)","NO INJURY / DRIVE AWAY",,,,"$501 - $1,500","2025-01-27T15:35:00.000","UNABLE TO DETERMINE","UNABLE TO DETERMINE","9002","S","STONY ISLAND AVE","413",,,,,,,"2","NO INDICATION OF INJURY","0","0","0","0","0","2","0","14","2","1","41.7312971643","-87.5856740362","POINT (-87.585674036166 41.731297164291)"
"4901a69186a9415d96797f785f2ed2b7a62cd9fe18a5787a93205237e5f4a1b573d0e3ec6f96178fedda9623e492fff5bb0cf63b9050b37f5e318705ccd828f7",,"2025-01-27T14:00:00.000","25","TRAFFIC SIGNAL","FUNCTIONING PROPERLY","CLEAR","DAYLIGHT","SIDESWIPE SAME DIRECTION","NOT DIVIDED",,"STRAIGHT AND LEVEL","DRY","NO DEFECTS","ON SCENE","NO INJURY / DRIVE AWAY",,,"Y","$501 - $1,500","2025-01-27T14:02:00.000","UNABLE TO DETERMINE","NOT APPLICABLE","9000","S","GREENWOOD AVE","413",,,,,,,"2","NO INDICATION OF INJURY","0","0","0","0","0","2","0","14","2","1","41.7311888442","-87.5975665103","POINT (-87.597566510256 41.731188844217)"
"c48ca0b7e3b9ab6906f20b0d1bd179bb12417f1a58e9cc90e0d3f2cd53ae2748de8868b34e395273acf58ef8e2d89e7d984ebc29c5c7b27f3601cdbd23da09af",,"2025-01-27T14:00:00.000","30","NO CONTROLS","NO CONTROLS","CLEAR","DAYLIGHT","PARKED MOTOR VEHICLE","NOT DIVIDED",,"STRAIGHT AND LEVEL","DRY","NO DEFECTS","NOT ON SCENE (DESK REPORT)","NO INJURY / DRIVE AWAY",,,"Y","$501 - $1,500","2025-01-27T16:14:00.000","UNABLE TO DETERMINE","UNABLE TO DETERMINE","10426","S","EGGLESTON AVE","2233",,,,,,,"2","NO INDICATION OF INJURY","0","0","0","0","0","1","0","14","2","1","41.7043772583","-87.6344568396","POINT (-87.634456839566 41.704377258257)"
"64cd984820969986fac603cf56c4f18ee7cec8030027ee67f352be24676a27402183bcc2ebe53f6548e7532cac7a838484779f2a708c2412e73e5b535d9b0b42",,"2025-01-27T13:58:00.000","30","NO CONTROLS","NO CONTROLS","CLEAR","DAYLIGHT","PARKED MOTOR VEHICLE","ONE-WAY",,"STRAIGHT AND LEVEL","UNKNOWN","UNKNOWN","NOT ON SCENE (DESK REPORT)","NO INJURY / DRIVE AWAY",,,"Y","OVER $1,500","2025-01-29T13:43:00.000","IMPROPER BACKING","IMPROPER BACKING","1012","N","WALLER AVE","1511",,,,,,,"2","NO INDICATION OF INJURY","0","0","0","0","0","1","0","13","2","1","41.8988898794","-87.7681114835","POINT (-87.768111483468 41.898889879385)"
"c45091400dbba17ff84a092b3bb4d48010afd830159fb2179082ae95b755616a718814f08f52915b430cd5af48f42a4138e69d21d94e1dac30b38a4b4e174e03",,"2025-01-27T13:58:00.000","25","NO CONTROLS","NO CONTROLS","CLEAR","DAYLIGHT","TURNING","NOT DIVIDED",,"STRAIGHT AND LEVEL","DRY","NO DEFECTS","ON SCENE","INJURY AND / OR TOW DUE TO CRASH","Y",,,"OVER $1,500","2025-01-27T13:59:00.000","IMPROPER TURNING/NO SIGNAL","IMPROPER TURNING/NO SIGNAL","6553","S","ASHLAND AVE","725",,,,,,,"2","NONINCAPACITATING INJURY","1","0","0","1","0","1","0","13","2","1","41.774275048","-87.6639308982","POINT (-87.663930898232 41.774275047965)"
"8c6e380f344bdf2aa63a3dd7d4ac336688ff86b9142f85bff9b742f22f1a19e0f29d1f0a17862b7314e4c1ed1b87b6e1a65cb8f825864ccab3eebac78aa30cbd",,"2025-01-27T13:55:00.000","30","NO CONTROLS","NO CONTROLS","CLEAR","DAYLIGHT","REAR END","NOT DIVIDED",,"STRAIGHT AND LEVEL","DRY","NO DEFECTS","NOT ON SCENE (DESK REPORT)","NO INJURY / DRIVE AWAY",,,,"OVER $1,500","2025-01-27T15:05:00.000","NOT APPLICABLE","NOT APPLICABLE","4715","N","CICERO AVE","1722",,,,,,,"2","NO INDICATION OF INJURY","0","0","0","0","0","2","0","13","2","1","41.9667106972","-87.7475649177","POINT (-87.74756491768 41.966710697194)"
"99bee4b7a378d97d6ec1defa5424747080e954f098f3e41db95adcd051a0fd70d11b7a066e9f1619e71a4cd14e60b79055119059816b04ad15ff52985734c6e9",,"2025-01-27T13:51:00.000","30","STOP SIGN/FLASHER","FUNCTIONING PROPERLY","CLEAR","DAYLIGHT","PEDESTRIAN","NOT DIVIDED",,"STRAIGHT AND LEVEL","DRY","NO DEFECTS","ON SCENE","INJURY AND / OR TOW DUE TO CRASH","Y",,"Y","$500 OR LESS","2025-01-27T13:51:00.000","DISREGARDING STOP SIGN","NOT APPLICABLE","7100","N","CLARK ST","2424",,,,,,,"2","NONINCAPACITATING INJURY","1","0","0","1","0","2","0","13","2","1","42.01146046","-87.6745934517","POINT (-87.67459345171 42.011460459993)"
"5c3ad4d944d77cb0cac8a88974e2eea7174cb030fcd79dd467887c2783e62a7718e0e12c430742849563dcf8048496db7a737d7446b2fa153e8c7882c53ef5a2",,"2025-01-27T13:45:00.000","30","NO CONTROLS","NO CONTROLS","CLEAR","DAYLIGHT","SIDESWIPE SAME DIRECTION","NOT DIVIDED",,"STRAIGHT AND LEVEL","DRY","NO DEFECTS","NOT ON SCENE (DESK REPORT)","NO INJURY / DRIVE AWAY",,,,"OVER $1,500","2025-01-27T15:23:00.000","FAILING TO YIELD RIGHT-OF-WAY","NOT APPLICABLE","5123","S","KEDZIE AVE","923",,,,,,,"2","NO INDICATION OF INJURY","0","0","0","0","0","3","0","13","2","1","41.80010768","-87.7035997582","POINT (-87.703599758174 41.800107679978)"
"f36964e59709e00c8f054a76c9df128661be930c0dfa5d5d4665c3f4bbf224f721c4e15623135b6af80d16e478cfd54b2d155ba72af10c05478fd54a08cb0502",,"2025-01-27T13:45:00.000","30","NO CONTROLS","NO CONTROLS","CLEAR","DAYLIGHT","TURNING","NOT DIVIDED",,"STRAIGHT AND LEVEL","DRY","UNKNOWN","NOT ON SCENE (DESK REPORT)","NO INJURY / DRIVE AWAY",,,,"OVER $1,500","2025-01-27T18:23:00.000","UNABLE TO DETERMINE","UNABLE TO DETERMINE","1975","W","LAWRENCE AVE","1912",,,,,,,"2","NO INDICATION OF INJURY","0","0","0","0","0","3","0","13","2","1","41.968647402","-87.6791085586","POINT (-87.679108558643 41.968647401955)"
"1d44ac6a13a1419bfc24114e86f31bf3814590b9234df7c7efb35ce4aa000f52f94317bc2a3da03708f33b42b951e132ff3ff3a5c6286691398ed27fa1746d42",,"2025-01-27T13:40:00.000","25","STOP SIGN/FLASHER","NO CONTROLS","CLEAR","DAYLIGHT","TURNING","T-INTERSECTION",,"STRAIGHT AND LEVEL","DRY","NO DEFECTS","NOT ON SCENE (DESK REPORT)","NO INJURY / DRIVE AWAY",,,,"$501 - $1,500","2025-01-27T15:45:00.000","FAILING TO YIELD RIGHT-OF-WAY","NOT APPLICABLE","339","E","21ST ST","132",,,,,,,"2","NO INDICATION OF INJURY","0","0","0","0","0","2","0","13","2","1","41.8542405338","-87.6190477921","POINT (-87.619047792093 41.854240533796)"
"306d921bb717be829c429e8304351469f372bca2964f1ae327a68f44e145a93c2607caef83236630e590da1c7662b92a50f17186702d1f05cf2d525749ff18d6",,"2025-01-27T13:35:00.000","30","NO CONTROLS","NO CONTROLS","CLEAR","DAYLIGHT","REAR END","NOT DIVIDED",,"STRAIGHT AND LEVEL","DRY","UNKNOWN","NOT ON SCENE (DESK REPORT)","NO INJURY / DRIVE AWAY",,,,"$501 - $1,500","2025-01-28T10:30:00.000","UNABLE TO DETERMINE","UNABLE TO DETERMINE","4300","S","CICERO AVE","814",,,,,,,"2","NO INDICATION OF INJURY","0","0","0","0","0","2","0","13","2","1","41.8148367504","-87.7435014806","POINT (-87.743501480634 41.81483675036)"
"9d1bbce3c4cb0c7a453cfcfdf15738ecda43b9720ce21ce19b0d554a6b548fd0e5c6a2fa500a953e00c2b731b02490cfb6fb51a7d6913c8111be70087249436b",,"2025-01-27T13:30:00.000","30","NO CONTROLS","NO CONTROLS","CLEAR","DAYLIGHT","PARKED MOTOR VEHICLE","NOT DIVIDED",,"STRAIGHT AND LEVEL","DRY","UNKNOWN","NOT ON SCENE (DESK REPORT)","NO INJURY / DRIVE AWAY",,,,"OVER $1,500","2025-01-27T14:30:00.000","IMPROPER TURNING/NO SIGNAL","NOT APPLICABLE","66","W","OAK ST","1824",,,,,,,"2","NO INDICATION OF INJURY","0","0","0","0","0","2","0","13","2","1","41.9006702853","-87.6308416959","POINT (-87.630841695886 41.900670285306)"
"eafabcb8c84a3cf0b36a7859efb675a35e8c8ed354f7fcf6353fa33579e8abfbbe232e8e1dff1b51559bdd49c26419aff7f9add46c7397417f7a85d54510c250",,"2025-01-27T13:30:00.000","25","NO CONTROLS","NO CONTROLS","CLEAR","DAYLIGHT","TURNING","NOT DIVIDED",,"STRAIGHT AND LEVEL","DRY","NO DEFECTS","NOT ON SCENE (DESK REPORT)","INJURY AND / OR TOW DUE TO CRASH",,,,"OVER $1,500","2025-01-27T14:05:00.000","NOT APPLICABLE","NOT APPLICABLE","2665","N","HALSTED ST","1935",,,,,,,"2","NO INDICATION OF INJURY","0","0","0","0","0","2","0","13","2","1","41.9308998968","-87.648803203","POINT (-87.648803203039 41.930899896796)"
"5e2b58880ebb42342ec86257127a86196e66501bdeb9806188a3a1f9fe063aa1be0b9f783abb578f52ce800e72c1f6a076c3a94f098374b2e128f3ed5b31ae21",,"2025-01-27T13:22:00.000","30","TRAFFIC SIGNAL","FUNCTIONING PROPERLY","CLEAR","DAYLIGHT","TURNING","T-INTERSECTION",,"STRAIGHT AND LEVEL","DRY","NO DEFECTS","ON SCENE","NO INJURY / DRIVE AWAY",,,,"OVER $1,500","2025-01-27T13:22:00.000","IMPROPER LANE USAGE","NOT APPLICABLE","3158","W","PRATT BLVD","2411",,,,,,,"2","NO INDICATION OF INJURY","0","0","0","0","0","2","0","13","2","1","42.0047694286","-87.7092527779","POINT (-87.709252777926 42.004769428639)"
"29c685cc909bd64c4e25920a372c03bc53d21ffc8fc7b6aeda298ae55f1d4e2951260daf0cd86c3200ba2ada13e833237d9de2fc6bb4a4f701be647cb95f6793",,"2025-01-27T13:20:00.000","30","NO CONTROLS","NO CONTROLS","CLEAR","DAYLIGHT","REAR END","NOT DIVIDED",,"STRAIGHT AND LEVEL","DRY","NO DEFECTS","ON SCENE","NO INJURY / DRIVE AWAY",,,"Y","OVER $1,500","2025-01-27T13:31:00.000","UNABLE TO DETERMINE","UNABLE TO DETERMINE","6830","N","RIDGE BLVD","2411",,,,,,,"2","NO INDICATION OF INJURY","0","0","0","0","0","2","0","13","2","1","42.0061057769","-87.6807408529","POINT (-87.680740852929 42.006105776904)"
"85370bd047e70fe321f03b37328f314a94f651c50f6540fd353962e10efa465827c9d3bae80ff997c27a1d86fdc14159b0993d97df2b0b37a26b4e12d052599f",,"2025-01-27T13:20:00.000","30","TRAFFIC SIGNAL","NO CONTROLS","UNKNOWN","DAYLIGHT","REAR END","NOT DIVIDED",,"STRAIGHT AND LEVEL","UNKNOWN","UNKNOWN","NOT ON SCENE (DESK REPORT)","NO INJURY / DRIVE AWAY",,,"Y","OVER $1,500","2025-01-27T13:45:00.000","UNABLE TO DETERMINE","NOT APPLICABLE","7900","S","LAFAYETTE AVE","623",,,,,,,"2","NO INDICATION OF INJURY","0","0","0","0","0","2","0","13","2","1","41.7508910466","-87.6259685054","POINT (-87.625968505423 41.750891046593)"
"16ede231e6902e67c808e14640df4962bdabf7b472d40117054705c162efd6c9ee0ea2c1311c381f0318441d1da29ba5fc386019b22581e65f741e5788198907",,"2025-01-27T13:15:00.000","30","TRAFFIC SIGNAL","FUNCTIONING PROPERLY","CLEAR","DAYLIGHT","TURNING","ONE-WAY",,"STRAIGHT AND LEVEL","DRY","NO DEFECTS","NOT ON SCENE (DESK REPORT)","NO INJURY / DRIVE AWAY",,,"Y","OVER $1,500","2025-01-27T15:05:00.000","DRIVING ON WRONG SIDE/WRONG WAY","IMPROPER TURNING/NO SIGNAL","398","W","JACKSON BLVD","122",,,,,,,"2","NO INDICATION OF INJURY","0","0","0","0","0","2","0","13","2","1","41.8781778215","-87.6377256734","POINT (-87.637725673422 41.8781778215)"
"38c9d8a798b92f3112200dc093490e87305f42471538522711eeec4c7b68458d4bbf223e3f7cb3c3b8dd05c4b11288e49cb3185bf5bb8980d075668f2245cecb",,"2025-01-27T13:15:00.000","30","STOP SIGN/FLASHER","FUNCTIONING PROPERLY","CLEAR","DAYLIGHT","ANGLE","T-INTERSECTION",,"STRAIGHT AND LEVEL","DRY","NO DEFECTS","ON SCENE","INJURY AND / OR TOW DUE TO CRASH","Y",,,"OVER $1,500","2025-01-27T13:20:00.000","UNABLE TO DETERMINE","UNABLE TO DETERMINE","5700","S","FRANCISCO AVE","824",,,,,,,"2","NO INDICATION OF INJURY","0","0","0","0","0","2","0","13","2","1","41.7899147652","-87.6962802216","POINT (-87.696280221589 41.789914765235)"
"65a9b5d5e6da3184e77e0fa74d94234dc3c67690d1607ea80bf8f9a950a9541a6297a82430ee011e4017fc76a95dc98f6fe866dc0a72ba61a2f6c0cd8576291a",,"2025-01-27T13:00:00.000","30","TRAFFIC SIGNAL","FUNCTIONING PROPERLY","CLEAR","DAYLIGHT","REAR END","DIVIDED - W/MEDIAN BARRIER",,"STRAIGHT AND LEVEL","DRY","UNKNOWN","NOT ON SCENE (DESK REPORT)","NO INJURY / DRIVE AWAY",,,,"OVER $1,500","2025-01-27T14:30:00.000","FOLLOWING TOO CLOSELY","NOT APPLICABLE","3001","W","ROOSEVELT RD","1022",,,,,,,"2","NO INDICATION OF INJURY","0","0","0","0","0","2","0","13","2","1","41.8663452189","-87.7008469366","POINT (-87.700846936556 41.866345218876)"
"e9578bdac676ba2764d8f2dd83eaecdd98f2fb452cb77a290963c3dd5d9eba3e56cfe8cdb31e96f250588992adbff4adbaeb91d574bc99a6490ebac304a8fd39",,"2025-01-27T12:58:00.000","30","NO CONTROLS","NO CONTROLS","CLEAR","DAYLIGHT","SIDESWIPE SAME DIRECTION","DIVIDED - W/MEDIAN (NOT RAISED)",,"STRAIGHT AND LEVEL","DRY","UNKNOWN","ON SCENE","INJURY AND / OR TOW DUE TO CRASH",,,,"OVER $1,500","2025-01-27T13:00:00.000","IMPROPER LANE USAGE","UNABLE TO DETERMINE","9499","S","STATE ST","634",,,,,,,"2","NONINCAPACITATING INJURY","2","0","0","2","0","1","0","12","2","1","41.7217276685","-87.6235839863","POINT (-87.623583986265 41.721727668469)"
"c12a3c1920b46df97c3bf0fe23b4d15b8cbdfb34033b89c19d5d25ed179de95af0b7acbe81e5f7dcc6ea8f95a8a8518e82c28b519121f05c0c25e4512a5abbf4",,"2025-01-27T12:49:00.000","30","NO CONTROLS","NO CONTROLS","CLEAR","DAYLIGHT","PARKED MOTOR VEHICLE","NOT DIVIDED",,"STRAIGHT AND LEVEL","DRY","NO DEFECTS","ON SCENE","INJURY AND / OR TOW DUE TO CRASH",,"Y",,"OVER $1,500","2025-01-27T12:50:00.000","UNABLE TO DETERMINE","UNABLE TO DETERMINE","6540","W","57TH ST","811",,,,,,,"2","NO INDICATION OF INJURY","0","0","0","0","0","1","0","12","2","1","41.788720116","-87.7857363272","POINT (-87.785736327222 41.788720116023)"
"e0961149b7f887e185808007b02365ec6d1180de12489b91a1ebadbc0d5697bba54ab7304c91d76310de8a18f99b4f629d3c03a887d2842385668516d0a19085",,"2025-01-27T12:47:00.000","15","NO CONTROLS","NO CONTROLS","CLEAR","DAYLIGHT","PARKED MOTOR VEHICLE","PARKING LOT",,"STRAIGHT AND LEVEL","DRY","NO DEFECTS","ON SCENE","NO INJURY / DRIVE AWAY",,,,"$500 OR LESS","2025-01-27T12:48:00.000","IMPROPER BACKING","UNABLE TO DETERMINE","1000","W","RANDOLPH ST","1224",,"Y",,,,,"2","NO INDICATION OF INJURY","0","0","0","0","0","1","0","12","2","1","41.8844349649","-87.6521655467","POINT (-87.652165546708 41.884434964928)"
"c41aea23e1c77c352239b8fd142c1d71c9cb97b4547f240f80341461f28cbee17b32cac87eaad5be167b3a52d63251d094aae66cb36c03f33630a1bfb1ddb1aa",,"2025-01-27T12:41:00.000","10","NO CONTROLS","NO CONTROLS","CLEAR","DAYLIGHT","PARKED MOTOR VEHICLE","OTHER",,"STRAIGHT AND LEVEL","UNKNOWN","UNKNOWN","NOT ON SCENE (DESK REPORT)","NO INJURY / DRIVE AWAY",,,"Y","OVER $1,500","2025-02-03T20:30:00.000","UNABLE TO DETERMINE","NOT APPLICABLE","4250","N","MARINE DR","1915",,,,,,,"2","NO INDICATION OF INJURY","0","0","0","0","0","1","0","12","2","1","41.960019954","-87.6469060276","POINT (-87.646906027619 41.960019954019)"
"03af84f4d96a1deffc772dc8032edad2f44030e712e9345c2e5f8e74da2401c158bad199c95b85a5f61866788d9cde087c60648723e39d73315aa6ffe535760e",,"2025-01-27T12:30:00.000","15","NO CONTROLS","NO CONTROLS","CLEAR","DAYLIGHT","FIXED OBJECT","ALLEY",,"STRAIGHT AND LEVEL","DRY","NO DEFECTS","ON SCENE","NO INJURY / DRIVE AWAY",,,,"OVER $1,500","2025-01-27T12:32:00.000","UNABLE TO DETERMINE","NOT APPLICABLE","7702","S","JEFFERY BLVD","414",,,,,,,"1","NO INDICATION OF INJURY","0","0","0","0","0","1","0","12","2","1","41.755092743","-87.5762092534","POINT (-87.576209253381 41.755092742981)"
"03c58099ecc8b4d582bb2cdb6f4f559aedda4b90eaf5f9a49d27b8afb08828313e5c3ef13d6ba5d7e612f2622d114002df80e5a9e57aa513c849fb58de67134f",,"2025-01-27T12:25:00.000","30","NO CONTROLS","NO CONTROLS","CLEAR","DAYLIGHT","SIDESWIPE SAME DIRECTION","DIVIDED - W/MEDIAN (NOT RAISED)",,"STRAIGHT AND LEVEL","DRY","NO DEFECTS","ON SCENE","NO INJURY / DRIVE AWAY",,,"Y","$501 - $1,500","2025-01-27T13:11:00.000","OPERATING VEHICLE IN ERRATIC, RECKLESS, CARELESS, NEGLIGENT OR AGGRESSIVE MANNER","NOT APPLICABLE","4601","W","ADDISON ST","1731",,,,,,,"2","NO INDICATION OF INJURY","0","0","0","0","0","2","0","12","2","1","41.9460729824","-87.7425592529","POINT (-87.742559252857 41.946072982408)"
"b7d00047dddb33d8be1e59cb90751359e81ca49172c94ad064873df4251d414fc414d63fc310c2f6f2c9354c8a1051f9733871a36afaf4c643e620576cc7aeea",,"2025-01-27T12:19:00.000","30","NO CONTROLS","NO CONTROLS","CLEAR","DAYLIGHT","PARKED MOTOR VEHICLE","NOT DIVIDED",,"STRAIGHT AND LEVEL","DRY","NO DEFECTS","NOT ON SCENE (DESK REPORT)","NO INJURY / DRIVE AWAY",,,"Y","OVER $1,500","2025-01-27T20:22:00.000","UNABLE TO DETERMINE","UNABLE TO DETERMINE","4614","W","79TH PL","834",,,,,,,"2","NO INDICATION OF INJURY","0","0","0","0","0","1","0","12","2","1","41.7488229108","-87.7367000815","POINT (-87.736700081522 41.748822910776)"
"9fa0c4802f525fb16aab89f5151b99e765a3d5502bd7fbef5d54346a15907e32ae33db61d00aeaf82a040d64f1f268c64a0baeae0dd1d90d2dc61e031b23508d",,"2025-01-27T12:17:00.000","30","TRAFFIC SIGNAL","FUNCTIONING PROPERLY","CLEAR","DAYLIGHT","TURNING","FOUR WAY",,"STRAIGHT AND LEVEL","DRY","UNKNOWN","ON SCENE","INJURY AND / OR TOW DUE TO CRASH","Y",,,"OVER $1,500","2025-01-27T12:17:00.000","FAILING TO YIELD RIGHT-OF-WAY","UNABLE TO DETERMINE","1800","N","CENTRAL AVE","2531",,,,,,,"2","REPORTED, NOT EVIDENT","2","0","0","0","2","1","0","12","2","1","41.9130926427","-87.7657812462","POINT (-87.765781246153 41.913092642715)"
"f32e5e660742cd05156102f827d9dfc1af8a9f7dc089a407555c3f8a208f0e0c698b85eceb118591edda2992deffd3f4270a0835828ed244d9c489b412b9dbfd",,"2025-01-27T12:15:00.000","30","NO CONTROLS","NO CONTROLS","CLEAR","DAYLIGHT","SIDESWIPE SAME DIRECTION","NOT DIVIDED",,"STRAIGHT AND LEVEL","DRY","NO DEFECTS","NOT ON SCENE (DESK REPORT)","NO INJURY / DRIVE AWAY",,,,"$501 - $1,500","2025-01-27T13:22:00.000","IMPROPER OVERTAKING/PASSING","NOT APPLICABLE","6400","S","COAST GUARD DR","331",,,,,,,"2","NO INDICATION OF INJURY","0","0","0","0","0","2","0","12","2","1","41.7787218897","-87.5757214601","POINT (-87.575721460141 41.778721889726)"
"dc3b655fd7f54446e92378a0a21d84ef0cddd7ff3e02516d7cbf344962b0129bcd66617a6c75abbef662205380c4f06219c8a7439fba875e63ece5d027767dd4",,"2025-01-27T12:08:00.000","30","NO CONTROLS","NO CONTROLS","CLEAR","DAYLIGHT","PARKED MOTOR VEHICLE","ONE-WAY",,"STRAIGHT AND LEVEL","DRY","NO DEFECTS","NOT ON SCENE (DESK REPORT)","NO INJURY / DRIVE AWAY",,,"Y","$501 - $1,500","2025-01-27T13:08:00.000","NOT APPLICABLE","NOT APPLICABLE","5756","S","ELIZABETH ST","713",,,,,,,"2","NO INDICATION OF INJURY","0","0","0","0","0","1","0","12","2","1","41.7888347528","-87.656100969","POINT (-87.656100969018 41.788834752826)"
"574913778b37a8fc497d2535fff5397cd8eca99f5cd532d5d171be585bdac4d12e8cad79413b8705983498a2fd08e860b76d81f00458ddd2d69a11709b37646a",,"2025-01-27T12:00:00.000","30","NO CONTROLS","NO CONTROLS","CLEAR","DAYLIGHT","TURNING","FOUR WAY",,"STRAIGHT AND LEVEL","DRY","UNKNOWN","ON SCENE","INJURY AND / OR TOW DUE TO CRASH",,,,"OVER $1,500","2025-01-27T12:02:00.000","UNABLE TO DETERMINE","UNABLE TO DETERMINE","5300","S","WESTERN BLVD","923",,,,,,,"2","NONINCAPACITATING INJURY","3","0","0","3","0","0","0","12","2","1","41.7974176227","-87.6837111872","POINT (-87.683711187209 41.79741762265)"
"80bfa59e9eb8162db46bc07b9df4eaef904a5dacae9fc669199c45eb2946a82c9aef2b11d76ac44ea8d5399ca44750ea11f19cb26e0be5ef5ccce35f6be76628",,"2025-01-27T12:00:00.000","30","STOP SIGN/FLASHER","FUNCTIONING PROPERLY","CLEAR","DAYLIGHT","ANGLE","FOUR WAY",,"STRAIGHT AND LEVEL","DRY","UNKNOWN","ON SCENE","INJURY AND / OR TOW DUE TO CRASH","Y",,,"OVER $1,500","2025-01-27T12:01:00.000","FAILING TO YIELD RIGHT-OF-WAY","FAILING TO YIELD RIGHT-OF-WAY","4800","S","MICHIGAN AVE","224",,,,,,,"2","NONINCAPACITATING INJURY","1","0","0","1","0","1","0","12","2","1","41.8073730019","-87.6229305547","POINT (-87.622930554709 41.807373001937)"
"8cd5765e862656d452771c20241a13bc410d3c92d843eaadba83a923511e5abc2bbc3990bffb410b05d78f3395a22f758b94491cdf079afddd4072521764b8e3",,"2025-01-27T12:00:00.000","30","NO CONTROLS","NO CONTROLS","CLEAR","DAYLIGHT","TURNING","NOT DIVIDED",,"STRAIGHT AND LEVEL","DRY","NO DEFECTS","ON SCENE","NO INJURY / DRIVE AWAY",,,"Y","$500 OR LESS","2025-01-27T12:07:00.000","UNABLE TO DETERMINE","UNABLE TO DETERMINE","3420","N","CALIFORNIA AVE","1733",,,,,,,"2","NO INDICATION OF INJURY","0","0","0","0","0","2","0","12","2","1","41.9434387028","-87.6980853256","POINT (-87.698085325615 41.943438702755)"
"6c03e01eaada5da06f93a3bcab6dbf8f36d9fd91411d7388677a6d357d1cf177ad38d93b490c81511992762a9f68447b900044276b6d20633b98cac1dccf27b7",,"2025-01-27T11:50:00.000","10","NO CONTROLS","NO CONTROLS","CLEAR","DAYLIGHT","REAR TO FRONT","OTHER",,"STRAIGHT AND LEVEL","UNKNOWN","UNKNOWN","ON SCENE","NO INJURY / DRIVE AWAY",,"Y","Y","OVER $1,500","2025-01-27T11:56:00.000","UNABLE TO DETERMINE","UNABLE TO DETERMINE","7900","S","TALMAN AVE","835",,,,,,,"2","NO INDICATION OF INJURY","0","0","0","0","0","2","0","11","2","1","41.749905306","-87.6891033647","POINT (-87.689103364658 41.749905305983)"
"b7c0fc7ba1824e2d684aa03ca04487d08bd6b884234a8efd183a755eb38c01294cfbd0d34b2fc5329998cf927cd2389b1cf28a2dfbbd1fb9cf355c00dad289cd",,"2025-01-27T11:45:00.000","30","TRAFFIC SIGNAL","FUNCTIONING PROPERLY","CLEAR","DAYLIGHT","ANGLE","NOT DIVIDED",,"STRAIGHT AND LEVEL","DRY","NO DEFECTS","ON SCENE","INJURY AND / OR TOW DUE TO CRASH","Y",,,"OVER $1,500","2025-01-27T12:00:00.000","DISREGARDING TRAFFIC SIGNALS","NOT APPLICABLE","800","S","KEDZIE AVE","1134",,,,,,,"2","NONINCAPACITATING INJURY","3","0","0","3","0","0","0","11","2","1","41.8709121307","-87.7059695912","POINT (-87.705969591213 41.87091213071)"
"f0474a178190a93384fb26ce17eed35673b30fade004986dd529940dafa648086588b20ffd5b5e33f12fb42b19d16c3bbea0870ef22bc2682f7270e5813fbd96",,"2025-01-27T11:39:00.000","25","NO CONTROLS","NO CONTROLS","CLEAR","DAYLIGHT","REAR TO SIDE","PARKING LOT",,"STRAIGHT AND LEVEL","DRY","NO DEFECTS","NOT ON SCENE (DESK REPORT)","NO INJURY / DRIVE AWAY",,"Y",,"$501 - $1,500","2025-01-27T13:00:00.000","DRIVING SKILLS/KNOWLEDGE/EXPERIENCE","NOT APPLICABLE","6107","S","ARCHER AVE","811",,,,,,,"2","NO INDICATION OF INJURY","0","0","0","0","0","2","0","11","2","1","41.7943548532","-87.7705271521","POINT (-87.770527152113 41.794354853197)"
"149fbea35bb7451546c1007be8edf5f16c8af7aebcf39a5d9d34e77b68ef67a091cf5ffc4e685fb8bca339ef22abb7fc447e7bbc42bd1966e482ab5bdf14b04f",,"2025-01-27T11:30:00.000","30","NO CONTROLS","NO CONTROLS","UNKNOWN","DAYLIGHT","SIDESWIPE SAME DIRECTION","NOT DIVIDED",,"STRAIGHT AND LEVEL","UNKNOWN","UNKNOWN","NOT ON SCENE (DESK REPORT)","NO INJURY / DRIVE AWAY",,,,"OVER $1,500","2025-01-27T15:00:00.000","DRIVING SKILLS/KNOWLEDGE/EXPERIENCE","NOT APPLICABLE","6","W","GRAND AVE","1831",,,,,,,"2","NO INDICATION OF INJURY","0","0","0","0","0","2","0","11","2","1","41.8917725053","-87.6283166771","POINT (-87.628316677126 41.891772505349)"