"crash_record_id","crash_date_est_i","crash_date","posted_speed_limit","traffic_control_device","device_condition","weather_condition","lighting_condition","first_crash_type","trafficway_type","lane_cnt","alignment","roadway_surface_cond","road_defect","report_type","crash_type","intersection_related_i","private_property_i","hit_and_run_i","damage","date_police_notified","prim_contributory_cause","sec_contributory_cause","street_no","street_direction","street_name","beat_of_occurrence","photos_taken_i","statements_taken_i","dooring_i","work_zone_i","work_zone_type","workers_present_i","num_units","most_severe_injury","injuries_total","injuries_fatal","injuries_incapacitating","injuries_non_incapacitating","injuries_reported_not_evident","injuries_no_indication","injuries_unknown","crash_hour","crash_day_of_week","crash_month","latitude","longitude","location"
"1bc7eb3f6a6f5a9145cab60734f959ba42a7971e6c660027e9eb1c1ad7eaa69b35b75b8053cd647a61203a9ad4a5319958b7227eefa3de2a856dca1c8333b456",,"2025-01-27T11:30:00.000","30","NO CONTROLS","NO CONTROLS","CLEAR","DAYLIGHT","REAR END","DIVIDED - W/MEDIAN (NOT RAISED)",,"STRAIGHT AND LEVEL","DRY","NO DEFECTS","NOT ON SCENE (DESK REPORT)","NO INJURY / DRIVE AWAY",,,,"OVER $1,500","2025-01-27T12:30:00.000","FOLLOWING TOO CLOSELY","NOT APPLICABLE","2501","W","FULLERTON AVE","1431",,,,,,,"2","NO INDICATION OF INJURY","0","0","0","0","0","2","0","11","2","1","41.9247667979","-87.6901441858","POINT (-87.690144185809 41.924766797856)"
"aec19b26eea524532aea243e3d743984614d4693672d0fe18da3f670695452704dfb3c7737d1ca7a17ec3b9a1db3e1a6a8df567347c0e070fc2c7a14056f0399",,"2025-01-27T11:27:00.000","35","TRAFFIC SIGNAL","UNKNOWN","CLEAR","DAYLIGHT","TURNING","FOUR WAY",,"STRAIGHT AND LEVEL","DRY","UNKNOWN","ON SCENE","INJURY AND / OR TOW DUE TO CRASH","Y",,,"OVER $1,500","2025-01-27T11:30:00.000","IMPROPER TURNING/NO SIGNAL","FAILING TO YIELD RIGHT-OF-WAY","299","N","MICHIGAN AVE","114",,,,,,,"2","REPORTED, NOT EVIDENT","1","0","0","0","1","1","0","11","2","1","41.8867581451","-87.6243883141","POINT (-87.624388314115 41.886758145105)"
"1403edc43c7500e67634667212593173eb2fdd2e9c2686d684dd68a9fe98c3ad7975b5db1fcb108a2c34e08793b6d309240c57e38c619191e333c81ab49392ef",,"2025-01-27T11:24:00.000","30","NO CONTROLS","NO CONTROLS","CLEAR","DARKNESS, LIGHTED ROAD","PARKED MOTOR VEHICLE","NOT DIVIDED",,"STRAIGHT AND LEVEL","UNKNOWN","UNKNOWN","NOT ON SCENE (DESK REPORT)","NO INJURY / DRIVE AWAY",,,"Y","OVER $1,500","2025-01-28T08:05:00.000","UNABLE TO DETERMINE","UNABLE TO DETERMINE","5452","W","FOSTER AVE","1623",,,,,,,"2","NO INDICATION OF INJURY","0","0","0","0","0","1","0","11","2","1","41.9752493646","-87.764858674","POINT (-87.764858673952 41.975249364561)"
"6a930dd68adb3e8155aa58e9478e491a4fba650ac94808c521da701d163cb2e0449be8f7d6af144e291539904322aa75e9601f80459dbe8cda7a49a226e47a91",,"2025-01-27T11:15:00.000","30","UNKNOWN","UNKNOWN","CLEAR","DAYLIGHT","FIXED OBJECT","ROUNDABOUT",,"STRAIGHT AND LEVEL","DRY","NO DEFECTS","ON SCENE","INJURY AND / OR TOW DUE TO CRASH",,,,"OVER $1,500","2025-01-27T11:31:00.000","UNABLE TO DETERMINE","UNABLE TO DETERMINE","3939","S","DREXEL BLVD","214",,,,,,,"1","NONINCAPACITATING INJURY","1","0","0","1","0","1","0","11","2","1","41.8229631317","-87.6060465498","POINT (-87.606046549789 41.822963131679)"
"a359520392a89c1df79395aa534702b001dd08b1532407a1a2ce00f6ac522be83759d83625407d5f27e7966a266cc69bd23dd014373e1758c69e31a2cb201cf5","Y","2025-01-27T11:00:00.000","30","TRAFFIC SIGNAL","UNKNOWN","UNKNOWN","UNKNOWN","ANGLE","DIVIDED - W/MEDIAN (NOT RAISED)",,"STRAIGHT AND LEVEL","UNKNOWN","UNKNOWN",,"NO INJURY / DRIVE AWAY","Y",,,"OVER $1,500","2025-01-27T12:10:00.000","UNABLE TO DETERMINE","UNABLE TO DETERMINE","100","N","ASHLAND AVE","1224",,,,,,,"2","NO INDICATION OF INJURY","0","0","0","0","0","2","0","11","2","1","41.8833460178","-87.6670192247","POINT (-87.667019224707 41.883346017771)"
"be3db6e541c938b63bb392620069d0a23ea016767190c7d1063147324d8b5f2bed91a99071525472a5279890eda7ae16597d89503ed8db52ff25bcdd9bd1ee70",,"2025-01-27T11:00:00.000","35","NO CONTROLS","NO CONTROLS","CLEAR","DAYLIGHT","SIDESWIPE SAME DIRECTION","NOT DIVIDED",,"STRAIGHT AND LEVEL","DRY","NO DEFECTS","NOT ON SCENE (DESK REPORT)","NO INJURY / DRIVE AWAY",,,,"OVER $1,500","2025-01-27T12:10:00.000","IMPROPER LANE USAGE","NOT APPLICABLE","6501","N","MILWAUKEE AVE","1611",,,,,,,"2","NO INDICATION OF INJURY","0","0","0","0","0","3","0","11","2","1","41.9993488754","-87.7895115566","POINT (-87.789511556598 41.999348875392)"
"9a6c57e188c5a2c82dc8c2446c6dbc6c32d443dbee623b6258d1f2ac52e6a484d4538c994d02fb68674f9e507c61242ae499192487c9b71b44cbe46a16063adc",,"2025-01-27T10:59:00.000","30","NO CONTROLS","NO CONTROLS","CLEAR","DAYLIGHT","HEAD ON","DIVIDED - W/MEDIAN (NOT RAISED)",,"STRAIGHT AND LEVEL","DRY","NO DEFECTS","ON SCENE","INJURY AND / OR TOW DUE TO CRASH",,,"Y","OVER $1,500","2025-01-27T10:59:00.000","DRIVING ON WRONG SIDE/WRONG WAY","NOT APPLICABLE","2538","S","WESTERN AVE","1034",,,,,,,"2","NO INDICATION OF INJURY","0","0","0","0","0","2","0","10","2","1","41.8454661707","-87.6856104914","POINT (-87.685610491359 41.845466170727)"
"0ce8f2421738ab1b81d548714ded4ebee5f42910798f20ebedd7c5d983a95dce25503e21a1e62c342acb5a8251c4296ac6b4e40108ed890ed38839cbc878f041",,"2025-01-27T10:58:00.000","30","STOP SIGN/FLASHER","FUNCTIONING PROPERLY","CLEAR","DAYLIGHT","ANGLE","NOT DIVIDED",,"STRAIGHT AND LEVEL","DRY","NO DEFECTS","ON SCENE","INJURY AND / OR TOW DUE TO CRASH","Y",,,"OVER $1,500","2025-01-27T10:58:00.000","FAILING TO YIELD RIGHT-OF-WAY","NOT APPLICABLE","3800","N","KIMBALL AVE","1732",,,,,,,"2","NONINCAPACITATING INJURY","2","0","0","2","0","1","0","10","2","1","41.9503081053","-87.7129540693","POINT (-87.712954069277 41.950308105285)"
"0c328c6bf0329193c01da27f3eb972112cc9cec51db78c3ec1c09ba7bb16608a59412211001f4effc3a8a32f9d0f8457ff16eaa64e90fd0b7f8be5a5a7617dc5",,"2025-01-27T10:55:00.000","30","TRAFFIC SIGNAL","FUNCTIONING PROPERLY","CLEAR","DAYLIGHT","ANGLE","FOUR WAY",,"STRAIGHT AND LEVEL","UNKNOWN","UNKNOWN","ON SCENE","INJURY AND / OR TOW DUE TO CRASH","Y",,,"OVER $1,500","2025-01-27T10:55:00.000","DISREGARDING TRAFFIC SIGNALS","IMPROPER LANE USAGE","300","E","ROOSEVELT DR","114",,,,,,,"2","INCAPACITATING INJURY","3","0","1","2","0","4","0","10","2","1","41.8676234285","-87.6203323993","POINT (-87.62033239926 41.867623428526)"
"1cb583701a62885d9d27befb518f431e89d9a898650cdfb3fe2ec160e9c9b7edc03446bbd460317ccae8b4eab091f52a2714b23e8d5a7744822d1e745cd2a8d9",,"2025-01-27T10:50:00.000","30","TRAFFIC SIGNAL","UNKNOWN","CLEAR","DAYLIGHT","SIDESWIPE SAME DIRECTION","ONE-WAY",,"STRAIGHT AND LEVEL","DRY","UNKNOWN","ON SCENE","INJURY AND / OR TOW DUE TO CRASH",,,,"$501 - $1,500","2025-01-27T10:57:00.000","IMPROPER LANE USAGE","NOT APPLICABLE","1","E","ONTARIO ST","1834",,,,,,,"2","NO INDICATION OF INJURY","0","0","0","0","0","2","0","10","2","1","41.8931637477","-87.6280433968","POINT (-87.628043396849 41.893163747664)"
"523ec92b6cd85016987aa224897c951cc4609a5151f2692e3606464077e9df9f1748bb18a9381a2a884ba40bab6759b727b1d3356d799a04f585550699d30bed",,"2025-01-27T10:45:00.000","10","NO CONTROLS","NO CONTROLS","CLEAR","DAYLIGHT","TURNING","PARKING LOT",,"STRAIGHT AND LEVEL","DRY","NO DEFECTS","NOT ON SCENE (DESK REPORT)","NO INJURY / DRIVE AWAY",,,,"OVER $1,500","2025-01-27T11:30:00.000","UNABLE TO DETERMINE","UNABLE TO DETERMINE","3443","W","ADDISON ST","1732",,,,,,,"2","NO INDICATION OF INJURY","0","0","0","0","0","2","0","10","2","1","41.9464295591","-87.7144372384","POINT (-87.714437238392 41.946429559096)"
"b7ff5e3e049edfef226971bcda40801b3f08b65737b706000019401441e3b6e1004817592a66b7b7be95c745653603154006947cd2d14e7c6cc382e54749d1d1",,"2025-01-27T10:45:00.000","30","TRAFFIC SIGNAL","UNKNOWN","CLOUDY/OVERCAST","UNKNOWN","TURNING","FOUR WAY",,"STRAIGHT AND LEVEL","UNKNOWN","UNKNOWN","NOT ON SCENE (DESK REPORT)","NO INJURY / DRIVE AWAY","Y",,,"OVER $1,500","2025-01-27T12:45:00.000","UNABLE TO DETERMINE","UNABLE TO DETERMINE","6000","N","CLARK ST","2433",,,,,,,"2","NO INDICATION OF INJURY","0","0","0","0","0","2","0","10","2","1","41.9908401093","-87.6701729533","POINT (-87.670172953348 41.990840109284)"
"166e8a439d47ac4bd9cc49d4a7024c7d6842cbe5892dbe2de6560e13a5aa40b412bf580279a2f938f01e5bd9148fc8e9438b43507a32ac4815317b0f8b6561b5",,"2025-01-27T10:40:00.000","30","NO CONTROLS","NO CONTROLS","CLEAR","DAYLIGHT","SIDESWIPE SAME DIRECTION","NOT DIVIDED",,"STRAIGHT AND LEVEL","DRY","NO DEFECTS","ON SCENE","NO INJURY / DRIVE AWAY",,,,"OVER $1,500","2025-01-27T11:17:00.000","DRIVING SKILLS/KNOWLEDGE/EXPERIENCE","NOT APPLICABLE","3155","S","CALIFORNIA AVE","1034",,,,,,,"2","NO INDICATION OF INJURY","0","0","0","0","0","3","0","10","2","1","41.8350678799","-87.6948167146","POINT (-87.694816714638 41.835067879921)"
"7e6c9bbda984215fce20d2e08cca5724f1491577738010ffc373f9c1e828ea5cb8765f598a4324dd4f30ea61973295824cb628916da17a598c8567381d7bae5e",,"2025-01-27T10:40:00.000","30","UNKNOWN","UNKNOWN","CLEAR","DAYLIGHT","SIDESWIPE SAME DIRECTION","NOT DIVIDED",,"STRAIGHT AND LEVEL","UNKNOWN","UNKNOWN","NOT ON SCENE (DESK REPORT)","NO INJURY / DRIVE AWAY",,,,"OVER $1,500","2025-01-27T14:30:00.000","UNABLE TO DETERMINE","UNABLE TO DETERMINE","5949","N","RIDGE AVE","2012",,,,,,,"2","NO INDICATION OF INJURY","0","0","0","0","0","2","0","10","2","1","41.989900565","-87.6701266047","POINT (-87.670126604708 41.989900564957)"
"9caaa1daabb80eafb69f8fdd9d893132f095cd108f9a5e9bf51c5fe6cd71fc18b7d6d67c2f1e752ec0182ca283f69b5ea9ae4bdac47971f89c135f59441ffc0d",,"2025-01-27T10:39:00.000","30","STOP SIGN/FLASHER","FUNCTIONING PROPERLY","CLEAR","DAYLIGHT","REAR END","DIVIDED - W/MEDIAN (NOT RAISED)",,"STRAIGHT AND LEVEL","DRY","NO DEFECTS","NOT ON SCENE (DESK REPORT)","NO INJURY / DRIVE AWAY","Y",,,"$501 - $1,500","2025-01-27T11:25:00.000","FOLLOWING TOO CLOSELY","NOT APPLICABLE","3019","W","PETERSON AVE","2011",,,,,,,"2","NO INDICATION OF INJURY","0","0","0","0","0","2","0","10","2","1","41.9902996887","-87.7051332139","POINT (-87.705133213892 41.990299688692)"
"9168fa7dc6da1b113b2f322af82237765d67a52cb49dd6606759e20e82dac9b98158a6635281f08ec6e286c2bd298990d31379bbb6c8390fd06b6374a8b57181",,"2025-01-27T10:37:00.000","30","NO CONTROLS","NO CONTROLS","CLEAR","DAYLIGHT","REAR TO REAR","PARKING LOT",,"STRAIGHT AND LEVEL","DRY","UNKNOWN","NOT ON SCENE (DESK REPORT)","NO INJURY / DRIVE AWAY",,,,"OVER $1,500","2025-01-27T15:50:00.000","DRIVING SKILLS/KNOWLEDGE/EXPERIENCE","NOT APPLICABLE","771","N","OGDEN AVE","1214",,,,,,,"2","NO INDICATION OF INJURY","0","0","0","0","0","2","0","10","2","1","41.896072567","-87.6546176469","POINT (-87.654617646854 41.896072567031)"
"9de28a9da7fd12d042f98d8dd344876045b03e3ccb6130916211ac3b5d14c9d8d3dfd847ce65a50e4a0db0c6b1227da97a6bf654ff3aefbe82fd300e6ea6af8b",,"2025-01-27T10:36:00.000","20","NO CONTROLS","NO CONTROLS","CLEAR","DAYLIGHT","ANGLE","NOT DIVIDED",,"STRAIGHT AND LEVEL","DRY","NO DEFECTS","ON SCENE","INJURY AND / OR TOW DUE TO CRASH",,"N",,"OVER $1,500","2025-01-27T10:41:00.000","IMPROPER LANE USAGE","NOT APPLICABLE","2373","N","MILWAUKEE AVE","1414",,,,,,,"2","REPORTED, NOT EVIDENT","2","0","0","0","2","1","0","10","2","1","41.9244454874","-87.6996327188","POINT (-87.699632718776 41.924445487402)"
"dfec9166199fab3a59d83d102c43847492c9bcc7a5f2c617d12acda500c41a4bac7e3cb8889d0ee4a3f46e73391dd7358aa3ebdd7352f1101ceee79cde8c3943",,"2025-01-27T10:30:00.000","15","NO CONTROLS","NO CONTROLS","CLEAR","DAYLIGHT","REAR TO FRONT","PARKING LOT",,"STRAIGHT AND LEVEL","DRY","NO DEFECTS","NOT ON SCENE (DESK REPORT)","NO INJURY / DRIVE AWAY",,"Y",,"OVER $1,500","2025-02-04T09:30:00.000","UNABLE TO DETERMINE","UNABLE TO DETERMINE","3333","S","IRON ST","912",,,,,,,"2","NO INDICATION OF INJURY","0","0","0","0","0","2","0","10","2","1","41.8332227097","-87.6610220822","POINT (-87.661022082198 41.833222709744)"
"e0195e6359ec03d7e36c7d361e337bb9abf0805ba9f6b14c1b37fe40e3e72eae4b91cc5f06ee456c1fd9a7f1e7f2fb32d66fcf719fd8569f850e16ed111f2753","Y","2025-01-27T10:30:00.000","30","NO CONTROLS","NO CONTROLS","CLEAR","UNKNOWN","PARKED MOTOR VEHICLE","ONE-WAY",,"STRAIGHT AND LEVEL","DRY","NO DEFECTS","NOT ON SCENE (DESK REPORT)","NO INJURY / DRIVE AWAY",,,"Y","$501 - $1,500","2025-01-27T11:10:00.000","UNABLE TO DETERMINE","UNABLE TO DETERMINE","7101","S","FAIRFIELD AVE","831",,,,,,,"2","NO INDICATION OF INJURY","0","0","0","0","0","1","0","10","2","1","41.7644703608","-87.6916547899","POINT (-87.691654789902 41.764470360836)"
"e53c50853d981e2e5011d7ef1a7000da00ddf7ac1ac78990c86b95b958e26492c5d2b1ad9078794e425b0ff6ac9b543c65de74dc06d08cf69cfc928cb8db4865",,"2025-01-27T10:30:00.000","10","NO CONTROLS","NO CONTROLS","CLEAR","DAYLIGHT","REAR END","PARKING LOT",,"STRAIGHT AND LEVEL","DRY","NO DEFECTS","NOT ON SCENE (DESK REPORT)","NO INJURY / DRIVE AWAY",,,,"OVER $1,500","2025-01-27T11:46:00.000","UNABLE TO DETERMINE","NOT APPLICABLE","745","N","MILWAUKEE AVE","1214",,,,,,,"2","NO INDICATION OF INJURY","0","0","0","0","0","2","0","10","2","1","41.8953272331","-87.6537603725","POINT (-87.65376037253 41.895327233068)"
"0f9d83e630b79ee7ab40a061d44c72dde394799e9ab4216fab7c762492ba44964e3cbd3677045ee49bc153aa9ed056cad74fd4299951510d04547af643bbca98",,"2025-01-27T10:22:00.000","30","OTHER REG. SIGN","FUNCTIONING PROPERLY","CLEAR","DAYLIGHT","PEDESTRIAN","NOT DIVIDED",,"STRAIGHT AND LEVEL","DRY","NO DEFECTS","ON SCENE","INJURY AND / OR TOW DUE TO CRASH",,,"Y","OVER $1,500","2025-01-27T10:23:00.000","UNABLE TO DETERMINE","DRIVING SKILLS/KNOWLEDGE/EXPERIENCE","220","S","WABASH AVE","113",,,,,,,"2","REPORTED, NOT EVIDENT","1","0","0","0","1","1","0","10","2","1","41.8789959151","-87.6262537544","POINT (-87.626253754356 41.878995915101)"
"84aa3000bd8686fef40f85235bf159bbbc2b9180b942a569bbd7cdb85b63b2468934d7a7685e0d3f1c54b31dd1f77976d739e1fe34f1693a7395855d888246c2",,"2025-01-27T10:17:00.000","30","NO CONTROLS","NO CONTROLS","CLEAR","DAYLIGHT","PARKED MOTOR VEHICLE","PARKING LOT",,"STRAIGHT ON GRADE","DRY","NO DEFECTS","ON SCENE","NO INJURY / DRIVE AWAY",,,,"$501 - $1,500","2025-01-27T10:17:00.000","UNABLE TO DETERMINE","NOT APPLICABLE","130","N","GARLAND CT","111",,,,,,,"2","NO INDICATION OF INJURY","0","0","0","0","0","2","0","10","2","1","41.8840017351","-87.6254903514","POINT (-87.625490351355 41.884001735098)"
"01eadf1ee3c63a568104ff3547d09b618e353f78f95f8fd343cd2fae671176c2b3fd4a1fa8ef659fa72fdff3afa31ccd3084a4fdedfe1a316611797515a646a1",,"2025-01-27T10:15:00.000","15","NO CONTROLS","FUNCTIONING PROPERLY","CLEAR","DAYLIGHT","FIXED OBJECT","PARKING LOT",,"STRAIGHT AND LEVEL","DRY","NO DEFECTS","ON SCENE","NO INJURY / DRIVE AWAY",,,,"OVER $1,500","2025-01-27T10:20:00.000","DISREGARDING OTHER TRAFFIC SIGNS","DRIVING SKILLS/KNOWLEDGE/EXPERIENCE","10255","W","ZEMKE RD","1654",,,,,,,"1","NO INDICATION OF INJURY","0","0","0","0","0","1","0","10","2","1","41.9947933861","-87.8827076595","POINT (-87.882707659516 41.994793386112)"
"389b31d615037b86f594dba0313475b0bbfbc74f525f5c5770185e84ff65b63c1833012fd3ea65feefd1c9636557e5cd68f89f24eac8b3d8a20f1d23552ad2cd",,"2025-01-27T10:15:00.000","15","STOP SIGN/FLASHER","FUNCTIONING PROPERLY","CLEAR","DAYLIGHT","PEDESTRIAN","PARKING LOT",,"STRAIGHT AND LEVEL","DRY","NO DEFECTS","ON SCENE","INJURY AND / OR TOW DUE TO CRASH","Y","Y",,"$500 OR LESS","2025-01-27T10:17:00.000","FAILING TO YIELD RIGHT-OF-WAY","VISION OBSCURED (SIGNS, TREE LIMBS, BUILDINGS, ETC.)","1430","S","ASHLAND AVE","1233",,,,,,,"2","NONINCAPACITATING INJURY","1","0","0","1","0","1","0","10","2","1","41.8624024249","-87.6664189682","POINT (-87.666418968157 41.862402424927)"
"71285a1010eef8f4579e808f43032ba705f92ce0e954a6048b2beedfb77e898af57211823ec82b95b58cfb2b537afbe738116120e0c63e338e09a691566313aa",,"2025-01-27T10:10:00.000","30","NO CONTROLS","NO CONTROLS","CLEAR","DAYLIGHT","SIDESWIPE SAME DIRECTION","NOT DIVIDED",,"STRAIGHT AND LEVEL","DRY","NO DEFECTS","NOT ON SCENE (DESK REPORT)","NO INJURY / DRIVE AWAY",,,,"$501 - $1,500","2025-01-27T13:20:00.000","IMPROPER OVERTAKING/PASSING","NOT APPLICABLE","6938","S","WASHTENAW AVE","831",,,,,,,"2","NO INDICATION OF INJURY","0","0","0","0","0","2","0","10","2","1","41.7670516312","-87.690791151","POINT (-87.690791151023 41.767051631249)"
"1725f873400d2b9b388bb1940d129b1cb06f6f5a6857af19ef1ef58944b2b4d2a46e3582902ce388093e0e95bebfbdf2fb750653a4b4ce52a88023aa2b410880",,"2025-01-27T10:00:00.000","20","NO CONTROLS","NO CONTROLS","CLEAR","UNKNOWN","PARKED MOTOR VEHICLE","NOT DIVIDED",,"STRAIGHT AND LEVEL","DRY","NO DEFECTS","NOT ON SCENE (DESK REPORT)","NO INJURY / DRIVE AWAY",,,"Y","OVER $1,500","2025-01-28T08:30:00.000","UNABLE TO DETERMINE","UNABLE TO DETERMINE","3600","W","82ND ST","834",,,,,,,"2","NO INDICATION OF INJURY","0","0","0","0","0","1","0","10","2","1","41.7442768163","-87.7122707933","POINT (-87.712270793315 41.744276816347)"
"5727a27bffd43ef35af57c2af9b63ae7d09390efd1462cd998b9a4bab73233f4bc7cf967377ce98a003951a9eef60b3e76dd4bca074ed26fe51d801f0eb4ef1b",,"2025-01-27T10:00:00.000","30","TRAFFIC SIGNAL","FUNCTIONING PROPERLY","CLEAR","DAYLIGHT","HEAD ON","DIVIDED - W/MEDIAN BARRIER",,"STRAIGHT AND LEVEL","DRY","NO DEFECTS","NOT ON SCENE (DESK REPORT)","INJURY AND / OR TOW DUE TO CRASH","Y",,,"OVER $1,500","2025-01-27T17:00:00.000","UNABLE TO DETERMINE","UNABLE TO DETERMINE","200","W","GARFIELD BLVD","225",,,,,,,"2","NONINCAPACITATING INJURY","3","0","0","3","0","1","0","10","2","1","41.7946703847","-87.6305474761","POINT (-87.630547476056 41.794670384689)"
"dcdd2ad0c2c9a002c8b963d8f5a206832f1d644dbed2bab4918b9fa239388e0bfc3beac616c54e18c74ec1149277cc108d98e19e3002e5b8e051978d4ce57792",,"2025-01-27T10:00:00.000","15","NO CONTROLS","NO CONTROLS","UNKNOWN","UNKNOWN","PARKED MOTOR VEHICLE","PARKING LOT",,"STRAIGHT AND LEVEL","UNKNOWN","UNKNOWN","NOT ON SCENE (DESK REPORT)","NO INJURY / DRIVE AWAY",,"Y",,"$501 - $1,500","2025-01-27T18:11:00.000","UNABLE TO DETERMINE","UNABLE TO DETERMINE","5200","W","FULLERTON AVE","2515",,,,,,,"2","NO INDICATION OF INJURY","0","0","0","0","0","1","0","10","2","1","41.9242157972","-87.7562107546","POINT (-87.756210754589 41.924215797231)"
"d48d36a0496ed929013eb1d3fd3be2760ad35e630910f1e943591c7310295d5618d97978309a49a820394cb6a56fc052edd7f1fc6eca7526bb8dc5debe45a203",,"2025-01-27T09:55:00.000","30","NO CONTROLS","NO CONTROLS","CLEAR","DAYLIGHT","TURNING","ONE-WAY",,"CURVE, LEVEL","DRY","NO DEFECTS","NOT ON SCENE (DESK REPORT)","NO INJURY / DRIVE AWAY",,,"Y","OVER $1,500","2025-01-29T10:30:00.000","IMPROPER LANE USAGE","IMPROPER OVERTAKING/PASSING","6401","N","SHERIDAN RD","2432",,,,,,,"2","NO INDICATION OF INJURY","0","0","0","0","0","2","0","9","2","1","41.9983088064","-87.6596963833","POINT (-87.659696383256 41.99830880639)"
"86c37474fd1d0084fb2e14e154759f94fdcfd50ad939a0d091eb39a5a1763c3470a34e33662cadc4614308f9a3d7c6ca70d67020dedaef38e269660e81e1b7d0",,"2025-01-27T09:45:00.000","35","NO CONTROLS","NO CONTROLS","CLEAR","DAYLIGHT","REAR TO FRONT","NOT DIVIDED",,"STRAIGHT AND LEVEL","DRY","NO DEFECTS","ON SCENE","NO INJURY / DRIVE AWAY",,,,"OVER $1,500","2025-01-27T09:50:00.000","NOT APPLICABLE","NOT APPLICABLE","12200","S","TORRENCE AVE","434",,,,,,,"2","NO INDICATION OF INJURY","0","0","0","0","0","2","0","9","2","1","41.6736789862","-87.5593986073","POINT (-87.559398607312 41.673678986233)"
"12ef7e3b4c8d5274f14b96060eb81ec52841c0797e43864829d1a0caad4525c39b16faed6e42321ea05f86bcebe35df9157b609a9eade30db90537f46082a18c",,"2025-01-27T09:43:00.000","30","TRAFFIC SIGNAL","FUNCTIONING PROPERLY","CLEAR","DAYLIGHT","REAR END","CENTER TURN LANE",,"STRAIGHT AND LEVEL","DRY","NO DEFECTS","NOT ON SCENE (DESK REPORT)","NO INJURY / DRIVE AWAY","Y",,,"OVER $1,500","2025-01-27T10:20:00.000","FOLLOWING TOO CLOSELY","UNABLE TO DETERMINE","800","N","MICHIGAN AVE","1833",,,,,,,"2","NO INDICATION OF INJURY","0","0","0","0","0","2","0","9","2","1","41.896790572","-87.6243806554","POINT (-87.624380655444 41.896790572039)"
"9623a4e10b7eb962328236fa111d55b125c02b19e3631ee349901a2fba8d6082c274e6e1967a005d3919bb6388c99b782999dde8bc427cfd767991b3c1e0bc4f",,"2025-01-27T09:31:00.000","35","TRAFFIC SIGNAL","FUNCTIONING PROPERLY","CLEAR","DAYLIGHT","ANGLE","FOUR WAY",,"STRAIGHT AND LEVEL","DRY","UNKNOWN","NOT ON SCENE (DESK REPORT)","NO INJURY / DRIVE AWAY","Y",,,"OVER $1,500","2025-01-27T10:12:00.000","UNABLE TO DETERMINE","UNABLE TO DETERMINE","6155","N","WESTERN AVE","2413",,,,,,,"2","NO INDICATION OF INJURY","0","0","0","0","0","2","0","9","2","1","41.9938916762","-87.6896103919","POINT (-87.689610391926 41.993891676212)"
"d55b7020e0d6fe58f2f07a66992f85b64cead58b5b8873d476cb84d801ef365f296437602b8adfa24c2dba185b1841fd929a168bf466673a757405d241586dc2",,"2025-01-27T09:30:00.000","15","NO CONTROLS","NO CONTROLS","CLEAR","DAYLIGHT","PARKED MOTOR VEHICLE","PARKING LOT",,"STRAIGHT AND LEVEL","DRY","NO DEFECTS","NOT ON SCENE (DESK REPORT)","NO INJURY / DRIVE AWAY",,"Y",,"$501 - $1,500","2025-01-27T10:00:00.000","IMPROPER BACKING","IMPROPER OVERTAKING/PASSING","1039","W","GRANVILLE AVE","2433",,,,,,,"2","NO INDICATION OF INJURY","0","0","0","0","0","2","0","9","2","1","41.9944818565","-87.6571004198","POINT (-87.657100419811 41.994481856508)"
"de7854067c7b4498aa19bde5891e1865a6e91a52fa458c8b7063ff6ce83cf58d029a47d232519f2289f1cffb3ab7a16ff20b2b205dd1862bb8d05220eceb08a9",,"2025-01-27T09:30:00.000","30","STOP SIGN/FLASHER","FUNCTIONING PROPERLY","CLEAR","DAYLIGHT","TURNING","NOT DIVIDED",,"STRAIGHT AND LEVEL","DRY","NO DEFECTS",,"INJURY AND / OR TOW DUE TO CRASH","Y",,,"OVER $1,500","2025-01-27T09:30:00.000","FAILING TO YIELD RIGHT-OF-WAY","DRIVING SKILLS/KNOWLEDGE/EXPERIENCE","2930","W","NORTH AVE","1421",,,,,,,"2","NO INDICATION OF INJURY","0","0","0","0","0","3","0","9","2","1","41.9102955568","-87.7003026212","POINT (-87.700302621247 41.910295556761)"
"e1e8e8b7d05fb345ee6f5c5d6bf7de46e1c0db9de1cef46aa3c2242ecbba55d0c4bb4c189828230b5e027cdd37e04e75b7ca8a0438e135d7b8d9775b7a5a8263","Y","2025-01-27T09:30:00.000","10","NO CONTROLS","NO CONTROLS","CLEAR","DAYLIGHT","PARKED MOTOR VEHICLE","PARKING LOT",,"STRAIGHT AND LEVEL","DRY","NO DEFECTS","NOT ON SCENE (DESK REPORT)","NO INJURY / DRIVE AWAY",,"Y","Y","OVER $1,500","2025-01-27T18:15:00.000","UNABLE TO DETERMINE","UNABLE TO DETERMINE","4700","S","CALIFORNIA AVE","922",,,,,,,"2","NO INDICATION OF INJURY","0","0","0","0","0","1","0","9","2","1","41.8082170512","-87.6943500349","POINT (-87.694350034906 41.808217051245)"
"44270283f25bf540539cb4393c583663efe61bec59c0334d9538939ad4b59994767710a3324ef38e050ab603eed834d5c338814bb2ea1997af338884ea51b11c",,"2025-01-27T09:20:00.000","30","NO CONTROLS","NO CONTROLS","CLEAR","DAYLIGHT","PARKED MOTOR VEHICLE","NOT DIVIDED",,"STRAIGHT AND LEVEL","DRY","NO DEFECTS","NOT ON SCENE (DESK REPORT)","NO INJURY / DRIVE AWAY",,,"Y","OVER $1,500","2025-01-28T09:47:00.000","UNABLE TO DETERMINE","NOT APPLICABLE","2653","W","CERMAK RD","1034",,,,,,,"2","NO INDICATION OF INJURY","0","0","0","0","0","2","0","9","2","1","41.8518323547","-87.6926408612","POINT (-87.692640861193 41.851832354733)"