"crash_record_id","crash_date_est_i","crash_date","posted_speed_limit","traffic_control_device","device_condition","weather_condition","lighting_condition","first_crash_type","trafficway_type","lane_cnt","alignment","roadway_surface_cond","road_defect","report_type","crash_type","intersection_related_i","private_property_i","hit_and_run_i","damage","date_police_notified","prim_contributory_cause","sec_contributory_cause","street_no","street_direction","street_name","beat_of_occurrence","photos_taken_i","statements_taken_i","dooring_i","work_zone_i","work_zone_type","workers_present_i","num_units","most_severe_injury","injuries_total","injuries_fatal","injuries_incapacitating","injuries_non_incapacitating","injuries_reported_not_evident","injuries_no_indication","injuries_unknown","crash_hour","crash_day_of_week","crash_month","latitude","longitude","location"
"d39b345a93f50589d481567c8cc6c34c2b90f00aa0a0c7a19a1a22c0f5fcae31600a53f84e59f0e4e55ad7e28dd33f2fa5b7df2abaca59603d712c10529200d3",,"2025-01-27T09:20:00.000","25","STOP SIGN/FLASHER","FUNCTIONING PROPERLY","CLEAR","DAYLIGHT","ANGLE","FOUR WAY",,"STRAIGHT AND LEVEL","DRY","UNKNOWN","ON SCENE","INJURY AND / OR TOW DUE TO CRASH","Y",,"Y","OVER $1,500","2025-01-27T09:25:00.000","DISREGARDING STOP SIGN","DISREGARDING STOP SIGN","300","E","50TH ST","224",,,,,,,"2","NONINCAPACITATING INJURY","2","0","0","2","0","1","0","9","2","1","41.8039850259","-87.6193830689","POINT (-87.61938306891 41.803985025902)"
"535976c940f0f630928bfeed12eef58a059bf7835112109f46b1887815eaeffa7956053eed6aeb33e361a05c766a17e4bee89cde541d7fd35c78ef3cf12bd0db",,"2025-01-27T09:04:00.000","30","UNKNOWN","UNKNOWN","CLEAR","DAYLIGHT","PEDALCYCLIST","NOT DIVIDED",,"STRAIGHT AND LEVEL","DRY","NO DEFECTS",,"NO INJURY / DRIVE AWAY",,,"Y","$500 OR LESS","2025-01-27T09:04:00.000","FAILING TO YIELD RIGHT-OF-WAY","FAILING TO YIELD RIGHT-OF-WAY","2100","S","OAKLEY AVE","1234",,,,,,,"2","NO INDICATION OF INJURY","0","0","0","0","0","2","0","9","2","1","41.8538474126","-87.6833901547","POINT (-87.683390154691 41.853847412615)"
"0cc6a5cd5b85cbb82a32a1a6d32d7f9f2d6ccfede70a523fce233c6e5c1e6e4575c7b999629c6e6e36091a2de09f221b50387f22bb271350eef997559228cf63",,"2025-01-27T09:00:00.000","35","NO CONTROLS","NO CONTROLS","CLEAR","DAYLIGHT","SIDESWIPE SAME DIRECTION","NOT DIVIDED",,"STRAIGHT AND LEVEL","DRY","NO DEFECTS","ON SCENE","NO INJURY / DRIVE AWAY",,,,"$501 - $1,500","2025-01-27T09:13:00.000","IMPROPER OVERTAKING/PASSING","FAILING TO YIELD RIGHT-OF-WAY","3448","E","100TH ST","432",,,,,,,"2","NO INDICATION OF INJURY","0","0","0","0","0","2","0","9","2","1","41.7139640257","-87.5395021104","POINT (-87.539502110433 41.713964025703)"
"6ac4af8365c0f74f10484f97d313d38f45a3c9074f40a365291a739f7107cf0c1ce9303a5243ab5350c976c3b250f75255db65d20c0b32b62dfea8bf11e486fc",,"2025-01-27T09:00:00.000","30","STOP SIGN/FLASHER","FUNCTIONING PROPERLY","CLEAR","DAYLIGHT","PARKED MOTOR VEHICLE","NOT DIVIDED",,"STRAIGHT AND LEVEL","DRY","NO DEFECTS","ON SCENE","NO INJURY / DRIVE AWAY",,,,"$500 OR LESS","2025-01-27T09:06:00.000","UNABLE TO DETERMINE","UNABLE TO DETERMINE","3237","W","SUNNYSIDE AVE","1724",,,,,,,"2","NO INDICATION OF INJURY","0","0","0","0","0","1","0","9","2","1","41.962886983","-87.7097556726","POINT (-87.70975567259 41.962886983042)"
"25cbe40a3f64cf0932cb125e5d1eb159f0f7ba1f22657c4e578c19c0973b05d55af6c154ad99460e35016381a7e29d4e2f2ef382b13d7e06cc59d1ffb6e0fe8a",,"2025-01-27T08:58:00.000","30","NO CONTROLS","NO CONTROLS","CLEAR","DAYLIGHT","REAR TO SIDE","PARKING LOT",,"STRAIGHT AND LEVEL","DRY","UNKNOWN","ON SCENE","NO INJURY / DRIVE AWAY",,"Y",,"OVER $1,500","2025-01-27T08:58:00.000","UNABLE TO DETERMINE","UNABLE TO DETERMINE","210","W","69TH ST","722",,,,,,,"2","NO INDICATION OF INJURY","0","0","0","0","0","2","0","8","2","1","41.7691836088","-87.6303500605","POINT (-87.630350060472 41.769183608785)"
"74c1f858e3f48d2fdbb447f731376307f7acdd1805d1b0eac430ab685aa503ed85c066ccf93589da73301f168a5c8644567e67c4a8628f40621d14e76312c5af",,"2025-01-27T08:55:00.000","30","TRAFFIC SIGNAL","FUNCTIONING PROPERLY","CLEAR","DAYLIGHT","TURNING","FOUR WAY",,"STRAIGHT AND LEVEL","DRY","NO DEFECTS","NOT ON SCENE (DESK REPORT)","NO INJURY / DRIVE AWAY","Y",,,"OVER $1,500","2025-01-27T09:05:00.000","UNABLE TO DETERMINE","NOT APPLICABLE","2741","W","DIVERSEY AVE","1411",,,,,,,"2","NO INDICATION OF INJURY","0","0","0","0","0","2","0","8","2","1","41.9319864157","-87.6969412558","POINT (-87.696941255775 41.931986415718)"
"b972702690d23045a6de87464e9e2e8f109ce974fc5ee2e63f74a68e9a4f62fe46eedf60eab642fb75655bf3a06244c5dc8f00babb1ecab6230ff50b51394365",,"2025-01-27T08:55:00.000","30","NO CONTROLS","NO CONTROLS","CLEAR","DAYLIGHT","TURNING","NOT DIVIDED",,"STRAIGHT AND LEVEL","DRY","NO DEFECTS","NOT ON SCENE (DESK REPORT)","NO INJURY / DRIVE AWAY",,,,"OVER $1,500","2025-01-27T11:10:00.000","IMPROPER TURNING/NO SIGNAL","UNABLE TO DETERMINE","5253","S","PULASKI RD","822",,,,,,,"2","NO INDICATION OF INJURY","0","0","0","0","0","2","0","8","2","1","41.7971097354","-87.7231243505","POINT (-87.723124350529 41.797109735429)"
"bff4e709870304b7e29daefd317c38b637aab3eb18ff6ba996f736960407cb26f098f0f9fdade4d9dab6939f66a76efc43b81ac2a1df51c79257a7e2bfabf254",,"2025-01-27T08:55:00.000","30","NO CONTROLS","NO CONTROLS","CLEAR","DAYLIGHT","PARKED MOTOR VEHICLE","ONE-WAY",,"STRAIGHT AND LEVEL","DRY","NO DEFECTS","NOT ON SCENE (DESK REPORT)","NO INJURY / DRIVE AWAY",,,,"OVER $1,500","2025-01-27T10:10:00.000","DRIVING SKILLS/KNOWLEDGE/EXPERIENCE","NOT APPLICABLE","155","W","BURTON PL","1821",,,,,,,"2","NO INDICATION OF INJURY","0","0","0","0","0","1","0","8","2","1","41.9090497346","-87.6335384581","POINT (-87.633538458064 41.909049734573)"
"cb8d16df548d8f2aa727a114cf37fcb436e3687a97057e7901f3706bacd28ce617fad87167e00e18876fd2ff4259db8d00e35c022643c1a0c602e3acdaf3531c",,"2025-01-27T08:55:00.000","30","NO CONTROLS","NO CONTROLS","CLEAR","DAYLIGHT","REAR TO FRONT","ONE-WAY",,"STRAIGHT ON GRADE","DRY","NO DEFECTS","NOT ON SCENE (DESK REPORT)","NO INJURY / DRIVE AWAY",,,,"$500 OR LESS","2025-01-28T09:32:00.000","DRIVING SKILLS/KNOWLEDGE/EXPERIENCE","NOT APPLICABLE","831","W","DAKIN ST","1923",,,,,,,"2","NO INDICATION OF INJURY","0","0","0","0","0","2","0","8","2","1","41.9535213788","-87.6511913138","POINT (-87.651191313759 41.953521378787)"
"0c924f9bfe63c842a6fafc8c625343dc37a437efc734bae55ad25291bdce0c4a4183bcbc5b8b1c9c2d5f403f85afd617e63d3ca66705dad9c94b49372555ef25",,"2025-01-27T08:50:00.000","30","NO CONTROLS","NO CONTROLS","CLEAR","DAYLIGHT","REAR END","NOT DIVIDED",,"STRAIGHT AND LEVEL","DRY","UNKNOWN","NOT ON SCENE (DESK REPORT)","NO INJURY / DRIVE AWAY",,,,"OVER $1,500","2025-01-27T09:22:00.000","UNABLE TO DETERMINE","UNABLE TO DETERMINE","7509","S","PULASKI RD","833",,,,,,,"2","NO INDICATION OF INJURY","0","0","0","0","0","2","0","8","2","1","41.7566425151","-87.7220304348","POINT (-87.722030434824 41.756642515133)"
"4f1e0416e9d80422f724d3c41b1019532ed68677980b40600ca9ae66521771c3f1a1d177e6ff8afc313866c3d224e8527a871df91dbdf9873dc1cde0c0e5b1c9",,"2025-01-27T08:49:00.000","30","TRAFFIC SIGNAL","FUNCTIONING PROPERLY","CLEAR","DAYLIGHT","PEDESTRIAN","DIVIDED - W/MEDIAN (NOT RAISED)",,"STRAIGHT AND LEVEL","DRY","NO DEFECTS","ON SCENE","INJURY AND / OR TOW DUE TO CRASH",,,,"$500 OR LESS","2025-01-27T08:53:00.000","FAILING TO YIELD RIGHT-OF-WAY","FAILING TO YIELD RIGHT-OF-WAY","5600","N","CALIFORNIA AVE","2011",,,,,,,"2","REPORTED, NOT EVIDENT","1","0","0","0","1","1","0","8","2","1","41.983208978","-87.699307663","POINT (-87.699307663 41.983208978045)"
"73ccfd4a127c3f8cbf3696141be7f2791e4d02b6c62ea9a2e2c80ba433f5d3c17a542658c18c0504b64380a595eddb3778fd513a876982e71cf35871080e4842",,"2025-01-27T08:45:00.000","30","NO CONTROLS","NO CONTROLS","CLEAR","DAYLIGHT","SIDESWIPE SAME DIRECTION","NOT DIVIDED",,"STRAIGHT AND LEVEL","DRY","NO DEFECTS","NOT ON SCENE (DESK REPORT)","NO INJURY / DRIVE AWAY",,,"Y","OVER $1,500","2025-01-27T15:25:00.000","IMPROPER OVERTAKING/PASSING","NOT APPLICABLE","2300","W","119TH ST","2212",,,,,,,"2","NO INDICATION OF INJURY","0","0","0","0","0","2","0","8","2","1","41.6773371105","-87.6790005999","POINT (-87.679000599939 41.677337110544)"
"73653eef760bc2d227e52df1079d9b01f8dfb819e5df375d78f71faacd484b253b345db20e8c8a0f87f1c68990106733b6845d729e0b72dcaf1ddd13cfb167e9",,"2025-01-27T08:43:00.000","30","TRAFFIC SIGNAL","FUNCTIONING PROPERLY","CLEAR","DAYLIGHT","FIXED OBJECT","DIVIDED - W/MEDIAN BARRIER",,"STRAIGHT AND LEVEL","DRY","NO DEFECTS","ON SCENE","NO INJURY / DRIVE AWAY","Y",,,"OVER $1,500","2025-01-27T08:43:00.000","ROAD ENGINEERING/SURFACE/MARKING DEFECTS","NOT APPLICABLE","3858","S","WESTERN AVE","911",,,,,,,"1","NO INDICATION OF INJURY","0","0","0","0","0","1","0","8","2","1","41.8229842114","-87.6850258238","POINT (-87.68502582381 41.822984211439)"
"9af46ac9fd2048ea9bf5c9526673077e6282259f569a05c6c8c52e31a5b271066475f37bedc037b8bbeb6e44e184bf0b1681c4e763103d50ef1f1b9fbc42341c",,"2025-01-27T08:40:00.000","30","TRAFFIC SIGNAL","FUNCTIONING PROPERLY","CLEAR","DAYLIGHT","REAR END","DIVIDED - W/MEDIAN (NOT RAISED)",,"STRAIGHT AND LEVEL","DRY","NO DEFECTS","NOT ON SCENE (DESK REPORT)","NO INJURY / DRIVE AWAY",,,,"OVER $1,500","2025-01-27T09:15:00.000","UNABLE TO DETERMINE","UNABLE TO DETERMINE","4401","W","FOSTER AVE","1712",,,,,,,"2","NO INDICATION OF INJURY","0","0","0","0","0","3","0","8","2","1","41.975318087","-87.7381656499","POINT (-87.738165649885 41.975318087024)"
"0fa7d3879118e9d0451787f101ee67bda78ec5143fc4709e094959c167b43466e1aa253c01eebabe388d82856583d6527102437121b44e63ef8de668dc92da07",,"2025-01-27T08:39:00.000","30","NO CONTROLS","NO CONTROLS","CLEAR","DAYLIGHT","TURNING","FOUR WAY",,"STRAIGHT AND LEVEL","DRY","NO DEFECTS","ON SCENE","INJURY AND / OR TOW DUE TO CRASH","Y",,,"OVER $1,500","2025-01-27T08:39:00.000","IMPROPER TURNING/NO SIGNAL","NOT APPLICABLE","5301","W","DEVON AVE","1621",,,,,,,"2","REPORTED, NOT EVIDENT","1","0","0","0","1","1","0","8","2","1","41.9972182403","-87.7608295845","POINT (-87.760829584518 41.997218240297)"
"11e3787f821c6f1a56fec7442378ba18966c36cf611ea507db6f46acf4f74d50f4b85311fbd785459b970df18c20b5526a753b4ae825a9c7a7bd43c916ea2165",,"2025-01-27T08:35:00.000","30","NO CONTROLS","FUNCTIONING PROPERLY","CLEAR","DAYLIGHT","ANGLE","DIVIDED - W/MEDIAN (NOT RAISED)",,"STRAIGHT AND LEVEL","DRY","NO DEFECTS","ON SCENE","NO INJURY / DRIVE AWAY",,,,"OVER $1,500","2025-01-27T08:50:00.000","IMPROPER OVERTAKING/PASSING","IMPROPER OVERTAKING/PASSING","5101","W","NORTH AVE","2533",,"Y",,,,,"2","NO INDICATION OF INJURY","0","0","0","0","0","2","0","8","2","1","41.909420111","-87.7535502769","POINT (-87.753550276934 41.909420111013)"
"5a267d879fc841d8ea67089068d94eb8f1c9ece928087c013d6a48ab1a40d9a23981f01ba8e98a22cfec841e0b5d90128b431426260914775e01c6a929b3aa95",,"2025-01-27T08:30:00.000","30","NO CONTROLS","NO CONTROLS","CLEAR","DAYLIGHT","PARKED MOTOR VEHICLE","NOT DIVIDED",,"STRAIGHT AND LEVEL","DRY","NO DEFECTS","ON SCENE","INJURY AND / OR TOW DUE TO CRASH",,,,"OVER $1,500","2025-01-27T08:32:00.000","UNABLE TO DETERMINE","NOT APPLICABLE","8500","S","LAWNDALE AVE","834",,,,,,,"3","NONINCAPACITATING INJURY","1","0","0","1","0","0","0","8","2","1","41.7385932816","-87.7144031226","POINT (-87.714403122565 41.738593281599)"
"765f08a7564679fd3dc68c9ca08925ed0fc6476d0e814aeb17a0696211028f359604470747bcd2c0c65ceb042f9ac497ab50b56d8bfd70b317d1d9e917873511",,"2025-01-27T08:30:00.000","20","NO CONTROLS","NO CONTROLS","CLEAR","DAYLIGHT","FIXED OBJECT","OTHER",,"STRAIGHT AND LEVEL","DRY","UNKNOWN","NOT ON SCENE (DESK REPORT)","NO INJURY / DRIVE AWAY",,"Y",,"$501 - $1,500","2025-01-27T10:45:00.000","NOT APPLICABLE","NOT APPLICABLE","10000","W","OHARE ST","1651",,,,,,,"1","NO INDICATION OF INJURY","0","0","0","0","0","1","0","8","2","1","41.976201139","-87.9053091251","POINT (-87.905309125103 41.976201139024)"
"9585c984a06452c85d41b9fc33b8cd9cd6bfe92163b6a4c2ce58dbff9f774124e971d5f58f0ac242e7e106073f998e05145da597848ec7899e76e0cdc2cf7cfd",,"2025-01-27T08:30:00.000","30","TRAFFIC SIGNAL","FUNCTIONING PROPERLY","CLEAR","DAYLIGHT","TURNING","ONE-WAY",,"STRAIGHT AND LEVEL","DRY","NO DEFECTS","NOT ON SCENE (DESK REPORT)","NO INJURY / DRIVE AWAY",,,,"OVER $1,500","2025-01-28T12:15:00.000","IMPROPER TURNING/NO SIGNAL","IMPROPER LANE USAGE","100","E","CONGRESS DR","114",,,,,,,"2","NO INDICATION OF INJURY","0","0","0","0","0","4","0","8","2","1","41.8758350816","-87.6242128863","POINT (-87.624212886292 41.875835081627)"
"62e0e0a7ef38a1627c8c6d162392ce6c3d034c82dc10ddbb13d5c286eb4a9465f1edef6b60c8e88e3405b9826e5d8520b8d16e1bfe5150354cf2609ea5c5d436","Y","2025-01-27T08:25:00.000","30","NO CONTROLS","NO CONTROLS","CLEAR","DAYLIGHT","TURNING","NOT DIVIDED",,"STRAIGHT AND LEVEL","DRY","UNKNOWN","ON SCENE","INJURY AND / OR TOW DUE TO CRASH",,,,"OVER $1,500","2025-01-27T08:30:00.000","IMPROPER TURNING/NO SIGNAL","NOT APPLICABLE","115","E","SOUTH WATER ST","114",,,,,,,"2","NO INDICATION OF INJURY","0","0","0","0","0","2","0","8","2","1","41.8867048457","-87.6239572405","POINT (-87.623957240487 41.886704845691)"
"4299a85a4006d7b804c0474cedc8e18672a137483118b9f95daa6f7113862331ed098ac5dce1975b7df7ca8c7ffe4fbcd4978274e2da08f375ce6d4acde9dda8",,"2025-01-27T08:20:00.000","30","NO CONTROLS","NO CONTROLS","CLEAR","DAYLIGHT","REAR TO REAR","NOT DIVIDED",,"STRAIGHT AND LEVEL","DRY","NO DEFECTS","NOT ON SCENE (DESK REPORT)","NO INJURY / DRIVE AWAY",,,,"OVER $1,500","2025-01-27T09:15:00.000","IMPROPER BACKING","FAILING TO YIELD RIGHT-OF-WAY","6314","S","HAMLIN AVE","823",,,,,,,"2","NO INDICATION OF INJURY","0","0","0","0","0","2","0","8","2","1","41.7782003446","-87.7179867208","POINT (-87.717986720817 41.778200344571)"
"5238fb91b3a9d4e7428e29896886515fbe9fa479716b55fd5e1482474e4ebb1811d4ba7ef3f0d306bf247ff2d2ea1c96b465b6b09fba5ab9cb4eabc456065a47",,"2025-01-27T08:20:00.000","30","NO CONTROLS","NO CONTROLS","CLEAR","DAYLIGHT","SIDESWIPE SAME DIRECTION","NOT DIVIDED",,"STRAIGHT AND LEVEL","DRY","NO DEFECTS","NOT ON SCENE (DESK REPORT)","NO INJURY / DRIVE AWAY",,,,"$501 - $1,500","2025-01-28T17:57:00.000","FAILING TO YIELD RIGHT-OF-WAY","NOT APPLICABLE","7220","N","ROGERS AVE","2424",,,,,,,"2","NO INDICATION OF INJURY","0","0","0","0","0","2","0","8","2","1","42.012927262","-87.6820778035","POINT (-87.682077803452 42.012927262019)"
"f25dd23de54132e8db3ad06a359c0146dc6bc400bc503957ef328d46db594397a4eace87f7b6349bc349a35e6b128ee9aeecff9ff13016f7bb498213fe2d4847",,"2025-01-27T08:19:00.000","30","STOP SIGN/FLASHER","FUNCTIONING PROPERLY","UNKNOWN","UNKNOWN","TURNING","FOUR WAY",,"STRAIGHT AND LEVEL","UNKNOWN","UNKNOWN","NOT ON SCENE (DESK REPORT)","NO INJURY / DRIVE AWAY","Y",,,"OVER $1,500","2025-01-27T19:05:00.000","UNABLE TO DETERMINE","NOT APPLICABLE","300","N","LARAMIE AVE","1523",,,,,,,"2","NO INDICATION OF INJURY","0","0","0","0","0","2","0","8","2","1","41.8857142876","-87.7554090777","POINT (-87.755409077735 41.885714287582)"
"dd4dca1e0faa2f14942567abac0564a020ebecfa0d456e046abb4747040023c389fbf3deddea0adce50464b4a0edf9aff2bedcb17b3458251a1d12fa4c713463",,"2025-01-27T08:15:00.000","20","NO CONTROLS","NO CONTROLS","CLEAR","DAYLIGHT","SIDESWIPE OPPOSITE DIRECTION","NOT DIVIDED",,"STRAIGHT AND LEVEL","DRY","NO DEFECTS","NOT ON SCENE (DESK REPORT)","NO INJURY / DRIVE AWAY",,,"Y","$500 OR LESS","2025-01-27T08:35:00.000","UNABLE TO DETERMINE","UNABLE TO DETERMINE","6230","S","LAWNDALE AVE","823",,,,,,,"2","NO INDICATION OF INJURY","0","0","0","0","0","2","0","8","2","1","41.7797275609","-87.7155730219","POINT (-87.715573021923 41.7797275609)"
"25f1699012f03931b6d5847c785dc44db66c1f8260ef52486f10d1ed1d6b6e69eff548f273b973ab9f78dc02f3d18f23421f3e4879b7b1b3bce42efbda833b7b",,"2025-01-27T08:13:00.000","35","TRAFFIC SIGNAL","FUNCTIONING PROPERLY","CLEAR","DAYLIGHT","REAR END","DIVIDED - W/MEDIAN (NOT RAISED)",,"STRAIGHT AND LEVEL","OTHER","UNKNOWN","ON SCENE","NO INJURY / DRIVE AWAY",,,,"OVER $1,500","2025-01-27T08:14:00.000","UNABLE TO DETERMINE","UNABLE TO DETERMINE","1602","N","AUSTIN AVE","2513",,,,,,,"2","NO INDICATION OF INJURY","0","0","0","0","0","2","0","8","2","1","41.9094415439","-87.7756237109","POINT (-87.775623710925 41.909441543904)"
"0d165fbdc967c3cda101706fc6b97fa692a5cd8a5accb13269db822ff08731476cd67ae3825ac79aeee0d7107291c31533c43fc306bee07b1c63dcb12ba7a560",,"2025-01-27T08:11:00.000","30","NO CONTROLS","NO CONTROLS","CLEAR","DAYLIGHT","REAR END","NOT DIVIDED",,"STRAIGHT AND LEVEL","DRY","NO DEFECTS","NOT ON SCENE (DESK REPORT)","NO INJURY / DRIVE AWAY",,,,"$501 - $1,500","2025-01-27T08:40:00.000","UNABLE TO DETERMINE","NOT APPLICABLE","2429","W","DIVISION ST","1212",,,,,,,"2","NO INDICATION OF INJURY","0","0","0","0","0","2","0","8","2","1","41.9028944368","-87.6882338686","POINT (-87.688233868587 41.902894436809)"
"cf161f404af4f5e9dd9095cbb6a0932381ea27006420e5878d4e68609e76ac48cf3a58717c678a9fa2cc728dc2faa9471c7ae520f041243411c075df6c0ba364",,"2025-01-27T08:10:00.000","30","NO CONTROLS","NO CONTROLS","CLEAR","DAYLIGHT","SIDESWIPE SAME DIRECTION","NOT DIVIDED",,"STRAIGHT AND LEVEL","DRY","NO DEFECTS","NOT ON SCENE (DESK REPORT)","NO INJURY / DRIVE AWAY",,,,"$501 - $1,500","2025-01-27T09:00:00.000","IMPROPER OVERTAKING/PASSING","IMPROPER OVERTAKING/PASSING","1024","W","SHERIDAN RD","2432",,,,,,,"2","NO INDICATION OF INJURY","0","0","0","0","0","2","0","8","2","1","41.998333888","-87.6573401935","POINT (-87.657340193465 41.998333887972)"
"eccfaba5dd4094d938f4072cdbd04289f14451c61b5e509ec9964ea87d779bdba3cd443ff762b7432e1b7355c3211a9ff2e08b73699ff0980d5636d29944d795",,"2025-01-27T08:10:00.000","30","NO CONTROLS","NO CONTROLS","CLEAR","DAYLIGHT","SIDESWIPE OPPOSITE DIRECTION","PARKING LOT",,"STRAIGHT AND LEVEL","DRY","NO DEFECTS","NOT ON SCENE (DESK REPORT)","NO INJURY / DRIVE AWAY",,,,"OVER $1,500","2025-01-27T09:00:00.000","UNABLE TO DETERMINE","NOT APPLICABLE","5027","W","FULLERTON AVE","2522",,,,,,,"2","NO INDICATION OF INJURY","0","0","0","0","0","2","0","8","2","1","41.9240496994","-87.7523375401","POINT (-87.75233754015 41.924049699382)"
"2ca3cca1e018e5ef45eb88666db63e457b89e76c402a4762403e52f779f614c35215c6b1433b5a693b9af416de5437f72b22ce777477f1be7018976b8e0a8a70",,"2025-01-27T08:05:00.000","30","OTHER","OTHER","CLEAR","DAYLIGHT","TURNING","DIVIDED - W/MEDIAN (NOT RAISED)",,"STRAIGHT AND LEVEL","DRY","NO DEFECTS","ON SCENE","NO INJURY / DRIVE AWAY",,,,"OVER $1,500","2025-01-27T08:08:00.000","DRIVING SKILLS/KNOWLEDGE/EXPERIENCE","DRIVING SKILLS/KNOWLEDGE/EXPERIENCE","8640","S","KEDZIE AVE","834",,,,,,,"2","NO INDICATION OF INJURY","0","0","0","0","0","2","0","8","2","1","41.7357635842","-87.7021775616","POINT (-87.702177561605 41.735763584245)"
"d99d4ba8b9f78270b465f25fcd7aa7fdbd10f673eeae992b40082e6c0f3c18a46fcc685d8cd56ea74ac554413593c590f9c089f0bee84332afdf44580f0c2328",,"2025-01-27T08:05:00.000","10","NO CONTROLS","NO CONTROLS","CLEAR","DAYLIGHT","PARKED MOTOR VEHICLE","OTHER",,"STRAIGHT AND LEVEL","DRY","NO DEFECTS","ON SCENE","INJURY AND / OR TOW DUE TO CRASH",,"N",,"OVER $1,500","2025-01-27T08:05:00.000","FAILING TO REDUCE SPEED TO AVOID CRASH","NOT APPLICABLE","41","E","8TH ST","123",,,,,,,"4","REPORTED, NOT EVIDENT","1","0","0","0","1","0","0","8","2","1","41.871729899","-87.6259754175","POINT (-87.625975417469 41.871729899009)"
"4001237c3b82c46e1df42a3ba32cf15c7e349e7738e03ecc8465b64abb4fcd33ac49c397db0a32b5087a5a0175125c005021f0de326ea5a597bcf4118c2f591d",,"2025-01-27T08:02:00.000","30","TRAFFIC SIGNAL","FUNCTIONING PROPERLY","CLOUDY/OVERCAST","DAYLIGHT","REAR TO FRONT","DIVIDED - W/MEDIAN BARRIER",,"STRAIGHT AND LEVEL","DRY","NO DEFECTS","NOT ON SCENE (DESK REPORT)","NO INJURY / DRIVE AWAY",,,,"$501 - $1,500","2025-01-30T21:30:00.000","IMPROPER BACKING","IMPROPER BACKING","2600","S","HALSTED ST","913","Y",,,,,,"2","NO INDICATION OF INJURY","0","0","0","0","0","2","0","8","2","1","41.8452853968","-87.6465950786","POINT (-87.646595078608 41.845285396803)"
"542704847bd10766bec5e2dcc984b4ecb79f2fbb037d23cc03ca98121e0e04189581c3e992ff65fda5a224a16a9177670060266bb50307ae7d3b503a1eeb53fb",,"2025-01-27T08:00:00.000","30","NO CONTROLS","NO CONTROLS","CLEAR","UNKNOWN","PARKED MOTOR VEHICLE","DIVIDED - W/MEDIAN (NOT RAISED)",,"STRAIGHT AND LEVEL","UNKNOWN","UNKNOWN","NOT ON SCENE (DESK REPORT)","NO INJURY / DRIVE AWAY",,,"Y","$501 - $1,500","2025-01-27T18:00:00.000","UNABLE TO DETERMINE","UNABLE TO DETERMINE","2540","N","LARAMIE AVE","2515",,,,,,,"2","NO INDICATION OF INJURY","0","0","0","0","0","1","0","8","2","1","41.9272050444","-87.7564063691","POINT (-87.75640636908 41.927205044382)"
"c9342a2f3d46f525b6227c4016321ca35d65fab793bb52950fbb8916fa7e165e14efee04945cb4179cd45a1964937320d5cc61356e9096955305c371339287ee",,"2025-01-27T08:00:00.000","30","TRAFFIC SIGNAL","FUNCTIONING PROPERLY","CLEAR","DAYLIGHT","ANGLE","NOT DIVIDED",,"STRAIGHT AND LEVEL","DRY","NO DEFECTS","ON SCENE","NO INJURY / DRIVE AWAY",,,,"OVER $1,500","2025-01-27T08:00:00.000","UNABLE TO DETERMINE","NOT APPLICABLE","10036","S","INDIANAPOLIS AVE","432",,,,,,,"2","NO INDICATION OF INJURY","0","0","0","0","0","3","0","8","2","1","41.7127984037","-87.5354483168","POINT (-87.535448316769 41.71279840366)"
"f185371ede6353894d141d5ab5a7fdba6ee435cb9e62e51aa6416f2d163be766b0c724a9f92e94cf59634109b62c57c6ec08b0552ddaa966959a2df4ca72c727",,"2025-01-27T08:00:00.000","30","NO CONTROLS","NO CONTROLS","CLEAR","DAYLIGHT","REAR END","NOT DIVIDED",,"STRAIGHT AND LEVEL","DRY","NO DEFECTS","ON SCENE","NO INJURY / DRIVE AWAY","Y",,,"$501 - $1,500","2025-01-27T08:18:00.000","IMPROPER BACKING","IMPROPER BACKING","4101","S","WALLACE ST","925",,,,,,,"2","NO INDICATION OF INJURY","0","0","0","0","0","2","0","8","2","1","41.8198570038","-87.6408150596","POINT (-87.640815059554 41.819857003797)"
"f24c6c21e295a82f2a9069ccc8223e5b75a9c29b8a981f17f2344706e2d4cff91f919fa3bfef5e19f0634a676e67e030af4e0b7b9f7e565c57da1f66df263a4a",,"2025-01-27T07:50:00.000","30","TRAFFIC SIGNAL","FUNCTIONING PROPERLY","CLEAR","DAYLIGHT","ANGLE","NOT DIVIDED",,"STRAIGHT AND LEVEL","DRY","NO DEFECTS","ON SCENE","INJURY AND / OR TOW DUE TO CRASH","Y",,,"OVER $1,500","2025-01-27T08:15:00.000","DISREGARDING OTHER TRAFFIC SIGNS","NOT APPLICABLE","820","W","87TH ST","613",,,,,,,"2","NO INDICATION OF INJURY","0","0","0","0","0","4","0","7","2","1","41.7361695153","-87.6446195199","POINT (-87.644619519912 41.736169515335)"
"be28a5db4ae96c5ec4d4627fabfb2df3bd6c822ca14f19e76e84bb762be7c689680a53ff7af821bcc606189f9c8f97e766b1d4e58341355d3c54389d01ee0251",,"2025-01-27T07:45:00.000","30","TRAFFIC SIGNAL","FUNCTIONING PROPERLY","CLEAR","DAYLIGHT","TURNING","NOT DIVIDED",,"STRAIGHT AND LEVEL","DRY","NO DEFECTS","ON SCENE","INJURY AND / OR TOW DUE TO CRASH",,,,"OVER $1,500","2025-01-27T07:52:00.000","FAILING TO YIELD RIGHT-OF-WAY","NOT APPLICABLE","8111","S","SOUTH CHICAGO AVE","414",,,,,,,"2","REPORTED, NOT EVIDENT","1","0","0","0","1","1","0","7","2","1","41.7474101907","-87.579682691","POINT (-87.579682691036 41.74741019073)"