"crash_record_id","crash_date_est_i","crash_date","posted_speed_limit","traffic_control_device","device_condition","weather_condition","lighting_condition","first_crash_type","trafficway_type","lane_cnt","alignment","roadway_surface_cond","road_defect","report_type","crash_type","intersection_related_i","private_property_i","hit_and_run_i","damage","date_police_notified","prim_contributory_cause","sec_contributory_cause","street_no","street_direction","street_name","beat_of_occurrence","photos_taken_i","statements_taken_i","dooring_i","work_zone_i","work_zone_type","workers_present_i","num_units","most_severe_injury","injuries_total","injuries_fatal","injuries_incapacitating","injuries_non_incapacitating","injuries_reported_not_evident","injuries_no_indication","injuries_unknown","crash_hour","crash_day_of_week","crash_month","latitude","longitude","location"
"15b440914bf28e2d028ef775bd19feead36029875731803792e6075b7a15b062cfddb8efb3c0e954e44bbf8253087294e436f63ee50d431af98f74d6a4f66160",,"2025-01-27T07:42:00.000","30","NO CONTROLS","NO CONTROLS","CLEAR","DAYLIGHT","PARKED MOTOR VEHICLE","ONE-WAY",,"STRAIGHT AND LEVEL","DRY","NO DEFECTS","NOT ON SCENE (DESK REPORT)","NO INJURY / DRIVE AWAY",,,,"OVER $1,500","2025-01-27T08:00:00.000","IMPROPER BACKING","NOT APPLICABLE","1010","N","NOBLE ST","1213",,,,,,,"2","NO INDICATION OF INJURY","0","0","0","0","0","2","0","7","2","1","41.9001947995","-87.6626646229","POINT (-87.662664622882 41.900194799495)"
"693b6056627bd432539bdcf2208731d736e8b3dd859e880f740a74b14328777bdc00120af4273a512bb80902237df181eea96399a27c3429c5b537f843700250",,"2025-01-27T07:40:00.000","40","NO CONTROLS","NO CONTROLS","CLEAR","DAYLIGHT","SIDESWIPE SAME DIRECTION","DIVIDED - W/MEDIAN BARRIER",,"STRAIGHT AND LEVEL","DRY","NO DEFECTS","NOT ON SCENE (DESK REPORT)","NO INJURY / DRIVE AWAY",,,"Y","OVER $1,500","2025-01-27T08:30:00.000","FAILING TO YIELD RIGHT-OF-WAY","DRIVING SKILLS/KNOWLEDGE/EXPERIENCE","2300","S","LAKE SHORE DR SB","132",,,,,,,"2","NO INDICATION OF INJURY","0","0","0","0","0","2","0","7","2","1","41.8510197772","-87.6138821225","POINT (-87.613882122521 41.8510197772)"
"e924ed6c23507e326a3a8e53189682fa7ece6c13e9cdc4c13b9143946914bccfe0e1031118072e18077c5980ec0b3dbf7d323774d36b5cff0b6a55e1f912e378",,"2025-01-27T07:38:00.000","15","NO CONTROLS","NO CONTROLS","CLEAR","DAYLIGHT","SIDESWIPE SAME DIRECTION","NOT DIVIDED",,"STRAIGHT AND LEVEL","DRY","NO DEFECTS","ON SCENE","NO INJURY / DRIVE AWAY",,,,"OVER $1,500","2025-01-27T07:38:00.000","FAILING TO REDUCE SPEED TO AVOID CRASH","NOT APPLICABLE","7422","N","SEELEY AVE","2424",,,,,,,"2","NO INDICATION OF INJURY","0","0","0","0","0","2","0","7","2","1","42.0165480372","-87.6818041022","POINT (-87.681804102226 42.016548037184)"
"ba763cc7a43c96dbd8eff1883a0c4884b08bb061cf64f76599d4cc6e94e6b1ec13882437332a14a85ec38f5e4fc20ce3e8cddc088b0a644602ed3afc876d00e9",,"2025-01-27T07:35:00.000","30","NO CONTROLS","NO CONTROLS","CLEAR","DAYLIGHT","PARKED MOTOR VEHICLE","NOT DIVIDED",,"STRAIGHT AND LEVEL","DRY","NO DEFECTS","NOT ON SCENE (DESK REPORT)","NO INJURY / DRIVE AWAY",,,"Y","$501 - $1,500","2025-01-28T13:30:00.000","FOLLOWING TOO CLOSELY","NOT APPLICABLE","7449","N","SEELEY AVE","2424",,,,,,,"2","NO INDICATION OF INJURY","0","0","0","0","0","1","0","7","2","1","42.017289049","-87.6815007616","POINT (-87.681500761619 42.01728904898)"
"250a206a97b5365acc56c4ac139f5fe12f301c54fab0ca27d04389551e077cc357308521f657ecaaec2e2d10a0be343195e205d2e58b53b885e8224a18d0178b",,"2025-01-27T07:30:00.000","30","TRAFFIC SIGNAL","FUNCTIONING PROPERLY","CLEAR","DAYLIGHT","TURNING","NOT DIVIDED",,"STRAIGHT ON GRADE","DRY","NO DEFECTS","NOT ON SCENE (DESK REPORT)","NO INJURY / DRIVE AWAY","Y",,,"OVER $1,500","2025-01-27T08:10:00.000","UNABLE TO DETERMINE","UNABLE TO DETERMINE","456","S","ASHLAND AVE","1231",,,,,,,"2","NO INDICATION OF INJURY","0","0","0","0","0","4","0","7","2","1","41.8751901408","-87.6667737338","POINT (-87.666773733757 41.875190140846)"
"755a3ecdee1c6dc6d12b3a5dc65c122edca420fe53bb1060fc613a1c526889802f849bb55dd05b2c87408e7baac56653ff49f112657fdd2419864d0923e8f172","Y","2025-01-27T07:30:00.000","20","STOP SIGN/FLASHER","FUNCTIONING PROPERLY","CLEAR","DAYLIGHT","TURNING","OTHER",,"STRAIGHT AND LEVEL","DRY","UNKNOWN","ON SCENE","INJURY AND / OR TOW DUE TO CRASH","Y",,,"OVER $1,500","2025-01-27T07:38:00.000","UNABLE TO DETERMINE","NOT APPLICABLE","4900","N","WINTHROP AVE","2033",,,,,,,"2","NONINCAPACITATING INJURY","1","0","0","1","0","5","0","7","2","1","41.9716228793","-87.6578375038","POINT (-87.657837503761 41.971622879268)"
"3f04a5308a17046ed0b9189e2700154dbb23a3d6644463a0e9aee3afd58a74fcf0c079f6c3b6889e3a621096709341ffea382394f54c071e95a8af83f1b3e3a2",,"2025-01-27T07:14:00.000","30","OTHER RAILROAD CROSSING","FUNCTIONING PROPERLY","CLEAR","DAYLIGHT","SIDESWIPE SAME DIRECTION","DIVIDED - W/MEDIAN (NOT RAISED)",,"STRAIGHT AND LEVEL","DRY","NO DEFECTS","ON SCENE","INJURY AND / OR TOW DUE TO CRASH",,,,"$501 - $1,500","2025-01-27T07:14:00.000","UNABLE TO DETERMINE","UNABLE TO DETERMINE","4662","W","55TH ST","815",,,,,,,"2","NO INDICATION OF INJURY","0","0","0","0","0","7","0","7","2","1","41.7931649381","-87.7402010524","POINT (-87.740201052371 41.793164938133)"
"cd8a0b6bada520138202be6305c9269648a2ba163072adfc963b7a51bb811c573790a3f96b4ffba95159371f54d7017f80938b649b33bfcb9f7fa4ecac59e21c",,"2025-01-27T07:10:00.000","25","NO CONTROLS","NO CONTROLS","CLEAR","DAYLIGHT","SIDESWIPE SAME DIRECTION","NOT DIVIDED",,"STRAIGHT AND LEVEL","DRY","NO DEFECTS","ON SCENE","NO INJURY / DRIVE AWAY",,,,"OVER $1,500","2025-01-27T07:18:00.000","IMPROPER LANE USAGE","UNABLE TO DETERMINE","302","S","LARAMIE AVE","1522",,,,,,,"2","NO INDICATION OF INJURY","0","0","0","0","0","3","0","7","2","1","41.876543134","-87.7550719297","POINT (-87.755071929694 41.87654313399)"
"c8ab42168e3f1682076ce6ecd1be1e799e07d4757c99b0dde212bec3cd5409e9201e4c6e3bb310a99df634619d2a70263f2129d4c394d37020dd969c929c21e8",,"2025-01-27T07:06:00.000","30","TRAFFIC SIGNAL","FUNCTIONING PROPERLY","CLEAR","DAYLIGHT","FIXED OBJECT","NOT DIVIDED",,"STRAIGHT AND LEVEL","UNKNOWN","UNKNOWN","ON SCENE","NO INJURY / DRIVE AWAY","N","Y",,"OVER $1,500","2025-01-27T07:10:00.000","NOT APPLICABLE","NOT APPLICABLE","800","W","65TH ST","723",,,,,,,"1","NO INDICATION OF INJURY","0","0","0","0","0","3","0","7","2","1","41.7762181371","-87.644852701","POINT (-87.644852701018 41.776218137054)"
"969bd7fa2d19eabbaeb5e7e25124087945cfd99a4e32a29f2cea6b7ad6ffdbf13012f90c1ab18575d6aa6bb1155055817e80b632b31ad342b9f0f81c4f6a3656",,"2025-01-27T07:00:00.000","30","NO CONTROLS","NO CONTROLS","CLEAR","DAYLIGHT","SIDESWIPE SAME DIRECTION","NOT DIVIDED",,"STRAIGHT AND LEVEL","DRY","NO DEFECTS","NOT ON SCENE (DESK REPORT)","NO INJURY / DRIVE AWAY",,,,"$500 OR LESS","2025-01-29T07:00:00.000","UNABLE TO DETERMINE","NOT APPLICABLE","175","W","WASHINGTON ST","122",,,,,,,"2","NO INDICATION OF INJURY","0","0","0","0","0","2","0","7","2","1","41.8830979844","-87.6331341568","POINT (-87.633134156843 41.88309798438)"
"74576e6fbe91086dbde5521702d2e28b84ee6278c1db23345db9a90f7cd662731a10b331c014a55e45594d00676e5d762bda4722f0725eedb12d5aab81d952b3",,"2025-01-27T06:56:00.000","35","TRAFFIC SIGNAL","FUNCTIONING PROPERLY","CLEAR","DAYLIGHT","ANGLE","FOUR WAY",,"STRAIGHT AND LEVEL","DRY","NO DEFECTS","ON SCENE","INJURY AND / OR TOW DUE TO CRASH","Y",,,"OVER $1,500","2025-01-27T07:08:00.000","DISREGARDING TRAFFIC SIGNALS","FAILING TO REDUCE SPEED TO AVOID CRASH","2358","W","87TH ST","614",,,,,,,"2","REPORTED, NOT EVIDENT","1","0","0","0","1","2","0","6","2","1","41.7356384439","-87.682405788","POINT (-87.682405788023 41.735638443917)"
"4b36b44cb2eed18ec9af4bd99237a9edb032e6b1c965fdcacb43f22318376833a6639ca464d594b167e654e466adf3758aa7400241f10f03cadee497a9090e2f",,"2025-01-27T06:50:00.000","35","NO CONTROLS","NO CONTROLS","CLEAR","DAYLIGHT","REAR END","NOT DIVIDED",,"STRAIGHT AND LEVEL","DRY","NO DEFECTS","ON SCENE","INJURY AND / OR TOW DUE TO CRASH",,,,"OVER $1,500","2025-01-27T06:54:00.000","FAILING TO REDUCE SPEED TO AVOID CRASH","NOT APPLICABLE","5721","S","HARLEM AVE","811",,,,,,,"2","NO INDICATION OF INJURY","0","0","0","0","0","2","0","6","2","1","41.7877123806","-87.8011997847","POINT (-87.801199784709 41.787712380578)"
"b018b273490eb6dfd9f1e4957fcc325ebcae4097f7522cc01746a701925aa0f11da446649910365357032c2d6b21791540f6126290c79d5d6ed425b3604b0c90",,"2025-01-27T06:50:00.000","30","NO CONTROLS","NO CONTROLS","CLEAR","DAYLIGHT","REAR END","NOT DIVIDED",,"STRAIGHT AND LEVEL","DRY","UNKNOWN","NOT ON SCENE (DESK REPORT)","NO INJURY / DRIVE AWAY",,,,"OVER $1,500","2025-01-27T07:25:00.000","UNABLE TO DETERMINE","UNABLE TO DETERMINE","4716","N","WESTERN AVE","1911",,,,,,,"2","NO INDICATION OF INJURY","0","0","0","0","0","2","0","6","2","1","41.9672949142","-87.6890107837","POINT (-87.689010783719 41.967294914159)"
"ec1d20131ebe5c8bf0a707ff959c773f4bc55464eeef321df229075a394cf9510f14738384127bc17b5e67231db112625148d93a7ae0ad0aaf8492333ef66f61",,"2025-01-27T06:50:00.000","30","NO CONTROLS","NO CONTROLS","CLEAR","DAYLIGHT","FIXED OBJECT","OTHER",,"STRAIGHT AND LEVEL","DRY","UNKNOWN","ON SCENE","INJURY AND / OR TOW DUE TO CRASH",,,,"OVER $1,500","2025-01-27T07:04:00.000","UNABLE TO DETERMINE","UNABLE TO DETERMINE","2340","S","LAKE SHORE DR SB","132",,,,,,,"1","NONINCAPACITATING INJURY","2","0","0","2","0","1","0","6","2","1","41.8497440521","-87.6133498815","POINT (-87.613349881459 41.849744052083)"
"8fc9c9cc2a76847d985a7599fd024140a80b7f98f390455f1ea7e3736565f9b22d324a13c2ff9c9475ccc890418aeedf7ca811171ec7e1ea594b61d9fcde45aa",,"2025-01-27T06:35:00.000","30","NO CONTROLS","NO CONTROLS","CLEAR","DAYLIGHT","PARKED MOTOR VEHICLE","NOT DIVIDED",,"STRAIGHT AND LEVEL","DRY","NO DEFECTS","NOT ON SCENE (DESK REPORT)","NO INJURY / DRIVE AWAY",,,,"$501 - $1,500","2025-01-27T10:10:00.000","UNABLE TO DETERMINE","UNABLE TO DETERMINE","7421","S","JEFFERY BLVD","333",,,,,,,"2","NO INDICATION OF INJURY","0","0","0","0","0","1","0","6","2","1","41.7600655121","-87.5760210524","POINT (-87.57602105236 41.760065512132)"
"c37ca81c2cf9d64ee8478a1b4a8336b3fe6cdc200868a4dd64b7a2ad6c90400aa779eb69ba023740febf655aaed247c4a0215c562ae56539deaf79fb0e215e71",,"2025-01-27T06:35:00.000","20","TRAFFIC SIGNAL","FUNCTIONING PROPERLY","OTHER","DAWN","ANGLE","OTHER",,"STRAIGHT AND LEVEL","DRY","NO DEFECTS","ON SCENE","INJURY AND / OR TOW DUE TO CRASH",,,,"OVER $1,500","2025-01-27T06:45:00.000","UNABLE TO DETERMINE","UNABLE TO DETERMINE","3150","N","LAKE SHORE DR","1934","Y","Y",,,,,"2","NO INDICATION OF INJURY","0","0","0","0","0","2","0","6","2","1","41.9389529081","-87.6381599156","POINT (-87.638159915639 41.938952908051)"
"6f07ba1a3e8b4e33680b37d788ec8278111ccc92c6930a8356ac5838bc62625f99b9bad484c83a4cccaa28945d0a80647407cd6714df81aff81eac99f3f36d97",,"2025-01-27T06:30:00.000","30","NO CONTROLS","NO CONTROLS","CLEAR","DARKNESS, LIGHTED ROAD","PARKED MOTOR VEHICLE","DIVIDED - W/MEDIAN (NOT RAISED)",,"STRAIGHT AND LEVEL","DRY","NO DEFECTS","ON SCENE","NO INJURY / DRIVE AWAY",,,"Y","OVER $1,500","2025-01-27T08:22:00.000","IMPROPER BACKING","IMPROPER BACKING","3134","W","WALTON ST","1211",,,,,,,"2","NO INDICATION OF INJURY","0","0","0","0","0","1","0","6","2","1","41.8984228151","-87.7057310433","POINT (-87.705731043327 41.898422815141)"
"ea5ed46e63e92152412a0165b0aa14622e60fdab28ca659c84f27e9ed8e5c47e5a41807de0a55e1f003691df1f85d1fd54b19963a7f51bbe3afdacd865567130",,"2025-01-27T05:51:00.000","30","TRAFFIC SIGNAL","NO CONTROLS","CLEAR","DAYLIGHT","SIDESWIPE SAME DIRECTION","NOT DIVIDED",,"STRAIGHT AND LEVEL","DRY","NO DEFECTS","NOT ON SCENE (DESK REPORT)","NO INJURY / DRIVE AWAY",,,,"$501 - $1,500","2025-01-27T06:53:00.000","UNABLE TO DETERMINE","NOT APPLICABLE","3799","W","DIVISION ST","1112",,,,,,,"2","NO INDICATION OF INJURY","0","0","0","0","0","2","0","5","2","1","41.9026035648","-87.721368458","POINT (-87.721368457954 41.902603564816)"
"99171ffbcef8e2bb82443cffb960e799831cb18365fc670f9c55aa3711c644334b51af4f1eeca193714173e576169aad020f516db0d232f09777786a8b8d326f",,"2025-01-27T05:40:00.000","30","NO CONTROLS","NO CONTROLS","CLEAR","DARKNESS, LIGHTED ROAD","PARKED MOTOR VEHICLE","DIVIDED - W/MEDIAN (NOT RAISED)",,"STRAIGHT AND LEVEL","DRY","NO DEFECTS","ON SCENE","INJURY AND / OR TOW DUE TO CRASH",,,"Y","OVER $1,500","2025-01-27T05:46:00.000","UNABLE TO DETERMINE","NOT APPLICABLE","2346","S","MARSHALL BLVD","1033",,,,,,,"3","NO INDICATION OF INJURY","0","0","0","0","0","1","0","5","2","1","41.8486081595","-87.6991433987","POINT (-87.699143398733 41.848608159546)"
"909c8cbf5fcd82dc01037a89fa8a45e514b83255c07a8d098eb68aa2c661dfbed531ff3f992b10bdb06a7aca93024ddba4a88a5a9dcd18f91404ca4e9a01f294",,"2025-01-27T05:30:00.000","30","STOP SIGN/FLASHER","FUNCTIONING PROPERLY","CLEAR","DARKNESS, LIGHTED ROAD","ANGLE","FOUR WAY",,"STRAIGHT AND LEVEL","DRY","NO DEFECTS","ON SCENE","NO INJURY / DRIVE AWAY","Y",,,"OVER $1,500","2025-01-27T06:00:00.000","VISION OBSCURED (SIGNS, TREE LIMBS, BUILDINGS, ETC.)","UNABLE TO DETERMINE","6400","S","FRANCISCO AVE","823",,,,,,,"2","NO INDICATION OF INJURY","0","0","0","0","0","3","0","5","2","1","41.7771620894","-87.6959327489","POINT (-87.695932748854 41.777162089358)"
"9e8013101760628f6b9bef12e9438ca6bf088b658b3ce590fe28db722649d7e7f1df4e7211bbb86e128354f20f7d737f684f4a1147bfedee565185c133ed88fb","Y","2025-01-27T05:10:00.000","30","YIELD","NO CONTROLS","CLEAR","DARKNESS","FIXED OBJECT","ROUNDABOUT",,"STRAIGHT AND LEVEL","DRY","NO DEFECTS","ON SCENE","INJURY AND / OR TOW DUE TO CRASH",,,"Y","OVER $1,500","2025-01-27T05:14:00.000","FAILING TO REDUCE SPEED TO AVOID CRASH","UNABLE TO DETERMINE","3331","N","MOBILE AVE","1633",,"Y",,,,,"1","NO INDICATION OF INJURY","0","0","0","0","0","1","0","5","2","1","41.9411531651","-87.7834733523","POINT (-87.78347335232 41.941153165133)"
"3e446588b125382226c3b6b361eba5fa953c38f14b88de8a28b61e9ca68dd25959fcb48d5b0a32bc5f90f99926825dba788c69b6783ac974ff14e0c6fb6ef411",,"2025-01-27T05:00:00.000","30","NO CONTROLS","NO CONTROLS","CLEAR","UNKNOWN","PARKED MOTOR VEHICLE","NOT DIVIDED",,"STRAIGHT AND LEVEL","UNKNOWN","UNKNOWN","ON SCENE","NO INJURY / DRIVE AWAY",,,"Y","OVER $1,500","2025-01-27T13:00:00.000","UNABLE TO DETERMINE","UNABLE TO DETERMINE","6829","S","MARSHFIELD AVE","725",,,,,,,"2","NO INDICATION OF INJURY","0","0","0","0","0","1","0","5","2","1","41.7694756587","-87.6650109207","POINT (-87.665010920655 41.769475658717)"
"33e23ea281aa7d172d159ce250317e1e342f1754d80e28d95e10d9cfeea865a811fa174bb7ffeabe0f0840ae38cc612e2c2e78c31acb15c6ef5bb1b61390cb38",,"2025-01-27T04:50:00.000","30","NO CONTROLS","NO CONTROLS","CLEAR","DAWN","PARKED MOTOR VEHICLE","NOT DIVIDED",,"STRAIGHT AND LEVEL","DRY","NO DEFECTS","ON SCENE","INJURY AND / OR TOW DUE TO CRASH",,,"Y","OVER $1,500","2025-01-27T09:53:00.000","UNABLE TO DETERMINE","NOT APPLICABLE","1104","N","PULASKI RD","1111",,"Y",,,,,"2","NO INDICATION OF INJURY","0","0","0","0","0","1","0","4","2","1","41.9010449575","-87.7264023876","POINT (-87.726402387597 41.901044957544)"
"b452c25e8cb7e71a7ad3a3743e9f0ab1dc880cd04a3fddc6ee001fb6ee7eab2411732a93c406e49d4fbd808b6f04e153a014f1ef0dadea1f639fcfb9ebff49c1",,"2025-01-27T03:00:00.000","30","NO CONTROLS","NO CONTROLS","CLEAR","UNKNOWN","PARKED MOTOR VEHICLE","NOT DIVIDED",,"STRAIGHT AND LEVEL","DRY","NO DEFECTS","ON SCENE","INJURY AND / OR TOW DUE TO CRASH",,,"Y","OVER $1,500","2025-01-27T06:30:00.000","UNABLE TO DETERMINE","UNABLE TO DETERMINE","226","W","109TH PL","513",,,,,,,"2","NO INDICATION OF INJURY","0","0","0","0","0","1","0","3","2","1","41.6953567429","-87.6290631935","POINT (-87.629063193506 41.695356742901)"
"8a291f5ad8002b8ba01ab40c07b09beff77c6e7fa00b324719fb9c8423d6bba676110a5db39d7e0ab12675000189e21f52db3ba2d1e2d4de8428f61ea9d382dc",,"2025-01-27T01:37:00.000","30","NO CONTROLS","NO CONTROLS","CLEAR","DARKNESS, LIGHTED ROAD","PARKED MOTOR VEHICLE","ONE-WAY",,"STRAIGHT AND LEVEL","DRY","NO DEFECTS","ON SCENE","NO INJURY / DRIVE AWAY",,,"Y","OVER $1,500","2025-01-27T01:37:00.000","IMPROPER TURNING/NO SIGNAL","UNDER THE INFLUENCE OF ALCOHOL/DRUGS (USE WHEN ARREST IS EFFECTED)","2359","N","MOBILE AVE","2512",,,,,,,"3","NO INDICATION OF INJURY","0","0","0","0","0","1","0","1","2","1","41.9236281172","-87.7828642491","POINT (-87.782864249087 41.923628117199)"
"5fdfe15db82528041a4b6f39340094e24211d5e69e4a0df946357f7cc669e80bd3c7b270aee0bd60d32b956cd8b9efc0fa1690d79866221eaa719f8e1ca5195e",,"2025-01-27T01:36:00.000","20","NO CONTROLS","NO CONTROLS","CLEAR","DARKNESS, LIGHTED ROAD","PARKED MOTOR VEHICLE","NOT DIVIDED",,"STRAIGHT AND LEVEL","DRY","NO DEFECTS","ON SCENE","INJURY AND / OR TOW DUE TO CRASH",,,,"OVER $1,500","2025-01-27T01:40:00.000","PHYSICAL CONDITION OF DRIVER","FAILING TO REDUCE SPEED TO AVOID CRASH","1642","W","62ND ST","714",,,,,,,"3","REPORTED, NOT EVIDENT","1","0","0","0","1","0","0","1","2","1","41.7813792417","-87.6660053949","POINT (-87.666005394932 41.781379241652)"
"dee094a7910f6465ec857ddbe4d7ad4fa9746bf763ca1b3f0b056d8c89da61eefc638ef1ef4ad7a5eefd8e7b6e5af4e16a1a7fe6d3ab1e2cbd1df483e93d5a20",,"2025-01-27T00:28:00.000","30","NO CONTROLS","NO CONTROLS","CLEAR","DARKNESS, LIGHTED ROAD","SIDESWIPE SAME DIRECTION","NOT DIVIDED",,"STRAIGHT AND LEVEL","DRY","UNKNOWN","ON SCENE","INJURY AND / OR TOW DUE TO CRASH",,,,"OVER $1,500","2025-01-27T00:30:00.000","IMPROPER OVERTAKING/PASSING","UNABLE TO DETERMINE","251","S","CICERO AVE","1113",,,,,,,"2","REPORTED, NOT EVIDENT","1","0","0","0","1","1","0","0","2","1","41.8768543005","-87.7450001961","POINT (-87.745000196068 41.876854300465)"
"45d6a01c847f234d0b5b34555fe70a0c0cb16f3acf03e1373ddeb7cae968cc07d80b7e3a3b551832bd3d1193dcc30be6dbe93ea0f39b5e70cd167315115844d9",,"2025-01-27T00:12:00.000","30","UNKNOWN","UNKNOWN","UNKNOWN","DARKNESS, LIGHTED ROAD","PARKED MOTOR VEHICLE","ONE-WAY",,"STRAIGHT AND LEVEL","UNKNOWN","UNKNOWN","ON SCENE","INJURY AND / OR TOW DUE TO CRASH",,,,"OVER $1,500","2025-01-27T00:14:00.000","UNABLE TO DETERMINE","NOT APPLICABLE","9229","S","ADA ST","2222",,,,,,,"3","NONINCAPACITATING INJURY","1","0","0","1","0","0","0","0","2","1","41.7258855754","-87.6565604581","POINT (-87.656560458131 41.725885575402)"
"f3a3ce36b2f628867558db86e6ee3f5bc72c31190dc142f367de4b9a0030d9b561eaec086a66b7ac37b0ba025e38f99ca06b5dd539f89fc9aa23aac498fe227f","Y","2025-01-26T23:56:00.000","30","NO CONTROLS","NO CONTROLS","CLEAR","DARKNESS","PARKED MOTOR VEHICLE","ONE-WAY",,"STRAIGHT AND LEVEL","DRY","NO DEFECTS","ON SCENE","INJURY AND / OR TOW DUE TO CRASH",,,"Y","OVER $1,500","2025-01-26T23:56:00.000","DRIVING ON WRONG SIDE/WRONG WAY","UNABLE TO DETERMINE","3005","N","MENARD AVE","2514",,,"N",,,,"2","NO INDICATION OF INJURY","0","0","0","0","0","1","0","23","1","1","41.9350681628","-87.7710915377","POINT (-87.771091537737 41.935068162796)"
"e2a42d7efc54120039dfbfa955c8c7834f9b8dbf345ecee76cb5db91fef4302f0c827f2f1fc5773d953f77051f1784323fcca5a0633af14f0561ab97b8856d24",,"2025-01-26T23:45:00.000","30","NO CONTROLS","NO CONTROLS","CLEAR","DARKNESS, LIGHTED ROAD","FIXED OBJECT","DIVIDED - W/MEDIAN (NOT RAISED)",,"STRAIGHT AND LEVEL","ICE","NO DEFECTS","ON SCENE","INJURY AND / OR TOW DUE TO CRASH",,,,"OVER $1,500","2025-01-26T23:51:00.000","FAILING TO REDUCE SPEED TO AVOID CRASH","UNABLE TO DETERMINE","3520","W","MARQUETTE RD","831",,,,,,,"1","NO INDICATION OF INJURY","0","0","0","0","0","1","0","23","1","1","41.7716536397","-87.7110996172","POINT (-87.711099617229 41.771653639664)"
"49dd9837b6dc91721cd88ddd2b0421c7e59938a5037e523c826af6f3496829875e566b76ff9ae510c3a49a69442ff1b951616b5f514d9a925accac51e6def3d5",,"2025-01-26T23:39:00.000","35","TRAFFIC SIGNAL","FUNCTIONING PROPERLY","CLEAR","DARKNESS","ANGLE","T-INTERSECTION",,"STRAIGHT AND LEVEL","DRY","NO DEFECTS","ON SCENE","INJURY AND / OR TOW DUE TO CRASH","Y",,"Y","OVER $1,500","2025-01-26T23:46:00.000","DISREGARDING TRAFFIC SIGNALS","NOT APPLICABLE","5901","S","MICHIGAN AVE","232",,,,,,,"2","NO INDICATION OF INJURY","0","0","0","0","0","5","0","23","1","1","41.7873294662","-87.6221295605","POINT (-87.622129560541 41.787329466155)"
"e1cbb6e930bf3ab3fe8d4958ac8824b2d0b42dcbd2b3a6619cbd689c0593fa9b42dc054bf4dd8ba1c6d9568f86827e461e388133fa38fd773c6ee0cec5c62984",,"2025-01-26T23:23:00.000","30","TRAFFIC SIGNAL","FUNCTIONING PROPERLY","CLEAR","DARKNESS, LIGHTED ROAD","TURNING","FOUR WAY",,"STRAIGHT AND LEVEL","DRY","NO DEFECTS","ON SCENE","NO INJURY / DRIVE AWAY","Y",,,"$501 - $1,500","2025-01-26T23:23:00.000","UNABLE TO DETERMINE","NOT APPLICABLE","4700","S","ST LAWRENCE AVE","223",,,,,,,"2","NO INDICATION OF INJURY","0","0","0","0","0","3","0","23","1","1","41.8093683663","-87.6115974638","POINT (-87.611597463815 41.809368366272)"
"1364deed658563aa3ebe3185c551fc25fb43e10f068370d160e468c0efb340685b4572491e4075bea1ae7b44c107b326073c8af80e1cca818d8af4230161014f",,"2025-01-26T23:22:00.000","30","NO CONTROLS","UNKNOWN","CLEAR","DARKNESS, LIGHTED ROAD","TURNING","NOT DIVIDED",,"STRAIGHT AND LEVEL","DRY","NO DEFECTS","ON SCENE","INJURY AND / OR TOW DUE TO CRASH",,,,"OVER $1,500","2025-01-26T23:25:00.000","NOT APPLICABLE","NOT APPLICABLE","1840","N","DAMEN AVE","1434",,,,,,,"2","NO INDICATION OF INJURY","0","0","0","0","0","2","0","23","1","1","41.9150000059","-87.6777069283","POINT (-87.677706928274 41.915000005893)"
"8abeaaf7cf4bc683802cda4944cace7754eaa75aff699432f5852beec6bc37e8e0bfe6c98f7294b71597f65d22274b43a4b395fe9e69574a5fe3aec9c6145783","Y","2025-01-26T23:00:00.000","30","TRAFFIC SIGNAL","FUNCTIONING PROPERLY","CLEAR","DARKNESS, LIGHTED ROAD","FIXED OBJECT","DIVIDED - W/MEDIAN (NOT RAISED)",,"STRAIGHT AND LEVEL","DRY","NO DEFECTS","ON SCENE","INJURY AND / OR TOW DUE TO CRASH",,,,"OVER $1,500","2025-01-26T23:10:00.000","UNABLE TO DETERMINE","NOT APPLICABLE","3188","W","GRAND AVE","1211",,,,,,,"1","NO INDICATION OF INJURY","0","0","0","0","0","1","0","23","1","1","41.8983862233","-87.706523724","POINT (-87.706523723984 41.898386223278)"
"8bcf2aec39e2963bdca1816f22286d104bbb4e72f99b2b63811a166017342941224c9675a0e774c00cdcb9c1829f90999af63307c15ecb1f3e7b41848675ae4f",,"2025-01-26T23:00:00.000","30","UNKNOWN","UNKNOWN","UNKNOWN","UNKNOWN","SIDESWIPE SAME DIRECTION","NOT DIVIDED",,"STRAIGHT AND LEVEL","UNKNOWN","UNKNOWN","NOT ON SCENE (DESK REPORT)","NO INJURY / DRIVE AWAY",,,,"OVER $1,500","2025-01-29T20:25:00.000","UNABLE TO DETERMINE","NOT APPLICABLE","2400","N","ASHLAND AVE","1931",,,,,,,"2","NO INDICATION OF INJURY","0","0","0","0","0","2","0","23","1","1","41.9251938898","-87.6682943634","POINT (-87.668294363399 41.92519388981)"
"f5894691e95988fcba847f7a3c8dfc75b943d8be78ad1fbca298cdfb60ffbdef37e0a1c951788dbfa0c1f74728d541bc82d4b80789b7d03d066cba28aba20464","Y","2025-01-26T23:00:00.000","25","NO CONTROLS","NO CONTROLS","CLEAR","DARKNESS","PARKED MOTOR VEHICLE","NOT DIVIDED",,"STRAIGHT AND LEVEL","DRY","NO DEFECTS","ON SCENE","NO INJURY / DRIVE AWAY",,,"Y","OVER $1,500","2025-01-27T17:11:00.000","UNABLE TO DETERMINE","NOT APPLICABLE","2348","S","MARSHALL BLVD","1033",,,,,,,"2","NO INDICATION OF INJURY","0","0","0","0","0","1","0","23","1","1","41.8485504316","-87.6991416705","POINT (-87.699141670459 41.848550431617)"