"crash_record_id","crash_date_est_i","crash_date","posted_speed_limit","traffic_control_device","device_condition","weather_condition","lighting_condition","first_crash_type","trafficway_type","lane_cnt","alignment","roadway_surface_cond","road_defect","report_type","crash_type","intersection_related_i","private_property_i","hit_and_run_i","damage","date_police_notified","prim_contributory_cause","sec_contributory_cause","street_no","street_direction","street_name","beat_of_occurrence","photos_taken_i","statements_taken_i","dooring_i","work_zone_i","work_zone_type","workers_present_i","num_units","most_severe_injury","injuries_total","injuries_fatal","injuries_incapacitating","injuries_non_incapacitating","injuries_reported_not_evident","injuries_no_indication","injuries_unknown","crash_hour","crash_day_of_week","crash_month","latitude","longitude","location"
"e38381f8dd897bc600acf5dc60460f033cc3caf01d69676bdd1ac3f26ce77f231dd93a1aa818b27bffe33dfeac9d5068f375481260436aa957ea04badefce1c1",,"2025-01-26T22:00:00.000","25","NO CONTROLS","NO CONTROLS","UNKNOWN","UNKNOWN","PARKED MOTOR VEHICLE","ONE-WAY",,"STRAIGHT AND LEVEL","DRY","NO DEFECTS","ON SCENE","NO INJURY / DRIVE AWAY",,,"Y","$501 - $1,500","2025-01-27T07:15:00.000","UNABLE TO DETERMINE","NOT APPLICABLE","10028","S","RHODES AVE","511",,,,,,,"2","NO INDICATION OF INJURY","0","0","0","0","0","1","0","22","1","1","41.7119534798","-87.6103865425","POINT (-87.610386542518 41.711953479772)"
"4866d7b9636417c59420bddb0cefbd726311496c12f2bdda9c4cf569ba7db25bcbe498e70fa997316d4c4563fef2a0a138d27d63c5405c45ab38013baa9153bb",,"2025-01-26T21:37:00.000","30","NO CONTROLS","NO CONTROLS","UNKNOWN","UNKNOWN","REAR END","DIVIDED - W/MEDIAN (NOT RAISED)",,"STRAIGHT AND LEVEL","UNKNOWN","UNKNOWN","NOT ON SCENE (DESK REPORT)","NO INJURY / DRIVE AWAY",,,,"OVER $1,500","2025-01-31T13:57:00.000","FOLLOWING TOO CLOSELY","DRIVING SKILLS/KNOWLEDGE/EXPERIENCE","81","E","WACKER DR","111",,,,,,,"2","NO INDICATION OF INJURY","0","0","0","0","0","4","0","21","1","1","41.8880198558","-87.6252556758","POINT (-87.625255675776 41.888019855806)"
"0d61ea80c5f66493084ea4ef93394dd6c3d1ed1161b80b54c6b2f48dbef57eac76d07aa3070f0890fe3e0085e4a7150769d1c20957b806fdcbdb5f9ad1dc3315","Y","2025-01-26T21:17:00.000","35","NO CONTROLS","NO CONTROLS","CLEAR","DARKNESS, LIGHTED ROAD","PARKED MOTOR VEHICLE","ONE-WAY",,"STRAIGHT AND LEVEL","DRY","NO DEFECTS","ON SCENE","INJURY AND / OR TOW DUE TO CRASH",,,"Y","OVER $1,500","2025-01-26T21:18:00.000","UNABLE TO DETERMINE","UNABLE TO DETERMINE","1731","N","WOOD ST","1433",,,,,,,"2","NO INDICATION OF INJURY","0","0","0","0","0","1","0","21","1","1","41.9132731792","-87.6724937249","POINT (-87.672493724854 41.913273179206)"
"866d247abf9ab09fe8bd2d7e542aad9d8302f5f74e08f45d6fa8ba0fbfd268bb0fdf785d94cb001a1d9a2bb0225ac0a91e19baeb948e2d1ed5d27ee15a468ac9",,"2025-01-26T21:05:00.000","25","NO CONTROLS","NO CONTROLS","CLEAR","DARKNESS","SIDESWIPE SAME DIRECTION","NOT DIVIDED",,"STRAIGHT AND LEVEL","DRY","NO DEFECTS","ON SCENE","NO INJURY / DRIVE AWAY",,,"Y","$500 OR LESS","2025-01-26T21:15:00.000","UNABLE TO DETERMINE","UNABLE TO DETERMINE","2298","W","MADISON ST","1223",,,,,,,"2","NO INDICATION OF INJURY","0","0","0","0","0","2","0","21","1","1","41.8813122492","-87.6838415321","POINT (-87.68384153206 41.8813122492)"
"0a0e5dcf8c882a5c9cd0e28e311fb10b51f7d63c4ee25d5de17f255b72b2697872884d978ab4f9c72eba94d4cf5e0bd41bea28156087594acb3d71a7b986081e",,"2025-01-26T20:41:00.000","30","TRAFFIC SIGNAL","FUNCTIONING PROPERLY","CLEAR","DARKNESS, LIGHTED ROAD","ANGLE","FOUR WAY",,"STRAIGHT AND LEVEL","DRY","UNKNOWN","ON SCENE","INJURY AND / OR TOW DUE TO CRASH","Y",,,"OVER $1,500","2025-01-26T21:03:00.000","DISREGARDING TRAFFIC SIGNALS","NOT APPLICABLE","707","W","HARRISON ST","124",,,,,,,"2","NONINCAPACITATING INJURY","1","0","0","1","0","1","0","20","1","1","41.8742388499","-87.6442832498","POINT (-87.644283249779 41.8742388499)"
"5aca51c76aa2574e912072355a7fb0cd6e8eef8174772ecd1f4b02c97c972a577e41d2e429502b161340f1e5161431e0f0e263591dc081d73dea862e7a795efc",,"2025-01-26T20:20:00.000","30","TRAFFIC SIGNAL","FUNCTIONING PROPERLY","CLEAR","DARKNESS, LIGHTED ROAD","PEDALCYCLIST","DIVIDED - W/MEDIAN (NOT RAISED)",,"STRAIGHT AND LEVEL","DRY","UNKNOWN","ON SCENE","INJURY AND / OR TOW DUE TO CRASH",,,,"$500 OR LESS","2025-01-26T20:21:00.000","FOLLOWING TOO CLOSELY","FAILING TO YIELD RIGHT-OF-WAY","5660","W","BELMONT AVE","1633",,,,,,,"2","REPORTED, NOT EVIDENT","1","0","0","0","1","1","0","20","1","1","41.9386544434","-87.7688716914","POINT (-87.76887169144 41.938654443377)"
"60d1b63ca1b91bb2ff6466d5da1c7f3570b63433bda82e0d7f299b622a4034adaa593996e0d88115ed5741759d8bf9b485066479ff7bac0048a49e52c0e4fb40",,"2025-01-26T20:20:00.000","30","TRAFFIC SIGNAL","FUNCTIONING PROPERLY","CLEAR","DARKNESS, LIGHTED ROAD","ANGLE","FOUR WAY",,"STRAIGHT AND LEVEL","DRY","NO DEFECTS","NOT ON SCENE (DESK REPORT)","NO INJURY / DRIVE AWAY",,,,"$501 - $1,500","2025-01-27T11:30:00.000","DISREGARDING TRAFFIC SIGNALS","FAILING TO REDUCE SPEED TO AVOID CRASH","6745","N","SHERIDAN RD","2432",,,,,,,"2","NO INDICATION OF INJURY","0","0","0","0","0","2","0","20","1","1","42.0048460176","-87.6607143002","POINT (-87.660714300194 42.004846017594)"
"4e902abb43422e9126b1c143804b9e3fccff3ee4787a1ea1721652b1dab21c2d926ea23cfc60d1f310d352fb62f007799df82c1d1748859a10da2e50b077403b",,"2025-01-26T20:05:00.000","30","NO CONTROLS","NO CONTROLS","CLEAR","DARKNESS","REAR END","PARKING LOT",,"STRAIGHT AND LEVEL","DRY","NO DEFECTS","NOT ON SCENE (DESK REPORT)","NO INJURY / DRIVE AWAY",,"Y",,"OVER $1,500","2025-01-27T11:22:00.000","DISTRACTION - FROM INSIDE VEHICLE","DISTRACTION - FROM INSIDE VEHICLE","29","W","OHIO ST","1831",,,,,,,"2","NO INDICATION OF INJURY","0","0","0","0","0","2","0","20","1","1","41.8923418133","-87.6293421406","POINT (-87.629342140594 41.892341813292)"
"ecc1ab8b74013a2feaf4feb09acc535b65002fe755c8ded3bbd86272ad28e19e16e6b912abb34f16c977443542a999e2c9077979edf13c05ef5512e1ab0eb1a8",,"2025-01-26T19:44:00.000","30","TRAFFIC SIGNAL","FUNCTIONING PROPERLY","CLEAR","DARKNESS, LIGHTED ROAD","TURNING","DIVIDED - W/MEDIAN BARRIER",,"STRAIGHT AND LEVEL","DRY","NO DEFECTS","ON SCENE","NO INJURY / DRIVE AWAY",,,,"$501 - $1,500","2025-01-26T19:45:00.000","DRIVING SKILLS/KNOWLEDGE/EXPERIENCE","UNABLE TO DETERMINE","698","S","MICHIGAN AVE","123",,,,,,,"2","NO INDICATION OF INJURY","0","0","0","0","0","2","0","19","1","1","41.8732231872","-87.6243487329","POINT (-87.624348732928 41.873223187237)"
"8b055ce29390e28074fb226c8d6210d36ea7613ed2fd4ba6e77c7fdf6e0da1f50ee7d176c8a387e7b78b5c21fbc8614e814102df227a9549083bafa0f7ca3dbf",,"2025-01-26T19:25:00.000","30","NO CONTROLS","NO CONTROLS","CLEAR","UNKNOWN","PARKED MOTOR VEHICLE","NOT DIVIDED",,"STRAIGHT AND LEVEL","DRY","NO DEFECTS","NOT ON SCENE (DESK REPORT)","NO INJURY / DRIVE AWAY",,,"Y","OVER $1,500","2025-01-26T20:12:00.000","NOT APPLICABLE","NOT APPLICABLE","7001","W","54TH ST","811",,,,,,,"2","NO INDICATION OF INJURY","0","0","0","0","0","1","0","19","1","1","41.7939114928","-87.7965712724","POINT (-87.796571272413 41.793911492787)"
"e5f6d2e480cc5eadb5d3b5adaf425a3ad392269cce0b9ffa4af689fa9055f93f9bf8cfa62b135bea8088e3090a4e0af638ee86a6e75305c60f53fff256aecb46",,"2025-01-26T19:02:00.000","35","NO CONTROLS","NO CONTROLS","CLEAR","DARKNESS, LIGHTED ROAD","TURNING","DIVIDED - W/MEDIAN (NOT RAISED)",,"STRAIGHT AND LEVEL","DRY","NO DEFECTS","NOT ON SCENE (DESK REPORT)","INJURY AND / OR TOW DUE TO CRASH",,,,"OVER $1,500","2025-01-26T19:02:00.000","UNABLE TO DETERMINE","NOT APPLICABLE","2545","W","COLUMBUS AVE","835",,,,,,,"2","NONINCAPACITATING INJURY","1","0","0","1","0","1","0","19","1","1","41.7572152539","-87.686987044","POINT (-87.686987044007 41.75721525391)"
"e63b9e69a8cf6987be7cf3d6a990eff3338742468a89a9b276dcad0a4f2f9160d240b203fd7cc2639f74360bdabc672d8f1a8984e8dcba417f8b952fca494517",,"2025-01-26T19:00:00.000","30","TRAFFIC SIGNAL","FUNCTIONING PROPERLY","CLEAR","DARKNESS, LIGHTED ROAD","REAR TO FRONT","ONE-WAY",,"STRAIGHT AND LEVEL","DRY","NO DEFECTS","NOT ON SCENE (DESK REPORT)","NO INJURY / DRIVE AWAY",,,,"OVER $1,500","2025-01-26T19:35:00.000","UNABLE TO DETERMINE","UNABLE TO DETERMINE","11100","S","MARSHFIELD AVE","2234",,,,,,,"2","NO INDICATION OF INJURY","0","0","0","0","0","2","0","19","1","1","41.6920731982","-87.661003058","POINT (-87.661003057986 41.692073198171)"
"c694499d09666b20524d7a4abe3a21a7611b48dbdce2c89ecc73880760070bfa147cdac444d74d9f2387d42689ceda30e010b5cc5d9aa9f860742558a9380cac",,"2025-01-26T18:56:00.000","30","TRAFFIC SIGNAL","FUNCTIONING PROPERLY","CLEAR","DARKNESS, LIGHTED ROAD","REAR END","NOT DIVIDED",,"STRAIGHT AND LEVEL","DRY","NO DEFECTS","ON SCENE","INJURY AND / OR TOW DUE TO CRASH",,,"Y","OVER $1,500","2025-01-26T18:57:00.000","FAILING TO REDUCE SPEED TO AVOID CRASH","DISREGARDING TRAFFIC SIGNALS","1604","E","76TH ST","411",,,,,,,"2","REPORTED, NOT EVIDENT","1","0","0","0","1","1","0","18","1","1","41.7570614394","-87.5854471669","POINT (-87.585447166907 41.757061439361)"
"4a96cd56ff7948f17f7a8939989c4dad8e81433eb2959e5cb5c8f49d0584b5767944952d08003761aa747d164e2b966f7164acb336616719553649a612b2500c",,"2025-01-26T18:45:00.000","10","NO CONTROLS","NO CONTROLS","CLEAR","DARKNESS, LIGHTED ROAD","PARKED MOTOR VEHICLE","PARKING LOT",,"STRAIGHT AND LEVEL","DRY","NO DEFECTS","ON SCENE","NO INJURY / DRIVE AWAY",,"Y",,"$501 - $1,500","2025-01-26T18:48:00.000","UNABLE TO DETERMINE","UNABLE TO DETERMINE","722","W","OHARE ST","1654",,,,,,,"2","NO INDICATION OF INJURY","0","0","0","0","0","1","0","18","1","1",,,
"8bbff50e1aee6e7ca6235ed610a7ad3f75ef944755ac5d4fc89b38f104fb22beb96ad28d1d7781d993bb2a2b3d7e402449327678fb258cd5ef50b2aba49fd8ce",,"2025-01-26T18:41:00.000","35","NO CONTROLS","NO CONTROLS","CLEAR","DARKNESS, LIGHTED ROAD","PARKED MOTOR VEHICLE","DIVIDED - W/MEDIAN (NOT RAISED)",,"STRAIGHT AND LEVEL","DRY","NO DEFECTS","ON SCENE","NO INJURY / DRIVE AWAY",,,,"OVER $1,500","2025-01-26T18:42:00.000","UNABLE TO DETERMINE","UNABLE TO DETERMINE","9333","S","HALSTED ST","2223",,,,,,,"2","NO INDICATION OF INJURY","0","0","0","0","0","4","0","18","1","1","41.7240629994","-87.6431360934","POINT (-87.643136093421 41.724062999437)"
"71d1775550d50f167eba5f02015328d57ef8fcbbc83aa9ae86414a81a8d5e95fb1d99815eca99bb4ab37c8f9290a5d32de826ef7ca0648b56017fa8522799193",,"2025-01-26T18:35:00.000","30","TRAFFIC SIGNAL","FUNCTIONING PROPERLY","CLEAR","DARKNESS","REAR END","ONE-WAY",,"STRAIGHT AND LEVEL","DRY","NO DEFECTS","ON SCENE","INJURY AND / OR TOW DUE TO CRASH",,,,"$500 OR LESS","2025-01-26T18:37:00.000","EQUIPMENT - VEHICLE CONDITION","FAILING TO REDUCE SPEED TO AVOID CRASH","6258","S","YALE AVE","711",,,,,,,"2","NO INDICATION OF INJURY","0","0","0","0","0","4","0","18","1","1","41.7799726778","-87.6319808168","POINT (-87.631980816767 41.779972677795)"
"dc9dbc3bdbb45ac565ce20318b8dc9de2a2e2c657699e4b9f85ee12a214e3e57541dfc606d9e2ef8dec4bb26b44500398b71839ece5a254392e18299ec3b9b24",,"2025-01-26T18:35:00.000","30","NO CONTROLS","NO CONTROLS","CLEAR","DARKNESS, LIGHTED ROAD","FIXED OBJECT","ONE-WAY",,"STRAIGHT AND LEVEL","DRY","UNKNOWN",,"INJURY AND / OR TOW DUE TO CRASH",,"Y","N","$500 OR LESS","2025-01-26T18:40:00.000","UNABLE TO DETERMINE","UNABLE TO DETERMINE","5657","W","DAKIN ST","1633",,,,,,,"1","NO INDICATION OF INJURY","0","0","0","0","0","1","0","18","1","1","41.9520972726","-87.7692102356","POINT (-87.769210235551 41.952097272562)"
"44aab983c91577dcd688b78eaad4c865b8a495d3f316f4dcf7df0d8fc77155a11dea5e5f4b75a4e3a452c730865ea429ef86324336c7bdb4af4ab450fb3c478a",,"2025-01-26T18:33:00.000","30","NO CONTROLS","NO CONTROLS","CLEAR","DARKNESS, LIGHTED ROAD","PARKED MOTOR VEHICLE","DIVIDED - W/MEDIAN BARRIER",,"STRAIGHT AND LEVEL","DRY","UNKNOWN","ON SCENE","NO INJURY / DRIVE AWAY",,,,"OVER $1,500","2025-01-26T18:35:00.000","FAILING TO REDUCE SPEED TO AVOID CRASH","NOT APPLICABLE","9329","S","HALSTED ST","2223",,,,,,,"2","NO INDICATION OF INJURY","0","0","0","0","0","1","0","18","1","1","41.7241696413","-87.6431394171","POINT (-87.643139417065 41.724169641305)"
"1464dd65f7c7e245bf73b8c16f337201b9f837afc7a781f4c02b701d1b529a508632684b30327a90bd5f2c3de7cf5dc1bbeecd8cade4e8d7844215ce650e2833","Y","2025-01-26T18:30:00.000","30","UNKNOWN","UNKNOWN","CLEAR","DARKNESS","OTHER OBJECT","UNKNOWN",,"STRAIGHT AND LEVEL","DRY","UNKNOWN","ON SCENE","NO INJURY / DRIVE AWAY",,,,"OVER $1,500","2025-01-26T19:00:00.000","UNDER THE INFLUENCE OF ALCOHOL/DRUGS (USE WHEN ARREST IS EFFECTED)","NOT APPLICABLE","200","E","24TH ST","132",,,,,,,"1","NO INDICATION OF INJURY","0","0","0","0","0","1","0","18","1","1","41.849420712","-87.6221161541","POINT (-87.62211615414 41.849420712001)"
"563802ac3bf04b81878c90ab24149e35a20be883c9b7a618a35dcf43e0ad836fed86e8eb60219428daea93961627e9a7cd473cd274a86101773d2ecfe61e3c38",,"2025-01-26T18:30:00.000","15","NO CONTROLS","NO CONTROLS","CLEAR","UNKNOWN","PARKED MOTOR VEHICLE","PARKING LOT",,"STRAIGHT AND LEVEL","DRY","NO DEFECTS","NOT ON SCENE (DESK REPORT)","NO INJURY / DRIVE AWAY",,,"Y","OVER $1,500","2025-01-27T16:45:00.000","NOT APPLICABLE","NOT APPLICABLE","5829","S","ARCHER AVE","814",,,,,,,"2","NO INDICATION OF INJURY","0","0","0","0","0","1","0","18","1","1","41.7960196245","-87.7596833672","POINT (-87.759683367185 41.796019624453)"
"13cc7bf330cc955eba40ed6c366e10470a706030b8c4d3d31133a300a27af18d55bc8464dd2876ac27da3b3558436e384704062b86c396b80adb7fe20d18635d",,"2025-01-26T18:26:00.000","30","NO CONTROLS","NO CONTROLS","CLEAR","DARKNESS, LIGHTED ROAD","REAR END","DIVIDED - W/MEDIAN (NOT RAISED)",,"STRAIGHT AND LEVEL","DRY","UNKNOWN","NOT ON SCENE (DESK REPORT)","NO INJURY / DRIVE AWAY",,,,"OVER $1,500","2025-01-26T20:50:00.000","UNABLE TO DETERMINE","NOT APPLICABLE","2538","N","ASHLAND AVE","1931",,,,,,,"2","NO INDICATION OF INJURY","0","0","0","0","0","2","0","18","1","1","41.9281204109","-87.6683955251","POINT (-87.668395525132 41.928120410873)"
"9f2c549b28d420e7835853dc776913dd549a5c64d06b57a54174d74c92cd31d8df96b5740c89ff26f18082373e9a302758ad97e48361fe3c1eafd4cc410574af",,"2025-01-26T18:22:00.000","30","TRAFFIC SIGNAL","FUNCTIONING PROPERLY","CLEAR","DARKNESS, LIGHTED ROAD","FIXED OBJECT","FOUR WAY",,"STRAIGHT AND LEVEL","DRY","NO DEFECTS",,"INJURY AND / OR TOW DUE TO CRASH","Y",,"Y","OVER $1,500","2025-01-26T18:42:00.000","UNABLE TO DETERMINE","UNABLE TO DETERMINE","3199","W","GRAND AVE","1211",,,,,,,"2","INCAPACITATING INJURY","2","0","2","0","0","1","0","18","1","1","41.898192482","-87.7066619139","POINT (-87.706661913925 41.898192481959)"
"86a3b970fa51c97128a732c57561c45998b44b1ebf6acc9bfb6c1e1d91cd02630ca99041091f985e6fdebbeb85ad1df513e684111674a73686568c7b78e802f8",,"2025-01-26T18:21:00.000","30","STOP SIGN/FLASHER","NO CONTROLS","CLEAR","DARKNESS, LIGHTED ROAD","ANGLE","DIVIDED - W/MEDIAN (NOT RAISED)",,"STRAIGHT AND LEVEL","DRY","UNKNOWN","ON SCENE","INJURY AND / OR TOW DUE TO CRASH","Y",,,"OVER $1,500","2025-01-26T18:21:00.000","FAILING TO YIELD RIGHT-OF-WAY","DISREGARDING STOP SIGN","2935","W","55TH ST","824",,,,,,,"2","NO INDICATION OF INJURY","0","0","0","0","0","3","0","18","1","1","41.7935143479","-87.6976025788","POINT (-87.697602578845 41.793514347862)"
"cb50e0ada49545cf4e5fda6aa0f24697ffbf7b8afde72fcf8f8f1dfdec830a5819991acb1183a673a451ba5ae1c34a64d0844b71115b9ad7796396602f84e034",,"2025-01-26T18:15:00.000","30","NO CONTROLS","NO CONTROLS","CLEAR","DARKNESS, LIGHTED ROAD","REAR END","NOT DIVIDED",,"STRAIGHT AND LEVEL","DRY","NO DEFECTS","NOT ON SCENE (DESK REPORT)","NO INJURY / DRIVE AWAY",,,"Y","OVER $1,500","2025-01-26T18:53:00.000","FOLLOWING TOO CLOSELY","NOT APPLICABLE","3000","W","63RD ST","823",,,,,,,"2","NO INDICATION OF INJURY","0","0","0","0","0","2","0","18","1","1","41.7791524505","-87.6983306152","POINT (-87.698330615168 41.779152450501)"
"fa613bcc57b5291acacbd85977264908412870243067e10e833226fc1855e3e65e75a0d8ec824ea8478e8c9ce70840ac265f0be8c1094bfce705a77ff6eb0b47",,"2025-01-26T18:13:00.000","15","NO CONTROLS","UNKNOWN","CLEAR","DARKNESS, LIGHTED ROAD","TURNING","PARKING LOT",,"STRAIGHT AND LEVEL","DRY","UNKNOWN","ON SCENE","NO INJURY / DRIVE AWAY",,,,"OVER $1,500","2025-01-26T18:13:00.000","UNABLE TO DETERMINE","NOT APPLICABLE","800","N","KEDVALE AVE","1111",,,,,,,"2","NO INDICATION OF INJURY","0","0","0","0","0","6","0","18","1","1","41.8953903738","-87.7299311477","POINT (-87.729931147684 41.895390373766)"
"ddc6eb19d7f22216ef3399513a86c5f73c4d6c7498c5216710ae43bb06e6dc7fc3c168bca7280b908e3522c3c950cfe169064564b40536ab5386698e03c582b7",,"2025-01-26T18:00:00.000","30","TRAFFIC SIGNAL","FUNCTIONING PROPERLY","UNKNOWN","UNKNOWN","SIDESWIPE SAME DIRECTION","FIVE POINT, OR MORE",,"STRAIGHT AND LEVEL","UNKNOWN","UNKNOWN","NOT ON SCENE (DESK REPORT)","NO INJURY / DRIVE AWAY","Y",,,"OVER $1,500","2025-01-29T11:00:00.000","UNABLE TO DETERMINE","UNABLE TO DETERMINE","1355","W","18TH ST","1233",,,,,,,"2","NO INDICATION OF INJURY","0","0","0","0","0","2","0","18","1","1","41.8577716412","-87.6609968317","POINT (-87.66099683174 41.857771641178)"
"b71fb346511ef80a65d71cca3d21a48f056032b5ee8d7928da1aef1eaa26beb8b0304cb8acaaa3d82776ff10fc1d71dbd40a8ab7eab926c1eeb31e34f8edc234",,"2025-01-26T17:59:00.000","30","NO CONTROLS","NO CONTROLS","CLEAR","DARKNESS, LIGHTED ROAD","FIXED OBJECT","NOT DIVIDED",,"STRAIGHT AND LEVEL","DRY","UNKNOWN","ON SCENE","INJURY AND / OR TOW DUE TO CRASH",,,,"OVER $1,500","2025-01-26T18:00:00.000","UNABLE TO DETERMINE","NOT APPLICABLE","4544","W","LAKE ST","1113",,,,,,,"1","NONINCAPACITATING INJURY","1","0","0","1","0","0","0","17","1","1","41.8863860975","-87.7399258505","POINT (-87.739925850542 41.88638609753)"
"ff8068c85a8e25782a3a6397b5178b3a2305007213499872fddfaaface18adca141bcb09ae916882ada19ac067b37d14bb6c62d9dbbd974b700166037cdfa798",,"2025-01-26T17:50:00.000","30","TRAFFIC SIGNAL","FUNCTIONING PROPERLY","CLEAR","DARKNESS, LIGHTED ROAD","REAR END","NOT DIVIDED",,"STRAIGHT AND LEVEL","DRY","NO DEFECTS","ON SCENE","NO INJURY / DRIVE AWAY",,,,"$501 - $1,500","2025-01-26T18:01:00.000","UNABLE TO DETERMINE","NOT APPLICABLE","5747","N","ASHLAND AVE","2012",,,,,,,"2","NO INDICATION OF INJURY","0","0","0","0","0","3","0","17","1","1","41.9867193398","-87.669447295","POINT (-87.669447294976 41.98671933983)"
"26059353190c0772b29e40e69b0e74da5de473c3f22e7415241e28aa1f81c9a962477061823e15a03518712af8c5ed98fe68371659d5e8a7d60ba84bed9039b1",,"2025-01-26T17:45:00.000","30","TRAFFIC SIGNAL","FUNCTIONING PROPERLY","CLEAR","DAWN","REAR END","NOT DIVIDED",,"STRAIGHT AND LEVEL","DRY","NO DEFECTS","ON SCENE","INJURY AND / OR TOW DUE TO CRASH",,,,"OVER $1,500","2025-01-26T17:50:00.000","IMPROPER OVERTAKING/PASSING","FAILING TO REDUCE SPEED TO AVOID CRASH","2644","S","WESTERN AVE","1034",,,,,,,"2","NONINCAPACITATING INJURY","1","0","0","1","0","1","0","17","1","1","41.8435259232","-87.6855148481","POINT (-87.68551484806 41.843525923192)"
"eafdceab21c5dbfbb9159fe8ec493ef323d5a8db6ad66bf84a638e1bed17bd2a07c5482bfe85d67cb1820121e28f498923844321a80dde4198f4088629980815",,"2025-01-26T17:32:00.000","50","TRAFFIC SIGNAL","FUNCTIONING PROPERLY","CLEAR","DARKNESS, LIGHTED ROAD","TURNING","FOUR WAY",,"STRAIGHT AND LEVEL","DRY","NO DEFECTS","ON SCENE","INJURY AND / OR TOW DUE TO CRASH","Y",,"Y","OVER $1,500","2025-01-26T17:45:00.000","UNABLE TO DETERMINE","NOT APPLICABLE","804","W","OHARE ST","1654",,,,,,,"2","REPORTED, NOT EVIDENT","1","0","0","0","1","1","0","17","1","1",,,
"534b91bbc490c11341b63a70f6dd68b608c40da6f5db1bafed9849c9dd7704bfd888403d496260ca9f238aca2e41dbb29e993a90af036554226a346c364ca85b",,"2025-01-26T17:30:00.000","30","NO CONTROLS","NO CONTROLS","CLEAR","DARKNESS, LIGHTED ROAD","PARKED MOTOR VEHICLE","ONE-WAY",,"STRAIGHT AND LEVEL","DRY","NO DEFECTS","ON SCENE","NO INJURY / DRIVE AWAY",,,,"$500 OR LESS","2025-01-26T17:56:00.000","DRIVING SKILLS/KNOWLEDGE/EXPERIENCE","UNABLE TO DETERMINE","4840","W","HENDERSON ST","1634",,,,,,,"2","NO INDICATION OF INJURY","0","0","0","0","0","1","0","17","1","1","41.9416514241","-87.7486043665","POINT (-87.748604366495 41.941651424078)"
"96ebfc3c671ecb28036a1161fb99c05ba23faed2e0c614ca2ac9617d0a32db2a87997f8da2841def873a45185fdd51db403767819206447e2f4d5cdb65ed1ae3",,"2025-01-26T17:30:00.000","30","TRAFFIC SIGNAL","UNKNOWN","UNKNOWN","UNKNOWN","TURNING","NOT DIVIDED",,"STRAIGHT AND LEVEL","UNKNOWN","UNKNOWN","NOT ON SCENE (DESK REPORT)","NO INJURY / DRIVE AWAY",,,"Y","OVER $1,500","2025-01-26T19:00:00.000","FAILING TO YIELD RIGHT-OF-WAY","UNABLE TO DETERMINE","7199","W","GRAND AVE","2512",,,,,,,"3","NO INDICATION OF INJURY","0","0","0","0","0","3","0","17","1","1","41.9238849736","-87.8061924141","POINT (-87.80619241408 41.923884973566)"
"6e6198a22f99fece4990999d9ab84756ca3cc37275ba2ccad041912010f2eaf4531a7f5fb7a30ef8ea1d0f7226b5f1e8fe45dd0a0d792eb9c4ee8ef7fcdc9f1a",,"2025-01-26T17:29:00.000","30","NO CONTROLS","NO CONTROLS","CLEAR","DARKNESS, LIGHTED ROAD","TURNING","NOT DIVIDED",,"STRAIGHT AND LEVEL","DRY","NO DEFECTS","ON SCENE","INJURY AND / OR TOW DUE TO CRASH",,,"Y","OVER $1,500","2025-01-26T17:31:00.000","IMPROPER TURNING/NO SIGNAL","UNABLE TO DETERMINE","2700","W","NORTH AVE","1421",,,,,,,"2","NO INDICATION OF INJURY","0","0","0","0","0","3","0","17","1","1","41.9103517539","-87.6946042609","POINT (-87.694604260946 41.910351753937)"
"305511168023427a902388bf094093ba46e133a67676f551cb7f88eb2029b649ef2c5931af8a9601329918a7f1c8120e0e9115a7b980ea335bc03f4e3e236657",,"2025-01-26T17:15:00.000","30","UNKNOWN","UNKNOWN","CLEAR","UNKNOWN","ANGLE","NOT DIVIDED",,"STRAIGHT AND LEVEL","UNKNOWN","UNKNOWN","ON SCENE","INJURY AND / OR TOW DUE TO CRASH","Y",,,"OVER $1,500","2025-01-26T17:30:00.000","NOT APPLICABLE","NOT APPLICABLE","3201","W","71ST ST","831",,,,,,,"2","NONINCAPACITATING INJURY","1","0","0","1","0","1","0","17","1","1","41.7642779439","-87.702870789","POINT (-87.702870788994 41.764277943911)"
"7220c04aa659113e616d67feb2676f8aa11e2b83cef09947b49e6d61d0bb88752171b30dec5667ea1eb036e819b3815c2ba21f175997c1b09f9f37c421eaf909",,"2025-01-26T17:15:00.000","35","NO CONTROLS","NO CONTROLS","CLEAR","DARKNESS, LIGHTED ROAD","SIDESWIPE SAME DIRECTION","ONE-WAY",,"STRAIGHT AND LEVEL","DRY","UNKNOWN","ON SCENE","NO INJURY / DRIVE AWAY",,,,"OVER $1,500","2025-01-26T17:51:00.000","IMPROPER OVERTAKING/PASSING","NOT APPLICABLE","4308","S","DREXEL BLVD","221",,,,,,,"2","NO INDICATION OF INJURY","0","0","0","0","0","2","0","17","1","1","41.8165211767","-87.6046697656","POINT (-87.604669765561 41.816521176736)"
"7d13c7e351fad956b5a91987315547f68675e24b53e9b5eb27f9207f69de4e5c4477f08502329e083cb087f296fe3592ffba89a094f5c0c6de2b7297335b915c",,"2025-01-26T17:01:00.000","35","TRAFFIC SIGNAL","UNKNOWN","CLEAR","DUSK","ANGLE","DIVIDED - W/MEDIAN (NOT RAISED)",,"STRAIGHT AND LEVEL","DRY","NO DEFECTS","ON SCENE","NO INJURY / DRIVE AWAY","Y",,,"OVER $1,500","2025-01-26T17:01:00.000","DISREGARDING TRAFFIC SIGNALS","NOT APPLICABLE","3600","W","MADISON ST","1122",,,,,,,"2","NO INDICATION OF INJURY","0","0","0","0","0","2","0","17","1","1","41.8809643831","-87.7159595459","POINT (-87.715959545927 41.880964383115)"