"crash_record_id","crash_date_est_i","crash_date","posted_speed_limit","traffic_control_device","device_condition","weather_condition","lighting_condition","first_crash_type","trafficway_type","lane_cnt","alignment","roadway_surface_cond","road_defect","report_type","crash_type","intersection_related_i","private_property_i","hit_and_run_i","damage","date_police_notified","prim_contributory_cause","sec_contributory_cause","street_no","street_direction","street_name","beat_of_occurrence","photos_taken_i","statements_taken_i","dooring_i","work_zone_i","work_zone_type","workers_present_i","num_units","most_severe_injury","injuries_total","injuries_fatal","injuries_incapacitating","injuries_non_incapacitating","injuries_reported_not_evident","injuries_no_indication","injuries_unknown","crash_hour","crash_day_of_week","crash_month","latitude","longitude","location"
"84d851ed6e37aaa56b5fc7a36150a14587151621abad43caadff6bb365450cbc868e6cd02e12a07cf5f62b1018e51cb4d37d71ed71bc4aae86ca30d18abf62b6",,"2025-01-26T17:01:00.000","10","NO CONTROLS","NO CONTROLS","CLEAR","DUSK","SIDESWIPE SAME DIRECTION","PARKING LOT",,"STRAIGHT AND LEVEL","DRY","NO DEFECTS","ON SCENE","NO INJURY / DRIVE AWAY",,"Y",,"OVER $1,500","2025-01-26T17:04:00.000","UNABLE TO DETERMINE","UNABLE TO DETERMINE","10000","W","OHARE ST","1651",,,,,,,"2","NO INDICATION OF INJURY","0","0","0","0","0","2","0","17","1","1","41.976201139","-87.9053091251","POINT (-87.905309125103 41.976201139024)"
"44ea3d24ecf71b7dfa60c5361a4aa26b0db57cd9700b97e10015bcb1e74f38404039ba2a2c794b84fd3e010d4cb15ff584798742fcda8c5521fb1915ac4f8eac",,"2025-01-26T17:00:00.000","30","TRAFFIC SIGNAL","FUNCTIONING PROPERLY","CLEAR","DARKNESS, LIGHTED ROAD","REAR END","DIVIDED - W/MEDIAN (NOT RAISED)",,"STRAIGHT AND LEVEL","DRY","UNKNOWN","NOT ON SCENE (DESK REPORT)","NO INJURY / DRIVE AWAY","Y",,"Y","OVER $1,500","2025-01-27T17:00:00.000","UNABLE TO DETERMINE","UNABLE TO DETERMINE","4356","W","HARRISON ST","1131",,,,,,,"2","NO INDICATION OF INJURY","0","0","0","0","0","2","0","17","1","1","41.8733251514","-87.7334123432","POINT (-87.733412343213 41.873325151367)"
"c985c3c694f4e3ddfa35c46e44ed48e241d8b32855e1696d6e366b8a40af6d3e95c490a0bc7c2c7d966f416210000f1cdcc69164af60b3c508df4c558576036e",,"2025-01-26T16:58:00.000","20","NO CONTROLS","NO CONTROLS","CLEAR","DAWN","TURNING","NOT DIVIDED",,"STRAIGHT AND LEVEL","DRY","NO DEFECTS","ON SCENE","INJURY AND / OR TOW DUE TO CRASH","Y",,,"OVER $1,500","2025-01-26T17:08:00.000","PHYSICAL CONDITION OF DRIVER","NOT APPLICABLE","3231","N","DAMEN AVE","1922",,,,,,,"2","NO INDICATION OF INJURY","0","0","0","0","0","3","0","16","1","1","41.9404423424","-87.6782322426","POINT (-87.678232242633 41.940442342448)"
"8127a3a0dc6aa272ed7af036a31ed5cc8d48447a2ff8a3abc9e16171cc72ff45bf0ffb1166234af8ba937b67bed1dcaccc4b093511f1831f9643b3d9e606b5e4",,"2025-01-26T16:32:00.000","30","NO CONTROLS","UNKNOWN","CLEAR","DAYLIGHT","SIDESWIPE SAME DIRECTION","NOT DIVIDED",,"STRAIGHT AND LEVEL","DRY","UNKNOWN",,"INJURY AND / OR TOW DUE TO CRASH",,,,"OVER $1,500","2025-01-26T16:35:00.000","IMPROPER LANE USAGE","DISTRACTION - FROM OUTSIDE VEHICLE","5251","N","HARLEM AVE","1613",,,,,,,"5","NONINCAPACITATING INJURY","4","0","0","3","1","5","0","16","1","1","41.977058552","-87.806862678","POINT (-87.80686267804 41.977058551961)"
"279ec19d4706249d815d5dd3d21d9fc899c14fd017d7baa7b33524f76027827fe600688d48ba4c4049712e8930f45adb0bc4df50f8593dbf1f3c9d6a2a289ca3",,"2025-01-26T16:30:00.000","30","TRAFFIC SIGNAL","FUNCTIONING PROPERLY","CLEAR","DAYLIGHT","TURNING","NOT DIVIDED",,"STRAIGHT AND LEVEL","DRY","UNKNOWN","NOT ON SCENE (DESK REPORT)","NO INJURY / DRIVE AWAY","Y",,"N","OVER $1,500","2025-01-26T18:15:00.000","IMPROPER TURNING/NO SIGNAL","NOT APPLICABLE","4400","W","GRAND AVE","2533",,,,,,,"2","NO INDICATION OF INJURY","0","0","0","0","0","2","0","16","1","1","41.9101814096","-87.7362488704","POINT (-87.736248870407 41.910181409597)"
"9ed087eca599d4adc4c2f77b38c2679d7fa6f9e987afd54090246a4cd7fbb6e9bc399a1bb15ee9ead879728031e2b589ae2d173f2589d6b09dfa5cdef51231d3","Y","2025-01-26T16:30:00.000","35","NO CONTROLS","NO CONTROLS","CLEAR","DARKNESS, LIGHTED ROAD","PARKED MOTOR VEHICLE","NOT DIVIDED",,"STRAIGHT AND LEVEL","DRY","NO DEFECTS","ON SCENE","NO INJURY / DRIVE AWAY",,,"Y","$500 OR LESS","2025-01-26T17:59:00.000","UNABLE TO DETERMINE","UNABLE TO DETERMINE","1229","W","MADISON ST","1224",,,,,,,"2","NO INDICATION OF INJURY","0","0","0","0","0","1","0","16","1","1","41.8814860028","-87.6582901569","POINT (-87.658290156909 41.881486002816)"
"e113702b417f908d5ad054d0b070a7621b084640deaf097468b8f1687654f1eb5976c2f2034fd572cf61a18b32e21937b22f840a82a13de604844018b3883c94",,"2025-01-26T16:30:00.000","20","TRAFFIC SIGNAL","UNKNOWN","CLEAR","DAYLIGHT","PARKED MOTOR VEHICLE","NOT DIVIDED",,"STRAIGHT AND LEVEL","DRY","UNKNOWN","ON SCENE","NO INJURY / DRIVE AWAY",,,"Y","OVER $1,500","2025-01-26T16:35:00.000","NOT APPLICABLE","NOT APPLICABLE","4423","N","SHERIDAN RD","1914",,,,,,,"2","NO INDICATION OF INJURY","0","0","0","0","0","1","0","16","1","1","41.9625143444","-87.6546105307","POINT (-87.654610530653 41.962514344418)"
"7f01f7a4f345dd46f5650be405e202e07e714b6fe42708971beb9970411a8ab127b50ca7157fdc243a0f9a89e7fae9451d484501440d58aa97a9bc711ee59dc7",,"2025-01-26T16:20:00.000","35","UNKNOWN","UNKNOWN","CLEAR","DAYLIGHT","REAR END","NOT DIVIDED",,"STRAIGHT AND LEVEL","DRY","UNKNOWN","NOT ON SCENE (DESK REPORT)","NO INJURY / DRIVE AWAY",,,,"OVER $1,500","2025-01-26T17:30:00.000","UNABLE TO DETERMINE","UNABLE TO DETERMINE","3424","W","BELMONT AVE","1732",,,,,,,"2","NO INDICATION OF INJURY","0","0","0","0","0","2","0","16","1","1","41.9393703345","-87.7135660217","POINT (-87.713566021709 41.939370334488)"
"dddcf5c8df9a1b7265a4851987a5737120be20fc88e961687377ae1e19bb578e1ac0c0c117b98d4a851525f4e0508d8cbdba17d16e7c6458f1009b589ae79bc7",,"2025-01-26T16:16:00.000","30","STOP SIGN/FLASHER","NO CONTROLS","CLEAR","DAYLIGHT","ANGLE","FOUR WAY",,"STRAIGHT AND LEVEL","DRY","NO DEFECTS","ON SCENE","INJURY AND / OR TOW DUE TO CRASH","Y",,,"OVER $1,500","2025-01-26T16:18:00.000","FAILING TO YIELD RIGHT-OF-WAY","FAILING TO YIELD RIGHT-OF-WAY","640","W","GRAND AVE","1214",,,,,,,"2","REPORTED, NOT EVIDENT","3","0","0","0","3","2","0","16","1","1","41.8913362421","-87.6444296667","POINT (-87.64442966668 41.891336242114)"
"09c0507cde86f813d12afc9655678ab15f9f888aad46a0e8bbe4461be44716245fe09c22eee88f0914c1d98ef4828f97f77335b5a99ec6b7b422102339189177",,"2025-01-26T16:15:00.000","30","TRAFFIC SIGNAL","FUNCTIONING PROPERLY","CLEAR","DAYLIGHT","ANGLE","FOUR WAY",,"STRAIGHT AND LEVEL","DRY","NO DEFECTS","ON SCENE","INJURY AND / OR TOW DUE TO CRASH","Y",,,"OVER $1,500","2025-01-26T16:17:00.000","UNABLE TO DETERMINE","NOT APPLICABLE","5201","W","BELMONT AVE","2514",,,,,,,"2","REPORTED, NOT EVIDENT","1","0","0","0","1","5","0","16","1","1","41.9385891862","-87.7568100452","POINT (-87.756810045169 41.93858918622)"
"26b04f0695b73edf6f2a2be897c0de5b4444a94937eca952b4c5ef765c2dc5c6b01a01da7699782228776c997fc414baf66cbce097868dc69934b52d2a93c0b9","Y","2025-01-26T16:01:00.000","30","UNKNOWN","UNKNOWN","UNKNOWN","DAYLIGHT","REAR END","NOT DIVIDED",,"STRAIGHT AND LEVEL","UNKNOWN","UNKNOWN","NOT ON SCENE (DESK REPORT)","NO INJURY / DRIVE AWAY",,,,"OVER $1,500","2025-01-26T16:40:00.000","UNABLE TO DETERMINE","NOT APPLICABLE","801","W","76TH ST","621",,,,,,,"2","NO INDICATION OF INJURY","0","0","0","0","0","2","0","16","1","1","41.755986564","-87.6442653137","POINT (-87.644265313706 41.755986564007)"
"4e423c6b4d773364e5ae6bd373c0cbfbdcbabeee3c8215b2365eecffafc613cbb78b8f28d0958966d9839643db9ebea84a425e7a4e12a355c9df977206c21509",,"2025-01-26T16:00:00.000","30","STOP SIGN/FLASHER","NO CONTROLS","CLEAR","DAYLIGHT","TURNING","NOT DIVIDED",,"STRAIGHT AND LEVEL","DRY","NO DEFECTS","NOT ON SCENE (DESK REPORT)","INJURY AND / OR TOW DUE TO CRASH",,,,"OVER $1,500","2025-01-26T16:37:00.000","NOT APPLICABLE","NOT APPLICABLE","4750","S","ARCHER AVE","821",,,,,,,"2","NONINCAPACITATING INJURY","2","0","0","2","0","5","0","16","1","1","41.8071794738","-87.7157688717","POINT (-87.715768871737 41.807179473772)"
"554c22425313a6d311317c0cfb55696bd0df5bf8d69a544965ceaee4853916c550b745a50a54c9d2268f7b66cefd4eff1fe0a44680cb92fa7a8fb6f6ef5f3a94",,"2025-01-26T16:00:00.000","5","NO CONTROLS","NO CONTROLS","CLEAR","DAYLIGHT","PARKED MOTOR VEHICLE","PARKING LOT",,"STRAIGHT ON GRADE","DRY","NO DEFECTS","ON SCENE","NO INJURY / DRIVE AWAY",,"Y",,"OVER $1,500","2025-01-26T16:05:00.000","DRIVING SKILLS/KNOWLEDGE/EXPERIENCE","NOT APPLICABLE","1596","N","KINGSBURY ST","1822",,,,,,,"2","NO INDICATION OF INJURY","0","0","0","0","0","1","0","16","1","1","41.910660831","-87.6541156676","POINT (-87.654115667569 41.910660831029)"
"c18c211b7227d48f60c095a8f657bf841227c34f8401735112d53a486768dd6931ebbe2494d741d358edcc76ab451a2291759bc171c8b564b70ab342a14152cd",,"2025-01-26T16:00:00.000","20","NO CONTROLS","NO CONTROLS","UNKNOWN","DARKNESS, LIGHTED ROAD","PARKED MOTOR VEHICLE","PARKING LOT",,"STRAIGHT AND LEVEL","UNKNOWN","UNKNOWN","NOT ON SCENE (DESK REPORT)","NO INJURY / DRIVE AWAY",,,"Y","OVER $1,500","2025-02-01T16:30:00.000","UNABLE TO DETERMINE","NOT APPLICABLE","1914","W","DIVISION ST","1424",,,,,,,"2","NO INDICATION OF INJURY","0","0","0","0","0","1","0","16","1","1","41.9033310321","-87.675433918","POINT (-87.675433918003 41.903331032064)"
"e60ce7501d706b71011fe94a19505e4344ddce7408320ae321a9d6f6e85033303b2985aa9ed7d6ce5347da92b394ebfe24022a086818d3fbcb8962df5f93c4a0",,"2025-01-26T16:00:00.000","15","NO CONTROLS","NO CONTROLS","CLEAR","DAYLIGHT","PARKED MOTOR VEHICLE","PARKING LOT",,"STRAIGHT ON GRADE","DRY","NO DEFECTS","ON SCENE","NO INJURY / DRIVE AWAY",,,,"OVER $1,500","2025-01-26T16:05:00.000","UNABLE TO DETERMINE","UNABLE TO DETERMINE","4054","W","115TH ST","2211",,,,,,,"2","NO INDICATION OF INJURY","0","0","0","0","0","1","0","16","1","1","41.6840421429","-87.7220907203","POINT (-87.722090720258 41.684042142947)"
"d238cf77ad77b32019865482496ce07f4e1667b8c51857300672d306ec61126b20393c18587a416ecdbb88fcd321f76b3d7294a675a72dc9df15794c938c4ed8",,"2025-01-26T15:57:00.000","30","NO CONTROLS","NO CONTROLS","CLEAR","DAYLIGHT","PARKED MOTOR VEHICLE","NOT DIVIDED",,"STRAIGHT AND LEVEL","DRY","NO DEFECTS","ON SCENE","NO INJURY / DRIVE AWAY",,,,"$501 - $1,500","2025-01-26T15:57:00.000","NOT APPLICABLE","NOT APPLICABLE","1250","S","MICHIGAN AVE","131",,,,,,,"2","NO INDICATION OF INJURY","0","0","0","0","0","2","0","15","1","1","41.8660735868","-87.6242676732","POINT (-87.624267673225 41.866073586832)"
"791d8d24c57d0557efbae5e4274126abfcebc0bb81b368b9d4c8d52d8efcd6acc81461d648cfd020a4d914b102d4c760da9796df6c7550ce96194b181ebff336",,"2025-01-26T15:55:00.000","25","NO CONTROLS","NO CONTROLS","CLEAR","DAYLIGHT","PARKED MOTOR VEHICLE","ONE-WAY",,"STRAIGHT AND LEVEL","DRY","NO DEFECTS","NOT ON SCENE (DESK REPORT)","NO INJURY / DRIVE AWAY",,,"Y","OVER $1,500","2025-01-26T16:30:00.000","UNABLE TO DETERMINE","NOT APPLICABLE","49","E","72ND ST","323",,,,,,,"2","NO INDICATION OF INJURY","0","0","0","0","0","3","0","15","1","1","41.7636233057","-87.6229366548","POINT (-87.622936654815 41.763623305718)"
"a6ddbe4d25e94336e2a2368f1ecbda719df078e6a096eb4b52891012bc7908698c2ee9a096fa82085e47deb3a90b406ed3b34a5f805542fb47372c2b56ab6da6",,"2025-01-26T15:41:00.000","30","TRAFFIC SIGNAL","FUNCTIONING PROPERLY","SNOW","DAYLIGHT","SIDESWIPE SAME DIRECTION","NOT DIVIDED",,"STRAIGHT AND LEVEL","DRY","NO DEFECTS",,"INJURY AND / OR TOW DUE TO CRASH","Y",,,"$501 - $1,500","2025-01-26T15:41:00.000","IMPROPER OVERTAKING/PASSING","IMPROPER OVERTAKING/PASSING","7100","S","STONY ISLAND AVE","324",,,,,,,"2","REPORTED, NOT EVIDENT","2","0","0","0","2","1","0","15","1","1","41.7659281922","-87.5864700779","POINT (-87.586470077922 41.76592819222)"
"05d20ae5f54445749d8a6b456af2e011fc351e5389295a205ab00f4f2daad210eed40564cd2878d16b88e18acea0c9edc744c518465459b68dba7293b2754d7e",,"2025-01-26T15:40:00.000","30","STOP SIGN/FLASHER","FUNCTIONING PROPERLY","CLEAR","DAYLIGHT","ANGLE","FOUR WAY",,"STRAIGHT AND LEVEL","DRY","UNKNOWN","NOT ON SCENE (DESK REPORT)","NO INJURY / DRIVE AWAY","Y",,"Y","OVER $1,500","2025-01-27T11:30:00.000","FAILING TO YIELD RIGHT-OF-WAY","UNABLE TO DETERMINE","2133","N","CENTRAL PARK AVE","1413",,,,,,,"2","NO INDICATION OF INJURY","0","0","0","0","0","2","0","15","1","1","41.9201361484","-87.7167121176","POINT (-87.716712117608 41.92013614837)"
"dfeee21ff269d53eb595077d4ce1dce0f98a5ee8306b70d26e76077ec126c0cd0e80bf32858e23568e2b4459b13282166c4dd086fe8329527f9a557a25c285c8",,"2025-01-26T15:35:00.000","30","NO CONTROLS","NO CONTROLS","CLEAR","DAYLIGHT","TURNING","NOT DIVIDED",,"STRAIGHT AND LEVEL","DRY","NO DEFECTS","ON SCENE","INJURY AND / OR TOW DUE TO CRASH",,,,"OVER $1,500","2025-01-26T15:45:00.000","IMPROPER TURNING/NO SIGNAL","IMPROPER TURNING/NO SIGNAL","5130","N","MILWAUKEE AVE","1623",,,,,,,"2","NO INDICATION OF INJURY","0","0","0","0","0","3","0","15","1","1","41.973518105","-87.7659853155","POINT (-87.76598531554 41.973518105002)"
"a310a252c174cd469122f2c6a6ab22c8fc8cd52815567e5c1b5d5b3dfc2cb3ed1304dffb0c92f7fd31c31af1ab468ba8801cb79bf6d73d99a41416e3bf5ea46d",,"2025-01-26T15:31:00.000","30","STOP SIGN/FLASHER","FUNCTIONING PROPERLY","CLEAR","DAYLIGHT","PEDESTRIAN","NOT DIVIDED",,"STRAIGHT AND LEVEL","DRY","UNKNOWN","ON SCENE","INJURY AND / OR TOW DUE TO CRASH",,,,"OVER $1,500","2025-01-26T15:55:00.000","DRIVING SKILLS/KNOWLEDGE/EXPERIENCE","NOT APPLICABLE","5700","S","WHIPPLE ST","824",,,,,,,"2","NONINCAPACITATING INJURY","1","0","0","1","0","1","0","15","1","1","41.7898520278","-87.6999395819","POINT (-87.699939581945 41.789852027753)"
"7e780ade09105ab39659cdcab9e95b377b6f03839b0e353be3d86a25290b4f90f66890ad1cbbb86e89c2eb33f50d3451c2f8a95a54f438bbddc920da95096028",,"2025-01-26T15:30:00.000","30","NO CONTROLS","NO CONTROLS","CLEAR","DAYLIGHT","PARKED MOTOR VEHICLE","NOT DIVIDED",,"STRAIGHT AND LEVEL","DRY","NO DEFECTS","NOT ON SCENE (DESK REPORT)","NO INJURY / DRIVE AWAY",,,,"$501 - $1,500","2025-01-26T18:20:00.000","UNABLE TO DETERMINE","UNABLE TO DETERMINE","4720","W","ADDISON ST","1731",,,,,,,"2","NO INDICATION OF INJURY","0","0","0","0","0","1","0","15","1","1","41.9462594275","-87.7453612921","POINT (-87.745361292139 41.946259427545)"
"1251868b516bcab28594c1ed17862ad21027e8753c9aca1dcce4fe3135513f93bc98bc7adb8ee8a31eff3271057fb5e3e5698439c7988f648db980fdd1cdaa30",,"2025-01-26T15:20:00.000","40","NO CONTROLS","NO CONTROLS","CLEAR","DAYLIGHT","SIDESWIPE SAME DIRECTION","DIVIDED - W/MEDIAN BARRIER",,"STRAIGHT AND LEVEL","DRY","NO DEFECTS","ON SCENE","INJURY AND / OR TOW DUE TO CRASH",,,"Y","OVER $1,500","2025-01-26T15:27:00.000","FOLLOWING TOO CLOSELY","IMPROPER OVERTAKING/PASSING","4700","S","LAKE SHORE DR SB","222",,,,,,,"3","NO INDICATION OF INJURY","0","0","0","0","0","3","0","15","1","1","41.8105924989","-87.5893711119","POINT (-87.589371111902 41.810592498867)"
"eef33299a3ab0ad326b411e957f69637d1ea06df3ffcb35094711d9dd7f7c8edb9546d4af5241e223f7c7c2501981270f85c0ea8cd0510627ca8af705ee05251",,"2025-01-26T15:20:00.000","30","UNKNOWN","UNKNOWN","CLEAR","DAYLIGHT","SIDESWIPE SAME DIRECTION","NOT DIVIDED",,"STRAIGHT AND LEVEL","UNKNOWN","UNKNOWN","NOT ON SCENE (DESK REPORT)","NO INJURY / DRIVE AWAY",,,,"OVER $1,500","2025-01-26T16:00:00.000","UNABLE TO DETERMINE","UNABLE TO DETERMINE","1150","W","ARMITAGE AVE","1811",,,,,,,"2","NO INDICATION OF INJURY","0","0","0","0","0","2","0","15","1","1","41.918157234","-87.6573256385","POINT (-87.657325638464 41.918157234001)"
"3760f0a9b62608ae721187c95b77f4457e165240192adfe016549cb50918f2381260346378d93b715b24b9460046a80095ae8f6d2ccda59093e06c5b6bb60497",,"2025-01-26T15:17:00.000","10","STOP SIGN/FLASHER","FUNCTIONING PROPERLY","CLEAR","DAYLIGHT","TURNING","T-INTERSECTION",,"STRAIGHT AND LEVEL","DRY","NO DEFECTS","NOT ON SCENE (DESK REPORT)","NO INJURY / DRIVE AWAY","Y",,,"OVER $1,500","2025-01-26T16:00:00.000","FOLLOWING TOO CLOSELY","UNABLE TO DETERMINE","713","S","SEELEY AVE","1225",,,,,,,"2","NO INDICATION OF INJURY","0","0","0","0","0","3","0","15","1","1","41.8728135328","-87.677448294","POINT (-87.677448293965 41.872813532786)"
"39aa32c8b452f27ae434a4d8eb520386685fbc874733dd95cca72fd51c5da25c1a12484058ccef8306c9c7a298825c9fd1fb5af389d417a181d30fe31483a282","Y","2025-01-26T15:00:00.000","30","TRAFFIC SIGNAL","FUNCTIONING PROPERLY","CLEAR","DAYLIGHT","REAR END","NOT DIVIDED",,"STRAIGHT AND LEVEL","DRY","UNKNOWN","NOT ON SCENE (DESK REPORT)","NO INJURY / DRIVE AWAY",,,"Y","OVER $1,500","2025-01-26T15:30:00.000","FOLLOWING TOO CLOSELY","NOT APPLICABLE","2600","N","ASHLAND AVE","1931",,,,,,,"2","NO INDICATION OF INJURY","0","0","0","0","0","2","0","15","1","1","41.9288670185","-87.6684221017","POINT (-87.668422101707 41.928867018523)"
"751115a5acbcf9ce53ad50173c59f79312d56fae1ed7f4159e298fa7eeeb21c7b72764542ae12e7f65fcac329f5068b31480e50bfc2730c7a60af2943ea0662c",,"2025-01-26T15:00:00.000","35","TRAFFIC SIGNAL","FUNCTIONING PROPERLY","CLEAR","DAYLIGHT","TURNING","ONE-WAY",,"STRAIGHT AND LEVEL","DRY","NO DEFECTS","NOT ON SCENE (DESK REPORT)","NO INJURY / DRIVE AWAY",,,,"$501 - $1,500","2025-01-26T19:22:00.000","IMPROPER OVERTAKING/PASSING","IMPROPER OVERTAKING/PASSING","2","E","ONTARIO ST","1834",,,,,,,"2","NO INDICATION OF INJURY","0","0","0","0","0","2","0","15","1","1","41.893383144","-87.6280537048","POINT (-87.628053704842 41.893383144032)"
"e07771d8c7f550f1f47ba14e13a40d2f58dd450f6c05fd303231b64446f9451f047287251a33ee85dadfc686d836e2731a3a1bad48fbb5260aa58ccfa21de573",,"2025-01-26T15:00:00.000","30","NO CONTROLS","NO CONTROLS","CLEAR","DAYLIGHT","TURNING","NOT DIVIDED",,"STRAIGHT AND LEVEL","DRY","NO DEFECTS","ON SCENE","INJURY AND / OR TOW DUE TO CRASH",,,,"OVER $1,500","2025-01-26T15:10:00.000","FAILING TO YIELD RIGHT-OF-WAY","NOT APPLICABLE","1149","W","VAN BUREN ST","1232",,,,,,,"2","NONINCAPACITATING INJURY","1","0","0","1","0","2","0","15","1","1","41.8764224057","-87.6562777255","POINT (-87.65627772548 41.876422405747)"
"37b4978df549135c287ebcddefb4dd8fe4cb775dd4cb5ee107f5bb5a3354437d60b4ec2a131562bf8e228f5f4a9bf77f917e93f0eb42f0ed184d64a5be37bdd1",,"2025-01-26T14:54:00.000","30","YIELD","UNKNOWN","CLEAR","DAYLIGHT","SIDESWIPE SAME DIRECTION","FOUR WAY",,"STRAIGHT AND LEVEL","DRY","UNKNOWN","ON SCENE","NO INJURY / DRIVE AWAY",,,,"OVER $1,500","2025-01-26T14:54:00.000","IMPROPER LANE USAGE","NOT APPLICABLE","3301","W","AUGUSTA BLVD","1121",,,,,,,"2","NO INDICATION OF INJURY","0","0","0","0","0","3","0","14","1","1","41.8990606613","-87.708882578","POINT (-87.708882577975 41.899060661262)"
"72eb737cdbde270f59c561c71b80b54b2f2ccbe4d725915035061092133af47ece277fe269f978ec836f3b9e5bd9352167c368b319d5b183a0b877abd77a9230",,"2025-01-26T14:50:00.000","25","STOP SIGN/FLASHER","FUNCTIONING PROPERLY","CLEAR","DAYLIGHT","PEDESTRIAN","ONE-WAY",,"STRAIGHT AND LEVEL","DRY","NO DEFECTS","ON SCENE","INJURY AND / OR TOW DUE TO CRASH",,,,"$500 OR LESS","2025-01-26T14:50:00.000","FAILING TO YIELD RIGHT-OF-WAY","VISION OBSCURED (SIGNS, TREE LIMBS, BUILDINGS, ETC.)","5301","S","NEW ENGLAND AVE","811",,,,,,,"2","REPORTED, NOT EVIDENT","1","0","0","0","1","1","0","14","1","1","41.7957816361","-87.7939694989","POINT (-87.793969498898 41.795781636103)"
"13f8d4d414f6741aba3b18238256765282acf97a0835001a9f88da72562d71d41fcbdc713a8d6e099b16d5fd2fcbc216f731af39dd824f0fa50147d31facc260",,"2025-01-26T14:49:00.000","30","NO CONTROLS","NO CONTROLS","CLEAR","DAYLIGHT","SIDESWIPE SAME DIRECTION","NOT DIVIDED",,"STRAIGHT AND LEVEL","DRY","NO DEFECTS","ON SCENE","INJURY AND / OR TOW DUE TO CRASH",,,,"OVER $1,500","2025-01-26T14:50:00.000","IMPROPER TURNING/NO SIGNAL","NOT APPLICABLE","4299","W","GRAND AVE","2534",,,,,,,"2","NO INDICATION OF INJURY","0","0","0","0","0","2","0","14","1","1","41.9089899796","-87.7338669112","POINT (-87.733866911222 41.908989979589)"
"adb49fd322310624b0ea77c1a269b630185e6b2b43fa618ed3e68468050036cc6cbdf47532e02a522cc0773f9b124d1a730bedbfbca3f21ae4552f80a1636814",,"2025-01-26T14:45:00.000","30","NO CONTROLS","NO CONTROLS","CLEAR","DAYLIGHT","PARKED MOTOR VEHICLE","NOT DIVIDED",,"STRAIGHT AND LEVEL","DRY","UNKNOWN","NOT ON SCENE (DESK REPORT)","NO INJURY / DRIVE AWAY",,,"Y","OVER $1,500","2025-01-26T16:00:00.000","UNABLE TO DETERMINE","NOT APPLICABLE","3347","W","25TH ST","1024",,,,,,,"2","NO INDICATION OF INJURY","0","0","0","0","0","1","0","14","1","1","41.8461580826","-87.7093918622","POINT (-87.709391862166 41.846158082586)"
"82ca80a4192efc193d4b92964b499667decdc965636162568baae11a33b77a663a98eeb8ab226b5fd3e64ad50365aeeb35fc08f65ec34a79c5ec6e7ab4791cb5",,"2025-01-26T14:35:00.000","30","UNKNOWN","UNKNOWN","UNKNOWN","UNKNOWN","SIDESWIPE SAME DIRECTION","OTHER",,"STRAIGHT AND LEVEL","UNKNOWN","UNKNOWN","NOT ON SCENE (DESK REPORT)","NO INJURY / DRIVE AWAY",,,,"OVER $1,500","2025-01-26T15:55:00.000","UNABLE TO DETERMINE","UNABLE TO DETERMINE","10000","W","BALMORAL AVE","1654",,,,,,,"2","NO INDICATION OF INJURY","0","0","0","0","0","3","0","14","1","1",,,
"b12bfde19f6d41decb3fc2cfe8ddc2d92b2337f8655df1db77f3d7ef14e2c66224891c8e87c65929ccd1d57cdfa5e0c687001bc810a7f0b8784096db497c72e2",,"2025-01-26T14:32:00.000","30","NO CONTROLS","NO CONTROLS","CLEAR","DAYLIGHT","SIDESWIPE SAME DIRECTION","DIVIDED - W/MEDIAN (NOT RAISED)",,"STRAIGHT AND LEVEL","DRY","NO DEFECTS","NOT ON SCENE (DESK REPORT)","NO INJURY / DRIVE AWAY",,,,"$501 - $1,500","2025-01-26T15:06:00.000","UNABLE TO DETERMINE","UNABLE TO DETERMINE","4440","N","WESTERN AVE","1911",,,,,,,"2","NO INDICATION OF INJURY","0","0","0","0","0","3","0","14","1","1","41.9625352132","-87.6888659453","POINT (-87.688865945272 41.962535213154)"
"8298a9558208faa154a985351fc2e40adc403aa7f93731effed133043e6e444c94314451435ce7003dc46939a504c8d3c871f2b06e25a4e767abe7a5e0ab0b19",,"2025-01-26T14:30:00.000","30","STOP SIGN/FLASHER","FUNCTIONING PROPERLY","CLEAR","DAYLIGHT","PEDESTRIAN","ONE-WAY",,"STRAIGHT AND LEVEL","DRY","NO DEFECTS","ON SCENE","INJURY AND / OR TOW DUE TO CRASH",,,,"$500 OR LESS","2025-01-26T14:40:00.000","DISREGARDING STOP SIGN","FAILING TO YIELD RIGHT-OF-WAY","1958","W","WINNEMAC AVE","2032",,,,,,,"2","NONINCAPACITATING INJURY","1","0","0","1","0","1","0","14","1","1","41.973376233","-87.6786068524","POINT (-87.678606852434 41.973376233035)"
"ee044443e91d177640ee69792a855a1e64d76cd77fbde4cbc419931de9950bbc4d082582dc68ae861e0871a3181e624c70cb66403439b4769da9bc23c4d20c4e",,"2025-01-26T14:29:00.000","30","NO CONTROLS","NO CONTROLS","CLEAR","DAYLIGHT","TURNING","T-INTERSECTION",,"STRAIGHT AND LEVEL","UNKNOWN","UNKNOWN","ON SCENE","NO INJURY / DRIVE AWAY","Y",,,"OVER $1,500","2025-01-26T14:49:00.000","UNABLE TO DETERMINE","NOT APPLICABLE","6300","N","PULASKI RD","1711",,,,,,,"2","NO INDICATION OF INJURY","0","0","0","0","0","3","0","14","1","1","41.9955500499","-87.7290474084","POINT (-87.729047408368 41.995550049907)"