"crash_record_id","crash_date_est_i","crash_date","posted_speed_limit","traffic_control_device","device_condition","weather_condition","lighting_condition","first_crash_type","trafficway_type","lane_cnt","alignment","roadway_surface_cond","road_defect","report_type","crash_type","intersection_related_i","private_property_i","hit_and_run_i","damage","date_police_notified","prim_contributory_cause","sec_contributory_cause","street_no","street_direction","street_name","beat_of_occurrence","photos_taken_i","statements_taken_i","dooring_i","work_zone_i","work_zone_type","workers_present_i","num_units","most_severe_injury","injuries_total","injuries_fatal","injuries_incapacitating","injuries_non_incapacitating","injuries_reported_not_evident","injuries_no_indication","injuries_unknown","crash_hour","crash_day_of_week","crash_month","latitude","longitude","location"
"7fde608ef33e335d70ec17e3537784eb1313dcac4f9b0d2081c365968f852be83c4538881745e40b76a5b9c93ce444ad30e1cd4ec51c6e9c144e5bdd12d5eeab",,"2025-01-26T14:25:00.000","25","NO CONTROLS","NO CONTROLS","CLEAR","DAYLIGHT","PARKED MOTOR VEHICLE","ALLEY",,"STRAIGHT AND LEVEL","DRY","UNKNOWN","ON SCENE","NO INJURY / DRIVE AWAY","N",,,"$501 - $1,500","2025-01-26T14:25:00.000","DRIVING SKILLS/KNOWLEDGE/EXPERIENCE","UNABLE TO DETERMINE","1066","W","113TH PL","2234",,,,,,,"2","NO INDICATION OF INJURY","0","0","0","0","0","1","0","14","1","1","41.6877366776","-87.6494703513","POINT (-87.649470351332 41.687736677596)"
"b55033474d5e65b80d2ca00e57f0df6b814f1bd25cfa032cadd75d9efc9b7b6d2d590203a55f1903d0a61d57d74bcdde55d1ebf153031950b56830c26c353b73",,"2025-01-26T14:20:00.000","30","TRAFFIC SIGNAL","FUNCTIONING PROPERLY","CLEAR","DUSK","REAR END","FOUR WAY",,"STRAIGHT AND LEVEL","DRY","UNKNOWN","NOT ON SCENE (DESK REPORT)","NO INJURY / DRIVE AWAY","Y",,,"OVER $1,500","2025-01-26T14:47:00.000","FAILING TO REDUCE SPEED TO AVOID CRASH","NOT APPLICABLE","2400","N","ASHLAND AVE","1931",,,,,,,"2","NO INDICATION OF INJURY","0","0","0","0","0","3","0","14","1","1","41.9251938898","-87.6682943634","POINT (-87.668294363399 41.92519388981)"
"55c55245bf0bc0a8226c9aa62fbe6ee2b75d987d198be4c7b0ebb8060c81a2c1310f4dbe1d907650dd0348628c95827dd986017823dcdec50db26dc43ecc502a",,"2025-01-26T14:15:00.000","10","NO CONTROLS","NO CONTROLS","CLEAR","DAYLIGHT","REAR END","PARKING LOT",,"STRAIGHT AND LEVEL","DRY","NO DEFECTS","NOT ON SCENE (DESK REPORT)","NO INJURY / DRIVE AWAY",,"Y",,"OVER $1,500","2025-01-27T10:30:00.000","UNABLE TO DETERMINE","UNABLE TO DETERMINE","1400","S","ASHLAND AVE","1233",,,,,,,"2","NO INDICATION OF INJURY","0","0","0","0","0","2","0","14","1","1","41.8632202264","-87.6664415695","POINT (-87.666441569504 41.863220226428)"
"a1d655650ba5fd9467182bc02e6ac0172ab8d2f98951b2266f649c3e20823db4f106be3653aeb06ae2cb0f2727f04c6df91743d561cd8b7f896d1c0642ba8185",,"2025-01-26T14:11:00.000","30","STOP SIGN/FLASHER","FUNCTIONING PROPERLY","CLEAR","DAYLIGHT","REAR TO SIDE","NOT DIVIDED",,"STRAIGHT AND LEVEL","UNKNOWN","UNKNOWN","NOT ON SCENE (DESK REPORT)","NO INJURY / DRIVE AWAY","Y",,"N","OVER $1,500","2025-01-26T15:11:00.000","IMPROPER BACKING","DISREGARDING STOP SIGN","4200","W","WABANSIA AVE","2534",,,,,,,"2","NO INDICATION OF INJURY","0","0","0","0","0","2","0","14","1","1","41.9117511458","-87.7313347725","POINT (-87.731334772477 41.91175114577)"
"5cefa700bf1d6151032e536514a3697f3a3f9f10df787f0471bc0edde2fe24d65e4f26deef7b530d6e73ff690d4ef599346de2b33261123f470c4fd810a09810",,"2025-01-26T14:00:00.000","30","NO CONTROLS","NO CONTROLS","CLEAR","DAYLIGHT","SIDESWIPE SAME DIRECTION","DIVIDED - W/MEDIAN (NOT RAISED)",,"STRAIGHT AND LEVEL","DRY","NO DEFECTS","NOT ON SCENE (DESK REPORT)","NO INJURY / DRIVE AWAY",,,,"OVER $1,500","2025-01-27T14:20:00.000","UNABLE TO DETERMINE","NOT APPLICABLE","3343","W","ADDISON ST","1733",,,,,,,"2","NO INDICATION OF INJURY","0","0","0","0","0","2","0","14","1","1","41.946467796","-87.7120240971","POINT (-87.712024097067 41.946467795996)"
"e2b39c546cce764409dbb158e7a3d2b1bd5a096c50552830a7e28bd7f8cad5d18612581eb41cfc14477afa438bab1db3a44343569867d9b7eca14aae6e81a107",,"2025-01-26T14:00:00.000","30","NO CONTROLS","NO CONTROLS","CLEAR","DAYLIGHT","PARKED MOTOR VEHICLE","ONE-WAY",,"STRAIGHT AND LEVEL","DRY","NO DEFECTS","ON SCENE","NO INJURY / DRIVE AWAY",,,,"OVER $1,500","2025-01-26T14:42:00.000","UNABLE TO DETERMINE","NOT APPLICABLE","4146","W","SCHOOL ST","1731",,,,,,,"2","NO INDICATION OF INJURY","0","0","0","0","0","1","0","14","1","1","41.9409676647","-87.7315207112","POINT (-87.731520711239 41.940967664712)"
"87e3707339ba047d6e5f95f8935bcf947d5c265f993a0dd5bc14a2f6902a3aedac5eda15b30192ebc532290e696f96721c94253c09d2173bdb06ece68698e596",,"2025-01-26T13:45:00.000","30","UNKNOWN","UNKNOWN","UNKNOWN","UNKNOWN","REAR END","UNKNOWN",,"STRAIGHT AND LEVEL","UNKNOWN","UNKNOWN","NOT ON SCENE (DESK REPORT)","NO INJURY / DRIVE AWAY",,,,"$500 OR LESS","2025-01-26T14:12:00.000","UNABLE TO DETERMINE","UNABLE TO DETERMINE","6601","N","RIDGE BLVD","2432",,,,,,,"2","NO INDICATION OF INJURY","0","0","0","0","0","2","0","13","1","1","42.0017420183","-87.6784191236","POINT (-87.678419123564 42.001742018263)"
"6790911742cb737879041e6c4b1582217635aab89edd7f38a1f42b623a44f3b0df78672e99a16a7a78843044863041c00c0f0868dea110c816e13b72db0eb457",,"2025-01-26T13:30:00.000","30","NO CONTROLS","NO CONTROLS","CLEAR","DAYLIGHT","REAR END","NOT DIVIDED",,"STRAIGHT AND LEVEL","DRY","UNKNOWN","NOT ON SCENE (DESK REPORT)","NO INJURY / DRIVE AWAY",,,"Y","OVER $1,500","2025-01-26T13:43:00.000","FAILING TO REDUCE SPEED TO AVOID CRASH","NOT APPLICABLE","110","E","CHICAGO AVE","1833",,,,,,,"2","NO INDICATION OF INJURY","0","0","0","0","0","2","0","13","1","1","41.8968282565","-87.6250016102","POINT (-87.62500161015 41.896828256501)"
"ccb81ee03821be015ca8d62181e36a5d9b0bc81c75ad16cee5289e947cff028d8a68c396a6edcfba27e6a47175af67b57e358b27df47e95883751ebfd4d05fb9","Y","2025-01-26T13:30:00.000","30","UNKNOWN","UNKNOWN","UNKNOWN","DAYLIGHT","REAR END","NOT DIVIDED",,"STRAIGHT AND LEVEL","UNKNOWN","UNKNOWN","NOT ON SCENE (DESK REPORT)","NO INJURY / DRIVE AWAY",,,,"OVER $1,500","2025-01-26T13:50:00.000","UNABLE TO DETERMINE","NOT APPLICABLE","7500","S","YATES BLVD","414",,,,,,,"2","NO INDICATION OF INJURY","0","0","0","0","0","2","0","13","1","1","41.7588946702","-87.5665178399","POINT (-87.566517839923 41.758894670165)"
"f342d33402fab9f2ea16b84c3beb76ae8bec78c0741410ba7897f83b79b6f5275eb73451a620c39c197e9e2c914d5ef3a0ac686c5da27fc641892270abf44ba9",,"2025-01-26T13:30:00.000","30","NO CONTROLS","NO CONTROLS","CLEAR","DAYLIGHT","REAR END","NOT DIVIDED",,"STRAIGHT AND LEVEL","DRY","UNKNOWN","NOT ON SCENE (DESK REPORT)","NO INJURY / DRIVE AWAY",,,,"OVER $1,500","2025-01-26T13:54:00.000","FOLLOWING TOO CLOSELY","FOLLOWING TOO CLOSELY","11833","S","WESTERN AVE","2212",,,,,,,"2","NO INDICATION OF INJURY","0","0","0","0","0","2","0","13","1","1","41.6779885225","-87.680579839","POINT (-87.680579838983 41.677988522501)"
"5cf03db1ce80da1b909a862f1ccace3f3efeec28e5e81376f99d67bf47302e4377ba039d1861d5b407553e3ef451999014635abae68cbabcc5d8f7f7da0cec5b",,"2025-01-26T13:20:00.000","30","STOP SIGN/FLASHER","FUNCTIONING PROPERLY","CLEAR","DAYLIGHT","TURNING","DIVIDED - W/MEDIAN (NOT RAISED)",,"STRAIGHT AND LEVEL","DRY","UNKNOWN","NOT ON SCENE (DESK REPORT)","NO INJURY / DRIVE AWAY","Y",,,"OVER $1,500","2025-01-27T12:40:00.000","UNABLE TO DETERMINE","UNABLE TO DETERMINE","4600","S","WOODLAWN AVE","222",,,,,,,"2","NO INDICATION OF INJURY","0","0","0","0","0","2","0","13","1","1","41.8114243566","-87.5970154946","POINT (-87.59701549464 41.81142435657)"
"766fd0e60a93ecfe13b807f8074b2b63d1ba29468b72bd256613eeaaf797b7849955572b49c704a1d64cf3b9d486a034b383c7626c4de65c8a204fd0d34bf1d7",,"2025-01-26T13:20:00.000","35","UNKNOWN","UNKNOWN","CLEAR","DAYLIGHT","TURNING","NOT DIVIDED",,"STRAIGHT AND LEVEL","UNKNOWN","UNKNOWN","NOT ON SCENE (DESK REPORT)","NO INJURY / DRIVE AWAY",,,,"OVER $1,500","2025-01-26T16:00:00.000","UNABLE TO DETERMINE","UNABLE TO DETERMINE","2000","N","KILDARE AVE","2522",,,,,,,"2","NO INDICATION OF INJURY","0","0","0","0","0","2","0","13","1","1","41.9171106781","-87.7340367886","POINT (-87.734036788648 41.917110678092)"
"34fba0447aced1ade4c0f0af463d5ff8ceabd753d4f627e550bb7699193bf2b76ad0cc3445343189ea7d2f6c52dab97818b24bb6c22577178b001e4afd0bfb3a",,"2025-01-26T13:19:00.000","30","STOP SIGN/FLASHER","FUNCTIONING PROPERLY","CLEAR","DAYLIGHT","ANGLE","DIVIDED - W/MEDIAN (NOT RAISED)",,"STRAIGHT AND LEVEL","DRY","UNKNOWN","ON SCENE","INJURY AND / OR TOW DUE TO CRASH","Y",,,"OVER $1,500","2025-01-26T13:36:00.000","FAILING TO YIELD RIGHT-OF-WAY","DRIVING SKILLS/KNOWLEDGE/EXPERIENCE","5400","S","DAMEN AVE","932",,,,,,,"2","NO INDICATION OF INJURY","0","0","0","0","0","3","0","13","1","1","41.7956726789","-87.6744974612","POINT (-87.674497461248 41.795672678944)"
"10ad62fdfebdd7b4ae37d4eba02b4c4c564dc8e6e12764b4a9e844b94bc4d797ea49788659ba7b5030d9fb47bb96859b0b595a331250d20a931c1e6902f68875",,"2025-01-26T13:15:00.000","30","NO CONTROLS","NO CONTROLS","CLEAR","DAYLIGHT","ANGLE","ONE-WAY",,"STRAIGHT AND LEVEL","UNKNOWN","UNKNOWN","NOT ON SCENE (DESK REPORT)","NO INJURY / DRIVE AWAY",,,,"OVER $1,500","2025-01-26T15:00:00.000","IMPROPER LANE USAGE","NOT APPLICABLE","4812","W","DRUMMOND PL","2521",,,,,,,"2","NO INDICATION OF INJURY","0","0","0","0","0","3","0","13","1","1","41.9289184059","-87.747069652","POINT (-87.74706965201 41.928918405944)"
"1320f5ff0854aabb364296a01c30b8aff14e390e887057a6888ced44db332715ded0f0c37c6b5710a538f1de85dbccaffe2f6ca88a5fb6ebc9343deba81cefb8",,"2025-01-26T13:15:00.000","30","TRAFFIC SIGNAL","FUNCTIONING PROPERLY","CLEAR","DAYLIGHT","TURNING","DIVIDED - W/MEDIAN (NOT RAISED)",,"STRAIGHT AND LEVEL","DRY","NO DEFECTS","NOT ON SCENE (DESK REPORT)","NO INJURY / DRIVE AWAY","Y",,,"OVER $1,500","2025-01-26T14:10:00.000","IMPROPER TURNING/NO SIGNAL","NOT APPLICABLE","110","E","CHICAGO AVE","1833",,,,,,,"2","NO INDICATION OF INJURY","0","0","0","0","0","2","0","13","1","1","41.8968282565","-87.6250016102","POINT (-87.62500161015 41.896828256501)"
"ff55f1f048cc574eeefcf34882ac6aae41d18b731680d433aa4faeb66f320d359200af998e766bf469ea1f4d53f5b453b3d554c2cfb39b1f62e47fc5e507ae72",,"2025-01-26T13:10:00.000","30","UNKNOWN","UNKNOWN","CLEAR","DAYLIGHT","REAR TO SIDE","PARKING LOT",,"STRAIGHT AND LEVEL","UNKNOWN","UNKNOWN","NOT ON SCENE (DESK REPORT)","NO INJURY / DRIVE AWAY",,"Y",,"OVER $1,500","2025-01-26T14:30:00.000","UNABLE TO DETERMINE","UNABLE TO DETERMINE","1000","W","NORTH AVE","1811",,,,,,,"2","NO INDICATION OF INJURY","0","0","0","0","0","2","0","13","1","1","41.9109487626","-87.6531595513","POINT (-87.653159551272 41.910948762561)"
"a66087ed3f45d630b45883f9b80b02770b5e99cc617c520d1ad2efa2ee5b64f2578d154dbe36dc911f86f0902bab3557fff52dfec055fb5da78dd84595d82a09",,"2025-01-26T13:04:00.000","30","NO CONTROLS","NO CONTROLS","CLEAR","DAYLIGHT","FIXED OBJECT","ONE-WAY",,"STRAIGHT AND LEVEL","DRY","RUT, HOLES","NOT ON SCENE (DESK REPORT)","INJURY AND / OR TOW DUE TO CRASH",,,,"OVER $1,500","2025-01-26T13:04:00.000","ROAD ENGINEERING/SURFACE/MARKING DEFECTS","NOT APPLICABLE","11712","S","MARSHFIELD AVE","2234",,,,,,,"1","NO INDICATION OF INJURY","0","0","0","0","0","2","0","13","1","1","41.6808985981","-87.6625980781","POINT (-87.662598078092 41.680898598065)"
"2bf53ad2e2f1b3ed724c3fc3c7bf3715434ee53ab30f2656f1d1b038964232a19ae827f6ea3e0f18f31e9c9a0a36fb5ce4eb254709eaf4172cef3b1129cc5112",,"2025-01-26T13:00:00.000","30","NO CONTROLS","NO CONTROLS","CLEAR","DAYLIGHT","PARKED MOTOR VEHICLE","NOT DIVIDED",,"STRAIGHT AND LEVEL","DRY","NO DEFECTS","NOT ON SCENE (DESK REPORT)","NO INJURY / DRIVE AWAY",,,,"$501 - $1,500","2025-01-26T14:20:00.000","FOLLOWING TOO CLOSELY","NOT APPLICABLE","5159","W","HIRSCH ST","2533",,,,,,,"2","NO INDICATION OF INJURY","0","0","0","0","0","1","0","13","1","1","41.9057654497","-87.7557969906","POINT (-87.755796990618 41.905765449686)"
"5c39a85aba71363c07c67eae19c516c6249a292bea803959401350f912f94c71f55d9095836b75bf1897ebef5563938be5133bc13c03e88b057e49fb7f04fa15",,"2025-01-26T13:00:00.000","10","NO CONTROLS","NO CONTROLS","CLEAR","DAYLIGHT","REAR TO FRONT","OTHER",,"STRAIGHT AND LEVEL","DRY","NO DEFECTS","NOT ON SCENE (DESK REPORT)","NO INJURY / DRIVE AWAY",,"Y",,"$501 - $1,500","2025-01-26T14:00:00.000","UNABLE TO DETERMINE","UNABLE TO DETERMINE","4920","S","HALSTED ST","933",,,,,,,"2","NO INDICATION OF INJURY","0","0","0","0","0","2","0","13","1","1","41.804453962","-87.6455662749","POINT (-87.645566274923 41.804453962009)"
"8943a501c51eb99832178b40765ea348da3fbdac4cf7ade71bb8300b50b3256329f5fb6159de7774de7701206da3ad57e25c5e25e240b6b8a0ff41d9722d17e8",,"2025-01-26T13:00:00.000","30","TRAFFIC SIGNAL","UNKNOWN","CLEAR","DAYLIGHT","SIDESWIPE SAME DIRECTION","DIVIDED - W/MEDIAN BARRIER",,"STRAIGHT AND LEVEL","DRY","UNKNOWN","NOT ON SCENE (DESK REPORT)","NO INJURY / DRIVE AWAY",,,,"$501 - $1,500","2025-01-26T14:21:00.000","IMPROPER LANE USAGE","DRIVING SKILLS/KNOWLEDGE/EXPERIENCE","25","W","IDA B WELLS DR","123",,,,,,,"2","NO INDICATION OF INJURY","0","0","0","0","0","2","0","13","1","1","41.8755213933","-87.6285718615","POINT (-87.628571861491 41.875521393271)"
"8d607a9353c6eaa5f8697d177d2956721e4ec42400e7bd04bcc7e46d481eb97db9ab10be2749ed9bceca6f8bad15b991e773da9a62cda2b1391338b5a730cdf7",,"2025-01-26T13:00:00.000","30","NO CONTROLS","NO CONTROLS","CLEAR","DAYLIGHT","PARKED MOTOR VEHICLE","ONE-WAY",,"STRAIGHT AND LEVEL","UNKNOWN","UNKNOWN","ON SCENE","NO INJURY / DRIVE AWAY",,,,"$501 - $1,500","2025-01-26T13:03:00.000","IMPROPER BACKING","NOT APPLICABLE","729","W","WAVELAND AVE","1925",,,,,,,"2","NO INDICATION OF INJURY","0","0","0","0","0","1","0","13","1","1","41.9492661284","-87.647707091","POINT (-87.647707091008 41.949266128353)"
"c0cb5a139ae4674a1902e047f5c20596eaf130448e620834bbc4dd0a22258d8989a725ed15efc99384c5ff3451178af5665bdc000610cca61f42a03cf55dcd71",,"2025-01-26T13:00:00.000","30","NO CONTROLS","NO CONTROLS","CLEAR","DAYLIGHT","REAR END","NOT DIVIDED",,"STRAIGHT AND LEVEL","DRY","NO DEFECTS","NOT ON SCENE (DESK REPORT)","NO INJURY / DRIVE AWAY",,,,"OVER $1,500","2025-01-26T14:00:00.000","UNABLE TO DETERMINE","UNABLE TO DETERMINE","6235","W","MONTROSE AVE","1624",,,,,,,"2","NO INDICATION OF INJURY","0","0","0","0","0","2","0","13","1","1","41.960153983","-87.783339524","POINT (-87.783339523961 41.960153983017)"
"d093c6e7789ddfe805aa27fe1fc9312b0c7fe870dfba5dd0dcb23532c7e63c63365f1e1afa7433f93a330f7fed86fdf236bb6c852abfb4bc5b645a3af561371c",,"2025-01-26T12:55:00.000","30","TRAFFIC SIGNAL","FUNCTIONING PROPERLY","CLEAR","DAYLIGHT","SIDESWIPE SAME DIRECTION","T-INTERSECTION",,"STRAIGHT AND LEVEL","UNKNOWN","UNKNOWN","NOT ON SCENE (DESK REPORT)","NO INJURY / DRIVE AWAY","Y",,"Y","OVER $1,500","2025-01-26T13:18:00.000","UNABLE TO DETERMINE","UNABLE TO DETERMINE","600","S","KOSTNER AVE","1131",,,,,,,"2","NO INDICATION OF INJURY","0","0","0","0","0","5","0","12","1","1","41.8734994825","-87.735368187","POINT (-87.73536818697 41.873499482485)"
"0f4d4776f785e126e900ae586bb1f15f2d452a4e75882ddf53f86a5dcf43f17f0654cf4865ac779efa23f9f1f991f71d8089adf0443fe7d0312b46b0ce38ed30",,"2025-01-26T12:50:00.000","30","STOP SIGN/FLASHER","FUNCTIONING PROPERLY","CLEAR","DAYLIGHT","REAR END","DIVIDED - W/MEDIAN (NOT RAISED)",,"STRAIGHT AND LEVEL","DRY","UNKNOWN","NOT ON SCENE (DESK REPORT)","NO INJURY / DRIVE AWAY",,,,"OVER $1,500","2025-01-26T13:20:00.000","UNABLE TO DETERMINE","UNABLE TO DETERMINE","2558","S","CALIFORNIA AVE","1033",,,,,,,"3","NO INDICATION OF INJURY","0","0","0","0","0","4","0","12","1","1","41.8447339387","-87.6953630667","POINT (-87.695363066709 41.844733938666)"
"15529c5b41e3ed1c9a27f9cbb7fa3665d1ca03100ede51eaa40f423dd8ee66dc11e8949b41fab0a18b70b88d6aee3c6c6a84b6af72cf171d46df80370b8d7a78",,"2025-01-26T12:48:00.000","25","NO CONTROLS","NO CONTROLS","CLEAR","DAYLIGHT","REAR END","NOT DIVIDED",,"STRAIGHT AND LEVEL","DRY","NO DEFECTS","NOT ON SCENE (DESK REPORT)","NO INJURY / DRIVE AWAY",,,"Y","OVER $1,500","2025-01-26T15:38:00.000","UNABLE TO DETERMINE","NOT APPLICABLE","1142","E","76TH ST","624",,,,,,,"2","NO INDICATION OF INJURY","0","0","0","0","0","2","0","12","1","1","41.7569628166","-87.5964667482","POINT (-87.596466748187 41.756962816569)"
"2214ecc299a82ee4db8847847923b33000444bd4afb842c3ece993f1499f7c5b5bfc18d942a395c264b9d392bb2c1dee1b7ee58e1897afcef3dc5c13a94925b6",,"2025-01-26T12:45:00.000","30","TRAFFIC SIGNAL","FUNCTIONING PROPERLY","CLEAR","DAYLIGHT","TURNING","FOUR WAY",,"STRAIGHT AND LEVEL","DRY","UNKNOWN","NOT ON SCENE (DESK REPORT)","NO INJURY / DRIVE AWAY","Y",,,"$501 - $1,500","2025-01-26T13:15:00.000","IMPROPER TURNING/NO SIGNAL","IMPROPER TURNING/NO SIGNAL","7899","S","STATE ST","623",,,,,,,"2","NO INDICATION OF INJURY","0","0","0","0","0","2","0","12","1","1","41.7510095803","-87.6244014161","POINT (-87.624401416141 41.75100958029)"
"1cc1ffc84f3af6c594bd6c317c780c629c25d9397c09630384cee41c42260ddf409bce35a19c6e0753d965821b6224cf5122a39af5fcfd774387450f5da3e462",,"2025-01-26T12:30:00.000","30","NO CONTROLS","NO CONTROLS","UNKNOWN","DAYLIGHT","PARKED MOTOR VEHICLE","UNKNOWN",,"STRAIGHT AND LEVEL","UNKNOWN","UNKNOWN","NOT ON SCENE (DESK REPORT)","NO INJURY / DRIVE AWAY",,,,"OVER $1,500","2025-01-26T16:19:00.000","NOT APPLICABLE","NOT APPLICABLE","444","N","WELLS ST","1831",,,,,,,"2","NO INDICATION OF INJURY","0","0","0","0","0","1","0","12","1","1","41.8905261162","-87.6341888578","POINT (-87.634188857829 41.890526116185)"
"1d42f6fb46ea33bb2eba96f94c3f188eb701d132612e9da31c0a458c515cad507e634bc9695154dae633bbfc34f4ddf0c43607264da8d4c1e78430d7139799b6",,"2025-01-26T12:30:00.000","30","NO CONTROLS","NO CONTROLS","CLEAR","DAYLIGHT","PARKED MOTOR VEHICLE","ONE-WAY",,"STRAIGHT AND LEVEL","DRY","NO DEFECTS","ON SCENE","NO INJURY / DRIVE AWAY",,,,"OVER $1,500","2025-01-26T12:35:00.000","FOLLOWING TOO CLOSELY","NOT APPLICABLE","203","N","KARLOV AVE","1114",,,,,,,"2","NO INDICATION OF INJURY","0","0","0","0","0","1","0","12","1","1","41.8834683835","-87.7280554639","POINT (-87.728055463932 41.883468383468)"
"29b1db59aea260c72274a22586ebfe39aaba79895d3a6683f89ca99ff7a1d6abe820d137918ba317f8360c5f66bdab7656cdff49bb1f8e056b26f40b76edc40d",,"2025-01-26T12:30:00.000","30","NO CONTROLS","NO CONTROLS","CLEAR","DAYLIGHT","REAR TO FRONT","NOT DIVIDED",,"STRAIGHT AND LEVEL","DRY","NO DEFECTS","ON SCENE","NO INJURY / DRIVE AWAY",,,,"OVER $1,500","2025-01-26T12:30:00.000","IMPROPER BACKING","NOT APPLICABLE","4250","N","MARINE DR","1915",,,,,,,"2","NO INDICATION OF INJURY","0","0","0","0","0","2","0","12","1","1","41.960019954","-87.6469060276","POINT (-87.646906027619 41.960019954019)"
"8e95a4edbf80ecd17ebc7cec6c9feeb21caeb53e522a60725051acc42417ede132686a1f7eba6fc50dc703a5776f3367e6b345a7841630bdedb9d8db554cad56",,"2025-01-26T12:30:00.000","30","NO CONTROLS","NO CONTROLS","CLEAR","DAYLIGHT","ANGLE","ONE-WAY",,"STRAIGHT AND LEVEL","DRY","NO DEFECTS","ON SCENE","INJURY AND / OR TOW DUE TO CRASH","Y",,,"OVER $1,500","2025-01-26T12:40:00.000","UNABLE TO DETERMINE","UNABLE TO DETERMINE","9500","S","SEELEY AVE","2213",,,,,,,"2","REPORTED, NOT EVIDENT","1","0","0","0","1","1","0","12","1","1","41.7209684965","-87.6737253395","POINT (-87.673725339487 41.720968496527)"
"faffb3e5c9ebeef4719cc74cfd00dd6946a24137628218a8e988e037868f9bccd4d822c0d93b585e2a939c11b3c99400307ccf8cefd6f5883fa4da0f9dd1c976","Y","2025-01-26T12:30:00.000","15","NO CONTROLS","NO CONTROLS","CLEAR","DAYLIGHT","SIDESWIPE OPPOSITE DIRECTION","PARKING LOT",,"STRAIGHT AND LEVEL","DRY","UNKNOWN","NOT ON SCENE (DESK REPORT)","INJURY AND / OR TOW DUE TO CRASH",,,,"OVER $1,500","2025-01-26T14:30:00.000","NOT APPLICABLE","NOT APPLICABLE","4210","N","CICERO AVE","1624",,,,,,,"2","NO INDICATION OF INJURY","0","0","0","0","0","2","0","12","1","1","41.9574294166","-87.747574416","POINT (-87.747574416049 41.957429416618)"
"5fdfeb9eed9bf1df18dd025435f5b123d8d1187867940f3fd6cf7f67548caa1ac587b912ca441ff4d5047d9eaeeadaa9218ebf93c9420f691268498a3806469a",,"2025-01-26T12:20:00.000","30","TRAFFIC SIGNAL","FUNCTIONING PROPERLY","CLEAR","DAYLIGHT","REAR TO FRONT","DIVIDED - W/MEDIAN (NOT RAISED)",,"STRAIGHT AND LEVEL","DRY","NO DEFECTS","NOT ON SCENE (DESK REPORT)","NO INJURY / DRIVE AWAY",,,,"$501 - $1,500","2025-01-26T12:30:00.000","DRIVING SKILLS/KNOWLEDGE/EXPERIENCE","DRIVING SKILLS/KNOWLEDGE/EXPERIENCE","1888","W","DEVON AVE","2432",,,,,,,"2","NO INDICATION OF INJURY","0","0","0","0","0","3","0","12","1","1","41.9980700483","-87.6767754344","POINT (-87.676775434372 41.998070048285)"
"b242049adb622f10afa66475195c1ad6825a21f509d189f2ee0570bde15379115f5a014c88be16813dd31123d121b392630bf260fbdfbeca35f9cea99151d0f2",,"2025-01-26T12:20:00.000","30","STOP SIGN/FLASHER","FUNCTIONING PROPERLY","CLEAR","DAYLIGHT","REAR END","NOT DIVIDED",,"STRAIGHT AND LEVEL","DRY","NO DEFECTS","ON SCENE","NO INJURY / DRIVE AWAY",,,,"$500 OR LESS","2025-01-26T12:34:00.000","UNABLE TO DETERMINE","NOT APPLICABLE","1198","W","35TH ST","913",,,,,,,"2","NO INDICATION OF INJURY","0","0","0","0","0","2","0","12","1","1","41.8307316567","-87.6556135689","POINT (-87.655613568899 41.830731656675)"
"fba3f07d8ee9ecc45f34cafc91de814f72b4b5db22eb03dd9bf73f6b2ca9db22a5252f72c847e9538ec578c1c26af003f7faf767fddf45710e9f4d736b0d6179","Y","2025-01-26T12:20:00.000","20","NO CONTROLS","NO CONTROLS","CLEAR","DAYLIGHT","REAR END","DIVIDED - W/MEDIAN (NOT RAISED)",,"STRAIGHT AND LEVEL","ICE","NO DEFECTS","NOT ON SCENE (DESK REPORT)","INJURY AND / OR TOW DUE TO CRASH",,,,"$500 OR LESS","2025-01-26T12:50:00.000","UNABLE TO DETERMINE","UNABLE TO DETERMINE","215","N","CICERO AVE","1113",,,,,,,"2","REPORTED, NOT EVIDENT","1","0","0","0","1","3","0","12","1","1","41.8850163275","-87.7452984767","POINT (-87.745298476748 41.885016327463)"
"42626b30f4ba684b98f3ab855459eef4a9608f9ab55b86a96b6aaa9ba9ec3b5af01edbb911a446c4661dc006fc1c2c04ecc408659c1609f4fe57a35d98e49d9d",,"2025-01-26T12:16:00.000","30","TRAFFIC SIGNAL","FUNCTIONING PROPERLY","CLEAR","DAYLIGHT","ANGLE","FOUR WAY",,"STRAIGHT AND LEVEL","DRY","NO DEFECTS","ON SCENE","INJURY AND / OR TOW DUE TO CRASH","Y",,,"OVER $1,500","2025-01-26T12:20:00.000","DISREGARDING TRAFFIC SIGNALS","UNABLE TO DETERMINE","1200","S","MORGAN ST","1232",,,,,,,"3","NO INDICATION OF INJURY","0","0","0","0","0","3","0","12","1","1","41.8670011433","-87.6511897831","POINT (-87.65118978311 41.867001143327)"
"b5ef46f61900df3d92d0533f360cde80eb3754dad697878db8540e85e71e0a59be4608ed1394f346e131884c5d67b846f35fe952ca7cd6418e4c36f9f67def94",,"2025-01-26T12:15:00.000","35","TRAFFIC SIGNAL","FUNCTIONING PROPERLY","CLEAR","DAYLIGHT","REAR END","NOT DIVIDED",,"STRAIGHT AND LEVEL","DRY","NO DEFECTS","NOT ON SCENE (DESK REPORT)","NO INJURY / DRIVE AWAY",,,,"$501 - $1,500","2025-01-26T13:15:00.000","FOLLOWING TOO CLOSELY","UNABLE TO DETERMINE","5500","S","CENTRAL AVE","811",,,,,,,"2","NO INDICATION OF INJURY","0","0","0","0","0","2","0","12","1","1","41.7926423369","-87.7624466007","POINT (-87.762446600716 41.792642336891)"