"crash_record_id","crash_date_est_i","crash_date","posted_speed_limit","traffic_control_device","device_condition","weather_condition","lighting_condition","first_crash_type","trafficway_type","lane_cnt","alignment","roadway_surface_cond","road_defect","report_type","crash_type","intersection_related_i","private_property_i","hit_and_run_i","damage","date_police_notified","prim_contributory_cause","sec_contributory_cause","street_no","street_direction","street_name","beat_of_occurrence","photos_taken_i","statements_taken_i","dooring_i","work_zone_i","work_zone_type","workers_present_i","num_units","most_severe_injury","injuries_total","injuries_fatal","injuries_incapacitating","injuries_non_incapacitating","injuries_reported_not_evident","injuries_no_indication","injuries_unknown","crash_hour","crash_day_of_week","crash_month","latitude","longitude","location"
"e6dc7ee4c9450a2be4ba6ae051ae8def9b8c1b3ad7eb76c85017ac26b259aabeac8e4341962e670c930e176bdc036aceda60fdcb1ad784b0eec5c7c277b2e08a",,"2025-01-26T12:13:00.000","30","TRAFFIC SIGNAL","FUNCTIONING PROPERLY","CLEAR","DAYLIGHT","REAR END","DIVIDED - W/MEDIAN (NOT RAISED)",,"STRAIGHT AND LEVEL","DRY","NO DEFECTS","NOT ON SCENE (DESK REPORT)","NO INJURY / DRIVE AWAY","Y",,,"OVER $1,500","2025-01-26T12:45:00.000","FOLLOWING TOO CLOSELY","UNABLE TO DETERMINE","4599","N","CICERO AVE","1722",,,,,,,"2","NO INDICATION OF INJURY","0","0","0","0","0","2","0","12","1","1","41.9643234441","-87.7474685449","POINT (-87.747468544931 41.964323444127)"
"48a00e91e86b01a2d8227337a7a4bedfaea34c5526bd78337d7e23ff7bcbb76cf797ad9a789abb6c2bc40e76613fdace81b3d1d5d0f3448358d473ff227ee544",,"2025-01-26T12:05:00.000","30","NO CONTROLS","NO CONTROLS","CLEAR","DAYLIGHT","ANGLE","NOT DIVIDED",,"STRAIGHT AND LEVEL","DRY","NO DEFECTS","NOT ON SCENE (DESK REPORT)","NO INJURY / DRIVE AWAY",,,,"OVER $1,500","2025-01-26T12:30:00.000","IMPROPER BACKING","NOT APPLICABLE","110","E","CHICAGO AVE","1833",,,,,,,"2","NO INDICATION OF INJURY","0","0","0","0","0","2","0","12","1","1","41.8968282565","-87.6250016102","POINT (-87.62500161015 41.896828256501)"
"5b7386128447d5f7915542ce17fb575b85406c7d40d44f4462408a69e5b9c3d41894ae3ad89ec317aee1dbf2e5d2c215e6895a026824344aacf1ff93d6f97367",,"2025-01-26T12:05:00.000","40","NO CONTROLS","NO CONTROLS","CLEAR","DAYLIGHT","SIDESWIPE SAME DIRECTION","DIVIDED - W/MEDIAN BARRIER",,"STRAIGHT AND LEVEL","DRY","UNKNOWN","ON SCENE","NO INJURY / DRIVE AWAY",,,,"$501 - $1,500","2025-01-26T12:08:00.000","UNABLE TO DETERMINE","UNABLE TO DETERMINE","2350","N","LAKE SHORE DR SB","1814",,,,,,,"2","NO INDICATION OF INJURY","0","0","0","0","0","5","0","12","1","1","41.925701287","-87.6313680508","POINT (-87.631368050773 41.925701287024)"
"12202f74a5287813dc0de3b4aa38352d1d47a91753d7dc0119ac7f21783ef0c58e712d19cbb13528673786259b81e720fd8940e578e270473d05bc139774ef34",,"2025-01-26T12:00:00.000","30","NO CONTROLS","NO CONTROLS","CLEAR","DAYLIGHT","PARKED MOTOR VEHICLE","DIVIDED - W/MEDIAN (NOT RAISED)",,"STRAIGHT AND LEVEL","DRY","NO DEFECTS","NOT ON SCENE (DESK REPORT)","NO INJURY / DRIVE AWAY",,,"Y","OVER $1,500","2025-01-26T13:45:00.000","UNABLE TO DETERMINE","NOT APPLICABLE","4424","S","DREXEL BLVD","221",,,,,,,"2","NO INDICATION OF INJURY","0","0","0","0","0","1","0","12","1","1","41.814247707","-87.6046208209","POINT (-87.604620820908 41.81424770696)"
"709ed1e5903fc173e50de7f1b3e970cdcb967c110bcef561d65af3e4129c8f05fed8841920dd792bebf68dd7ce9fd55894b20bafedfd6e066ca43079af50b077",,"2025-01-26T12:00:00.000","30","NO CONTROLS","NO CONTROLS","CLEAR","DAYLIGHT","PARKED MOTOR VEHICLE","NOT DIVIDED",,"STRAIGHT AND LEVEL","DRY","NO DEFECTS","NOT ON SCENE (DESK REPORT)","NO INJURY / DRIVE AWAY",,,"Y","$500 OR LESS","2025-01-27T17:55:00.000","UNABLE TO DETERMINE","NOT APPLICABLE","2439","N","CENTRAL PARK AVE","1413",,,,,,,"2","NO INDICATION OF INJURY","0","0","0","0","0","1","0","12","1","1","41.9257639871","-87.7168764283","POINT (-87.716876428259 41.92576398711)"
"b470e867be7bb7480a99d4500f2516cab437d3d0c378f73d1db0fc54f7097d80f9d89df54f4abfa9afb506967c15cf88ef9ca300efe687f0874d8bad1ca9184f",,"2025-01-26T12:00:00.000","30","TRAFFIC SIGNAL","FUNCTIONING PROPERLY","CLEAR","DAYLIGHT","ANGLE","FOUR WAY",,"STRAIGHT AND LEVEL","DRY","NO DEFECTS","ON SCENE","INJURY AND / OR TOW DUE TO CRASH","Y",,,"OVER $1,500","2025-01-26T12:20:00.000","VISION OBSCURED (SIGNS, TREE LIMBS, BUILDINGS, ETC.)","VISION OBSCURED (SIGNS, TREE LIMBS, BUILDINGS, ETC.)","3400","W","WRIGHTWOOD AVE","1412",,,,,,,"2","NONINCAPACITATING INJURY","1","0","0","1","0","1","0","12","1","1","41.9284252286","-87.7122649754","POINT (-87.712264975421 41.928425228634)"
"3e359ef9b4ef1b31da728a66ba33bd3a264fe3df07f12eff4f8172c2386577a2f320778729de22154778f1965c19071a092b2a22baf0327b4884c0ec3624618b",,"2025-01-26T11:50:00.000","35","TRAFFIC SIGNAL","FUNCTIONING PROPERLY","CLEAR","DAYLIGHT","TURNING","NOT DIVIDED",,"STRAIGHT AND LEVEL","DRY","NO DEFECTS","NOT ON SCENE (DESK REPORT)","NO INJURY / DRIVE AWAY",,,,"$501 - $1,500","2025-01-26T14:40:00.000","IMPROPER OVERTAKING/PASSING","IMPROPER OVERTAKING/PASSING","170","W","CERMAK RD","914",,,,,,,"2","NO INDICATION OF INJURY","0","0","0","0","0","2","0","11","1","1","41.8529618416","-87.6320003897","POINT (-87.632000389706 41.852961841603)"
"b209990376e51d1fd1f007b3c41c0d6e49e813177b379b56b85058f650e9e4abfe6edab5f6a06b0237d88ca92a88fc7e3e8c95dfd8f61cf9c18772c43a1085ce",,"2025-01-26T11:49:00.000","30","TRAFFIC SIGNAL","FUNCTIONING PROPERLY","CLEAR","DAYLIGHT","REAR END","T-INTERSECTION",,"STRAIGHT AND LEVEL","DRY","NO DEFECTS","ON SCENE","INJURY AND / OR TOW DUE TO CRASH","Y",,,"$500 OR LESS","2025-01-26T11:49:00.000","FAILING TO REDUCE SPEED TO AVOID CRASH","UNABLE TO DETERMINE","2824","N","CALIFORNIA AVE","1411",,,,,,,"3","REPORTED, NOT EVIDENT","1","0","0","0","1","2","0","11","1","1","41.9328618274","-87.6977825427","POINT (-87.697782542699 41.932861827362)"
"bbe02a6fb09e286b97b08f176c3aac1db9b806b68876f52bcebb493f286c4c811f1e6d8fb5fc15e24bf49efc389e73af5e6a756b6bde2499ac6cd063c7273994",,"2025-01-26T11:45:00.000","20","NO CONTROLS","NO CONTROLS","CLEAR","DAYLIGHT","ANGLE","NOT DIVIDED",,"STRAIGHT AND LEVEL","DRY","NO DEFECTS","NOT ON SCENE (DESK REPORT)","NO INJURY / DRIVE AWAY",,,"Y","OVER $1,500","2025-01-27T10:30:00.000","FAILING TO YIELD RIGHT-OF-WAY","FAILING TO YIELD RIGHT-OF-WAY","6900","S","SPRINGFIELD AVE","833",,,,,,,"2","NO INDICATION OF INJURY","0","0","0","0","0","2","0","11","1","1","41.7677240767","-87.7201811207","POINT (-87.720181120695 41.767724076664)"
"a8faa2b37e8b91e97ca019842055714abfd9494669eb86b872da0186a89a389b25c0413ac918016a2b4577536b345e49b90323d8bcf999e8f932bea99a52937b",,"2025-01-26T11:38:00.000","35","NO CONTROLS","NO CONTROLS","CLEAR","DAYLIGHT","ANGLE","NOT DIVIDED",,"STRAIGHT AND LEVEL","DRY","NO DEFECTS","ON SCENE","INJURY AND / OR TOW DUE TO CRASH",,,,"OVER $1,500","2025-01-26T11:40:00.000","UNABLE TO DETERMINE","NOT APPLICABLE","2810","S","LOOMIS ST","913",,,,,,,"3","REPORTED, NOT EVIDENT","1","0","0","0","1","2","0","11","1","1","41.8434829517","-87.6593019002","POINT (-87.659301900179 41.843482951733)"
"b91dde2e7b74ccf06481f3a0789d8276e42c47418e3368e127744865a530b501cab4ae502fa3de4400fe56eef8a5cd45e1914a839e28d41cef0903d231fefd00",,"2025-01-26T11:30:00.000","30","NO CONTROLS","NO CONTROLS","CLEAR","DAYLIGHT","PARKED MOTOR VEHICLE","DIVIDED - W/MEDIAN (NOT RAISED)",,"STRAIGHT AND LEVEL","UNKNOWN","UNKNOWN","NOT ON SCENE (DESK REPORT)","NO INJURY / DRIVE AWAY",,,,"OVER $1,500","2025-01-26T12:00:00.000","IMPROPER LANE USAGE","UNABLE TO DETERMINE","5526","N","KEDZIE AVE","1712",,,,,,,"3","NO INDICATION OF INJURY","0","0","0","0","0","1","0","11","1","1","41.9820783259","-87.7089845034","POINT (-87.708984503386 41.982078325927)"
"b72907d368a017d197c90c9c76ade196b674782207e0e32be3e5e4565732eefb1e9725991e2432db00877b5bd54d9af48999bc5014d4d08f5165a3f8467bb7b1",,"2025-01-26T11:00:00.000","20","NO CONTROLS","NO CONTROLS","CLEAR","DAYLIGHT","PARKED MOTOR VEHICLE","PARKING LOT",,"STRAIGHT AND LEVEL","DRY","NO DEFECTS","NOT ON SCENE (DESK REPORT)","NO INJURY / DRIVE AWAY",,,,"$501 - $1,500","2025-01-26T13:10:00.000","UNABLE TO DETERMINE","NOT APPLICABLE","2021","W","CHICAGO AVE","1221",,,,,,,"2","NO INDICATION OF INJURY","0","0","0","0","0","3","0","11","1","1","41.8957852296","-87.6779308926","POINT (-87.677930892592 41.895785229598)"
"f230c2e31c239f8628c8d872c5f8f1a655d6d86c07b44b52fc458357f4ddfdbd2a39a814ca2efd1dec5d513832d66578ce807ecbf38776be52b557f254f1f991",,"2025-01-26T11:00:00.000","30","UNKNOWN","UNKNOWN","CLEAR","DAYLIGHT","PARKED MOTOR VEHICLE","UNKNOWN",,"STRAIGHT AND LEVEL","UNKNOWN","UNKNOWN","NOT ON SCENE (DESK REPORT)","NO INJURY / DRIVE AWAY",,,"Y","$501 - $1,500","2025-01-26T12:55:00.000","UNABLE TO DETERMINE","UNABLE TO DETERMINE","10000","W","BALMORAL AVE","1654",,,,,,,"2","NO INDICATION OF INJURY","0","0","0","0","0","1","0","11","1","1",,,
"293bff9c8a7e170319bb7a950db4439126ae8a3b65a00a0ad6b69e5e43a4fa8e2d1789df72d81c0316461ddfede823a60717697f1f1a553d4bcf75d15377d25c",,"2025-01-26T10:35:00.000","20","NO CONTROLS","NO CONTROLS","CLEAR","DAYLIGHT","ANGLE","ONE-WAY",,"STRAIGHT AND LEVEL","DRY","NO DEFECTS","NOT ON SCENE (DESK REPORT)","NO INJURY / DRIVE AWAY",,,,"OVER $1,500","2025-01-26T11:30:00.000","FAILING TO YIELD RIGHT-OF-WAY","NOT APPLICABLE","1653","N","TRIPP AVE","2534",,,,,,,"2","NO INDICATION OF INJURY","0","0","0","0","0","2","0","10","1","1","41.9113675492","-87.7323416347","POINT (-87.732341634656 41.911367549197)"
"919cab334bf12a697a36c85f01c4a3d2a7f2dcfb60cf5ce7b880e7773346cc9e682be7f2811be870d552d718b36083ec98d4f6e0a525da94d1898a958ed27e0e",,"2025-01-26T10:25:00.000","30","TRAFFIC SIGNAL","FUNCTIONING PROPERLY","CLEAR","DAYLIGHT","REAR END","FOUR WAY",,"STRAIGHT AND LEVEL","DRY","NO DEFECTS","NOT ON SCENE (DESK REPORT)","NO INJURY / DRIVE AWAY",,,,"OVER $1,500","2025-01-26T15:15:00.000","UNABLE TO DETERMINE","UNABLE TO DETERMINE","3600","W","LAWRENCE AVE","1712",,,,,,,"2","NO INDICATION OF INJURY","0","0","0","0","0","5","0","10","1","1","41.9684572248","-87.718318985","POINT (-87.718318984953 41.968457224844)"
"9c130035a9d6e37d6d98ef04fd85c9be4d6f0f84841d0077492e4cfe9b70ae1f08e2e45fd7fd43643fdd9fc21b69fcab72f75833e08daf0a328d75dea214c499",,"2025-01-26T10:20:00.000","30","NO CONTROLS","NO CONTROLS","CLEAR","DAYLIGHT","SIDESWIPE SAME DIRECTION","DIVIDED - W/MEDIAN (NOT RAISED)",,"STRAIGHT AND LEVEL","DRY","NO DEFECTS","NOT ON SCENE (DESK REPORT)","NO INJURY / DRIVE AWAY",,,,"OVER $1,500","2025-01-26T10:30:00.000","IMPROPER TURNING/NO SIGNAL","IMPROPER TURNING/NO SIGNAL","2435","W","DEVON AVE","2413",,,,,,,"2","NO INDICATION OF INJURY","0","0","0","0","0","3","0","10","1","1","41.9975984258","-87.6912471088","POINT (-87.691247108761 41.997598425764)"
"58f9f05502a53107fb53305cafb681f454a699785bed3caeb890feb04aafbcf3b54a716c0ba9953eb26d58d0513481436d560b88802841716688f4a772d0bd5d",,"2025-01-26T10:13:00.000","40","NO CONTROLS","NO CONTROLS","CLEAR","DAYLIGHT","REAR END","DIVIDED - W/MEDIAN BARRIER",,"STRAIGHT AND LEVEL","DRY","NO DEFECTS",,"NO INJURY / DRIVE AWAY",,,,"$501 - $1,500","2025-01-26T10:24:00.000","UNABLE TO DETERMINE","UNABLE TO DETERMINE","3","S","LAKE SHORE DR NB","114",,,,,,,"2","NO INDICATION OF INJURY","0","0","0","0","0","2","0","10","1","1","41.8820204473","-87.61693845","POINT (-87.616938449956 41.882020447311)"
"27c7ceeaecf365a181fe6bc8414c2c491a2e6d3f198f6d25f4e96f41466be39563f0f160268ef7651b1c8ec9f3a5faca0ac4243cad1a8c926927b8d382365ee0",,"2025-01-26T10:12:00.000","30","TRAFFIC SIGNAL","FUNCTIONING PROPERLY","CLEAR","DAYLIGHT","ANGLE","NOT DIVIDED",,"STRAIGHT AND LEVEL","DRY","NO DEFECTS","NOT ON SCENE (DESK REPORT)","NO INJURY / DRIVE AWAY",,,"Y","$501 - $1,500","2025-01-26T13:44:00.000","DISREGARDING TRAFFIC SIGNALS","NOT APPLICABLE","2798","W","PERSHING RD","911",,,,,,,"2","NO INDICATION OF INJURY","0","0","0","0","0","2","0","10","1","1","41.8228987556","-87.6945081041","POINT (-87.694508104143 41.822898755625)"
"485d2b35d76ffbce746db16ad2e36117c20f93d4b9f793c8b1103dbab7a5b547297152e5ace5700d28f11ba8fbad2e73bd3ad02cd89fa607d81a430470510884","Y","2025-01-26T10:00:00.000","25","NO CONTROLS","NO CONTROLS","CLEAR","DAYLIGHT","PARKED MOTOR VEHICLE","NOT DIVIDED",,"STRAIGHT AND LEVEL","DRY","NO DEFECTS","NOT ON SCENE (DESK REPORT)","NO INJURY / DRIVE AWAY",,,"Y","$501 - $1,500","2025-01-30T12:30:00.000","DRIVING SKILLS/KNOWLEDGE/EXPERIENCE","DRIVING SKILLS/KNOWLEDGE/EXPERIENCE","7937","S","RIDGELAND AVE","414",,,,,,,"2","NO INDICATION OF INJURY","0","0","0","0","0","1","0","10","1","1","41.750431736","-87.5815065027","POINT (-87.581506502745 41.75043173601)"
"5a96572b5ca1e3b7c69a011271d8edf8df9381202dabacd862d3e5459e5770a5b4cc68419863a80984dca8695b716fd91f01bf933f5bf5b5c553deb6d76b0411",,"2025-01-26T10:00:00.000","10","NO CONTROLS","NO CONTROLS","CLEAR","DAYLIGHT","SIDESWIPE SAME DIRECTION","PARKING LOT",,"STRAIGHT AND LEVEL","DRY","NO DEFECTS","NOT ON SCENE (DESK REPORT)","NO INJURY / DRIVE AWAY",,,"Y","OVER $1,500","2025-01-26T10:36:00.000","IMPROPER OVERTAKING/PASSING","FAILING TO YIELD RIGHT-OF-WAY","6948","W","GRAND AVE","2512",,,,,,,"2","NO INDICATION OF INJURY","0","0","0","0","0","2","0","10","1","1","41.9236732565","-87.7996266459","POINT (-87.799626645945 41.923673256513)"
"ae7cdec4df4649691cc021fdebb5b88a6b77f89de2a8f51d7e336980f68ef5d191b9cfde62f91230561d04df1a3374964905d5defc6bf62af000f0bfbf9dd305",,"2025-01-26T10:00:00.000","30","TRAFFIC SIGNAL","FUNCTIONING PROPERLY","CLEAR","DAYLIGHT","TURNING","FOUR WAY",,"STRAIGHT AND LEVEL","DRY","NO DEFECTS","NOT ON SCENE (DESK REPORT)","NO INJURY / DRIVE AWAY","Y",,,"OVER $1,500","2025-01-26T12:00:00.000","FOLLOWING TOO CLOSELY","FOLLOWING TOO CLOSELY","2350","W","99TH ST","2213",,,,,,,"2","NO INDICATION OF INJURY","0","0","0","0","0","2","0","10","1","1","41.713762089","-87.6815024983","POINT (-87.681502498309 41.713762089022)"
"9fbd11b18c4862413e73186b0ce71e54a42b233350e060e54af4bea780ab91aa3fe642a371dba27f2bb6f66baf25fc243af17478bf49a1777c1f16e488c1ce45",,"2025-01-26T09:45:00.000","30","NO CONTROLS","NO CONTROLS","CLEAR","DAYLIGHT","REAR END","DIVIDED - W/MEDIAN (NOT RAISED)",,"STRAIGHT AND LEVEL","DRY","NO DEFECTS","ON SCENE","NO INJURY / DRIVE AWAY",,,"Y","OVER $1,500","2025-01-26T09:56:00.000","UNABLE TO DETERMINE","UNABLE TO DETERMINE","6014","W","FULLERTON AVE","2512",,,,,,,"2","NO INDICATION OF INJURY","0","0","0","0","0","2","0","9","1","1","41.923925021","-87.7764180517","POINT (-87.776418051749 41.92392502104)"
"ec708dfffbfb1502062bb4d56b27f826378f786627070d8880e238323b4f70a303dcc8ee0b8b09330da23f3be2dd67be18b8bb6337aa99d2851d81c77f67741e",,"2025-01-26T09:45:00.000","35","OTHER","OTHER","CLEAR","DAYLIGHT","REAR END","OTHER",,"STRAIGHT AND LEVEL","UNKNOWN","UNKNOWN","ON SCENE","NO INJURY / DRIVE AWAY",,"Y",,"OVER $1,500","2025-01-26T10:32:00.000","FOLLOWING TOO CLOSELY","UNABLE TO DETERMINE","5549","W","DIVERSEY AVE","2514",,,,,,,"2","NO INDICATION OF INJURY","0","0","0","0","0","2","0","9","1","1","41.9311743735","-87.7657887364","POINT (-87.765788736419 41.931174373456)"
"1f21d90ce3f85dd39dc9ea7f59c1e6f438c1412b0448af365c58f59de35e633c2e27d36c87979fda8ddec9ae64cfa3bd193c2d6f1ab6b65fb013907d2872c1c5",,"2025-01-26T09:40:00.000","10","NO CONTROLS","NO CONTROLS","CLEAR","DAYLIGHT","FIXED OBJECT","PARKING LOT",,"STRAIGHT AND LEVEL","DRY","NO DEFECTS","ON SCENE","NO INJURY / DRIVE AWAY",,"Y",,"$501 - $1,500","2025-01-26T09:42:00.000","EQUIPMENT - VEHICLE CONDITION","NOT APPLICABLE","1951","E","95TH ST","431","Y","Y",,,,,"1","NO INDICATION OF INJURY","0","0","0","0","0","1","0","9","1","1","41.7223544483","-87.5757780641","POINT (-87.575778064147 41.722354448293)"
"a6d0005fd860c42a6231dc21590d5bf24a9984e7880ba1c04b01628fb5900b1396bf42cd633393c3f940cf0233efcb565f4b937081f917963c2c4557f2b05e0d",,"2025-01-26T09:03:00.000","30","NO CONTROLS","NO CONTROLS","CLEAR","DAYLIGHT","PARKED MOTOR VEHICLE","NOT DIVIDED",,"STRAIGHT AND LEVEL","DRY","NO DEFECTS","ON SCENE","NO INJURY / DRIVE AWAY",,,,"$500 OR LESS","2025-01-26T09:07:00.000","IMPROPER BACKING","UNABLE TO DETERMINE","3542","W","LELAND AVE","1723",,,,,,,"2","NO INDICATION OF INJURY","0","0","0","0","0","1","0","9","1","1","41.9666510989","-87.7175076871","POINT (-87.71750768706 41.966651098888)"
"043b66675f24d2f03ede3165f121a34afcd39ae8cabf765453256e12225dd4a945f5e402e3740f68b15af39da66b846e63549f36ef50f36f604f762bf8d9a6fb","N","2025-01-26T09:00:00.000","30","NO CONTROLS","NO CONTROLS","CLEAR","DAYLIGHT","SIDESWIPE SAME DIRECTION","NOT DIVIDED",,"STRAIGHT AND LEVEL","DRY","UNKNOWN","ON SCENE","NO INJURY / DRIVE AWAY",,,"Y","OVER $1,500","2025-01-26T09:00:00.000","UNABLE TO DETERMINE","UNABLE TO DETERMINE","500","W","DIVISION ST","1821",,"Y",,,,,"2","NO INDICATION OF INJURY","0","0","0","0","0","2","0","9","1","1","41.9038573464","-87.6412256185","POINT (-87.64122561851 41.903857346356)"
"12cc6fa75451573d1fa219dddb6c473ef1476c2fb576af181ef578166e3f22f97f4b40dd7628d3c9de6951f5cd9a4989107a271a1cb85077c4d02a37d8df7e84",,"2025-01-26T09:00:00.000","30","TRAFFIC SIGNAL","FUNCTIONING PROPERLY","CLEAR","DAYLIGHT","TURNING","DIVIDED - W/MEDIAN BARRIER",,"STRAIGHT AND LEVEL","DRY","NO DEFECTS","ON SCENE","INJURY AND / OR TOW DUE TO CRASH","Y",,,"OVER $1,500","2025-01-26T09:33:00.000","DISREGARDING TRAFFIC SIGNALS","NOT APPLICABLE","7900","S","STONY ISLAND AVE","411",,,,,,,"2","NO INDICATION OF INJURY","0","0","0","0","0","2","0","9","1","1","41.7514606032","-87.585971993","POINT (-87.585971992965 41.751460603167)"
"9d6c17c2faf68a2d638dea6d64bcfb245c695ebcf06f5ab932c26d47f36794ca29a61d338bcfaf581088601fadefc81eaff6947e5c2f4f44d2683113590a6799",,"2025-01-26T09:00:00.000","30","NO CONTROLS","NO CONTROLS","CLEAR","UNKNOWN","PARKED MOTOR VEHICLE","DIVIDED - W/MEDIAN (NOT RAISED)",,"STRAIGHT AND LEVEL","DRY","NO DEFECTS","NOT ON SCENE (DESK REPORT)","NO INJURY / DRIVE AWAY",,,"Y","$501 - $1,500","2025-01-26T10:00:00.000","UNABLE TO DETERMINE","NOT APPLICABLE","6235","W","DIVERSEY AVE","2512",,,,,,,"2","NO INDICATION OF INJURY","0","0","0","0","0","1","0","9","1","1","41.9309402821","-87.7822572621","POINT (-87.782257262125 41.930940282102)"
"bc8f2ab871fa5c4c3ad76a7b7034c1a243ef95a1950674409fabce51262d9c5d0e72ea8f91154be978d631029387317de397f95d740a6a65bde8c7b06adcaabb",,"2025-01-26T08:45:00.000","30","NO CONTROLS","NO CONTROLS","CLEAR","DAYLIGHT","ANGLE","NOT DIVIDED",,"STRAIGHT AND LEVEL","DRY","NO DEFECTS","NOT ON SCENE (DESK REPORT)","NO INJURY / DRIVE AWAY",,,"Y","OVER $1,500","2025-01-26T09:00:00.000","IMPROPER OVERTAKING/PASSING","IMPROPER TURNING/NO SIGNAL","7900","S","DR MARTIN LUTHER KING JR DR","623",,,,,,,"2","NO INDICATION OF INJURY","0","0","0","0","0","2","0","8","1","1","41.7510204707","-87.6151022455","POINT (-87.615102245534 41.751020470682)"
"dd33f9412648fadc5c82a434241e07e0e5da7073ec3926061db44d18c557ce9fdea3b9302e2ae07d82f730d008be377d2e85d23fe15bf157cc76e4c42373606d",,"2025-01-26T08:30:00.000","30","NO CONTROLS","NO CONTROLS","CLEAR","DAYLIGHT","REAR END","NOT DIVIDED",,"STRAIGHT AND LEVEL","DRY","NO DEFECTS","NOT ON SCENE (DESK REPORT)","NO INJURY / DRIVE AWAY",,,,"OVER $1,500","2025-01-26T09:10:00.000","FAILING TO REDUCE SPEED TO AVOID CRASH","NOT APPLICABLE","2901","N","CENTRAL AVE","2514",,,,,,,"2","NO INDICATION OF INJURY","0","0","0","0","0","2","0","8","1","1","41.9331942648","-87.7661656985","POINT (-87.766165698471 41.933194264849)"
"e649216b74ced137492b9c20816604002a3297ea68f33a3fbb353b00a89076ec12c36d20e71d9b0250ebf17943e84be1ce83539327e6f5db0be3c719b27406d4",,"2025-01-26T08:15:00.000","30","NO CONTROLS","NO CONTROLS","CLEAR","DAYLIGHT","OTHER OBJECT","NOT DIVIDED",,"STRAIGHT AND LEVEL","DRY","NO DEFECTS","NOT ON SCENE (DESK REPORT)","INJURY AND / OR TOW DUE TO CRASH",,,,"OVER $1,500","2025-01-28T17:30:00.000","UNABLE TO DETERMINE","NOT APPLICABLE","4700","S","RACINE AVE","933",,,,,,,"1","NO INDICATION OF INJURY","0","0","0","0","0","1","0","8","1","1","41.8086878811","-87.6553867772","POINT (-87.655386777207 41.808687881101)"
"8934394bb10dd83ec7ab743e36d5dc2dade445debd30f271ffc34f1170c91371ef9a98d62a8d64007723fa8c2bcca7858af613967e0699a420945b4da497bf3e",,"2025-01-26T08:05:00.000","30","NO CONTROLS","NO CONTROLS","CLEAR","DAYLIGHT","PARKED MOTOR VEHICLE","ONE-WAY",,"STRAIGHT AND LEVEL","DRY","NO DEFECTS","ON SCENE","INJURY AND / OR TOW DUE TO CRASH",,,,"OVER $1,500","2025-01-26T08:05:00.000","NOT APPLICABLE","NOT APPLICABLE","4427","S","MAPLEWOOD AVE","922",,,,,,,"2","NONINCAPACITATING INJURY","1","0","0","1","0","0","0","8","1","1","41.8130065129","-87.6880986042","POINT (-87.688098604226 41.813006512944)"
"55f46264f786e0226260862ea3f545c6fb0a570d957cc3e045840d6342c92cadade6cc91acfe4768edee7d5a88f0dc87f1003d576d613b5816ca9431c7e8a6fb","Y","2025-01-26T07:50:00.000","30","TRAFFIC SIGNAL","FUNCTIONING PROPERLY","CLEAR","DAYLIGHT","REAR END","FOUR WAY",,"STRAIGHT AND LEVEL","DRY","NO DEFECTS","ON SCENE","INJURY AND / OR TOW DUE TO CRASH","Y",,,"OVER $1,500","2025-01-26T07:58:00.000","DISTRACTION - FROM OUTSIDE VEHICLE","NOT APPLICABLE","3120","W","PETERSON AVE","2413",,,,,,,"2","NO INDICATION OF INJURY","0","0","0","0","0","2","0","7","1","1","41.9905037124","-87.7076915272","POINT (-87.707691527194 41.990503712375)"
"d6ce3b5f7f1701ac5ad2479c52615c091173730b2254a802443121a51ca436f4771f5d585eab8207cbc6afa099f2a2dabbbbcef7c20cf43c7b59b031e8e2d84a",,"2025-01-26T06:50:00.000","30","NO CONTROLS","NO CONTROLS","CLEAR","DAYLIGHT","SIDESWIPE SAME DIRECTION","DIVIDED - W/MEDIAN BARRIER",,"STRAIGHT AND LEVEL","DRY","NO DEFECTS","NOT ON SCENE (DESK REPORT)","NO INJURY / DRIVE AWAY",,,,"OVER $1,500","2025-01-26T07:37:00.000","IMPROPER OVERTAKING/PASSING","NOT APPLICABLE","549","W","87TH ST","2223",,,,,,,"2","NO INDICATION OF INJURY","0","0","0","0","0","2","0","6","1","1","41.735930414","-87.6382680451","POINT (-87.638268045138 41.735930414017)"
"ef185af9738c68aeb2c692532a3a2482640c2445edfde67aab0c2639fd821ff89b674c06955eb46055b98c45655615b8581a2bfd76b3bbfc45aa01f18b50a8b0",,"2025-01-26T06:40:00.000","30","TRAFFIC SIGNAL","FUNCTIONING PROPERLY","CLEAR","DARKNESS, LIGHTED ROAD","REAR END","DIVIDED - W/MEDIAN BARRIER",,"STRAIGHT AND LEVEL","DRY","NO DEFECTS",,"NO INJURY / DRIVE AWAY","Y",,,"OVER $1,500","2025-01-26T06:52:00.000","FOLLOWING TOO CLOSELY","NOT APPLICABLE","1300","S","MICHIGAN AVE","131",,,,,,,"2","NO INDICATION OF INJURY","0","0","0","0","0","2","0","6","1","1","41.8657003856","-87.6242595813","POINT (-87.624259581278 41.865700385616)"