"crash_record_id","crash_date_est_i","crash_date","posted_speed_limit","traffic_control_device","device_condition","weather_condition","lighting_condition","first_crash_type","trafficway_type","lane_cnt","alignment","roadway_surface_cond","road_defect","report_type","crash_type","intersection_related_i","private_property_i","hit_and_run_i","damage","date_police_notified","prim_contributory_cause","sec_contributory_cause","street_no","street_direction","street_name","beat_of_occurrence","photos_taken_i","statements_taken_i","dooring_i","work_zone_i","work_zone_type","workers_present_i","num_units","most_severe_injury","injuries_total","injuries_fatal","injuries_incapacitating","injuries_non_incapacitating","injuries_reported_not_evident","injuries_no_indication","injuries_unknown","crash_hour","crash_day_of_week","crash_month","latitude","longitude","location"
"b351297e761e85cc86b59233583bbcb284a4fbfaccc151b919b570d88b66d410f20fc45f6d2dcc5e93a8cfaa321fc14c3de01832c24710bb9b7cb4a6917d574f",,"2025-01-26T06:30:00.000","20","STOP SIGN/FLASHER","NO CONTROLS","CLEAR","DAWN","ANGLE","NOT DIVIDED",,"STRAIGHT AND LEVEL","DRY","NO DEFECTS","ON SCENE","INJURY AND / OR TOW DUE TO CRASH",,,,"OVER $1,500","2025-01-26T06:42:00.000","FAILING TO YIELD RIGHT-OF-WAY","FAILING TO YIELD RIGHT-OF-WAY","4299","N","BROADWAY","1915",,,,,,,"2","NO INDICATION OF INJURY","0","0","0","0","0","2","0","6","1","1","41.9600456731","-87.6538887682","POINT (-87.653888768215 41.960045673104)"
"1d662cd68e762b7adfc71c3b65161ed248024f98a8704526ffbfb8e213e6cc3906601a6e1266cf4767d9d72bf1346b43ce0bead51222ab24788fc8c1ab8531ba",,"2025-01-26T06:01:00.000","30","TRAFFIC SIGNAL","FUNCTIONING PROPERLY","CLEAR","DARKNESS, LIGHTED ROAD","FIXED OBJECT","NOT DIVIDED",,"STRAIGHT AND LEVEL","DRY","NO DEFECTS","ON SCENE","INJURY AND / OR TOW DUE TO CRASH",,,,"OVER $1,500","2025-01-26T06:55:00.000","UNABLE TO DETERMINE","UNABLE TO DETERMINE","1351","E","75TH ST","411",,,,,,,"1","NONINCAPACITATING INJURY","1","0","0","1","0","0","0","6","1","1","41.7586100527","-87.5911942545","POINT (-87.591194254499 41.758610052698)"
"9f81ce31bd22c0899ba2056f522e70dbe75c3ad5cf5dcfe8d006d40866f2fe9debf7ee45df60424c33f151ae66d5723c256f9d4bdb3d04bcfcb3ba08460f12ca",,"2025-01-26T05:54:00.000","30","TRAFFIC SIGNAL","FUNCTIONING PROPERLY","CLEAR","DARKNESS, LIGHTED ROAD","TURNING","FOUR WAY",,"STRAIGHT AND LEVEL","DRY","NO DEFECTS","ON SCENE","NO INJURY / DRIVE AWAY","Y",,"N","$500 OR LESS","2025-01-26T06:01:00.000","FAILING TO REDUCE SPEED TO AVOID CRASH","NOT APPLICABLE","6300","S","WENTWORTH AVE","312",,,,,,,"2","NO INDICATION OF INJURY","0","0","0","0","0","3","0","5","1","1","41.7799026134","-87.6302938056","POINT (-87.630293805556 41.779902613439)"
"d5ef28be05ec48c7d57c90ca41c3e4fcdad8e2d4b491a54e74c919ea6a18a3270fa328a8c983b96b50d09d3a40e16d1a1703887943f5cc0611eb96b43fcd5cfc",,"2025-01-26T05:40:00.000","30","TRAFFIC SIGNAL","FUNCTIONING PROPERLY","CLEAR","DARKNESS, LIGHTED ROAD","SIDESWIPE SAME DIRECTION","NOT DIVIDED",,"STRAIGHT AND LEVEL","DRY","NO DEFECTS","ON SCENE","INJURY AND / OR TOW DUE TO CRASH",,,"Y","OVER $1,500","2025-01-26T05:42:00.000","FOLLOWING TOO CLOSELY","UNABLE TO DETERMINE","6900","S","ASHLAND AVE","735",,,,,,,"2","INCAPACITATING INJURY","1","0","1","0","0","1","0","5","1","1","41.7684549099","-87.664038433","POINT (-87.664038433009 41.768454909931)"
"78be6b55940aae576588ccedcda694202dbd2e8bd0358f0dece05b25778ac825af0e3e530f45ba422021484e311943d07b9e8677b1574781de9221eaf2b81aaa",,"2025-01-26T05:34:00.000","30","TRAFFIC SIGNAL","FUNCTIONING PROPERLY","CLEAR","DARKNESS, LIGHTED ROAD","ANGLE","DIVIDED - W/MEDIAN (NOT RAISED)",,"STRAIGHT AND LEVEL","DRY","NO DEFECTS","ON SCENE","INJURY AND / OR TOW DUE TO CRASH","Y","Y",,"OVER $1,500","2025-01-26T05:35:00.000","DISREGARDING TRAFFIC SIGNALS","UNABLE TO DETERMINE","3432","E","106TH ST","432",,,,,,,"3","INCAPACITATING INJURY","6","0","1","5","0","3","0","5","1","1","41.7028631098","-87.5400383681","POINT (-87.540038368056 41.702863109815)"
"cc413e2c65e93e157bea9b9fbb44a449175a9bfc146207d9d8fd094eb10ca3d01c65d08b017adbc68773ce2c0236d1cfe52df09b8601fc8c4cf713b56e847004",,"2025-01-26T05:30:00.000","30","UNKNOWN","UNKNOWN","CLEAR","UNKNOWN","PARKED MOTOR VEHICLE","UNKNOWN",,"STRAIGHT AND LEVEL","UNKNOWN","UNKNOWN","NOT ON SCENE (DESK REPORT)","NO INJURY / DRIVE AWAY",,,"Y","OVER $1,500","2025-01-26T13:40:00.000","UNABLE TO DETERMINE","UNABLE TO DETERMINE","3311","N","KENNETH AVE","1731",,,,,,,"2","NO INDICATION OF INJURY","0","0","0","0","0","1","0","5","1","1","41.9411431373","-87.7381823784","POINT (-87.738182378387 41.941143137332)"
"8e7ae8e110fe40376af1df881a89d77f0750ecb868fa0201b0512bb8f447ad32819371df59aa54e468c11bfd5983b2979fe7018f97a1ddf5ad3ad3d3e67d6f63",,"2025-01-26T05:20:00.000","25","STOP SIGN/FLASHER","FUNCTIONING PROPERLY","CLEAR","DARKNESS, LIGHTED ROAD","ANGLE","ONE-WAY",,"STRAIGHT AND LEVEL","DRY","NO DEFECTS","ON SCENE","NO INJURY / DRIVE AWAY","Y",,"Y","OVER $1,500","2025-01-26T05:25:00.000","DISREGARDING STOP SIGN","FAILING TO YIELD RIGHT-OF-WAY","5200","S","WASHTENAW AVE","923",,,,,,,"2","NO INDICATION OF INJURY","0","0","0","0","0","2","0","5","1","1","41.7991123276","-87.6916559125","POINT (-87.691655912453 41.799112327591)"
"533c6aeda0120b13dad818d4426e5ee6901e11b649febc260eab3b5dde2b77f3fd8f50fcb00408dfd487de242a23831b2b3e65aad0d3a38fd796a68405cc5ceb",,"2025-01-26T05:00:00.000","30","NO CONTROLS","NO CONTROLS","UNKNOWN","UNKNOWN","REAR TO REAR","OTHER",,"STRAIGHT AND LEVEL","UNKNOWN","UNKNOWN","NOT ON SCENE (DESK REPORT)","NO INJURY / DRIVE AWAY",,,,"OVER $1,500","2025-01-28T16:05:00.000","UNABLE TO DETERMINE","NOT APPLICABLE","160","W","DIVISION ST","1821",,,,,,,"2","NO INDICATION OF INJURY","0","0","0","0","0","1","0","5","1","1","41.903973232","-87.6338260054","POINT (-87.633826005363 41.903973231985)"
"6d9c169ec5de93de668bef1f4545034c6f88fab1bb447f1ecdce2fc6a92c4a354d943bc2d17ee6ae2e8b58dd7ec93649a93fba1732e26578a5cdf0a32ff39c5e",,"2025-01-26T05:00:00.000","30","NO CONTROLS","NO CONTROLS","CLEAR","DARKNESS, LIGHTED ROAD","FIXED OBJECT","NOT DIVIDED",,"STRAIGHT AND LEVEL","DRY","NO DEFECTS","NOT ON SCENE (DESK REPORT)","NO INJURY / DRIVE AWAY",,,,"OVER $1,500","2025-01-27T13:40:00.000","UNABLE TO DETERMINE","NOT APPLICABLE","3215","N","SHEFFIELD AVE","1924",,,,,,,"1","NO INDICATION OF INJURY","0","0","0","0","0","1","0","5","1","1","41.9404036925","-87.6539751584","POINT (-87.653975158449 41.940403692497)"
"6720121dc414583f6b90d46d55a767a22a0a7b4400ef79e12ccfeaa4b3ad232f2452a7a5c5c8260db25d8d6f915886784006fc901cb04f9945edb491e029afd6",,"2025-01-26T04:53:00.000","30","TRAFFIC SIGNAL","FUNCTIONING PROPERLY","CLEAR","DARKNESS, LIGHTED ROAD","ANGLE","NOT DIVIDED",,"STRAIGHT AND LEVEL","DRY","UNKNOWN","ON SCENE","INJURY AND / OR TOW DUE TO CRASH",,,,"OVER $1,500","2025-01-26T05:00:00.000","DISREGARDING TRAFFIC SIGNALS","UNABLE TO DETERMINE","2001","W","CERMAK RD","1034",,,,,,,"2","REPORTED, NOT EVIDENT","1","0","0","0","1","1","0","4","1","1","41.8520640214","-87.6759594013","POINT (-87.675959401283 41.852064021354)"
"4a7519aed46fd2ddf7b96c03c217666f4d7d2aedcbe3c1db7c57eb82021399b8cf42eaa5b479260b61737071a5ffbd5cf66a5138cdbaf48e7f695ac6cc8108c2",,"2025-01-26T04:45:00.000","30","NO CONTROLS","NO CONTROLS","CLEAR","DAYLIGHT","TURNING","FOUR WAY",,"STRAIGHT AND LEVEL","DRY","NO DEFECTS","NOT ON SCENE (DESK REPORT)","NO INJURY / DRIVE AWAY","Y",,"Y","OVER $1,500","2025-01-28T13:35:00.000","IMPROPER TURNING/NO SIGNAL","IMPROPER TURNING/NO SIGNAL","8027","S","STONY ISLAND AVE","411",,,,,,,"2","NO INDICATION OF INJURY","0","0","0","0","0","2","0","4","1","1","41.7489435382","-87.5853730798","POINT (-87.585373079763 41.7489435382)"
"d4976024d6e4e2b1600e6eb4a6bb2634b73ae965d4e06390866ee9f883d212eec95fb597be1a32fd5884c8827cde83052986287a2e5a0c9c28af2b1aea4cde89",,"2025-01-26T04:40:00.000","30","TRAFFIC SIGNAL","FUNCTIONING PROPERLY","CLEAR","DARKNESS, LIGHTED ROAD","TURNING","FOUR WAY",,"STRAIGHT AND LEVEL","DRY","NO DEFECTS","ON SCENE","NO INJURY / DRIVE AWAY","Y",,"Y","OVER $1,500","2025-01-26T04:45:00.000","FAILING TO YIELD RIGHT-OF-WAY","IMPROPER TURNING/NO SIGNAL","9501","S","WESTERN AVE","2213",,,,,,,"2","NO INDICATION OF INJURY","0","0","0","0","0","2","0","4","1","1","41.7208489266","-87.6819151126","POINT (-87.681915112556 41.720848926601)"
"e9045800b46ac93a31ca32aa99c1a6d68be603147356a76eb25a2d204a2a545bd773309e5eac6761d284e81fda1c96cc8d0791a413b64377906f7b3b99063df2",,"2025-01-26T04:30:00.000","15","NO CONTROLS","UNKNOWN","CLEAR","DARKNESS, LIGHTED ROAD","PARKED MOTOR VEHICLE","PARKING LOT",,"STRAIGHT AND LEVEL","DRY","NO DEFECTS","ON SCENE","NO INJURY / DRIVE AWAY",,"Y","Y","$501 - $1,500","2025-01-26T04:34:00.000","IMPROPER BACKING","NOT APPLICABLE","3801","W","HARRISON ST","1133",,,,,,,"2","NO INDICATION OF INJURY","0","0","0","0","0","2","0","4","1","1","41.8734046453","-87.7203996283","POINT (-87.720399628297 41.873404645345)"
"2d5f2aeb43d21a5ff062d4c5da0ff891d09dbd39e7d1b1ea8bf502d78216cc3f67868fde8489661b450f2d1f0f1152cb0f087118370d18a5d82ba8daee73919b","Y","2025-01-26T04:22:00.000","15","UNKNOWN","UNKNOWN","CLEAR","DARKNESS","PARKED MOTOR VEHICLE","ONE-WAY",,"STRAIGHT AND LEVEL","DRY","NO DEFECTS",,"INJURY AND / OR TOW DUE TO CRASH",,,"Y","OVER $1,500","2025-01-26T04:22:00.000","UNABLE TO DETERMINE","NOT APPLICABLE","6231","W","GEORGE ST","2511",,,,,,,"3","NO INDICATION OF INJURY","0","0","0","0","0","1","0","4","1","1","41.9327719713","-87.7821626244","POINT (-87.78216262445 41.932771971263)"
"ef3d83ced7cbede95ee02cf1ee43326552c3898162130ba07362d2b3448a5ce142ff34843fbcf4a03c3f12c7a13402febbf4ebee71984a2d3e693587b410df30",,"2025-01-26T04:22:00.000","35","STOP SIGN/FLASHER","FUNCTIONING PROPERLY","CLEAR","DARKNESS, LIGHTED ROAD","PARKED MOTOR VEHICLE","DIVIDED - W/MEDIAN (NOT RAISED)",,"STRAIGHT AND LEVEL","DRY","NO DEFECTS","ON SCENE","INJURY AND / OR TOW DUE TO CRASH",,,"N","OVER $1,500","2025-01-26T04:22:00.000","DRIVING ON WRONG SIDE/WRONG WAY","PHYSICAL CONDITION OF DRIVER","901","N","HOMAN AVE","1121",,,,,,,"3","NONINCAPACITATING INJURY","1","0","0","1","0","0","0","4","1","1","41.8973812232","-87.7113492175","POINT (-87.711349217508 41.897381223216)"
"a8fb5c85473648cb5302e3926c757fbbc17906ee666eab2a4e7f099379d95a5acc099acd45f03cfad09051a377d0ad32cc9d5fa88c9cb6bcb13df7e9839decb4",,"2025-01-26T04:20:00.000","30","RR CROSSING SIGN","FUNCTIONING PROPERLY","CLEAR","DARKNESS, LIGHTED ROAD","TRAIN","NOT DIVIDED",,"STRAIGHT AND LEVEL","DRY","UNKNOWN","ON SCENE","INJURY AND / OR TOW DUE TO CRASH",,,,"$501 - $1,500","2025-01-26T04:23:00.000","UNABLE TO DETERMINE","NOT APPLICABLE","8199","S","CENTRAL PARK AVE","834",,,,,,,"1","NONINCAPACITATING INJURY","1","0","0","1","0","0","0","4","1","1","41.7434360571","-87.7115420158","POINT (-87.711542015793 41.743436057059)"
"e6e0fd1305b0270a3dc8cbbae5c5d24245bb7341075c3c529763a6a464407973675dec60fdfb419b74241978f03b0cebb4385ea2cd1a4c6218dc43a23af472aa",,"2025-01-26T03:28:00.000","30","NO CONTROLS","NO CONTROLS","CLEAR","DARKNESS, LIGHTED ROAD","FIXED OBJECT","DIVIDED - W/MEDIAN BARRIER",,"STRAIGHT AND LEVEL","DRY","UNKNOWN","ON SCENE","INJURY AND / OR TOW DUE TO CRASH",,,,"OVER $1,500","2025-01-26T03:44:00.000","UNABLE TO DETERMINE","UNABLE TO DETERMINE","9035","S","WESTERN AVE","2221",,,,,,,"1","NO INDICATION OF INJURY","0","0","0","0","0","1","0","3","1","1","41.72900808","-87.6821664049","POINT (-87.682166404938 41.729008080017)"
"11dd38e3c6a428905b366f4eeed35e1991ba650a08ee2756ff614d53080ef28217be021dc6015e3b9d4d6ac11b666835e1dd6497b37611547f78cbee97c81339",,"2025-01-26T03:25:00.000","30","STOP SIGN/FLASHER","FUNCTIONING PROPERLY","CLEAR","DARKNESS, LIGHTED ROAD","TURNING","NOT DIVIDED",,"STRAIGHT ON GRADE","DRY","NO DEFECTS","ON SCENE","INJURY AND / OR TOW DUE TO CRASH",,,"Y","OVER $1,500","2025-01-26T03:25:00.000","FAILING TO YIELD RIGHT-OF-WAY","NOT APPLICABLE","5900","S","KOMENSKY AVE","813",,,,,,,"3","NO INDICATION OF INJURY","0","0","0","0","0","3","0","3","1","1","41.785831418","-87.7243315103","POINT (-87.724331510283 41.785831417968)"
"250dc2d3a63e5ab638a887f5b86817610ee63f1aef00afa2f5083980b4e551f26bed15c332f8699d322cfb951443a332a27ea6ab4c7eabcee6959fa8555e125c","Y","2025-01-26T03:20:00.000","30","TRAFFIC SIGNAL","FUNCTIONING PROPERLY","CLEAR","DARKNESS, LIGHTED ROAD","REAR END","NOT DIVIDED",,"STRAIGHT AND LEVEL","DRY","NO DEFECTS","NOT ON SCENE (DESK REPORT)","NO INJURY / DRIVE AWAY",,,"Y","OVER $1,500","2025-01-26T08:50:00.000","FOLLOWING TOO CLOSELY","UNABLE TO DETERMINE","658","S","CENTRAL AVE","1513",,,,,,,"2","NO INDICATION OF INJURY","0","0","0","0","0","2","0","3","1","1","41.8718625699","-87.7647199468","POINT (-87.764719946783 41.871862569875)"
"7f348c9bb3459fe6154c9c28a38a4a0d528b1188c0a63afc1fb6ca4fae58da7876af0b2dd0312c77060a52666ffe280e17a5462274b0c336b669e0e9bb85806d",,"2025-01-26T02:55:00.000","30","NO CONTROLS","NO CONTROLS","CLEAR","DARKNESS, LIGHTED ROAD","PARKED MOTOR VEHICLE","PARKING LOT",,"STRAIGHT AND LEVEL","DRY","UNKNOWN","ON SCENE","INJURY AND / OR TOW DUE TO CRASH",,"Y","Y","OVER $1,500","2025-01-26T02:55:00.000","UNABLE TO DETERMINE","UNABLE TO DETERMINE","8452","S","COTTAGE GROVE AVE","632",,,,,,,"3","NO INDICATION OF INJURY","0","0","0","0","0","1","0","2","1","1","41.7404952881","-87.6050802409","POINT (-87.605080240908 41.740495288106)"
"7032da795dfe9400cf4628247f4037df733f5787e44607788b13828dd158b118558c8d50fbe892f0704d1f7ca5f0cb7941d2c8c316b2f8f629adbf9e88c8af1a",,"2025-01-26T02:45:00.000","30","STOP SIGN/FLASHER","FUNCTIONING PROPERLY","CLEAR","DARKNESS","ANGLE","FOUR WAY",,"STRAIGHT AND LEVEL","DRY","NO DEFECTS","NOT ON SCENE (DESK REPORT)","NO INJURY / DRIVE AWAY",,,"Y","OVER $1,500","2025-01-26T04:00:00.000","UNABLE TO DETERMINE","NOT APPLICABLE","8026","S","ANTHONY AVE","411",,,,,,,"2","NO INDICATION OF INJURY","0","0","0","0","0","2","0","2","1","1","41.7489084704","-87.5854531672","POINT (-87.585453167227 41.748908470437)"
"0f13966d970a65de6389d68a73905aaa7f311603a8db41d652ad08621110ce5f7d930b60f2bb89657273ed241fb2c33e4b9c5b6dfd62279190f2fb0326bbb9f9",,"2025-01-26T02:30:00.000","30","NO CONTROLS","NO CONTROLS","CLEAR","DARKNESS, LIGHTED ROAD","TURNING","ALLEY",,"STRAIGHT AND LEVEL","DRY","UNKNOWN","NOT ON SCENE (DESK REPORT)","NO INJURY / DRIVE AWAY",,,"Y","OVER $1,500","2025-01-27T10:23:00.000","UNABLE TO DETERMINE","NOT APPLICABLE","2242","W","24TH ST","1034",,,,,,,"2","NO INDICATION OF INJURY","0","0","0","0","0","2","0","2","1","1","41.8485562534","-87.6823990953","POINT (-87.68239909534 41.84855625338)"
"993cb37a791824526321bbfa4e3a84b845f6708c07976d776f95f062b99f072db2643e344e2b1d3b137ae99b67a9c9f8d66069f8f9a6c3c120b6776e0fa88f66",,"2025-01-26T02:30:00.000","25","NO CONTROLS","NO CONTROLS","CLEAR","DARKNESS, LIGHTED ROAD","PARKED MOTOR VEHICLE","DIVIDED - W/MEDIAN (NOT RAISED)",,"STRAIGHT AND LEVEL","DRY","UNKNOWN","NOT ON SCENE (DESK REPORT)","NO INJURY / DRIVE AWAY",,,"Y","OVER $1,500","2025-01-26T20:00:00.000","UNABLE TO DETERMINE","UNABLE TO DETERMINE","1635","S","KEELER AVE","1012",,,,,,,"2","NO INDICATION OF INJURY","0","0","0","0","0","1","0","2","1","1","41.8577465143","-87.7296619018","POINT (-87.729661901837 41.857746514317)"
"c36e0a9f9d8834d7e5ed9bd71d815c037f1761f0af22786b015c95df6ba21a4c67e65befd756fa371fdcbbf2048f777cbb2072de1b3da1adb8657b40ee38eb0c",,"2025-01-26T02:30:00.000","15","NO CONTROLS","NO CONTROLS","CLEAR","DARKNESS, LIGHTED ROAD","PARKED MOTOR VEHICLE","ONE-WAY",,"STRAIGHT AND LEVEL","DRY","NO DEFECTS","ON SCENE","NO INJURY / DRIVE AWAY",,,"Y","$501 - $1,500","2025-01-26T02:53:00.000","FAILING TO REDUCE SPEED TO AVOID CRASH","FOLLOWING TOO CLOSELY","8132","S","DANTE AVE","411",,,,,,,"2","NO INDICATION OF INJURY","0","0","0","0","0","1","0","2","1","1","41.7468050865","-87.5895171077","POINT (-87.589517107672 41.74680508652)"
"ed1c2a66fea5aff9aef12642a40cedd43c6941d4567c49e2633a80da32378ad6ab94839da42b8f21bc247d709a63ec3dd2367b7db2248f689323d1d96673d2ce",,"2025-01-26T02:25:00.000","30","TRAFFIC SIGNAL","FUNCTIONING PROPERLY","CLEAR","DARKNESS, LIGHTED ROAD","REAR END","DIVIDED - W/MEDIAN BARRIER",,"STRAIGHT AND LEVEL","DRY","NO DEFECTS","ON SCENE","NO INJURY / DRIVE AWAY",,,,"OVER $1,500","2025-01-26T02:28:00.000","FAILING TO REDUCE SPEED TO AVOID CRASH","NOT APPLICABLE","5901","S","CICERO AVE","813",,,,,,,"2","NO INDICATION OF INJURY","0","0","0","0","0","2","0","2","1","1","41.7856529558","-87.7411927317","POINT (-87.741192731715 41.785652955816)"
"e33139eda9ad5bcd264375f4d48ec3c2857a8944000a0f284d73061f79e38be875f7d86e189f513467b6b4156d6a3cd5204caf12704da24e2d940906903f54ea",,"2025-01-26T02:00:00.000","30","NO CONTROLS","NO CONTROLS","CLEAR","DARKNESS, LIGHTED ROAD","FIXED OBJECT","DIVIDED - W/MEDIAN BARRIER",,"STRAIGHT AND LEVEL","DRY","NO DEFECTS","ON SCENE","INJURY AND / OR TOW DUE TO CRASH",,,,"OVER $1,500","2025-01-26T02:09:00.000","UNDER THE INFLUENCE OF ALCOHOL/DRUGS (USE WHEN ARREST IS EFFECTED)","DRIVING ON WRONG SIDE/WRONG WAY","4900","S","LAKE SHORE DR NB","222","Y",,,,,,"1","INCAPACITATING INJURY","4","0","4","0","0","0","0","2","1","1","41.8059150738","-87.5848390166","POINT (-87.584839016583 41.805915073785)"
"0ed63abc5f9964b291d94af0158edf03cbff11bdea7171666edc7329d7061f18fa663c47f661d90bdf396b1da33e75c28f0fa029026579b8ad2d5f9f7524a12e",,"2025-01-26T01:35:00.000","15","NO CONTROLS","NO CONTROLS","CLEAR","DARKNESS, LIGHTED ROAD","PARKED MOTOR VEHICLE","PARKING LOT",,"STRAIGHT AND LEVEL","DRY","NO DEFECTS","ON SCENE","NO INJURY / DRIVE AWAY",,,"Y","$500 OR LESS","2025-01-26T01:39:00.000","NOT APPLICABLE","NOT APPLICABLE","3514","N","HALSTED ST","1924",,,,,,,"2","NO INDICATION OF INJURY","0","0","0","0","0","1","0","1","1","1","41.9458863786","-87.6495905081","POINT (-87.649590508057 41.945886378613)"
"350822e25b7f418b5592c085d843076430f1213f5601cfa21caf784a858acb7237ff33abbdc8e9a012bb19ecc6d615d02abf15f4f4a16cf91ef3ba03c14691df",,"2025-01-26T01:30:00.000","15","OTHER","OTHER","CLEAR","DARKNESS, LIGHTED ROAD","REAR END","PARKING LOT",,"STRAIGHT AND LEVEL","DRY","NO DEFECTS","NOT ON SCENE (DESK REPORT)","NO INJURY / DRIVE AWAY",,"Y","Y","OVER $1,500","2025-01-26T01:30:00.000","UNABLE TO DETERMINE","UNABLE TO DETERMINE","7100","S","DR MARTIN LUTHER KING JR DR","323",,,,,,,"2","NO INDICATION OF INJURY","0","0","0","0","0","4","0","1","1","1","41.7656188178","-87.615407248","POINT (-87.615407248037 41.765618817754)"
"bdb19a62c926e5dcd01ab1ec2358e4aaf51f0df413b28701fe371d3e86b29be33f293db1b0bc6554f98d8cc9435a77e01cfd2f61eeec809497f11634eae2e3fe",,"2025-01-26T01:30:00.000","30","TRAFFIC SIGNAL","FUNCTIONING PROPERLY","CLEAR","DARKNESS, LIGHTED ROAD","PEDESTRIAN","ONE-WAY",,"STRAIGHT AND LEVEL","DRY","UNKNOWN","ON SCENE","NO INJURY / DRIVE AWAY","N",,"Y","$500 OR LESS","2025-01-26T03:32:00.000","UNABLE TO DETERMINE","UNABLE TO DETERMINE","601","N","WELLS ST","1832",,,,,,,"2","NO INDICATION OF INJURY","0","0","0","0","0","2","0","1","1","1","41.8924323644","-87.6339434971","POINT (-87.633943497065 41.892432364416)"
"3105133480de149b2503bf07710c6c206abd5589bfcf747e1c56a9c99acb770f33cb5daa43f9a910c44ecb4186ba26699df01c7099adfec6ae287cf2835b947d",,"2025-01-26T01:01:00.000","30","STOP SIGN/FLASHER","NO CONTROLS","CLEAR","DARKNESS, LIGHTED ROAD","ANGLE","NOT DIVIDED",,"STRAIGHT AND LEVEL","DRY","NO DEFECTS","ON SCENE","INJURY AND / OR TOW DUE TO CRASH","Y",,,"OVER $1,500","2025-01-26T01:04:00.000","VISION OBSCURED (SIGNS, TREE LIMBS, BUILDINGS, ETC.)","DRIVING SKILLS/KNOWLEDGE/EXPERIENCE","1200","W","LAKE ST","1215",,,,,,,"3","NONINCAPACITATING INJURY","1","0","0","1","0","6","0","1","1","1","41.8856113636","-87.6569063887","POINT (-87.65690638872 41.885611363563)"
"5107f1b8c6814501837858e152572d751db5eeba3262b7113c06debd56e47d79aec0fffa488533716b5b5e53c3044d09c3003d54bbebf16375db6938edce42e8",,"2025-01-26T01:00:00.000","30","NO CONTROLS","NO CONTROLS","CLEAR","DARKNESS, LIGHTED ROAD","REAR END","OTHER",,"STRAIGHT AND LEVEL","DRY","UNKNOWN","ON SCENE","INJURY AND / OR TOW DUE TO CRASH",,,"Y","OVER $1,500","2025-01-26T01:05:00.000","FOLLOWING TOO CLOSELY","NOT APPLICABLE","101","N","WESTERN AVE","1223",,,,,,,"2","REPORTED, NOT EVIDENT","1","0","0","0","1","2","0","1","1","1","41.8830406044","-87.6863387456","POINT (-87.686338745603 41.883040604418)"
"657270cc44c9d1510b4a0c9017e4b0baa88b81f431eb895bfe5de429c01bdb5f6eacd9c32c9d44172f41fa9850beda9dce22b4b5afd552189618575acc78a78b",,"2025-01-26T01:00:00.000","30","NO CONTROLS","NO CONTROLS","UNKNOWN","DARKNESS, LIGHTED ROAD","PARKED MOTOR VEHICLE","ONE-WAY",,"STRAIGHT AND LEVEL","DRY","NO DEFECTS","ON SCENE","NO INJURY / DRIVE AWAY",,,"Y","OVER $1,500","2025-01-26T08:00:00.000","UNABLE TO DETERMINE","NOT APPLICABLE","2847","W","WASHINGTON BLVD","1222",,,,,,,"3","NO INDICATION OF INJURY","0","0","0","0","0","1","0","1","1","1","41.8827673006","-87.6982599539","POINT (-87.698259953864 41.882767300574)"
"f5cb56aa2cf74b99beeefef32c1e81a970856d61728927713c7ca0f88d58de152d337074309e2804c9e35de399772e2411147b6f75a61310f3c626754912901c","Y","2025-01-26T01:00:00.000","30","NO CONTROLS","NO CONTROLS","CLEAR","DARKNESS, LIGHTED ROAD","PARKED MOTOR VEHICLE","NOT DIVIDED",,"STRAIGHT AND LEVEL","DRY","NO DEFECTS","NOT ON SCENE (DESK REPORT)","NO INJURY / DRIVE AWAY",,,"Y","OVER $1,500","2025-01-26T11:45:00.000","UNABLE TO DETERMINE","NOT APPLICABLE","444","N","HAMLIN AVE","1122",,,,,,,"2","NO INDICATION OF INJURY","0","0","0","0","0","1","0","1","1","1","41.8892590955","-87.7211632721","POINT (-87.721163272073 41.889259095534)"
"bef22e2e72ca86c00baf4a5ede7ba48e3d66e1644406a4734679987a5e8b28f29061e509f148afb41f102cbbe27e53756f423b6a4646506859a69b6f7975b32b",,"2025-01-26T00:40:00.000","30","NO CONTROLS","NO CONTROLS","CLEAR","DARKNESS, LIGHTED ROAD","PARKED MOTOR VEHICLE","DIVIDED - W/MEDIAN (NOT RAISED)",,"STRAIGHT AND LEVEL","DRY","NO DEFECTS","ON SCENE","INJURY AND / OR TOW DUE TO CRASH",,,,"$501 - $1,500","2025-01-26T00:42:00.000","UNABLE TO DETERMINE","UNABLE TO DETERMINE","7031","S","WESTERN AVE","832",,,,,,,"2","INCAPACITATING INJURY","1","0","1","0","0","1","0","0","1","1","41.7655835731","-87.683120283","POINT (-87.68312028301 41.765583573054)"
"26d39cec8118f3342b934331f521c6bb3ee1fda09cde1ef40b1378a60aecc9fb862ae8d046993b749a704ab8e40b3f033ea3239809e0525fc11a14518ed5296b","Y","2025-01-26T00:05:00.000","30","NO CONTROLS","NO CONTROLS","CLEAR","DARKNESS, LIGHTED ROAD","PARKED MOTOR VEHICLE","DIVIDED - W/MEDIAN (NOT RAISED)",,"STRAIGHT AND LEVEL","DRY","NO DEFECTS","ON SCENE","INJURY AND / OR TOW DUE TO CRASH",,,,"OVER $1,500","2025-01-26T00:15:00.000","NOT APPLICABLE","NOT APPLICABLE","150","W","75TH ST","731",,,,,,,"3","NO INDICATION OF INJURY","0","0","0","0","0","1","0","0","1","1","41.7582721665","-87.6292029524","POINT (-87.62920295244 41.758272166459)"
"b6d5d7eb1e9d1787ea91524d2e0521c6ee2d830d12b7b33805bc5164de165043ff31135b8fc79f11323b64a139ec72683d462a88ab20499f5de5e930e35e3fef",,"2025-01-26T00:05:00.000","30","NO CONTROLS","NO CONTROLS","CLEAR","DARKNESS, LIGHTED ROAD","PARKED MOTOR VEHICLE","NOT DIVIDED",,"STRAIGHT AND LEVEL","DRY","NO DEFECTS","NOT ON SCENE (DESK REPORT)","NO INJURY / DRIVE AWAY",,,"Y","OVER $1,500","2025-01-29T10:45:00.000","UNABLE TO DETERMINE","UNABLE TO DETERMINE","2328","S","MICHIGAN AVE","131",,,,,,,"2","NO INDICATION OF INJURY","0","0","0","0","0","1","0","0","1","1","41.8502271442","-87.623885537","POINT (-87.623885536965 41.850227144241)"