"crash_record_id","crash_date_est_i","crash_date","posted_speed_limit","traffic_control_device","device_condition","weather_condition","lighting_condition","first_crash_type","trafficway_type","lane_cnt","alignment","roadway_surface_cond","road_defect","report_type","crash_type","intersection_related_i","private_property_i","hit_and_run_i","damage","date_police_notified","prim_contributory_cause","sec_contributory_cause","street_no","street_direction","street_name","beat_of_occurrence","photos_taken_i","statements_taken_i","dooring_i","work_zone_i","work_zone_type","workers_present_i","num_units","most_severe_injury","injuries_total","injuries_fatal","injuries_incapacitating","injuries_non_incapacitating","injuries_reported_not_evident","injuries_no_indication","injuries_unknown","crash_hour","crash_day_of_week","crash_month","latitude","longitude","location"
"ca7f85e152ac4a4373675bd8898b843c247c52ebb168b88cd1b8eaba4220f4806809cf6a6d69785daa30188f1e01562f7cc8e2cbcde970f339f31ebb921cd8fc","Y","2025-01-26T00:00:00.000","30","NO CONTROLS","NO CONTROLS","CLEAR","DARKNESS, LIGHTED ROAD","PARKED MOTOR VEHICLE","NOT DIVIDED",,"STRAIGHT AND LEVEL","DRY","NO DEFECTS",,"INJURY AND / OR TOW DUE TO CRASH",,,"Y","OVER $1,500","2025-01-26T10:04:00.000","UNABLE TO DETERMINE","UNABLE TO DETERMINE","4714","S","CALUMET AVE","224",,,,,,,"3","NO INDICATION OF INJURY","0","0","0","0","0","1","0","0","1","1","41.8088697609","-87.6182865325","POINT (-87.618286532483 41.808869760917)"
"e5061085c8792914d7e19d50a85ded9f79a6c518e9dc08af4acf566cd576144b13dc67d7882447d2866ff5d588b6915f43c1688f994e9a2d344aead693317af1","Y","2025-01-26T00:00:00.000","30","NO CONTROLS","NO CONTROLS","UNKNOWN","UNKNOWN","PARKED MOTOR VEHICLE","OTHER",,"STRAIGHT AND LEVEL","UNKNOWN","UNKNOWN","NOT ON SCENE (DESK REPORT)","NO INJURY / DRIVE AWAY",,,"Y","OVER $1,500","2025-01-26T18:45:00.000","NOT APPLICABLE","UNABLE TO DETERMINE","5135","S","UNIVERSITY AVE","233",,,,,,,"2","NO INDICATION OF INJURY","0","0","0","0","0","1","0","0","1","1","41.8012282769","-87.5980706438","POINT (-87.598070643785 41.801228276921)"
"2f0b3cbd5c45b5c54d5dadeb74cdc9576318ae5e0a9034c4ed07d1e00c50254917a0550717b3ec6b98dc0e6b09a3173f8a09edd4d248ae038735971d88368a23","Y","2025-01-25T23:49:00.000","30","TRAFFIC SIGNAL","FUNCTIONING PROPERLY","CLEAR","DARKNESS, LIGHTED ROAD","FIXED OBJECT","FOUR WAY",,"STRAIGHT AND LEVEL","DRY","NO DEFECTS","ON SCENE","INJURY AND / OR TOW DUE TO CRASH","Y",,"Y","OVER $1,500","2025-01-25T23:50:00.000","FAILING TO REDUCE SPEED TO AVOID CRASH","UNABLE TO DETERMINE","98","N","SACRAMENTO BLVD","1222",,,,,,,"1","NO INDICATION OF INJURY","0","0","0","0","0","1","0","23","7","1","41.8827995623","-87.7013997906","POINT (-87.701399790615 41.882799562329)"
"a07ce40d34039e52ab21f34a542fb996d1e23a3c264acab04ec59cf876d83541536c43a5b55dc66ed3d5279e1e43d0a1a3edf82e72169dec9032d336a5e95fce",,"2025-01-25T23:30:00.000","15","NO CONTROLS","NO CONTROLS","CLEAR","DARKNESS, LIGHTED ROAD","PARKED MOTOR VEHICLE","ONE-WAY",,"STRAIGHT AND LEVEL","DRY","NO DEFECTS","ON SCENE","NO INJURY / DRIVE AWAY",,,"Y","$501 - $1,500","2025-01-25T23:43:00.000","FAILING TO REDUCE SPEED TO AVOID CRASH","FOLLOWING TOO CLOSELY","10646","S","GREEN BAY AVE","432",,,,,,,"3","NO INDICATION OF INJURY","0","0","0","0","0","1","0","23","7","1","41.7013784833","-87.5414919308","POINT (-87.541491930839 41.701378483254)"
"2b5f40e7f330afe59c38462afe768d9fa8fbfb9b551180fbd9e09ef4f144ddde0881faf41565f783795b5bb0e1a05a36e344c43d72064c359b2590474e80cd8d",,"2025-01-25T23:18:00.000","30","TRAFFIC SIGNAL","FUNCTIONING PROPERLY","CLEAR","DARKNESS, LIGHTED ROAD","TURNING","NOT DIVIDED",,"STRAIGHT AND LEVEL","DRY","NO DEFECTS","ON SCENE","INJURY AND / OR TOW DUE TO CRASH",,,"Y","OVER $1,500","2025-01-25T23:54:00.000","IMPROPER OVERTAKING/PASSING","NOT APPLICABLE","5001","W","MADISON ST","1533",,,,,,,"2","NO INDICATION OF INJURY","0","0","0","0","0","2","0","23","7","1","41.8803233571","-87.7502927601","POINT (-87.750292760135 41.88032335714)"
"cc1ed05d308d5aec6be873628522520fe66fa7c04f67234ba17858f27954a85356a2ad7c5beb3e269b04b18a9142b26b0ca9e90a1f72b332c53aea5fa58ea1e5",,"2025-01-25T23:14:00.000","30","TRAFFIC SIGNAL","FUNCTIONING PROPERLY","CLEAR","DARKNESS, LIGHTED ROAD","SIDESWIPE SAME DIRECTION","NOT DIVIDED",,"STRAIGHT AND LEVEL","DRY","NO DEFECTS","ON SCENE","NO INJURY / DRIVE AWAY",,,,"OVER $1,500","2025-01-25T23:21:00.000","IMPROPER TURNING/NO SIGNAL","IMPROPER OVERTAKING/PASSING","841","W","IRVING PARK RD","1923",,,,,,,"2","NO INDICATION OF INJURY","0","0","0","0","0","2","0","23","7","1","41.9544250186","-87.6513240171","POINT (-87.65132401707 41.954425018612)"
"6d1eeba59fa35b43caa23125c3bca9c9e24338a2a6f5b3d0e161cf29d8a10399320c6498d42b2387910f3cf8c599b4a0d3942192b22ddb84a002a68ee2eb931a","Y","2025-01-25T23:01:00.000","30","TRAFFIC SIGNAL","FUNCTIONING PROPERLY","CLEAR","DARKNESS, LIGHTED ROAD","REAR END","NOT DIVIDED",,"STRAIGHT AND LEVEL","DRY","NO DEFECTS","ON SCENE","INJURY AND / OR TOW DUE TO CRASH",,,,"OVER $1,500","2025-01-25T23:02:00.000","FOLLOWING TOO CLOSELY","NOT APPLICABLE","6404","N","SHERIDAN RD","2432",,,,,,,"2","REPORTED, NOT EVIDENT","1","0","0","0","1","1","0","23","7","1","41.9983311141","-87.6607125267","POINT (-87.660712526744 41.998331114115)"
"75ca0db93883d1e00e6ab883597b579ac2ee06584f7e5f25c0bf96a0f5357fcd836b15076c928804cc9ac1ce7f029b370ee60b3ae2629afd75aab40bfd95c65d",,"2025-01-25T23:00:00.000","30","TRAFFIC SIGNAL","FUNCTIONING PROPERLY","CLEAR","DARKNESS, LIGHTED ROAD","HEAD ON","FOUR WAY",,"STRAIGHT AND LEVEL","DRY","UNKNOWN","ON SCENE","INJURY AND / OR TOW DUE TO CRASH","Y",,,"OVER $1,500","2025-01-25T23:12:00.000","DISREGARDING TRAFFIC SIGNALS","NOT APPLICABLE","2800","N","CICERO AVE","2521",,,,,,,"2","NO INDICATION OF INJURY","0","0","0","0","0","2","0","23","7","1","41.9315756084","-87.7467433011","POINT (-87.746743301136 41.931575608446)"
"884a73d655776b6b26df51e0bbcee4eb4a281152f8b3c5e4b2556f61584f44f42d59bb5c6e357b2c251b59db40f3a36ff5f5e72a9b1639ce91a835c6d7313d14","Y","2025-01-25T23:00:00.000","30","NO CONTROLS","NO CONTROLS","UNKNOWN","DARKNESS","PARKED MOTOR VEHICLE","NOT DIVIDED",,"STRAIGHT AND LEVEL","UNKNOWN","UNKNOWN","ON SCENE","INJURY AND / OR TOW DUE TO CRASH",,,"Y","$501 - $1,500","2025-01-26T07:00:00.000","UNABLE TO DETERMINE","NOT APPLICABLE","1234","N","DEARBORN ST","1824",,,,,,,"2","NO INDICATION OF INJURY","0","0","0","0","0","1","0","23","7","1","41.9049424811","-87.6301622818","POINT (-87.63016228177 41.904942481144)"
"0a83569bee159c0b18745986b93ee72254523d8203056655228a9f8eed6cf09481adbbc20566abf713642c8539bde00da39312fe4d0209d2490468a2c665bd9b","Y","2025-01-25T22:45:00.000","20","NO CONTROLS","NO CONTROLS","CLEAR","DARKNESS, LIGHTED ROAD","PARKED MOTOR VEHICLE","NOT DIVIDED",,"STRAIGHT AND LEVEL","DRY","NO DEFECTS","NOT ON SCENE (DESK REPORT)","NO INJURY / DRIVE AWAY",,,"Y","OVER $1,500","2025-01-26T10:40:00.000","NOT APPLICABLE","NOT APPLICABLE","51","N","KILBOURN AVE","1113",,,,,,,"2","NO INDICATION OF INJURY","0","0","0","0","0","2","0","22","7","1","41.8818369752","-87.7378209934","POINT (-87.737820993394 41.88183697515)"
"7db40f1150956a8e6764a5f0a5d61e8b0004c3e60d999e2e50d866fe5a20d38f12e9557fdae35ec051a2052e17ab08a5880f32ef3adf43048d77e036cb3e5d2d",,"2025-01-25T22:36:00.000","30","UNKNOWN","UNKNOWN","CLEAR","DARKNESS, LIGHTED ROAD","SIDESWIPE SAME DIRECTION","NOT DIVIDED",,"STRAIGHT AND LEVEL","DRY","UNKNOWN","NOT ON SCENE (DESK REPORT)","NO INJURY / DRIVE AWAY","N",,,"$501 - $1,500","2025-01-25T23:00:00.000","FOLLOWING TOO CLOSELY","IMPROPER TURNING/NO SIGNAL","4849","W","GRAND AVE","2533",,"N",,,,,"2","NO INDICATION OF INJURY","0","0","0","0","0","3","0","22","7","1","41.9142997833","-87.7479866659","POINT (-87.747986665886 41.914299783263)"
"51084f9e018423374a1a13f87103fd0133fe907873704738ea0f930c1ec5212568636800e81ffcd395cc4c851eef4f46f63fc5404875fe9192cdf8241539d591",,"2025-01-25T22:30:00.000","30","NO CONTROLS","NO CONTROLS","CLEAR","DARKNESS, LIGHTED ROAD","TURNING","ONE-WAY",,"STRAIGHT AND LEVEL","DRY","NO DEFECTS","ON SCENE","INJURY AND / OR TOW DUE TO CRASH",,,"Y","OVER $1,500","2025-01-25T22:32:00.000","DRIVING ON WRONG SIDE/WRONG WAY","NOT APPLICABLE","98","N","KOSTNER AVE","1113",,,,,,,"2","NO INDICATION OF INJURY","0","0","0","0","0","3","0","22","7","1","41.8818610139","-87.7356618178","POINT (-87.735661817788 41.881861013919)"
"fd21842ab185714535cf24ef6d1585fa5a063cc182a2e19f303c44ef928cc3f5e882464c55ab824b19fc0e32bfd29c3aeb62d017856195f7fd16d27ad3a85e6f",,"2025-01-25T22:30:00.000","30","TRAFFIC SIGNAL","FUNCTIONING PROPERLY","CLEAR","DARKNESS, LIGHTED ROAD","FIXED OBJECT","NOT DIVIDED",,"STRAIGHT AND LEVEL","DRY","NO DEFECTS","ON SCENE","INJURY AND / OR TOW DUE TO CRASH",,,"Y","OVER $1,500","2025-01-26T00:06:00.000","UNABLE TO DETERMINE","NOT APPLICABLE","5000","S","PULASKI RD","815",,,,,,,"1","NO INDICATION OF INJURY","0","0","0","0","0","1","0","22","7","1","41.8022262411","-87.7235681506","POINT (-87.7235681506 41.802226241093)"
"65e3b686a6ac37a697889c6e56c36d8acee75786acd5583d0fdbdc1f9dc87d19f9aec177fefc94134275720cff5abaa39469d6e931066ce69c3941e084b7b8ae",,"2025-01-25T22:27:00.000","30","NO CONTROLS","NO CONTROLS","CLEAR","DARKNESS, LIGHTED ROAD","PARKED MOTOR VEHICLE","NOT DIVIDED",,"STRAIGHT AND LEVEL","DRY","NO DEFECTS","ON SCENE","INJURY AND / OR TOW DUE TO CRASH",,,"N","OVER $1,500","2025-01-25T22:41:00.000","FAILING TO REDUCE SPEED TO AVOID CRASH","NOT APPLICABLE","3257","W","111TH ST","2211",,"Y",,,,,"2","NO INDICATION OF INJURY","0","0","0","0","0","1","0","22","7","1","41.6914233286","-87.70317041","POINT (-87.703170410041 41.691423328614)"
"3ece268d150bb2306f42ebdbf4c2981e170f887e5e49852586fab5b9ee4299936b22250c6158f1d089eb938970ad22e73a44b408d4097548beaa6f3b60bb628a",,"2025-01-25T22:05:00.000","30","NO CONTROLS","NO CONTROLS","CLEAR","DARKNESS","TURNING","FOUR WAY",,"STRAIGHT AND LEVEL","DRY","UNKNOWN","NOT ON SCENE (DESK REPORT)","NO INJURY / DRIVE AWAY",,,"Y","OVER $1,500","2025-01-26T09:54:00.000","UNABLE TO DETERMINE","UNABLE TO DETERMINE","959","N","MICHIGAN AVE","1833",,,,,,,"2","NO INDICATION OF INJURY","0","0","0","0","0","2","0","22","7","1","41.9004800728","-87.6240419514","POINT (-87.624041951397 41.900480072767)"
"10f164328ca5cef2399a53e924730085ac8debbac446143203f0df2c1bcd179f1954005f03f30743c0536666bf7b867fc4341293fa2da0b658a6039c03981a18",,"2025-01-25T22:00:00.000","35","NO CONTROLS","NO CONTROLS","CLEAR","DARKNESS, LIGHTED ROAD","REAR END","NOT DIVIDED",,"STRAIGHT AND LEVEL","DRY","NO DEFECTS","ON SCENE","NO INJURY / DRIVE AWAY",,,,"$500 OR LESS","2025-01-25T22:00:00.000","FOLLOWING TOO CLOSELY","NOT APPLICABLE","3519","N","CLARK ST","1924",,,,,,,"2","NO INDICATION OF INJURY","0","0","0","0","0","3","0","22","7","1","41.946280811","-87.6556031281","POINT (-87.655603128083 41.94628081101)"
"c6b501f8e7a0ae06e8de0d4d6284b135328e15ffc52e35a1c690bead89369709626b90136527fc8245e3da532b8d8393785010e07b55fb570e1cc712b06f1394",,"2025-01-25T22:00:00.000","30","TRAFFIC SIGNAL","FUNCTIONING PROPERLY","CLEAR","DARKNESS, LIGHTED ROAD","SIDESWIPE SAME DIRECTION","DIVIDED - W/MEDIAN (NOT RAISED)",,"STRAIGHT AND LEVEL","DRY","NO DEFECTS","NOT ON SCENE (DESK REPORT)","NO INJURY / DRIVE AWAY",,,,"OVER $1,500","2025-01-25T22:30:00.000","IMPROPER OVERTAKING/PASSING","NOT APPLICABLE","2908","W","FULLERTON AVE","1414",,,,,,,"2","NO INDICATION OF INJURY","0","0","0","0","0","2","0","22","7","1","41.9248900931","-87.7002827311","POINT (-87.700282731085 41.924890093061)"
"2f9f6eb1038fd03326a47fbc835d80c1a47232c552ad20dab2b6fa4fa0106f7d25cea51bfc543324a47cd17c77cb5fa01144f3192a6b24f86a6f6168530496a0",,"2025-01-25T21:48:00.000","20","UNKNOWN","UNKNOWN","CLEAR","DARKNESS, LIGHTED ROAD","HEAD ON","NOT DIVIDED",,"STRAIGHT AND LEVEL","UNKNOWN","UNKNOWN","ON SCENE","NO INJURY / DRIVE AWAY",,,,"OVER $1,500","2025-01-25T22:06:00.000","DRIVING ON WRONG SIDE/WRONG WAY","OPERATING VEHICLE IN ERRATIC, RECKLESS, CARELESS, NEGLIGENT OR AGGRESSIVE MANNER","3517","W","72ND ST","831",,,,,,,"2","NO INDICATION OF INJURY","0","0","0","0","0","3","0","21","7","1","41.7623325001","-87.7107967265","POINT (-87.710796726493 41.762332500099)"
"713991b06bc408bf88cdd08d733f8b629dc37ff8f31d9bd5191b16f00184820054c9a6397f938d3ff8ec29049ba1ad9628d8e95697dfe4a5ac5e7654b9618d67",,"2025-01-25T21:40:00.000","10","NO CONTROLS","NO CONTROLS","CLEAR","DARKNESS, LIGHTED ROAD","PARKED MOTOR VEHICLE","NOT DIVIDED",,"STRAIGHT AND LEVEL","DRY","NO DEFECTS","NOT ON SCENE (DESK REPORT)","NO INJURY / DRIVE AWAY",,,"Y","OVER $1,500","2025-01-25T22:44:00.000","UNABLE TO DETERMINE","NOT APPLICABLE","4500","S","TRUMBULL AVE","821",,,,,,,"2","NO INDICATION OF INJURY","0","0","0","0","0","3","0","21","7","1","41.8116490909","-87.71029512","POINT (-87.710295119979 41.811649090896)"
"6319b2477049562dbe50b0bad744277c4b5d3bbf15ba1e153bb5584c9a94581f71f1acff6a9b0b947cb2566192440723e296886346aa61a385015c5914978ca2",,"2025-01-25T21:30:00.000","30","NO CONTROLS","NO CONTROLS","CLEAR","DARKNESS, LIGHTED ROAD","TURNING","DIVIDED - W/MEDIAN (NOT RAISED)",,"STRAIGHT AND LEVEL","DRY","NO DEFECTS","ON SCENE","NO INJURY / DRIVE AWAY",,,,"OVER $1,500","2025-01-25T22:52:00.000","IMPROPER TURNING/NO SIGNAL","FAILING TO YIELD RIGHT-OF-WAY","2303","N","MILWAUKEE AVE","1414",,,,,,,"2","NO INDICATION OF INJURY","0","0","0","0","0","2","0","21","7","1","41.9230675813","-87.6973874564","POINT (-87.697387456359 41.923067581253)"
"120dbf3b5c48e3c4edd3fc151b1381d76ad0f95edc61078be22ef749ce5cd98460a619b3838ee6e0936aadbe6ab1750d98ff88d140c3235e26881667af4b12a0",,"2025-01-25T21:28:00.000","30","NO CONTROLS","NO CONTROLS","CLEAR","DARKNESS, LIGHTED ROAD","FIXED OBJECT","DIVIDED - W/MEDIAN (NOT RAISED)",,"STRAIGHT AND LEVEL","DRY","NO DEFECTS","ON SCENE","INJURY AND / OR TOW DUE TO CRASH",,,,"OVER $1,500","2025-01-25T21:30:00.000","OPERATING VEHICLE IN ERRATIC, RECKLESS, CARELESS, NEGLIGENT OR AGGRESSIVE MANNER","NOT APPLICABLE","13337","S","INDIANA AVE","533",,,,,,,"1","NONINCAPACITATING INJURY","1","0","0","1","0","1","0","21","7","1","41.6524957706","-87.6170887781","POINT (-87.617088778064 41.652495770637)"
"5216201312a2657b5fdd21eb1b10452fed3894a1724ba4e4bc82de2d8272ef199c5ff7a02731a0ad7ed34abbb2275a5fdbf8fc5d8fd4871f94c475cfa5b5ce5f",,"2025-01-25T21:27:00.000","30","TRAFFIC SIGNAL","FUNCTIONING PROPERLY","CLEAR","DARKNESS, LIGHTED ROAD","TURNING","FOUR WAY",,"STRAIGHT AND LEVEL","DRY","NO DEFECTS",,"INJURY AND / OR TOW DUE TO CRASH",,,,"OVER $1,500","2025-01-25T21:50:00.000","UNABLE TO DETERMINE","UNABLE TO DETERMINE","8700","S","DR MARTIN LUTHER KING JR DR","632",,,,,,,"2","NO INDICATION OF INJURY","0","0","0","0","0","2","0","21","7","1","41.7364550458","-87.6146729127","POINT (-87.614672912717 41.736455045812)"
"b12a3213f8b112c6477524fa0089b3c70e2d451353175b89dfdf4f94cec82539ab5bc22bdf373fd1a5b19c422329a36a36b29ea95e077d0db9aeaa7948c4d8d8",,"2025-01-25T21:27:00.000","30","TRAFFIC SIGNAL","FUNCTIONING PROPERLY","CLEAR","DARKNESS, LIGHTED ROAD","TURNING","FOUR WAY",,"STRAIGHT AND LEVEL","DRY","NO DEFECTS","ON SCENE","INJURY AND / OR TOW DUE TO CRASH","Y",,,"OVER $1,500","2025-01-25T21:28:00.000","IMPROPER LANE USAGE","FAILING TO YIELD RIGHT-OF-WAY","239","N","WABASH AVE","111",,,,,,,"2","NO INDICATION OF INJURY","0","0","0","0","0","2","0","21","7","1","41.8867615895","-87.6261901986","POINT (-87.626190198639 41.886761589497)"
"4649e653037f50a28272c8f7ed613b722f6814089e5cdd97cc1db6f2cd7d7cc4a6d974121befa2eafe4dfc4877c5daba955078f86e6bfc13ebd1e88193a56e52",,"2025-01-25T21:26:00.000","15","NO CONTROLS","NO CONTROLS","CLEAR","DARKNESS, LIGHTED ROAD","SIDESWIPE SAME DIRECTION","PARKING LOT",,"STRAIGHT AND LEVEL","DRY","NO DEFECTS","NOT ON SCENE (DESK REPORT)","NO INJURY / DRIVE AWAY",,"Y","Y","OVER $1,500","2025-01-25T22:00:00.000","OPERATING VEHICLE IN ERRATIC, RECKLESS, CARELESS, NEGLIGENT OR AGGRESSIVE MANNER","IMPROPER OVERTAKING/PASSING","1901","W","WARREN BLVD","1223",,,,,,,"2","NO INDICATION OF INJURY","0","0","0","0","0","4","0","21","7","1","41.882159758","-87.6743301783","POINT (-87.674330178339 41.882159758028)"
"3745c4c459c195ca6a20c7685580e22883333ca805c6959de21ba0feed142a26366ed1dc131d50a713f758d80d8c029b59c4cd8417d5cb3d1bd9dd5141e39741",,"2025-01-25T21:18:00.000","15","NO CONTROLS","NO CONTROLS","UNKNOWN","UNKNOWN","PARKED MOTOR VEHICLE","PARKING LOT",,"STRAIGHT AND LEVEL","UNKNOWN","UNKNOWN","ON SCENE","NO INJURY / DRIVE AWAY",,,"Y","$500 OR LESS","2025-01-25T21:20:00.000","UNABLE TO DETERMINE","NOT APPLICABLE","4626","W","DIVERSEY AVE","2521",,,,,,,"2","NO INDICATION OF INJURY","0","0","0","0","0","1","0","21","7","1","41.9316889194","-87.7430169468","POINT (-87.743016946831 41.931688919351)"
"b72fe7863b7da9f493d480389f91b6b20e8df66565d5552c224fcce709689d52427b413c9fe36b359d7497c7f1ced43be45ebe86772ad1933f7664fef4b793d0",,"2025-01-25T21:10:00.000","30","NO CONTROLS","NO CONTROLS","CLEAR","DARKNESS","FIXED OBJECT","NOT DIVIDED",,"STRAIGHT AND LEVEL","DRY","NO DEFECTS","ON SCENE","INJURY AND / OR TOW DUE TO CRASH",,"N",,"$500 OR LESS","2025-01-25T21:10:00.000","PHYSICAL CONDITION OF DRIVER","UNABLE TO DETERMINE","2722","S","PULASKI RD","1031",,,,,,,"1","NONINCAPACITATING INJURY","1","0","0","1","0","0","0","21","7","1","41.8416856082","-87.7246275072","POINT (-87.724627507163 41.84168560825)"
"11aa1ac91400774618b2bfdba98be7f858de4d3e4be3c0ec5f55f27d6b72d913efe65e0b42aafa78d9a7ad8d5b5023aa0a47067da23f176f813ee6f033b8b3cb",,"2025-01-25T21:05:00.000","30","TRAFFIC SIGNAL","UNKNOWN","CLEAR","UNKNOWN","REAR TO FRONT","DIVIDED - W/MEDIAN BARRIER",,"STRAIGHT AND LEVEL","DRY","UNKNOWN","NOT ON SCENE (DESK REPORT)","NO INJURY / DRIVE AWAY","Y",,"Y","OVER $1,500","2025-01-25T22:00:00.000","IMPROPER BACKING","NOT APPLICABLE","6400","N","SHERIDAN RD","2432",,,,,,,"2","NO INDICATION OF INJURY","0","0","0","0","0","2","0","21","7","1","41.9982179205","-87.6606952556","POINT (-87.660695255572 41.998217920532)"
"1799d3d826a0c1e228299eca31052f08734def0186f3d2e5c7dfe52f6ccdf41964a9b57d407b18a22b2d11046f18c8313b23042b4dd7600ac0197b4cbfe9032e",,"2025-01-25T20:35:00.000","25","NO CONTROLS","NO CONTROLS","CLEAR","DARKNESS, LIGHTED ROAD","PEDESTRIAN","NOT DIVIDED",,"STRAIGHT AND LEVEL","DRY","NO DEFECTS","ON SCENE","INJURY AND / OR TOW DUE TO CRASH",,,"Y","OVER $1,500","2025-01-25T20:40:00.000","IMPROPER OVERTAKING/PASSING","UNABLE TO DETERMINE","448","N","RACINE AVE","1215",,,,,,,"2","NONINCAPACITATING INJURY","1","0","0","1","0","3","0","20","7","1","41.8903029386","-87.6575130291","POINT (-87.657513029106 41.890302938599)"
"54404d4fdf96df18419e08b5775317abd226a09a7605b09bd9a42ec22bf13c6272c50c7cbb1c4f1d919499b869a35aaa109272d533cf981c8376d43baba2ed99",,"2025-01-25T20:30:00.000","30","UNKNOWN","UNKNOWN","CLEAR","DARKNESS, LIGHTED ROAD","SIDESWIPE SAME DIRECTION","FOUR WAY",,"STRAIGHT AND LEVEL","DRY","UNKNOWN","NOT ON SCENE (DESK REPORT)","NO INJURY / DRIVE AWAY",,,"Y","OVER $1,500","2025-01-25T21:45:00.000","UNABLE TO DETERMINE","NOT APPLICABLE","4901","N","KIMBALL AVE","1713",,,,,,,"2","NO INDICATION OF INJURY","0","0","0","0","0","2","0","20","7","1","41.9703081701","-87.7132690053","POINT (-87.713269005281 41.970308170133)"
"a672c8a30bec530969c42105399c7595ed142fba86e31d7a9c42af7d29d281d8dabcd1b4f8c5453a8feaa448e9850daa358305c0a1451055d495d1c832c7e505",,"2025-01-25T20:30:00.000","30","STOP SIGN/FLASHER","FUNCTIONING PROPERLY","CLEAR","DARKNESS, LIGHTED ROAD","ANGLE","T-INTERSECTION",,"STRAIGHT AND LEVEL","DRY","NO DEFECTS","ON SCENE","NO INJURY / DRIVE AWAY",,,"Y","$501 - $1,500","2025-01-25T22:32:00.000","UNABLE TO DETERMINE","UNABLE TO DETERMINE","7503","S","KINGSTON AVE","421",,,,,,,"2","NO INDICATION OF INJURY","0","0","0","0","0","3","0","20","7","1","41.7588885711","-87.5625858981","POINT (-87.562585898097 41.758888571133)"
"c4c60605d117091cea3e049a4d4e4d9a27c4537fbdfcd8018e347c499010ac3a275a9491d2af5ddf5847b11f9aa42630484484202685b7c070c32b913ccb9cd7",,"2025-01-25T20:30:00.000","30","TRAFFIC SIGNAL","UNKNOWN","CLEAR","DARKNESS, LIGHTED ROAD","SIDESWIPE SAME DIRECTION","Y-INTERSECTION",,"STRAIGHT AND LEVEL","DRY","NO DEFECTS",,"NO INJURY / DRIVE AWAY",,,"Y","OVER $1,500","2025-01-25T21:30:00.000","IMPROPER OVERTAKING/PASSING","IMPROPER OVERTAKING/PASSING","5048","N","CICERO AVE","1621",,,,,,,"2","NO INDICATION OF INJURY","0","0","0","0","0","2","0","20","7","1","41.9728583665","-87.7480570936","POINT (-87.748057093561 41.972858366514)"
"266c61895d86c1ae41a0da97be662585b936df401e3a1a21c19535feb5f72b57fcd8b01dde3385f5f1b18e0f18ddf77ca5fab0a26f903d94a1fb098f896a3f15",,"2025-01-25T20:27:00.000","30","STOP SIGN/FLASHER","FUNCTIONING PROPERLY","CLEAR","DARKNESS, LIGHTED ROAD","SIDESWIPE SAME DIRECTION","T-INTERSECTION",,"STRAIGHT AND LEVEL","DRY","NO DEFECTS","NOT ON SCENE (DESK REPORT)","INJURY AND / OR TOW DUE TO CRASH",,,"Y","OVER $1,500","2025-01-28T19:50:00.000","UNABLE TO DETERMINE","UNABLE TO DETERMINE","9900","S","COTTAGE GROVE AVE","511",,,,,,,"2","REPORTED, NOT EVIDENT","1","0","0","0","1","2","0","20","7","1","41.7147153259","-87.6050148668","POINT (-87.605014866804 41.714715325913)"
"fb0eac3428e3b5817c9d901fc6432e3d95d705c699cab22b681c8cd954220b3007d735d2d27f1b9c2944315dac5da70de46a73ec0dd24b69c3a2f49e9f6ec92f",,"2025-01-25T20:12:00.000","40","TRAFFIC SIGNAL","FUNCTIONING PROPERLY","CLEAR","DARKNESS, LIGHTED ROAD","REAR END","DIVIDED - W/MEDIAN BARRIER",,"STRAIGHT AND LEVEL","DRY","NO DEFECTS","ON SCENE","NO INJURY / DRIVE AWAY",,,,"OVER $1,500","2025-01-25T20:15:00.000","FOLLOWING TOO CLOSELY","UNABLE TO DETERMINE","10300","W","IRVING PARK RD","1654",,,,,,,"2","NO INDICATION OF INJURY","0","0","0","0","0","2","0","20","7","1","41.9584075239","-87.8863332475","POINT (-87.886333247534 41.958407523899)"
"8ed7c675385be020622d74ba6da8c32726623e8f1566ef4e3a639690ea2f20feb12c3d29b3ceade0ad1510986532861aff69e0810aaf651c3597c70c7639cbc1",,"2025-01-25T20:11:00.000","30","TRAFFIC SIGNAL","FUNCTIONING PROPERLY","CLEAR","DARKNESS, LIGHTED ROAD","ANGLE","NOT DIVIDED",,"STRAIGHT AND LEVEL","DRY","NO DEFECTS","ON SCENE","INJURY AND / OR TOW DUE TO CRASH","Y",,,"OVER $1,500","2025-01-25T20:12:00.000","FAILING TO YIELD RIGHT-OF-WAY","FAILING TO YIELD RIGHT-OF-WAY","524","N","FRANKLIN ST","1831",,,,,,,"2","NONINCAPACITATING INJURY","2","0","0","1","1","1","0","20","7","1","41.8915229935","-87.6357204249","POINT (-87.635720424924 41.891522993458)"