"crash_record_id","crash_date_est_i","crash_date","posted_speed_limit","traffic_control_device","device_condition","weather_condition","lighting_condition","first_crash_type","trafficway_type","lane_cnt","alignment","roadway_surface_cond","road_defect","report_type","crash_type","intersection_related_i","private_property_i","hit_and_run_i","damage","date_police_notified","prim_contributory_cause","sec_contributory_cause","street_no","street_direction","street_name","beat_of_occurrence","photos_taken_i","statements_taken_i","dooring_i","work_zone_i","work_zone_type","workers_present_i","num_units","most_severe_injury","injuries_total","injuries_fatal","injuries_incapacitating","injuries_non_incapacitating","injuries_reported_not_evident","injuries_no_indication","injuries_unknown","crash_hour","crash_day_of_week","crash_month","latitude","longitude","location"
"aad065f9071efb59bcf1e0279bb59133e41e6d024777993f0ea446c90ab0247176253b6ac691ac128fdfd8abb1ec53c8385e4634c364421569559668b7fe14c9",,"2025-01-25T20:05:00.000","30","TRAFFIC SIGNAL","NO CONTROLS","CLEAR","DARKNESS, LIGHTED ROAD","TURNING","FOUR WAY",,"STRAIGHT AND LEVEL","DRY","NO DEFECTS","NOT ON SCENE (DESK REPORT)","NO INJURY / DRIVE AWAY","Y",,,"OVER $1,500","2025-01-25T20:25:00.000","UNABLE TO DETERMINE","NOT APPLICABLE","398","E","PERSHING RD","212",,,,,,,"2","NO INDICATION OF INJURY","0","0","0","0","0","2","0","20","7","1","41.823947682","-87.6167485133","POINT (-87.616748513344 41.823947681952)"
"2f66918a63f6977a11a2b40a8e1a688753e77bcb030a2bae04a3e7f16723e02b0fb941089708bbe37b2b1fbac215697c6aa32a7c36050cb286d9346d44574f09","Y","2025-01-25T20:00:00.000","35","NO CONTROLS","NO CONTROLS","CLEAR","UNKNOWN","PARKED MOTOR VEHICLE","ONE-WAY",,"STRAIGHT AND LEVEL","DRY","NO DEFECTS","NOT ON SCENE (DESK REPORT)","NO INJURY / DRIVE AWAY",,,"Y","$501 - $1,500","2025-01-26T18:50:00.000","UNABLE TO DETERMINE","UNABLE TO DETERMINE","4635","S","RICHMOND ST","922",,,,,,,"2","NO INDICATION OF INJURY","0","0","0","0","0","1","0","20","7","1","41.8089902382","-87.697748513","POINT (-87.697748513047 41.808990238155)"
"418c564101c2778d4746d66c12497f17362379ca936bb98bc4ff3ec2f034207432acca65aa1088ca724542f5eb3a66d61c53225849a5ef0316c703ba5bcc620c","Y","2025-01-25T20:00:00.000","20","OTHER REG. SIGN","FUNCTIONING PROPERLY","CLEAR","DARKNESS, LIGHTED ROAD","PARKED MOTOR VEHICLE","ONE-WAY",,"STRAIGHT AND LEVEL","DRY","NO DEFECTS","NOT ON SCENE (DESK REPORT)","NO INJURY / DRIVE AWAY",,,"Y","OVER $1,500","2025-01-26T11:20:00.000","UNABLE TO DETERMINE","UNABLE TO DETERMINE","2508","N","KILDARE AVE","2524",,,,,,,"2","NO INDICATION OF INJURY","0","0","0","0","0","1","0","20","7","1","41.9265327658","-87.7343293191","POINT (-87.734329319053 41.926532765794)"
"7ba945f7f4eb4329b24d0f854070b15bd65809c65fca11e4f224486b7f12b36036d0eff5af25744323b1529e0e0883fbf53fbcd9bbded78a04d0963150d78763",,"2025-01-25T20:00:00.000","20","NO CONTROLS","NO CONTROLS","CLEAR","UNKNOWN","ANGLE","FOUR WAY",,"STRAIGHT AND LEVEL","UNKNOWN","UNKNOWN",,"NO INJURY / DRIVE AWAY","Y",,"Y","$501 - $1,500","2025-01-25T21:15:00.000","UNABLE TO DETERMINE","NOT APPLICABLE","5202","W","OHIO ST","1524",,,,,,,"2","NO INDICATION OF INJURY","0","0","0","0","0","3","0","20","7","1","41.8913049933","-87.7556025124","POINT (-87.755602512383 41.891304993322)"
"faab79a1d0a8ab589c7e044d085421d7ad50ca92318ab253a42c3a1d955778e22fc8f92cd3cafc8166a2bb218ceff78579806307ee36d8ed1149aca07dd018cd","Y","2025-01-25T20:00:00.000","30","TRAFFIC SIGNAL","UNKNOWN","UNKNOWN","UNKNOWN","PARKED MOTOR VEHICLE","FOUR WAY",,"STRAIGHT AND LEVEL","UNKNOWN","UNKNOWN","ON SCENE","NO INJURY / DRIVE AWAY",,,"Y","OVER $1,500","2025-01-26T11:31:00.000","UNABLE TO DETERMINE","UNABLE TO DETERMINE","5453","S","WOOD ST","932",,,,,,,"3","NO INDICATION OF INJURY","0","0","0","0","0","1","0","20","7","1","41.7942354427","-87.6693046398","POINT (-87.669304639764 41.794235442694)"
"3885b8f6af748436f9bb0ab8415fe6866faaaecb35b96b2487a5e09382b00ccf415b326ca9821230b1986f8629cb84b4328f2aff09976241f29e62453f08b080",,"2025-01-25T19:58:00.000","25","NO CONTROLS","NO CONTROLS","CLEAR","DARKNESS, LIGHTED ROAD","PARKED MOTOR VEHICLE","ONE-WAY",,"STRAIGHT AND LEVEL","DRY","NO DEFECTS","ON SCENE","NO INJURY / DRIVE AWAY",,,,"$501 - $1,500","2025-01-25T20:00:00.000","UNABLE TO DETERMINE","NOT APPLICABLE","5131","S","LAVERGNE AVE","814",,,,,,,"2","NO INDICATION OF INJURY","0","0","0","0","0","4","0","19","7","1","41.7993981933","-87.7476789237","POINT (-87.747678923717 41.799398193346)"
"a09e98588db321452a8d724856b4bdecb60c0bd7fddfd84464cd30dddf419c45e974561d95434c20a890c0ae7795e5a89a21dedc2845424c4a244b7dc9e435b3",,"2025-01-25T19:56:00.000","35","NO CONTROLS","NO CONTROLS","CLEAR","DARKNESS","TURNING","NOT DIVIDED",,"STRAIGHT AND LEVEL","DRY","NO DEFECTS","ON SCENE","NO INJURY / DRIVE AWAY",,,"Y","OVER $1,500","2025-01-25T20:02:00.000","FAILING TO YIELD RIGHT-OF-WAY","NOT APPLICABLE","3218","N","KIMBALL AVE","1732",,,,,,,"2","NO INDICATION OF INJURY","0","0","0","0","0","2","0","19","7","1","41.9398486191","-87.7126679483","POINT (-87.712667948274 41.939848619122)"
"135174dd60133d44ff6d4c55cec05d10a464cbd106f8a2843e3c7e0dee3012d6b59eb92c59aab8f9032d5096c5c1d44d6460d66a796e27dc50f28e66966b70d2",,"2025-01-25T19:54:00.000","30","TRAFFIC SIGNAL","FUNCTIONING PROPERLY","CLEAR","DUSK","REAR END","NOT DIVIDED",,"STRAIGHT AND LEVEL","DRY","NO DEFECTS","NOT ON SCENE (DESK REPORT)","NO INJURY / DRIVE AWAY",,,,"$500 OR LESS","2025-01-26T08:25:00.000","UNABLE TO DETERMINE","NOT APPLICABLE","1600","N","CALIFORNIA AVE","1421",,,,,,,"2","NO INDICATION OF INJURY","0","0","0","0","0","3","0","19","7","1","41.9103151463","-87.697174719","POINT (-87.697174719012 41.910315146253)"
"928572ffd74d96775b5961d1e57250cef4b436f21a6f8705b6d41dfe6cdbfb8b4ab98d297961e65130985007ae0a6f27216fb4b06463afbf045cd38c7b2762e8",,"2025-01-25T19:53:00.000","30","NO CONTROLS","NO CONTROLS","CLEAR","DARKNESS","TURNING","ONE-WAY",,"STRAIGHT AND LEVEL","UNKNOWN","UNKNOWN","NOT ON SCENE (DESK REPORT)","NO INJURY / DRIVE AWAY",,,,"OVER $1,500","2025-01-25T20:19:00.000","UNABLE TO DETERMINE","NOT APPLICABLE","4847","N","RAVENSWOOD AVE","2032",,,,,,,"2","NO INDICATION OF INJURY","0","0","0","0","0","2","0","19","7","1","41.9702168246","-87.6740502183","POINT (-87.674050218343 41.970216824635)"
"52e61de48745061cd69ad6600ecbf48e4a6e6fb772541e11d110248b309ac57a9bbbabf7ad5bfa6d66f82aee84335de5bd961c8e4c1ec753e8cfd1c2dac0d0ab",,"2025-01-25T19:48:00.000","25","NO CONTROLS","NO CONTROLS","CLEAR","DARKNESS, LIGHTED ROAD","SIDESWIPE SAME DIRECTION","ONE-WAY",,"STRAIGHT AND LEVEL","DRY","NO DEFECTS","NOT ON SCENE (DESK REPORT)","NO INJURY / DRIVE AWAY",,,,"OVER $1,500","2025-01-25T21:00:00.000","FAILING TO YIELD RIGHT-OF-WAY","UNABLE TO DETERMINE","4853","N","RAVENSWOOD AVE","2032",,,,,,,"2","NO INDICATION OF INJURY","0","0","0","0","0","2","0","19","7","1","41.9703892589","-87.6740515641","POINT (-87.674051564078 41.970389258861)"
"f4e4247f8e570e760e83632f9c9c4a7c76b57b34cb92a0c9448ef15ca024fdb73f03ae62e43d8ad07c275cbef56c5e4aefb415b8ee246c15b983326c4e525a39",,"2025-01-25T19:47:00.000","15","STOP SIGN/FLASHER","FUNCTIONING PROPERLY","CLEAR","DARKNESS, LIGHTED ROAD","ANGLE","TRAFFIC ROUTE",,"STRAIGHT AND LEVEL","DRY","NO DEFECTS","ON SCENE","INJURY AND / OR TOW DUE TO CRASH","Y",,,"OVER $1,500","2025-01-25T19:47:00.000","UNABLE TO DETERMINE","UNABLE TO DETERMINE","3232","W","25TH ST","1024","Y","Y",,,,,"2","NO INDICATION OF INJURY","0","0","0","0","0","6","0","19","7","1","41.8464214312","-87.7062530692","POINT (-87.70625306917 41.846421431211)"
"e62e4c510de33bf165815790657b71b983b95d5edf269973841f2362b5ddecc3c3bb5a5d4c33aced63cc3ec0737fbdf7538587b81c32a4bc34aeb3b5e278bad7",,"2025-01-25T19:38:00.000","30","NO CONTROLS","NO CONTROLS","CLEAR","DARKNESS, LIGHTED ROAD","PEDALCYCLIST","DIVIDED - W/MEDIAN (NOT RAISED)",,"STRAIGHT AND LEVEL","DRY","UNKNOWN","NOT ON SCENE (DESK REPORT)","NO INJURY / DRIVE AWAY",,,,"OVER $1,500","2025-01-25T19:42:00.000","DISREGARDING ROAD MARKINGS","UNABLE TO DETERMINE","1250","S","MICHIGAN AVE","131",,,,,,,"2","NO INDICATION OF INJURY","0","0","0","0","0","2","0","19","7","1","41.8660735868","-87.6242676732","POINT (-87.624267673225 41.866073586832)"
"c9c01b074d571ed8542d2e6e4f621bee4c69c099b99833a51256473c5962b4ea67fca96965d88dd05604733f8343f63d44f1b9339fa11fb74cf21d81ab439b0f",,"2025-01-25T19:33:00.000","10","OTHER","NO CONTROLS","CLEAR","DARKNESS, LIGHTED ROAD","OTHER OBJECT","OTHER",,"STRAIGHT AND LEVEL","DRY","NO DEFECTS","NOT ON SCENE (DESK REPORT)","NO INJURY / DRIVE AWAY",,"Y",,"OVER $1,500","2025-01-26T11:45:00.000","UNABLE TO DETERMINE","NOT APPLICABLE","2003","N","PULASKI RD","2525",,,,,,,"1","NO INDICATION OF INJURY","0","0","0","0","0","1","0","19","7","1","41.9172748673","-87.7264177323","POINT (-87.726417732306 41.917274867322)"
"c9864e677a70e36a6dc050c6f0f0c3dbc4da3fae2a365b7dd9ecf90d98d7a6dc64aab5183b36fe60a28d861245b798ec1a9eeb3d6c2435f10b10cf43337535f7",,"2025-01-25T19:32:00.000","25","STOP SIGN/FLASHER","FUNCTIONING PROPERLY","CLEAR","DARKNESS, LIGHTED ROAD","TURNING","T-INTERSECTION",,"STRAIGHT AND LEVEL","DRY","NO DEFECTS","NOT ON SCENE (DESK REPORT)","NO INJURY / DRIVE AWAY","Y",,,"OVER $1,500","2025-01-26T13:25:00.000","UNABLE TO DETERMINE","NOT APPLICABLE","11445","S","HALE AVE","2212",,,,,,,"2","NO INDICATION OF INJURY","0","0","0","0","0","2","0","19","7","1","41.6850696906","-87.6716214615","POINT (-87.67162146154 41.685069690552)"
"0363016e64d2bc3b20b9579193256cd15871164958af9cdd3636283392af8728b70bee50ebf730632989417cc602474df1df689b4cb65b90f6201b6e5fff4925",,"2025-01-25T19:23:00.000","30","NO CONTROLS","NO CONTROLS","CLEAR","DARKNESS, LIGHTED ROAD","PARKED MOTOR VEHICLE","DIVIDED - W/MEDIAN (NOT RAISED)",,"STRAIGHT AND LEVEL","DRY","NO DEFECTS","ON SCENE","NO INJURY / DRIVE AWAY",,,,"OVER $1,500","2025-01-25T19:24:00.000","UNDER THE INFLUENCE OF ALCOHOL/DRUGS (USE WHEN ARREST IS EFFECTED)","UNDER THE INFLUENCE OF ALCOHOL/DRUGS (USE WHEN ARREST IS EFFECTED)","7831","S","SEELEY AVE","611",,,,,,,"2","NO INDICATION OF INJURY","0","0","0","0","0","1","0","19","7","1","41.7511029673","-87.6742310031","POINT (-87.674231003077 41.751102967341)"
"c3f621dba59b6c1f8946f2513bbda9c4968c2a1c0ddd7a33d5328bad86bc2de8dabb39bfc387ac4b5dd4812352ae600152edb3886d7867fbbe7580abf860db03",,"2025-01-25T19:20:00.000","30","TRAFFIC SIGNAL","FUNCTIONING PROPERLY","CLEAR","DARKNESS","TURNING","FOUR WAY",,"STRAIGHT AND LEVEL","DRY","NO DEFECTS","NOT ON SCENE (DESK REPORT)","NO INJURY / DRIVE AWAY",,,"Y","OVER $1,500","2025-01-25T20:58:00.000","IMPROPER TURNING/NO SIGNAL","NOT APPLICABLE","390","W","WACKER DR","122",,,,,,,"2","NO INDICATION OF INJURY","0","0","0","0","0","2","0","19","7","1","41.88582821","-87.6370915027","POINT (-87.637091502663 41.885828209986)"
"a992b4ffa0459921345f3844a5c42fc46587a0b6829eaf6c6d0d752ab85c0264d23e3d9085da49b41478413393f2ebbec1ed0b418cab5fa7fd675a8ac864b798",,"2025-01-25T19:05:00.000","35","TRAFFIC SIGNAL","FUNCTIONING PROPERLY","CLEAR","DARKNESS","REAR END","NOT DIVIDED",,"STRAIGHT AND LEVEL","DRY","NO DEFECTS","NOT ON SCENE (DESK REPORT)","NO INJURY / DRIVE AWAY",,,,"$501 - $1,500","2025-01-26T16:00:00.000","FOLLOWING TOO CLOSELY","NOT APPLICABLE","5301","S","PULASKI RD","822",,,,,,,"2","NO INDICATION OF INJURY","0","0","0","0","0","2","0","19","7","1","41.796759099","-87.7231159034","POINT (-87.723115903434 41.79675909896)"
"61107da73d3aadd199267f2e01dcea8b82443e29342d9d4a5803eadcad3fab5ff21b2e643f8df014b0a5cbdebf8cb7a3fff412a73a869a4b3acc237ff61d9751",,"2025-01-25T19:04:00.000","30","NO CONTROLS","NO CONTROLS","CLEAR","DARKNESS, LIGHTED ROAD","PEDESTRIAN","DIVIDED - W/MEDIAN (NOT RAISED)",,"STRAIGHT AND LEVEL","DRY","NO DEFECTS","ON SCENE","NO INJURY / DRIVE AWAY",,,,"OVER $1,500","2025-01-25T19:05:00.000","NOT APPLICABLE","NOT APPLICABLE","257","W","87TH ST","634",,,,,,,"2","NO INDICATION OF INJURY","0","0","0","0","0","3","0","19","7","1","41.7359169799","-87.6304463428","POINT (-87.630446342806 41.735916979896)"
"f87096c19002350cbb3582147bc6651c749de86914fa6a0021ddb8bda08f0c973c2a0292d54f9e2de04e5e22e3e7f63d3447f4ded474d0e4bf33cd99253110a2",,"2025-01-25T19:01:00.000","30","STOP SIGN/FLASHER","FUNCTIONING PROPERLY","CLEAR","DARKNESS, LIGHTED ROAD","PEDESTRIAN","DIVIDED - W/MEDIAN (NOT RAISED)",,"STRAIGHT AND LEVEL","DRY","UNKNOWN","ON SCENE","INJURY AND / OR TOW DUE TO CRASH","Y",,,"$500 OR LESS","2025-01-25T19:02:00.000","FAILING TO YIELD RIGHT-OF-WAY","FAILING TO YIELD RIGHT-OF-WAY","4720","N","CLARENDON AVE","1914",,,,,,,"2","REPORTED, NOT EVIDENT","1","0","0","0","1","1","0","19","7","1","41.9680165389","-87.6502337992","POINT (-87.65023379921 41.968016538867)"
"fe66a40f28752e32c85c0689f7f15df7cf83968c828e02cfc4725e910e6da2d52db61e2563cf1b06762ac8eb8c3792caee966c4d7f7896495c3aafa3d1cd9e41","Y","2025-01-25T18:50:00.000","30","TRAFFIC SIGNAL","FUNCTIONING PROPERLY","CLEAR","DARKNESS, LIGHTED ROAD","SIDESWIPE SAME DIRECTION","NOT DIVIDED",,"STRAIGHT AND LEVEL","DRY","UNKNOWN","NOT ON SCENE (DESK REPORT)","NO INJURY / DRIVE AWAY",,,,"OVER $1,500","2025-01-25T19:20:00.000","IMPROPER OVERTAKING/PASSING","NOT APPLICABLE","3200","W","BELMONT AVE","1733",,,,,,,"2","NO INDICATION OF INJURY","0","0","0","0","0","2","0","18","7","1","41.9394405612","-87.7077185163","POINT (-87.707718516309 41.939440561174)"
"d51338e2ea92b034c15fa13063629fc4b63290507fb069870cda10be43c3cc06756b5e046ddfb5137f6724e60d5be8279868b64472db3be43df2bf9d94d847ca",,"2025-01-25T18:46:00.000","30","STOP SIGN/FLASHER","FUNCTIONING PROPERLY","CLEAR","DARKNESS, LIGHTED ROAD","REAR END","NOT DIVIDED",,"STRAIGHT AND LEVEL","DRY","NO DEFECTS","NOT ON SCENE (DESK REPORT)","NO INJURY / DRIVE AWAY",,,"Y","OVER $1,500","2025-01-25T19:57:00.000","OPERATING VEHICLE IN ERRATIC, RECKLESS, CARELESS, NEGLIGENT OR AGGRESSIVE MANNER","NOT APPLICABLE","4201","W","59TH ST","813",,,,,,,"2","NO INDICATION OF INJURY","0","0","0","0","0","3","0","18","7","1","41.7857757496","-87.7279096386","POINT (-87.727909638571 41.785775749559)"
"2444ecbe52bcca75109f650b6688307d7c6772f035699c57e8e607c9f3fdde1f4a10c126d14384939bb17efcf35db6992eabc2d32e02a1a40df4fb62459cdba1",,"2025-01-25T18:40:00.000","30","NO CONTROLS","NO CONTROLS","CLEAR","DARKNESS, LIGHTED ROAD","SIDESWIPE SAME DIRECTION","NOT DIVIDED",,"STRAIGHT AND LEVEL","DRY","NO DEFECTS","ON SCENE","INJURY AND / OR TOW DUE TO CRASH",,,,"OVER $1,500","2025-01-25T18:42:00.000","UNABLE TO DETERMINE","NOT APPLICABLE","6067","N","CALDWELL AVE","1621",,"Y",,,,,"2","NO INDICATION OF INJURY","0","0","0","0","0","2","0","18","7","1","41.9912876512","-87.7535553305","POINT (-87.753555330463 41.99128765125)"
"2b0b071c72344984e1e20bb83e7c283b0c463c85c492fe62a0c785262f10ad3772b8f45cfd2e2d81cc9316813a303af2863aa7785427956254a725cfc0e5bb15",,"2025-01-25T18:38:00.000","30","NO CONTROLS","NO CONTROLS","CLEAR","DARKNESS, LIGHTED ROAD","TURNING","FOUR WAY",,"STRAIGHT AND LEVEL","DRY","NO DEFECTS","ON SCENE","INJURY AND / OR TOW DUE TO CRASH",,,,"OVER $1,500","2025-01-25T18:53:00.000","FAILING TO YIELD RIGHT-OF-WAY","NOT APPLICABLE","857","W","87TH ST","2222",,,,,,,"2","NO INDICATION OF INJURY","0","0","0","0","0","2","0","18","7","1","41.7359306246","-87.645922694","POINT (-87.645922694036 41.735930624593)"
"0d03b97d0937635d47b4cb58ed57a30891e1a2987131fe242273456e82a27617455e2c290d4e8dcb5cd04fcc72456f743a55450887ede615ba7b523c60795090",,"2025-01-25T18:30:00.000","30","TRAFFIC SIGNAL","FUNCTIONING PROPERLY","UNKNOWN","DARKNESS, LIGHTED ROAD","SIDESWIPE SAME DIRECTION","DIVIDED - W/MEDIAN (NOT RAISED)",,"STRAIGHT AND LEVEL","UNKNOWN","UNKNOWN","NOT ON SCENE (DESK REPORT)","NO INJURY / DRIVE AWAY","Y",,"Y","OVER $1,500","2025-01-25T19:32:00.000","DRIVING SKILLS/KNOWLEDGE/EXPERIENCE","IMPROPER LANE USAGE","6406","N","SHERIDAN RD","2432",,,,,,,"2","NO INDICATION OF INJURY","0","0","0","0","0","2","0","18","7","1","41.9983904667","-87.6607222702","POINT (-87.660722270248 41.998390466746)"
"090cb7b780f1fa017b0313ae82849ccaa1a7c18f4748c65a3eb4ebc05294e35dc5a549f1f60ce45f11b3c3039d54d3d19c7c50799dc72f29c91d52858313aef9",,"2025-01-25T18:28:00.000","30","STOP SIGN/FLASHER","UNKNOWN","CLEAR","DARKNESS, LIGHTED ROAD","ANGLE","FOUR WAY",,"STRAIGHT AND LEVEL","DRY","UNKNOWN","ON SCENE","INJURY AND / OR TOW DUE TO CRASH","Y",,,"OVER $1,500","2025-01-25T18:44:00.000","FAILING TO YIELD RIGHT-OF-WAY","UNABLE TO DETERMINE","6829","W","DIVERSEY AVE","2512",,"Y",,,,,"2","NO INDICATION OF INJURY","0","0","0","0","0","2","0","18","7","1","41.9307586919","-87.7966284631","POINT (-87.796628463067 41.930758691901)"
"f0ad94a89331df81b297a34d2083b3fe6dcc7cb82eca018b2e30ee7c0862eaad378ac9a59827bc64b70e1e2e452553bd2e7fa5a7a72fcb271ebb8431c8aa2853",,"2025-01-25T18:28:00.000","30","UNKNOWN","UNKNOWN","UNKNOWN","UNKNOWN","ANGLE","NOT DIVIDED",,"STRAIGHT AND LEVEL","UNKNOWN","UNKNOWN","NOT ON SCENE (DESK REPORT)","NO INJURY / DRIVE AWAY",,,,"OVER $1,500","2025-01-27T11:50:00.000","UNABLE TO DETERMINE","UNABLE TO DETERMINE","6048","S","UNIVERSITY AVE","235",,,,,,,"2","NO INDICATION OF INJURY","0","0","0","0","0","2","0","18","7","1","41.7846343277","-87.5980634936","POINT (-87.598063493612 41.784634327712)"
"ad2e9cd343fc115cc4b6404deaf5e0a9adda77a6f861f85af85c0cb318af442b53801363f8d35546d91a79b57d24af044ca66e1ac9d627872ec74b6b796ecc9f",,"2025-01-25T18:25:00.000","30","TRAFFIC SIGNAL","NO CONTROLS","CLEAR","DARKNESS, LIGHTED ROAD","TURNING","NOT DIVIDED",,"STRAIGHT AND LEVEL","DRY","NO DEFECTS","ON SCENE","NO INJURY / DRIVE AWAY",,,"Y","$501 - $1,500","2025-01-25T19:18:00.000","IMPROPER TURNING/NO SIGNAL","UNABLE TO DETERMINE","2200","N","DAMEN AVE","1432",,,,,,,"2","NO INDICATION OF INJURY","0","0","0","0","0","2","0","18","7","1","41.9214221431","-87.6779001087","POINT (-87.677900108728 41.921422143149)"
"5dc442fe7786fe3785c4e66ef20db1423047e676ba8ee3826d44bd004bcfbb8eb162334bb9df27092a15ac75494d3e2ec218a60e4c81346e8e70567737b060fa",,"2025-01-25T18:21:00.000","30","TRAFFIC SIGNAL","FUNCTIONING PROPERLY","CLEAR","DARKNESS, LIGHTED ROAD","TURNING","DIVIDED - W/MEDIAN BARRIER",,"STRAIGHT AND LEVEL","ICE","NO DEFECTS","ON SCENE","INJURY AND / OR TOW DUE TO CRASH","Y",,,"OVER $1,500","2025-01-25T18:30:00.000","FAILING TO YIELD RIGHT-OF-WAY","UNABLE TO DETERMINE","9500","S","HALSTED ST","2223",,,,,,,"2","INCAPACITATING INJURY","1","0","1","0","0","1","0","18","7","1","41.7213650608","-87.6433580423","POINT (-87.643358042341 41.721365060783)"
"0b90442af71db12fd3288e7b42b6ae7a9c304a3c482632d1b9b4a77c2f7febd756597467ddf2b96af1e178055a408d1e79108c9dedc696b273f47e55ac7773d2",,"2025-01-25T18:20:00.000","30","NO CONTROLS","NO CONTROLS","CLEAR","DARKNESS, LIGHTED ROAD","TURNING","DIVIDED - W/MEDIAN (NOT RAISED)",,"STRAIGHT AND LEVEL","DRY","UNKNOWN","NOT ON SCENE (DESK REPORT)","INJURY AND / OR TOW DUE TO CRASH",,,,"OVER $1,500","2025-01-25T19:00:00.000","UNABLE TO DETERMINE","NOT APPLICABLE","2700","N","MILWAUKEE AVE","1412",,,,,,,"2","NO INDICATION OF INJURY","0","0","0","0","0","5","0","18","7","1","41.930190942","-87.7094750496","POINT (-87.709475049594 41.930190942015)"
"c5053149331a32811fb29541dd8e763faae5074cbab3cfe5a3e5c311dc1f7a58d91f5cae37a58c7591f53f9d522236f1c1fbba8ca90ca3f1a95d34edbb24dbab",,"2025-01-25T18:20:00.000","30","NO CONTROLS","UNKNOWN","CLEAR","DAYLIGHT","PARKED MOTOR VEHICLE","NOT DIVIDED",,"STRAIGHT AND LEVEL","DRY","UNKNOWN","NOT ON SCENE (DESK REPORT)","NO INJURY / DRIVE AWAY",,,,"OVER $1,500","2025-01-25T19:45:00.000","FAILING TO YIELD RIGHT-OF-WAY","FAILING TO YIELD RIGHT-OF-WAY","875","N","MICHIGAN AVE","1833",,,,,,,"2","NO INDICATION OF INJURY","0","0","0","0","0","1","0","18","7","1","41.8989485417","-87.6239749877","POINT (-87.62397498769 41.89894854173)"
"7cf356ebdeea5408039f258091b70d9884174ae19d6f288be90a7ec13e094e3082e0b6a3f7b8efb709f2fbbb558187dd5e2c33076074f2806fbf820d2a847f19",,"2025-01-25T18:17:00.000","35","NO CONTROLS","NO CONTROLS","CLEAR","DARKNESS, LIGHTED ROAD","REAR END","DIVIDED - W/MEDIAN (NOT RAISED)",,"STRAIGHT ON HILLCREST","DRY","UNKNOWN","ON SCENE","NO INJURY / DRIVE AWAY",,,"Y","$501 - $1,500","2025-01-25T18:18:00.000","OPERATING VEHICLE IN ERRATIC, RECKLESS, CARELESS, NEGLIGENT OR AGGRESSIVE MANNER","OPERATING VEHICLE IN ERRATIC, RECKLESS, CARELESS, NEGLIGENT OR AGGRESSIVE MANNER","3210","S","CALIFORNIA AVE","1033",,,,,,,"2","NO INDICATION OF INJURY","0","0","0","0","0","2","0","18","7","1","41.8347137781","-87.6951018053","POINT (-87.695101805277 41.834713778115)"
"ddb303e484da8e320721d73c2cc240371ba58c9a39adce09bb60c34166af82bdbc46f665dee04fe5ba7c8466aa4d0697cd1454e773adf88c89b7dfce53b4380a",,"2025-01-25T18:16:00.000","30","NO CONTROLS","NO CONTROLS","CLEAR","DARKNESS","ANGLE","NOT DIVIDED",,"STRAIGHT AND LEVEL","DRY","NO DEFECTS","ON SCENE","INJURY AND / OR TOW DUE TO CRASH",,,,"OVER $1,500","2025-01-25T18:17:00.000","FAILING TO YIELD RIGHT-OF-WAY","NOT APPLICABLE","1198","W","95TH ST","2222",,,,,,,"2","NONINCAPACITATING INJURY","1","0","0","1","0","5","0","18","7","1","41.7214462555","-87.6528884003","POINT (-87.652888400349 41.721446255464)"
"8c95f918a6020fe11fd0c0e1643ed29575b28dc3fe3ec90a1a768717ea0b5451a3cc72b9012095509845c15d8b212b88ab90c81436d65dcf2de3b3252c8b62b7","Y","2025-01-25T18:15:00.000","30","NO CONTROLS","NO CONTROLS","CLEAR","DARKNESS, LIGHTED ROAD","PARKED MOTOR VEHICLE","ONE-WAY",,"STRAIGHT AND LEVEL","DRY","UNKNOWN","NOT ON SCENE (DESK REPORT)","NO INJURY / DRIVE AWAY",,,"Y","$500 OR LESS","2025-01-25T20:13:00.000","UNABLE TO DETERMINE","NOT APPLICABLE","1628","S","RIDGEWAY AVE","1014",,,,,,,"2","NO INDICATION OF INJURY","0","0","0","0","0","1","0","18","7","1","41.8580454532","-87.719020799","POINT (-87.719020799017 41.858045453151)"
"6a563a8f800bd7665877775feaa77347e4ff0c4c0c01565eea17b7b799538c3cdef5394ecdee95bc784f64b2e07a6cbde4bb0f1d442839f4277565472cd2e2af",,"2025-01-25T18:12:00.000","30","NO CONTROLS","NO CONTROLS","UNKNOWN","DARKNESS, LIGHTED ROAD","TURNING","DIVIDED - W/MEDIAN (NOT RAISED)",,"STRAIGHT AND LEVEL","UNKNOWN","UNKNOWN","NOT ON SCENE (DESK REPORT)","NO INJURY / DRIVE AWAY",,,,"OVER $1,500","2025-01-28T16:00:00.000","FAILING TO YIELD RIGHT-OF-WAY","FAILING TO YIELD RIGHT-OF-WAY","7127","W","GRAND AVE","2512",,,,,,,"2","NO INDICATION OF INJURY","0","0","0","0","0","2","0","18","7","1","41.9235092428","-87.8037683684","POINT (-87.803768368384 41.923509242809)"
"c906d8e4accc0e8baa853dcfa666fc13f234e20348557670ed5f15e3af9c452b80cf8317449a33cee87b1d5a8d02395fb1f329977143fa198dff69e9618da6e1",,"2025-01-25T18:00:00.000","30","NO CONTROLS","NO CONTROLS","CLEAR","DARKNESS","TURNING","DIVIDED - W/MEDIAN (NOT RAISED)",,"STRAIGHT AND LEVEL","UNKNOWN","UNKNOWN","NOT ON SCENE (DESK REPORT)","NO INJURY / DRIVE AWAY",,,,"OVER $1,500","2025-01-25T19:10:00.000","UNABLE TO DETERMINE","UNABLE TO DETERMINE","7123","W","GRAND AVE","2512",,,,,,,"2","NO INDICATION OF INJURY","0","0","0","0","0","2","0","18","7","1","41.9234838159","-87.8036053554","POINT (-87.803605355421 41.923483815866)"