"crash_record_id","crash_date_est_i","crash_date","posted_speed_limit","traffic_control_device","device_condition","weather_condition","lighting_condition","first_crash_type","trafficway_type","lane_cnt","alignment","roadway_surface_cond","road_defect","report_type","crash_type","intersection_related_i","private_property_i","hit_and_run_i","damage","date_police_notified","prim_contributory_cause","sec_contributory_cause","street_no","street_direction","street_name","beat_of_occurrence","photos_taken_i","statements_taken_i","dooring_i","work_zone_i","work_zone_type","workers_present_i","num_units","most_severe_injury","injuries_total","injuries_fatal","injuries_incapacitating","injuries_non_incapacitating","injuries_reported_not_evident","injuries_no_indication","injuries_unknown","crash_hour","crash_day_of_week","crash_month","latitude","longitude","location"
"ee14a268dc4b8b0e0f276b187daf0c0dab8cd8c764dbd36b9db56b5da09bda5f285e3c847d9d6116bab2864caac9660bc86c31e3779782ca9d9ea9fdc7196b47",,"2025-01-25T17:50:00.000","30","TRAFFIC SIGNAL","FUNCTIONING PROPERLY","CLEAR","DAYLIGHT","REAR TO FRONT","FOUR WAY",,"STRAIGHT AND LEVEL","DRY","NO DEFECTS","NOT ON SCENE (DESK REPORT)","NO INJURY / DRIVE AWAY","Y",,,"OVER $1,500","2025-01-25T18:20:00.000","UNABLE TO DETERMINE","UNABLE TO DETERMINE","2","S","ASHLAND AVE","1224",,,,,,,"2","NO INDICATION OF INJURY","0","0","0","0","0","2","0","17","7","1","41.8814217602","-87.6669484872","POINT (-87.666948487219 41.881421760188)"
"86f16e0f2c8f2a72573d51e959de58117c2b24486987a527662441ab1de42182e4c71c64953565fcec4af29e07bd1d7b59afdc7119900cf329da5a3a342e53da",,"2025-01-25T17:39:00.000","30","TRAFFIC SIGNAL","FUNCTIONING PROPERLY","CLEAR","DAWN","REAR END","FOUR WAY",,"STRAIGHT AND LEVEL","DRY","NO DEFECTS","ON SCENE","INJURY AND / OR TOW DUE TO CRASH","Y",,,"$500 OR LESS","2025-01-25T17:39:00.000","FOLLOWING TOO CLOSELY","DRIVING SKILLS/KNOWLEDGE/EXPERIENCE","3098","S","ROCKWELL ST","1034",,,,,,,"2","NONINCAPACITATING INJURY","2","0","0","1","1","1","0","17","7","1",,,
"2eb01903f77c5834fb58904108ea2c2e16a85a909c696c6870e929aa8af1781ffe4cefa2c205c1a9e7d454c360657b108d3dee22abd97190376c18e3f1d27ba8",,"2025-01-25T17:30:00.000","30","NO CONTROLS","NO CONTROLS","CLEAR","DAYLIGHT","REAR TO REAR","PARKING LOT",,"STRAIGHT AND LEVEL","DRY","OTHER","NOT ON SCENE (DESK REPORT)","NO INJURY / DRIVE AWAY",,"Y",,"OVER $1,500","2025-01-26T12:26:00.000","UNABLE TO DETERMINE","UNABLE TO DETERMINE","1301","N","MOHAWK ST","1821",,,,,,,"2","NO INDICATION OF INJURY","0","0","0","0","0","2","0","17","7","1","41.9056631945","-87.6419348777","POINT (-87.641934877652 41.905663194491)"
"5b765ec2ba29cc67007be7bcbc1d7f3419a0f064619e5148311131a997e9f480e589d75fd767be9cfc4b579784344f61100e0cf718d7605ec7db62705cc6cdcb",,"2025-01-25T17:30:00.000","30","TRAFFIC SIGNAL","FUNCTIONING PROPERLY","CLEAR","DARKNESS, LIGHTED ROAD","ANGLE","FOUR WAY",,"STRAIGHT AND LEVEL","DRY","NO DEFECTS","ON SCENE","INJURY AND / OR TOW DUE TO CRASH","Y",,,"OVER $1,500","2025-01-25T17:40:00.000","FAILING TO YIELD RIGHT-OF-WAY","NOT APPLICABLE","522","N","LA SALLE DR","1831",,,,,,,"2","NO INDICATION OF INJURY","0","0","0","0","0","2","0","17","7","1","41.8915620624","-87.6327271693","POINT (-87.632727169273 41.891562062357)"
"988c542fe01634fd84a396606fbd22773d46205128a00bde1b15553811651909d3813636c247566387d594518372837bb8198bef65b97b4416ca38dca7525bbf",,"2025-01-25T17:30:00.000","30","NO CONTROLS","NO CONTROLS","CLEAR","DAYLIGHT","REAR END","NOT DIVIDED",,"STRAIGHT AND LEVEL","DRY","NO DEFECTS","NOT ON SCENE (DESK REPORT)","NO INJURY / DRIVE AWAY",,,,"OVER $1,500","2025-01-25T18:00:00.000","FOLLOWING TOO CLOSELY","FOLLOWING TOO CLOSELY","5200","N","CICERO AVE","1621",,,,,,,"2","NO INDICATION OF INJURY","0","0","0","0","0","2","0","17","7","1","41.9754383945","-87.7481451665","POINT (-87.748145166467 41.975438394487)"
"aa72ae91d9318dfa5c4bf8149bc8c9994178808dd17c222d87ce9a87a310e2a7f2c6e1d5acc0941ca1f199591c0f99c93a090a2af5bbbb42a5f9a7d2a73aa104","N","2025-01-25T17:29:00.000","30","STOP SIGN/FLASHER","FUNCTIONING PROPERLY","CLEAR","DARKNESS, LIGHTED ROAD","REAR END","FOUR WAY",,"STRAIGHT AND LEVEL","DRY","NO DEFECTS","ON SCENE","INJURY AND / OR TOW DUE TO CRASH",,,,"OVER $1,500","2025-01-25T17:30:00.000","DISTRACTION - FROM INSIDE VEHICLE","DISTRACTION - FROM INSIDE VEHICLE","233","E","79TH ST","623",,,,,,,"2","NONINCAPACITATING INJURY","4","0","0","4","0","1","0","17","7","1","41.7509500498","-87.6183161369","POINT (-87.618316136922 41.750950049789)"
"c14b359d38759a19c5dc6b8ee6739022ba3a2afcb5896bfd7aa234c30bfd0690eae9e46990b7f17981f80ce3b8d7d5a408a673ce4e762d9acd8d267dabcb5d6b",,"2025-01-25T17:29:00.000","30","OTHER","UNKNOWN","CLEAR","DARKNESS","TURNING","NOT DIVIDED",,"STRAIGHT AND LEVEL","DRY","NO DEFECTS","NOT ON SCENE (DESK REPORT)","NO INJURY / DRIVE AWAY",,"N","Y","$501 - $1,500","2025-01-25T17:32:00.000","IMPROPER TURNING/NO SIGNAL","IMPROPER TURNING/NO SIGNAL","520","W","TAYLOR ST","124",,"Y",,,,,"2","NO INDICATION OF INJURY","0","0","0","0","0","2","0","17","7","1","41.8698555966","-87.6402703079","POINT (-87.640270307865 41.869855596599)"
"25d30ba35177660f184b2928d543d254f7f8a2588d9f610859abe3f12709c45c960b2cda260365501e73cead1e1433516cb0878bc9a0534da538dfbbdf92bf01",,"2025-01-25T17:28:00.000","30","TRAFFIC SIGNAL","FUNCTIONING PROPERLY","CLEAR","DAYLIGHT","TURNING","T-INTERSECTION",,"STRAIGHT AND LEVEL","DRY","NO DEFECTS","NOT ON SCENE (DESK REPORT)","NO INJURY / DRIVE AWAY","Y",,,"OVER $1,500","2025-01-25T19:30:00.000","IMPROPER LANE USAGE","NOT APPLICABLE","530","E","GRAND AVE","1834",,,,,,,"2","NO INDICATION OF INJURY","0","0","0","0","0","2","0","17","7","1","41.8920487489","-87.6129693996","POINT (-87.612969399591 41.8920487489)"
"a9d27e2bd427e23a8d50044226ae9e79cdb36db935f7f0743cc48571065f45ecb907b8e99a2ea8409ac5a01dbe8b510f75aba03d1f503578a0ac4f683bcf1456",,"2025-01-25T17:25:00.000","30","NO CONTROLS","NO CONTROLS","CLEAR","DARKNESS, LIGHTED ROAD","REAR END","NOT DIVIDED",,"STRAIGHT AND LEVEL","DRY","NO DEFECTS","ON SCENE","INJURY AND / OR TOW DUE TO CRASH",,,,"OVER $1,500","2025-01-25T17:30:00.000","FAILING TO REDUCE SPEED TO AVOID CRASH","FOLLOWING TOO CLOSELY","7100","S","CARPENTER ST","733",,,,,,,"2","NO INDICATION OF INJURY","0","0","0","0","0","2","0","17","7","1","41.7650172726","-87.6506179303","POINT (-87.650617930289 41.765017272605)"
"cd176b9ed3a58d13a2554df5027b107962ef26cfcc386bbadc8f108badf83ec8c12c842fe70012de24d6d4ce0a9ca4c8ded1ee28e879ceba833a156b532941f7",,"2025-01-25T17:24:00.000","35","NO CONTROLS","NO CONTROLS","CLEAR","DARKNESS, LIGHTED ROAD","PARKED MOTOR VEHICLE","NOT DIVIDED",,"STRAIGHT AND LEVEL","DRY","NO DEFECTS","ON SCENE","NO INJURY / DRIVE AWAY",,,,"$501 - $1,500","2025-01-25T17:24:00.000","NOT APPLICABLE","NOT APPLICABLE","4119","S","COTTAGE GROVE AVE","214",,,,,,,"2","NO INDICATION OF INJURY","0","0","0","0","0","1","0","17","7","1","41.8198178414","-87.6066381723","POINT (-87.606638172267 41.81981784142)"
"3d668dbca2e59a39c43dcd5d0795183afaff9c1332add410e853a790727c178008829a8ed430160841a73e628811aaea5974f8956247674d4b45c588226cd840",,"2025-01-25T17:21:00.000","30","TRAFFIC SIGNAL","FUNCTIONING PROPERLY","CLEAR","DARKNESS, LIGHTED ROAD","TURNING","T-INTERSECTION",,"STRAIGHT AND LEVEL","DRY","NO DEFECTS","NOT ON SCENE (DESK REPORT)","NO INJURY / DRIVE AWAY","Y",,"Y","$501 - $1,500","2025-01-25T17:45:00.000","DISREGARDING TRAFFIC SIGNALS","UNABLE TO DETERMINE","3400","W","GRAND AVE","1121",,,,,,,"2","NO INDICATION OF INJURY","0","0","0","0","0","2","0","17","7","1","41.8998219477","-87.7114386571","POINT (-87.711438657065 41.899821947712)"
"4c8e2acef9e93f7fe637e9a2a09ad32a00270ca8c494cdc6381beaec2e8e50fa24dc5973955c3e22a495185ac929ed65819f6b8d8356d858656129cb4f880129",,"2025-01-25T17:15:00.000","30","NO CONTROLS","NO CONTROLS","CLEAR","DUSK","SIDESWIPE SAME DIRECTION","DIVIDED - W/MEDIAN (NOT RAISED)",,"STRAIGHT AND LEVEL","DRY","NO DEFECTS","NOT ON SCENE (DESK REPORT)","NO INJURY / DRIVE AWAY",,,,"OVER $1,500","2025-01-26T14:45:00.000","UNABLE TO DETERMINE","UNABLE TO DETERMINE","2315","W","95TH ST","2213",,,,,,,"2","NO INDICATION OF INJURY","0","0","0","0","0","2","0","17","7","1","41.7208556561","-87.6803179692","POINT (-87.680317969239 41.720855656061)"
"7438670dd22d93f2fd152140dc1cbbf343cd1dbf8d263b878d8c4e1fbcb55d78954d1a3e50f32d3525a61aa9109cfd8ba5f4ccb8662122ce91af313f93aea3c1",,"2025-01-25T17:15:00.000","30","STOP SIGN/FLASHER","FUNCTIONING PROPERLY","CLEAR","DARKNESS, LIGHTED ROAD","ANGLE","FOUR WAY",,"STRAIGHT AND LEVEL","DRY","NO DEFECTS","NOT ON SCENE (DESK REPORT)","NO INJURY / DRIVE AWAY",,,,"OVER $1,500","2025-01-25T21:20:00.000","DISREGARDING STOP SIGN","FAILING TO YIELD RIGHT-OF-WAY","8000","S","RACINE AVE","612",,,,,,,"2","NO INDICATION OF INJURY","0","0","0","0","0","6","0","17","7","1","41.7485834781","-87.653833843","POINT (-87.653833842963 41.748583478125)"
"d6b853d0f50ac43a01d216d391fbf3e991b7b8ec3c08e2a587eca9ec879e8ce84ac8eaba50232a5999cf72d94dc38ef3c1be06561170281669783da06886b562",,"2025-01-25T17:15:00.000","30","TRAFFIC SIGNAL","FUNCTIONING PROPERLY","CLEAR","DARKNESS, LIGHTED ROAD","REAR END","NOT DIVIDED",,"STRAIGHT AND LEVEL","DRY","NO DEFECTS","ON SCENE","NO INJURY / DRIVE AWAY",,,,"$500 OR LESS","2025-01-25T17:21:00.000","FOLLOWING TOO CLOSELY","DRIVING SKILLS/KNOWLEDGE/EXPERIENCE","133","E","CHICAGO AVE","1833",,,,,,,"2","NO INDICATION OF INJURY","0","0","0","0","0","2","0","17","7","1","41.896623734","-87.6242695988","POINT (-87.624269598843 41.896623734019)"
"9a5f5a3e2c84c79ae73b20e28d1e979ab6d108bfdb13132d60e80e88c468575bfae8990e2c1cb39809d5a55626c16670bdad81b383cd03a7eb66188fd4ad8845",,"2025-01-25T17:10:00.000","35","TRAFFIC SIGNAL","FUNCTIONING PROPERLY","CLEAR","DAYLIGHT","SIDESWIPE SAME DIRECTION","NOT DIVIDED",,"STRAIGHT AND LEVEL","DRY","NO DEFECTS","NOT ON SCENE (DESK REPORT)","NO INJURY / DRIVE AWAY","Y",,,"OVER $1,500","2025-01-27T10:50:00.000","IMPROPER LANE USAGE","NOT APPLICABLE","3000","E","95TH ST","424",,,,,,,"2","NO INDICATION OF INJURY","0","0","0","0","0","3","0","17","7","1","41.7228754552","-87.5510095823","POINT (-87.551009582325 41.722875455217)"
"5eb5ff3ab59cded2e3dcb2402e258998bd0a940899cc51782fc5d65391c69a0ddd27d5e05d554de453a33accc35d08b50091228ccfd14bf1df7634d441813341",,"2025-01-25T17:00:00.000","30","NO CONTROLS","NO CONTROLS","CLEAR","DAYLIGHT","PARKED MOTOR VEHICLE","ONE-WAY",,"STRAIGHT AND LEVEL","DRY","NO DEFECTS","NOT ON SCENE (DESK REPORT)","NO INJURY / DRIVE AWAY",,,"Y","OVER $1,500","2025-01-25T18:00:00.000","UNABLE TO DETERMINE","NOT APPLICABLE","2957","N","KARLOV AVE","2523",,,,,,,"2","NO INDICATION OF INJURY","0","0","0","0","0","1","0","17","7","1","41.935308025","-87.7293903987","POINT (-87.729390398724 41.935308024989)"
"03c3bf06a997f114b0ff5db62b2b90024e70fefea8d6dd268361095228171e4ef4f1548dc5f3220759b0f5332e03239599dfab5cbc0eebf7d42b3e85bbcc0ce1",,"2025-01-25T16:50:00.000","30","NO CONTROLS","NO CONTROLS","CLEAR","UNKNOWN","SIDESWIPE SAME DIRECTION","NOT DIVIDED",,"STRAIGHT AND LEVEL","DRY","NO DEFECTS","ON SCENE","NO INJURY / DRIVE AWAY",,,,"$500 OR LESS","2025-01-25T16:52:00.000","IMPROPER OVERTAKING/PASSING","IMPROPER OVERTAKING/PASSING","225","N","MICHIGAN AVE","114",,,,,,,"2","NO INDICATION OF INJURY","0","0","0","0","0","2","0","16","7","1","41.8863774062","-87.6243816704","POINT (-87.62438167044 41.886377406208)"
"342b4bec26634994f3afa26edd307139b054b52b0dd8663c71237f9005b93ef4978ae5f578b161048d92c8b0466b6c12551fe8390a410aacb28bf4a6b57b27ea",,"2025-01-25T16:47:00.000","30","TRAFFIC SIGNAL","FUNCTIONING PROPERLY","CLEAR","DAYLIGHT","ANGLE","NOT DIVIDED",,"STRAIGHT AND LEVEL","DRY","NO DEFECTS","ON SCENE","INJURY AND / OR TOW DUE TO CRASH","Y",,"Y","OVER $1,500","2025-01-25T16:50:00.000","DISREGARDING TRAFFIC SIGNALS","FAILING TO REDUCE SPEED TO AVOID CRASH","2000","W","59TH ST","715",,,,,,,"2","NONINCAPACITATING INJURY","1","0","0","1","0","1","0","16","7","1","41.7867371526","-87.67415859","POINT (-87.674158590031 41.786737152567)"
"4998014121d7d660bf58e1dd8c810282b50dd37b30870ff2ed1188da433209f9c06f582f85c0d39a0ade46d9e32181c2bb63358e51f9db5ddb3c5f10b811aa70",,"2025-01-25T16:44:00.000","30","NO CONTROLS","NO CONTROLS","CLEAR","DUSK","PARKED MOTOR VEHICLE","ONE-WAY",,"STRAIGHT AND LEVEL","DRY","NO DEFECTS","ON SCENE","NO INJURY / DRIVE AWAY",,,,"$501 - $1,500","2025-01-25T16:48:00.000","FAILING TO REDUCE SPEED TO AVOID CRASH","NOT APPLICABLE","3717","N","KENNETH AVE","1731","Y",,,,,,"2","NO INDICATION OF INJURY","0","0","0","0","0","2","0","16","7","1","41.9492813029","-87.7392914652","POINT (-87.739291465186 41.949281302868)"
"50017c04ca6d40330d8ccf36215fc4f8f637b2f9b0e8a6b95c40182a93ab1150b121322d9ed3faff80ba9467dd27a34faf44d22c8c203c7da60e626467931c96",,"2025-01-25T16:44:00.000","30","TRAFFIC SIGNAL","FUNCTIONING PROPERLY","CLEAR","DAYLIGHT","REAR END","NOT DIVIDED",,"STRAIGHT AND LEVEL","DRY","UNKNOWN","ON SCENE","INJURY AND / OR TOW DUE TO CRASH","Y",,,"$500 OR LESS","2025-01-25T16:44:00.000","FOLLOWING TOO CLOSELY","NOT APPLICABLE","4958","W","FULLERTON AVE","2521",,,,,,,"2","REPORTED, NOT EVIDENT","1","0","0","0","1","2","0","16","7","1","41.9242858883","-87.7511057337","POINT (-87.751105733682 41.924285888333)"
"0e0cbad8222ff5f160b2a75f5fa042a4e4654e355635b9057c45ccf2cfacc0ca697d7541c5909c28bc8e6a0fa1b76104c82606ede44fbbfe9719e24bcb695f0f",,"2025-01-25T16:40:00.000","10","NO CONTROLS","NO CONTROLS","CLEAR","DUSK","REAR TO FRONT","PARKING LOT",,"STRAIGHT AND LEVEL","DRY","NO DEFECTS","NOT ON SCENE (DESK REPORT)","NO INJURY / DRIVE AWAY",,,,"OVER $1,500","2025-01-25T17:00:00.000","IMPROPER BACKING","NOT APPLICABLE","6501","S","CICERO AVE","833",,,,,,,"2","NO INDICATION OF INJURY","0","0","0","0","0","4","0","16","7","1","41.7746945416","-87.7420133008","POINT (-87.742013300808 41.774694541589)"
"de5fa00ab7e97d35d7fb79a29767fab672ce2d0fb63decc14f9d7d50d3f005a24872cdac578f8717b1ffff3960f9064345ee2fdaa5780ac2e6aa31935cc36f11","Y","2025-01-25T16:40:00.000","30","NO CONTROLS","NO CONTROLS","UNKNOWN","UNKNOWN","PARKED MOTOR VEHICLE","ONE-WAY",,"STRAIGHT AND LEVEL","UNKNOWN","UNKNOWN","ON SCENE","NO INJURY / DRIVE AWAY",,,"Y","OVER $1,500","2025-01-25T16:57:00.000","UNABLE TO DETERMINE","UNABLE TO DETERMINE","5146","S","AVERS AVE","822",,,,,,,"2","NO INDICATION OF INJURY","0","0","0","0","0","1","0","16","7","1","41.7992000737","-87.7198018971","POINT (-87.719801897136 41.799200073719)"
"36da744862f794486b25afb5d5bdc8019256196ed511e03df8d6cd477e1c37ca16d678dac670c2244f6344883e9748a97f6828e305391f0af601e3f80427657b",,"2025-01-25T16:35:00.000","30","TRAFFIC SIGNAL","FUNCTIONING PROPERLY","CLEAR","DARKNESS, LIGHTED ROAD","TURNING","DIVIDED - W/MEDIAN (NOT RAISED)",,"STRAIGHT AND LEVEL","DRY","NO DEFECTS",,"INJURY AND / OR TOW DUE TO CRASH","Y",,,"OVER $1,500","2025-01-25T16:35:00.000","FAILING TO YIELD RIGHT-OF-WAY","NOT APPLICABLE","4766","N","EAST RIVER RD","1614",,,,,,,"2","NONINCAPACITATING INJURY","1","0","0","1","0","3","0","16","7","1","41.967080583","-87.8467003913","POINT (-87.846700391304 41.967080583005)"
"5aeb4fc98ff8858595e120a4d60038af6d70f053bb46aeb0956c9745bf3d2ab37a9d53d1280d89fb95f8d2a8d399ea58b3a4ae2385783e3a519c64eb59ae9951",,"2025-01-25T16:30:00.000","30","TRAFFIC SIGNAL","FUNCTIONING PROPERLY","CLEAR","DAYLIGHT","REAR END","NOT DIVIDED",,"STRAIGHT AND LEVEL","DRY","NO DEFECTS","NOT ON SCENE (DESK REPORT)","NO INJURY / DRIVE AWAY","Y",,,"OVER $1,500","2025-01-25T17:17:00.000","FOLLOWING TOO CLOSELY","DRIVING SKILLS/KNOWLEDGE/EXPERIENCE","1299","N","WESTERN AVE","1424",,,,,,,"2","NO INDICATION OF INJURY","0","0","0","0","0","2","0","16","7","1","41.9048220972","-87.6869282762","POINT (-87.686928276197 41.904822097159)"
"963e07151f9fff78d3719fcbaa3d66d9d85f4995bb5ff8ffe3523a584ee020573df39f994a9c2f627ab6e913867cb1c5c3ecb88daa61a0463decc06035661604",,"2025-01-25T16:30:00.000","30","TRAFFIC SIGNAL","FUNCTIONING PROPERLY","CLEAR","DAYLIGHT","SIDESWIPE SAME DIRECTION","NOT DIVIDED",,"STRAIGHT AND LEVEL","DRY","NO DEFECTS","NOT ON SCENE (DESK REPORT)","NO INJURY / DRIVE AWAY",,,"N","OVER $1,500","2025-01-25T17:00:00.000","IMPROPER OVERTAKING/PASSING","NOT APPLICABLE","1501","W","LAWRENCE AVE","1912",,,,,,,"2","NO INDICATION OF INJURY","0","0","0","0","0","2","0","16","7","1","41.9687879038","-87.667587824","POINT (-87.667587824021 41.968787903796)"
"988e5b4543b2d057cc093ad9c68d6079edc1afbf75b214890cfdd5f895b5ed718fbe90f71fcd5be3c81c8d6e260e1fcfbb74e80d28551c8d9805e358db94d285",,"2025-01-25T16:25:00.000","30","TRAFFIC SIGNAL","FUNCTIONING PROPERLY","CLEAR","DAYLIGHT","REAR END","FOUR WAY",,"STRAIGHT AND LEVEL","DRY","NO DEFECTS","NOT ON SCENE (DESK REPORT)","NO INJURY / DRIVE AWAY","Y",,,"OVER $1,500","2025-01-25T17:00:00.000","FOLLOWING TOO CLOSELY","UNABLE TO DETERMINE","300","N","CICERO AVE","1532",,,,,,,"2","NO INDICATION OF INJURY","0","0","0","0","0","2","0","16","7","1","41.8857488699","-87.7456159771","POINT (-87.745615977086 41.885748869928)"
"b945aef0ab95785eaf6ddcd8c77f2ab7b8c7892f76ee7987503413c1b2edec9ae08bd0408aedb813941aeb5b4cf73587092bb294cf17ca83b0f9b25773af8e73",,"2025-01-25T16:19:00.000","10","NO CONTROLS","NO CONTROLS","CLEAR","DAYLIGHT","FIXED OBJECT","RAMP",,"STRAIGHT ON GRADE","DRY","UNKNOWN","ON SCENE","NO INJURY / DRIVE AWAY",,"Y",,"$501 - $1,500","2025-01-25T16:19:00.000","IMPROPER BACKING","DRIVING SKILLS/KNOWLEDGE/EXPERIENCE","100","E","WALTON ST","1833",,,,,,,"1","NO INDICATION OF INJURY","0","0","0","0","0","1","0","16","7","1","41.9000966252","-87.6253593407","POINT (-87.625359340701 41.900096625177)"
"257b0ec33a6428c8e9a68b98728ccbd4e84f6b70854646979a98e3171ded9fc7de63cfb37c4cf65e0cd0d684ac722886a691fef25e0d513579d30acc9ca98082",,"2025-01-25T16:11:00.000","30","NO CONTROLS","NO CONTROLS","CLEAR","DAYLIGHT","SIDESWIPE SAME DIRECTION","ONE-WAY",,"STRAIGHT AND LEVEL","DRY","NO DEFECTS","ON SCENE","INJURY AND / OR TOW DUE TO CRASH",,,,"OVER $1,500","2025-01-25T16:11:00.000","PHYSICAL CONDITION OF DRIVER","IMPROPER LANE USAGE","3110","W","66TH ST","831",,,,,,,"5","REPORTED, NOT EVIDENT","1","0","0","0","1","3","0","16","7","1","41.7736385507","-87.7010901934","POINT (-87.701090193438 41.773638550701)"
"07eee949bc7a593eea94a086837cf35a3a4161dfa7d2477cfa38e83d666b817731f114623aa7d86f94dc2bfc5bd674665e83ca9d49cdbf83703365712a01d60a",,"2025-01-25T16:10:00.000","30","STOP SIGN/FLASHER","FUNCTIONING PROPERLY","CLEAR","DAYLIGHT","PARKED MOTOR VEHICLE","T-INTERSECTION",,"STRAIGHT AND LEVEL","DRY","NO DEFECTS","NOT ON SCENE (DESK REPORT)","NO INJURY / DRIVE AWAY",,,,"OVER $1,500","2025-01-25T16:40:00.000","UNABLE TO DETERMINE","UNABLE TO DETERMINE","2721","N","KILPATRICK AVE","2521",,,,,,,"2","NO INDICATION OF INJURY","0","0","0","0","0","1","0","16","7","1","41.9302983357","-87.7439501077","POINT (-87.743950107673 41.930298335719)"
"9b2a15b7b35a3eef633e1618335ebb7a804077946443722c357f2e83fb73068bd465fef4c6eb138d867b292a54fb4210f9871e810c6d6b1c7ba987d4bdf7d113",,"2025-01-25T16:05:00.000","15","NO CONTROLS","NO CONTROLS","CLEAR","DAYLIGHT","PARKED MOTOR VEHICLE","PARKING LOT",,"STRAIGHT AND LEVEL","DRY","UNKNOWN","ON SCENE","NO INJURY / DRIVE AWAY",,,"Y","OVER $1,500","2025-01-25T16:09:00.000","UNABLE TO DETERMINE","UNABLE TO DETERMINE","3450","W","26TH ST","1024",,,,,,,"2","NO INDICATION OF INJURY","0","0","0","0","0","1","0","16","7","1","41.8445322267","-87.7119540623","POINT (-87.711954062319 41.844532226746)"
"d0796805595d24c150ffb62733b7fac65a399b76a797f5eb7d50a0a5e89980964e3564959f8ac3d2bdbeb1d935f61c987a7fe775e24d932807a7c5491b21c5c6",,"2025-01-25T15:57:00.000","30","TRAFFIC SIGNAL","FUNCTIONING PROPERLY","CLEAR","DAYLIGHT","ANGLE","FOUR WAY",,"STRAIGHT AND LEVEL","DRY","UNKNOWN",,"INJURY AND / OR TOW DUE TO CRASH","Y",,,"OVER $1,500","2025-01-25T16:01:00.000","DISREGARDING OTHER TRAFFIC SIGNS","NOT APPLICABLE","4200","W","MADISON ST","1115",,,,,,,"2","NONINCAPACITATING INJURY","1","0","0","1","0","2","0","15","7","1","41.8807760078","-87.7306983837","POINT (-87.730698383664 41.880776007835)"
"0c121b81c8b12ee201080eb3a0240427b013dc776600c18125d9bbbba08d89a416ea4134979fdecb863f224d948f93d66827b044f41e56a28725ee7c1469730f",,"2025-01-25T15:55:00.000","25","NO CONTROLS","NO CONTROLS","CLEAR","DAYLIGHT","PARKED MOTOR VEHICLE","NOT DIVIDED",,"STRAIGHT AND LEVEL","DRY","UNKNOWN","NOT ON SCENE (DESK REPORT)","NO INJURY / DRIVE AWAY",,,,"$500 OR LESS","2025-01-25T17:41:00.000","UNABLE TO DETERMINE","UNABLE TO DETERMINE","1227","E","60TH ST","235",,,,,,,"2","NO INDICATION OF INJURY","0","0","0","0","0","1","0","15","7","1","41.7859521867","-87.5951856988","POINT (-87.595185698787 41.785952186702)"
"4a71fda8f6a4908f29a305c16423d31d265a420f3ce6820c5c317ab2795a918f9ad1e1ef0bdd7ed87c0c8162988fa28c9d119a119f219469aee7f6d8c8ac30e9",,"2025-01-25T15:55:00.000","35","TRAFFIC SIGNAL","UNKNOWN","CLEAR","DAYLIGHT","ANGLE","NOT DIVIDED",,"STRAIGHT AND LEVEL","DRY","NO DEFECTS","ON SCENE","INJURY AND / OR TOW DUE TO CRASH","Y",,,"$500 OR LESS","2025-01-25T15:57:00.000","FOLLOWING TOO CLOSELY","NOT APPLICABLE","4700","S","DR MARTIN LUTHER KING JR DR","224",,"Y",,,,,"2","NONINCAPACITATING INJURY","1","0","0","1","0","2","0","15","7","1","41.8092909105","-87.616733046","POINT (-87.616733045993 41.809290910501)"
"2d8523c3c1a0eb9f21b4901293c2c20725179a022d8e017fe0e1023f024745fe6534ec0b339312aeb242ccf71caa6d755a9ca7a3f4d0e081f1b4b4c1b7193ade",,"2025-01-25T15:40:00.000","30","NO CONTROLS","NO CONTROLS","CLEAR","DAYLIGHT","FIXED OBJECT","DIVIDED - W/MEDIAN BARRIER",,"STRAIGHT AND LEVEL","DRY","NO DEFECTS","ON SCENE","INJURY AND / OR TOW DUE TO CRASH","N",,,"OVER $1,500","2025-01-25T15:40:00.000","UNABLE TO DETERMINE","NOT APPLICABLE","442","N","WALLER AVE","1512",,,,,,,"1","NO INDICATION OF INJURY","0","0","0","0","0","3","0","15","7","1","41.8884963851","-87.7678525731","POINT (-87.767852573141 41.888496385127)"
"bf58956d825594a60fcbf2693962f51b11138718ca8edf28a4e9658573904412c9527dd459bbe9240867ab2ede782a8ea1de0b1fb38e24493a47a9ed39125537",,"2025-01-25T15:36:00.000","20","NO CONTROLS","NO CONTROLS","CLEAR","DAYLIGHT","PARKED MOTOR VEHICLE","ONE-WAY",,"STRAIGHT AND LEVEL","DRY","NO DEFECTS","NOT ON SCENE (DESK REPORT)","NO INJURY / DRIVE AWAY",,,"Y","$501 - $1,500","2025-01-27T10:30:00.000","UNABLE TO DETERMINE","UNABLE TO DETERMINE","3215","W","61ST PL","823",,,,,,,"2","NO INDICATION OF INJURY","0","0","0","0","0","1","0","15","7","1","41.7815832853","-87.7038601034","POINT (-87.703860103441 41.781583285347)"
"757ad6caf5add7ef3f0c97ff8528d728cc4dfacd22ac216b852122be7a2b1ac2f3bdd493f81392024b60318179eec4dd9dd7ab4e4cfd322d59af80387173e469",,"2025-01-25T15:31:00.000","30","NO CONTROLS","NO CONTROLS","CLEAR","DAYLIGHT","REAR END","NOT DIVIDED",,"STRAIGHT AND LEVEL","DRY","UNKNOWN","ON SCENE","INJURY AND / OR TOW DUE TO CRASH",,,,"OVER $1,500","2025-01-25T15:31:00.000","FOLLOWING TOO CLOSELY","DISTRACTION - OTHER ELECTRONIC DEVICE (NAVIGATION DEVICE, DVD PLAYER, ETC.)","3442","N","PULASKI RD","1731",,,,,,,"3","REPORTED, NOT EVIDENT","1","0","0","0","1","8","0","15","7","1","41.9439420403","-87.7274738232","POINT (-87.727473823237 41.943942040301)"