"crash_record_id","crash_date_est_i","crash_date","posted_speed_limit","traffic_control_device","device_condition","weather_condition","lighting_condition","first_crash_type","trafficway_type","lane_cnt","alignment","roadway_surface_cond","road_defect","report_type","crash_type","intersection_related_i","private_property_i","hit_and_run_i","damage","date_police_notified","prim_contributory_cause","sec_contributory_cause","street_no","street_direction","street_name","beat_of_occurrence","photos_taken_i","statements_taken_i","dooring_i","work_zone_i","work_zone_type","workers_present_i","num_units","most_severe_injury","injuries_total","injuries_fatal","injuries_incapacitating","injuries_non_incapacitating","injuries_reported_not_evident","injuries_no_indication","injuries_unknown","crash_hour","crash_day_of_week","crash_month","latitude","longitude","location"
"5d867c520196b7dcf5e46accae8e92bb570ca66c8b6a1ad7efd1fd76daa2c72d617545d7d929c12b320f9e776191cce4248c0483ad3b4c293fddae7d0d797780",,"2025-01-25T15:23:00.000","30","TRAFFIC SIGNAL","FUNCTIONING PROPERLY","CLEAR","DAYLIGHT","TURNING","NOT DIVIDED",,"STRAIGHT AND LEVEL","DRY","NO DEFECTS","NOT ON SCENE (DESK REPORT)","NO INJURY / DRIVE AWAY",,,"Y","$501 - $1,500","2025-01-25T15:33:00.000","IMPROPER TURNING/NO SIGNAL","NOT APPLICABLE","3615","W","FULLERTON AVE","2525",,,,,,,"2","NO INDICATION OF INJURY","0","0","0","0","0","2","0","15","7","1","41.9244864061","-87.7176022027","POINT (-87.717602202691 41.924486406076)"
"816a0403453dccade98e2f6b1a372b27038d4b87c618a1d1e158f40fe9818e7ac333359721cd1e9f641f6b4a12e50e20f1902b4797681b5319918b3b19ccfe5e",,"2025-01-25T15:15:00.000","20","NO CONTROLS","NO CONTROLS","CLEAR","DAYLIGHT","SIDESWIPE SAME DIRECTION","ONE-WAY",,"STRAIGHT AND LEVEL","DRY","NO DEFECTS","ON SCENE","NO INJURY / DRIVE AWAY",,,,"$500 OR LESS","2025-01-25T15:19:00.000","UNABLE TO DETERMINE","UNABLE TO DETERMINE","1131","N","AVERS AVE","1112",,,,,,,"2","NO INDICATION OF INJURY","0","0","0","0","0","2","0","15","7","1","41.9018209067","-87.7224699059","POINT (-87.722469905889 41.901820906716)"
"5b61c13984a34c0aad5a2bba895dcbc747baa60beae0ef0b16f2546859bfd749ef99d16238bb6cf05234d08f7d74dc65a8acb7b95446b9f39ad3a97e084f74ee",,"2025-01-25T15:10:00.000","30","NO CONTROLS","NO CONTROLS","CLEAR","DAYLIGHT","SIDESWIPE SAME DIRECTION","NOT DIVIDED",,"STRAIGHT AND LEVEL","DRY","NO DEFECTS","ON SCENE","INJURY AND / OR TOW DUE TO CRASH",,,,"OVER $1,500","2025-01-25T15:11:00.000","FAILING TO YIELD RIGHT-OF-WAY","FAILING TO REDUCE SPEED TO AVOID CRASH","3051","S","ARCHER AVE","913",,,,,,,"2","NO INDICATION OF INJURY","0","0","0","0","0","8","0","15","7","1","41.839134768","-87.6628943759","POINT (-87.662894375851 41.839134768022)"
"d2b3d60102832c4be30a8e151a17bf7828caf72440fcd0a380798af1f86232a7bf160db46759a57da41c0f2b74c3c3e980b76a7ef2b22083a6bc1fa5f5d2d10a",,"2025-01-25T15:10:00.000","20","STOP SIGN/FLASHER","FUNCTIONING PROPERLY","CLEAR","DAYLIGHT","FIXED OBJECT","L-INTERSECTION",,"STRAIGHT AND LEVEL","DRY","NO DEFECTS",,"INJURY AND / OR TOW DUE TO CRASH","Y",,"Y","OVER $1,500","2025-01-25T15:11:00.000","NOT APPLICABLE","NOT APPLICABLE","2102","N","MELVINA AVE","2512",,,,,,,"1","NO INDICATION OF INJURY","0","0","0","0","0","1","0","15","7","1","41.9179584876","-87.7805396105","POINT (-87.780539610516 41.917958487581)"
"213b1df17f188be962cc65e7d1d357d59a6a81bb0b608fc294445b793b40bc55bb7c68b56d11c05ca8b500caca383a71993dea2718a6ecd393b8aca3abf86fa6",,"2025-01-25T15:04:00.000","10","NO CONTROLS","NO CONTROLS","CLEAR","DAYLIGHT","REAR TO FRONT","PARKING LOT",,"STRAIGHT AND LEVEL","UNKNOWN","UNKNOWN","NOT ON SCENE (DESK REPORT)","NO INJURY / DRIVE AWAY",,"Y",,"OVER $1,500","2025-01-25T16:28:00.000","DRIVING SKILLS/KNOWLEDGE/EXPERIENCE","IMPROPER BACKING","6972","N","CLARK ST","2424",,,,,,,"2","NO INDICATION OF INJURY","0","0","0","0","0","2","0","15","7","1","42.0086833377","-87.6740404534","POINT (-87.674040453426 42.008683337705)"
"be97ddaae3020add21d0244ea7d0700b41a6396f50d5d70659f1790a6d906fc21a5d94a9d20564a254db99c7811386c355b0cb38e7c0cb7f54b3d28f5d40a513",,"2025-01-25T15:04:00.000","20","NO CONTROLS","NO CONTROLS","CLEAR","DAYLIGHT","PARKED MOTOR VEHICLE","DIVIDED - W/MEDIAN (NOT RAISED)",,"STRAIGHT AND LEVEL","DRY","UNKNOWN","NOT ON SCENE (DESK REPORT)","NO INJURY / DRIVE AWAY",,,"Y","$501 - $1,500","2025-01-31T16:36:00.000","UNABLE TO DETERMINE","UNABLE TO DETERMINE","2745","W","BERWYN AVE","2011",,,,,,,"2","NO INDICATION OF INJURY","0","0","0","0","0","1","0","15","7","1","41.9775399569","-87.6983282033","POINT (-87.698328203333 41.977539956944)"
"7c7bf6e236655cf12ef0c6fd3ec2265866773f05d731a972ba91ebd0b3b2cc7564a803f9818326fa6dd9a6b6ad9c872faa1c9a684ff35bc312bbd1b39388fd46",,"2025-01-25T15:02:00.000","30","TRAFFIC SIGNAL","FUNCTIONING PROPERLY","CLEAR","DAYLIGHT","SIDESWIPE SAME DIRECTION","ONE-WAY",,"STRAIGHT AND LEVEL","DRY","NO DEFECTS","NOT ON SCENE (DESK REPORT)","NO INJURY / DRIVE AWAY",,,,"OVER $1,500","2025-01-25T16:15:00.000","IMPROPER LANE USAGE","UNABLE TO DETERMINE","5458","S","WELLS ST","935",,,,,,,"2","NO INDICATION OF INJURY","0","0","0","0","0","4","0","15","7","1","41.7945600708","-87.6319284748","POINT (-87.631928474832 41.794560070768)"
"24e7638be8015fe235a6b13323a10d5226fc8e34ad6bcc0a799e7204137ed8c5f93946fa15261d5a8d999f15429574e515f6aae36b217779526d72e9a95b9557",,"2025-01-25T15:00:00.000","30","NO CONTROLS","NO CONTROLS","CLEAR","DAYLIGHT","PARKED MOTOR VEHICLE","NOT DIVIDED",,"STRAIGHT AND LEVEL","DRY","NO DEFECTS","NOT ON SCENE (DESK REPORT)","NO INJURY / DRIVE AWAY",,,"Y","OVER $1,500","2025-01-25T16:10:00.000","UNABLE TO DETERMINE","UNABLE TO DETERMINE","5201","W","PENSACOLA AVE","1624",,,,,,,"2","NO INDICATION OF INJURY","0","0","0","0","0","1","0","15","7","1","41.959578405","-87.7574786222","POINT (-87.757478622182 41.959578405)"
"2ab94aea3b525a73c132de7de68f00992f50169b9f096030bfdb158cce7befcb6c98b317eb56f0a3bc8262aeb1398b3125e33aa21ff3e222e9b9c38098349a6c",,"2025-01-25T15:00:00.000","30","NO CONTROLS","NO CONTROLS","CLEAR","DUSK","PARKED MOTOR VEHICLE","NOT DIVIDED",,"STRAIGHT AND LEVEL","UNKNOWN","UNKNOWN","NOT ON SCENE (DESK REPORT)","NO INJURY / DRIVE AWAY",,,"Y","OVER $1,500","2025-01-26T09:45:00.000","UNABLE TO DETERMINE","UNABLE TO DETERMINE","2148","W","MONTROSE AVE","1911",,,,,,,"2","NO INDICATION OF INJURY","0","0","0","0","0","1","0","15","7","1","41.9615054633","-87.6832935826","POINT (-87.683293582617 41.961505463294)"
"4c4a22384df67576088b31cbdb310b6d87b4880982ba8bed37c254ad6206d16f6d2d9c31b7ee8b527afd41b1b49a3db4b9480b4434a731397bad73cd4b8f7ca4",,"2025-01-25T15:00:00.000","30","TRAFFIC SIGNAL","FUNCTIONING PROPERLY","CLEAR","DAYLIGHT","ANGLE","FOUR WAY",,"STRAIGHT AND LEVEL","DRY","NO DEFECTS","NOT ON SCENE (DESK REPORT)","NO INJURY / DRIVE AWAY","Y",,"Y","OVER $1,500","2025-01-25T15:45:00.000","UNABLE TO DETERMINE","FAILING TO REDUCE SPEED TO AVOID CRASH","4700","S","WESTERN AVE","922",,,,,,,"2","NO INDICATION OF INJURY","0","0","0","0","0","3","0","15","7","1","41.8083784079","-87.6845707169","POINT (-87.684570716896 41.808378407947)"
"56bd1d42a37dbafb2b3454589653522d00ce0557be06bd85abeb4c6edbecb486028f2c7fcbf362fb139d3054a5b5b618ce23e1c4db75ebfe5d8a30d2a0f6cdb5",,"2025-01-25T15:00:00.000","25","NO CONTROLS","NO CONTROLS","UNKNOWN","UNKNOWN","ANGLE","ALLEY",,"STRAIGHT AND LEVEL","UNKNOWN","UNKNOWN","NOT ON SCENE (DESK REPORT)","NO INJURY / DRIVE AWAY",,,,"OVER $1,500","2025-01-27T15:30:00.000","FAILING TO YIELD RIGHT-OF-WAY","UNABLE TO DETERMINE","5829","W","ROSCOE ST","1633",,,,,,,"2","NO INDICATION OF INJURY","0","0","0","0","0","2","0","15","7","1","41.9420452838","-87.7726690331","POINT (-87.772669033102 41.942045283818)"
"155626b69138ef74c74780cd1baddb2f0efffe4b425507872eb00528ebac383f281ccd17559c8315c707e91feb013f639ab9b9cde381b9e9ec186ff3987f9472",,"2025-01-25T14:48:00.000","10","NO CONTROLS","NO CONTROLS","UNKNOWN","DAYLIGHT","PARKED MOTOR VEHICLE","PARKING LOT",,"STRAIGHT AND LEVEL","DRY","NO DEFECTS","NOT ON SCENE (DESK REPORT)","NO INJURY / DRIVE AWAY",,,"Y","OVER $1,500","2025-01-27T14:50:00.000","NOT APPLICABLE","NOT APPLICABLE","3516","N","SPAULDING AVE","1733",,,,,,,"2","NO INDICATION OF INJURY","0","0","0","0","0","1","0","14","7","1","41.9453473029","-87.7099502574","POINT (-87.709950257369 41.945347302947)"
"c74bc733d3b42bfbb575a351daf8422063e714d5f0f8e56c9311befa6c29463e898dcc8f1aaa9c3d2d53cc34d439aae230cb0650272947fdac0dc02275abbcfa",,"2025-01-25T14:44:00.000","30","UNKNOWN","UNKNOWN","CLEAR","DAYLIGHT","REAR END","DIVIDED - W/MEDIAN BARRIER",,"STRAIGHT AND LEVEL","DRY","NO DEFECTS","ON SCENE","INJURY AND / OR TOW DUE TO CRASH",,,,"OVER $1,500","2025-01-25T15:07:00.000","UNABLE TO DETERMINE","UNABLE TO DETERMINE","8329","S","STONY ISLAND AVE","412",,,,,,,"2","NONINCAPACITATING INJURY","1","0","0","1","0","1","0","14","7","1","41.743343675","-87.5852172098","POINT (-87.585217209796 41.743343674959)"
"da2bbd5a8383c0bd6c9749e0ed2c128a6bf64a4690787814c6658b464ce726b2b2162117dcfdd1566f897a632185d9c7f85f7425105fb866f245b3304e5b67d2",,"2025-01-25T14:42:00.000","30","NO CONTROLS","NO CONTROLS","CLEAR","DAYLIGHT","PARKED MOTOR VEHICLE","PARKING LOT",,"STRAIGHT AND LEVEL","DRY","UNKNOWN","NOT ON SCENE (DESK REPORT)","NO INJURY / DRIVE AWAY",,"Y","Y","$500 OR LESS","2025-01-25T15:34:00.000","UNABLE TO DETERMINE","NOT APPLICABLE","4200","S","PULASKI RD","815",,,,,,,"2","NO INDICATION OF INJURY","0","0","0","0","0","1","0","14","7","1","41.8169017075","-87.7240515363","POINT (-87.724051536308 41.816901707548)"
"6550309e5f2cf991f07c379fbaad9e268053997ddde9dd6569a26242ffa7015616877d0448501d4df3e0b0d576dfed61975ceb88da4fdcc8a9bcd7e42cbd2197",,"2025-01-25T14:40:00.000","35","TRAFFIC SIGNAL","FUNCTIONING PROPERLY","CLEAR","DAYLIGHT","TURNING","NOT DIVIDED",,"STRAIGHT AND LEVEL","DRY","NO DEFECTS","ON SCENE","INJURY AND / OR TOW DUE TO CRASH","Y",,,"OVER $1,500","2025-01-25T14:50:00.000","FAILING TO YIELD RIGHT-OF-WAY","UNABLE TO DETERMINE","1701","E","95TH ST","431",,,,,,,"2","NO INDICATION OF INJURY","0","0","0","0","0","2","0","14","7","1","41.7222677958","-87.5825101943","POINT (-87.582510194343 41.722267795816)"
"e0622ca1c1cbb71e24243b2349a6c44bc60f4e5f6f216213e71fb59434d7fea7f0efe3d3ce49feb6f6a752b302cceafe61e0b179c49315eeac15d9d2464f80f3",,"2025-01-25T14:39:00.000","30","TRAFFIC SIGNAL","FUNCTIONING PROPERLY","CLEAR","DAYLIGHT","REAR TO FRONT","NOT DIVIDED",,"STRAIGHT AND LEVEL","DRY","NO DEFECTS","ON SCENE","NO INJURY / DRIVE AWAY",,,,"OVER $1,500","2025-01-25T14:50:00.000","IMPROPER BACKING","DRIVING SKILLS/KNOWLEDGE/EXPERIENCE","10300","S","TORRENCE AVE","434",,,,,,,"2","NO INDICATION OF INJURY","0","0","0","0","0","2","0","14","7","1","41.708077429","-87.5598068713","POINT (-87.559806871332 41.708077429042)"
"6d881bd5c914567d8dcd162b4130b66636877f54098b3f28d4b83a66762c958885d879d49dabef40b03c6f4b26662a0ba8f5a53a25f28a323585f2442a46d804",,"2025-01-25T14:30:00.000","30","NO CONTROLS","NO CONTROLS","UNKNOWN","DAYLIGHT","PARKED MOTOR VEHICLE","PARKING LOT",,"STRAIGHT AND LEVEL","UNKNOWN","UNKNOWN","NOT ON SCENE (DESK REPORT)","NO INJURY / DRIVE AWAY",,,"Y","OVER $1,500","2025-01-25T17:22:00.000","UNABLE TO DETERMINE","UNABLE TO DETERMINE","1919","E","71ST ST","333",,,,,,,"2","NO INDICATION OF INJURY","0","0","0","0","0","1","0","14","7","1","41.7659447373","-87.5780258893","POINT (-87.578025889299 41.765944737346)"
"d069a869062238d47d1f76d57940d16348de70e22943c1a2474f9861cec9a66494ca51620aeae8179ff1cb2137f3053f6867a74563f7df66ee6d685474339502",,"2025-01-25T14:30:00.000","30","NO CONTROLS","NO CONTROLS","CLEAR","DAYLIGHT","TURNING","TRAFFIC ROUTE",,"STRAIGHT AND LEVEL","UNKNOWN","UNKNOWN",,"NO INJURY / DRIVE AWAY","Y",,,"$501 - $1,500","2025-01-25T15:30:00.000","FAILING TO REDUCE SPEED TO AVOID CRASH","UNABLE TO DETERMINE","6924","W","GRAND AVE","2512",,"Y",,,,,"2","NO INDICATION OF INJURY","0","0","0","0","0","2","0","14","7","1","41.9236799766","-87.7987612747","POINT (-87.798761274704 41.923679976632)"
"f3c77f5932fa868520b47a16a3ac80fe4b463e9dcc416a00e9fe12e4feb067564626cfc1141fac899784c97bfda94f259776163e4b3baa570936ce9fc3cf40b8",,"2025-01-25T14:30:00.000","30","UNKNOWN","UNKNOWN","UNKNOWN","UNKNOWN","PARKED MOTOR VEHICLE","NOT DIVIDED",,"STRAIGHT AND LEVEL","UNKNOWN","UNKNOWN","NOT ON SCENE (DESK REPORT)","NO INJURY / DRIVE AWAY",,,"Y","OVER $1,500","2025-01-26T10:45:00.000","UNABLE TO DETERMINE","NOT APPLICABLE","1100","W","WILSON AVE","1913",,,,,,,"2","NO INDICATION OF INJURY","0","0","0","0","0","1","0","14","7","1","41.9655086037","-87.6575464952","POINT (-87.657546495212 41.965508603715)"
"4eb716a34d5f1da77aae95dcc4eec2d388f9c744747414c48d4b3daf7718694bff6c9ae4520ac794f45ac1b849d6196b556cc1e420d7b5188e0705839b1c8c35",,"2025-01-25T14:28:00.000","35","TRAFFIC SIGNAL","FUNCTIONING PROPERLY","CLEAR","DAYLIGHT","TURNING","T-INTERSECTION",,"STRAIGHT AND LEVEL","DRY","NO DEFECTS","NOT ON SCENE (DESK REPORT)","NO INJURY / DRIVE AWAY",,,,"OVER $1,500","2025-01-25T15:30:00.000","UNABLE TO DETERMINE","UNABLE TO DETERMINE","2550","N","PULASKI RD","2524",,,,,,,"2","NO INDICATION OF INJURY","0","0","0","0","0","2","0","14","7","1","41.9278135092","-87.7270130343","POINT (-87.727013034313 41.92781350925)"
"b6cd97655d3090902e9ede638d17855e3f34c392fefe3dce8e93b31345fd636cd331bbc4782bfafb2955a5476b009e958576328e920f760915c569b63521b119",,"2025-01-25T14:25:00.000","20","STOP SIGN/FLASHER","FUNCTIONING PROPERLY","CLEAR","DAYLIGHT","ANGLE","NOT DIVIDED",,"STRAIGHT AND LEVEL","DRY","NO DEFECTS","ON SCENE","INJURY AND / OR TOW DUE TO CRASH","Y",,,"OVER $1,500","2025-01-25T14:39:00.000","DISREGARDING OTHER TRAFFIC SIGNS","DRIVING SKILLS/KNOWLEDGE/EXPERIENCE","3102","N","DAMEN AVE","1931",,,,,,,"2","NO INDICATION OF INJURY","0","0","0","0","0","5","0","14","7","1","41.9378567812","-87.6784477181","POINT (-87.678447718051 41.937856781204)"
"a0105eff9a065e0c5ab280d7d1bb817a236a58e819703e429b235bf2686a216a913679a1e06b6f7a05ca369b553f4384ae97f73aae717bb727bfda80cabc9301",,"2025-01-25T14:20:00.000","30","NO CONTROLS","NO CONTROLS","CLEAR","DAYLIGHT","PARKED MOTOR VEHICLE","NOT DIVIDED",,"STRAIGHT AND LEVEL","DRY","UNKNOWN","NOT ON SCENE (DESK REPORT)","NO INJURY / DRIVE AWAY",,,"Y","$501 - $1,500","2025-01-25T15:50:00.000","FAILING TO YIELD RIGHT-OF-WAY","FAILING TO YIELD RIGHT-OF-WAY","1515","W","MONROE ST","1224",,,,,,,"2","NO INDICATION OF INJURY","0","0","0","0","0","1","0","14","7","1","41.8800856666","-87.6650544157","POINT (-87.665054415667 41.880085666593)"
"3b563f6c006cc1b1b77cdb24fb1f75f885d3309e05d32f6cf9b2621b67f00bb14f201bb52fc97fedaf5797c1d411e009555e5d4f28710d1192c17dfe8de9f458",,"2025-01-25T14:17:00.000","10","NO CONTROLS","NO CONTROLS","CLEAR","DAYLIGHT","FIXED OBJECT","OTHER",,"STRAIGHT AND LEVEL","DRY","UNKNOWN","ON SCENE","NO INJURY / DRIVE AWAY",,"Y",,"OVER $1,500","2025-01-25T14:39:00.000","IMPROPER BACKING","NOT APPLICABLE","6014","N","CALIFORNIA AVE","2413",,,,,,,"1","NO INDICATION OF INJURY","0","0","0","0","0","1","0","14","7","1","41.990906976","-87.6995624775","POINT (-87.699562477515 41.990906975958)"
"e1dd64d58c1bc326792fb0724a34c830a2635dd4204927a1f76ebbe27f9637a3315f64dbc03bdd5fb5156bf6ab3a6d53679ad3eb06bda32d6e7ac44fb52d53d9",,"2025-01-25T14:10:00.000","30","STOP SIGN/FLASHER","FUNCTIONING PROPERLY","CLEAR","DAYLIGHT","ANGLE","FOUR WAY",,"STRAIGHT AND LEVEL","DRY","NO DEFECTS","NOT ON SCENE (DESK REPORT)","NO INJURY / DRIVE AWAY",,,,"OVER $1,500","2025-01-25T14:25:00.000","UNABLE TO DETERMINE","UNABLE TO DETERMINE","3500","W","MONTROSE AVE","1723",,,,,,,"2","NO INDICATION OF INJURY","0","0","0","0","0","6","0","14","7","1","41.9612081048","-87.7156502729","POINT (-87.715650272903 41.961208104754)"
"fee77163d2b9f4b5bc3708a2b50160da0e7df5643d03d3994913b1136847b5b8fa81b73d9febc720f527b64d23e6ac40722a2f4d3613743b3a0051672c680d9c",,"2025-01-25T14:02:00.000","30","NO CONTROLS","NO CONTROLS","CLEAR","DAYLIGHT","PEDESTRIAN","NOT DIVIDED",,"STRAIGHT AND LEVEL","DRY","NO DEFECTS","NOT ON SCENE (DESK REPORT)","INJURY AND / OR TOW DUE TO CRASH",,,,"$500 OR LESS","2025-01-25T14:03:00.000","DRIVING SKILLS/KNOWLEDGE/EXPERIENCE","DRIVING SKILLS/KNOWLEDGE/EXPERIENCE","500","W","MADISON ST","121",,,,,,,"2","NONINCAPACITATING INJURY","2","0","0","1","1","0","0","14","7","1","41.8819943382","-87.6397586849","POINT (-87.639758684881 41.881994338205)"
"9794bed6bc08309981a8f9d9b9c8adc2203d900403ddaca9cc36d4901fef7e0b83e8049cf0be283029abab650fbc0c50091ae6162b2ba58eb3727f5896c303c8",,"2025-01-25T14:00:00.000","30","TRAFFIC SIGNAL","FUNCTIONING PROPERLY","UNKNOWN","DAYLIGHT","TURNING","FOUR WAY",,"STRAIGHT AND LEVEL","UNKNOWN","UNKNOWN","NOT ON SCENE (DESK REPORT)","NO INJURY / DRIVE AWAY","Y",,,"OVER $1,500","2025-01-26T15:49:00.000","IMPROPER TURNING/NO SIGNAL","DRIVING SKILLS/KNOWLEDGE/EXPERIENCE","369","W","GRAND AVE","1831",,,,,,,"2","NO INDICATION OF INJURY","0","0","0","0","0","2","0","14","7","1","41.8914193106","-87.6382213293","POINT (-87.638221329263 41.89141931063)"
"1f15b7a0003960c10794edfad4474c8fdd83769b5fff64c557ddaf18b64f540610fd335177710f47cfcc5a0e7b7cdebff30e4488b98b3a0a1c63cd0f03c21b87",,"2025-01-25T13:55:00.000","30","TRAFFIC SIGNAL","FUNCTIONING PROPERLY","CLEAR","DAYLIGHT","TURNING","FOUR WAY",,"STRAIGHT AND LEVEL","DRY","NO DEFECTS","ON SCENE","NO INJURY / DRIVE AWAY",,,,"OVER $1,500","2025-01-25T14:15:00.000","IMPROPER TURNING/NO SIGNAL","NOT APPLICABLE","2","N","STATE ST","112",,,,,,,"2","NO INDICATION OF INJURY","0","0","0","0","0","2","0","13","7","1","41.8820827517","-87.6279636464","POINT (-87.627963646408 41.882082751744)"
"3edeaedb55322564e78fb4c634c1c425f5d10cc89f661aff5da57cc4331a1df450550d2a7b23082206aaf24aad80e05d32781c3a5a4c691acaee95fe58d1e03b",,"2025-01-25T13:51:00.000","35","TRAFFIC SIGNAL","FUNCTIONING PROPERLY","CLEAR","DAYLIGHT","REAR END","FOUR WAY",,"STRAIGHT AND LEVEL","DRY","WORN SURFACE","NOT ON SCENE (DESK REPORT)","NO INJURY / DRIVE AWAY",,,"Y","$500 OR LESS","2025-01-25T14:45:00.000","NOT APPLICABLE","NOT APPLICABLE","432","W","ROOSEVELT RD","124",,,,,,,"2","NO INDICATION OF INJURY","0","0","0","0","0","3","0","13","7","1","41.8673669461","-87.6387821991","POINT (-87.638782199094 41.867366946143)"
"4d6ad07babcfb2f0bee87661e91396506fa7b6c27f88ea6615ce887a5c519e5e4c238f3a5250f75e74ca8734d3d7e42760ff6efdf52365e686ddc8e6c0abd9f1",,"2025-01-25T13:50:00.000","30","TRAFFIC SIGNAL","FUNCTIONING PROPERLY","CLEAR","DAYLIGHT","SIDESWIPE SAME DIRECTION","DIVIDED - W/MEDIAN (NOT RAISED)",,"STRAIGHT AND LEVEL","DRY","NO DEFECTS","NOT ON SCENE (DESK REPORT)","NO INJURY / DRIVE AWAY","Y",,"Y","OVER $1,500","2025-01-25T15:50:00.000","UNABLE TO DETERMINE","NOT APPLICABLE","1260","W","103RD ST","2232",,,,,,,"2","NO INDICATION OF INJURY","0","0","0","0","0","3","0","13","7","1","41.7069108579","-87.6548502215","POINT (-87.654850221501 41.706910857924)"
"c88c9ec12aea80228d3434e8faa6e68d92a63849625606d7680cd32da791a76aaf3d3b2cd010bbb41b4e6cc3342e6a3a9ecb3800b4885c76635f6ad7ff8fe08b",,"2025-01-25T13:50:00.000","30","NO CONTROLS","NO CONTROLS","CLEAR","DAYLIGHT","TURNING","DIVIDED - W/MEDIAN (NOT RAISED)",,"STRAIGHT AND LEVEL","UNKNOWN","UNKNOWN","NOT ON SCENE (DESK REPORT)","NO INJURY / DRIVE AWAY",,,,"OVER $1,500","2025-01-26T13:16:00.000","UNABLE TO DETERMINE","NOT APPLICABLE","3643","N","WESTERN AVE","1921",,,,,,,"2","NO INDICATION OF INJURY","0","0","0","0","0","3","0","13","7","1","41.9480076631","-87.6881477707","POINT (-87.688147770674 41.948007663086)"
"696c4255acf6a223851c7c1455c0478d7c34a43c8dbfb22a09149775cdb8fcf8d1a5d2bdd21c7f29b41fcd58b4bc7b18fb5a97b016282e572c14465ee7ae881c",,"2025-01-25T13:45:00.000","25","NO CONTROLS","NO CONTROLS","CLEAR","DAYLIGHT","REAR END","OTHER",,"STRAIGHT AND LEVEL","DRY","NO DEFECTS","NOT ON SCENE (DESK REPORT)","NO INJURY / DRIVE AWAY",,,,"OVER $1,500","2025-01-25T15:15:00.000","FOLLOWING TOO CLOSELY","DRIVING SKILLS/KNOWLEDGE/EXPERIENCE","2","W","TERMINAL ST","1652",,,,,,,"2","NO INDICATION OF INJURY","0","0","0","0","0","2","0","13","7","1",,,
"340df8c99fff5b836b4cc716ca40dd4871198bd154e44d85fcc0bdc8e56a4c0419f4bb12b5c750138dea560b42fdbf0b21d9051b1b3165a35b81f05b906e006f",,"2025-01-25T13:41:00.000","30","UNKNOWN","FUNCTIONING PROPERLY","CLEAR","DAYLIGHT","PEDESTRIAN","FOUR WAY",,"STRAIGHT AND LEVEL","DRY","NO DEFECTS","ON SCENE","INJURY AND / OR TOW DUE TO CRASH","Y",,,"$500 OR LESS","2025-01-25T13:41:00.000","NOT APPLICABLE","NOT APPLICABLE","6700","S","WENTWORTH AVE","722",,,,,,,"3","REPORTED, NOT EVIDENT","2","0","0","0","2","1","0","13","7","1","41.7726154357","-87.6300996776","POINT (-87.630099677564 41.77261543566)"
"84c6923a606bee5e084cd42ef0033dce505ae6a65717ae137b8a65489a8d726ff8866a5594ae8f9e545af78971b8db9ad4ef4c811a6cea5828e54e61793977a7",,"2025-01-25T13:39:00.000","30","TRAFFIC SIGNAL","FUNCTIONING PROPERLY","CLEAR","DAYLIGHT","ANGLE","NOT DIVIDED",,"STRAIGHT AND LEVEL","UNKNOWN","NO DEFECTS","NOT ON SCENE (DESK REPORT)","NO INJURY / DRIVE AWAY",,,,"$501 - $1,500","2025-01-25T14:24:00.000","NOT APPLICABLE","NOT APPLICABLE","6700","S","KEDZIE AVE","831",,,,,,,"2","NO INDICATION OF INJURY","0","0","0","0","0","2","0","13","7","1","41.771645893","-87.7031136981","POINT (-87.70311369808 41.771645892985)"
"2b3aa1f47a94433e747f7827e3d23c4382906ff5168a165d5827abdb4f8a01df1e3a52b1d8aa83595f36740c994ee246c126ccaf9cc97c212fd313b68b0716b7",,"2025-01-25T13:30:00.000","30","NO CONTROLS","NO CONTROLS","CLEAR","DAYLIGHT","SIDESWIPE SAME DIRECTION","DIVIDED - W/MEDIAN (NOT RAISED)",,"STRAIGHT AND LEVEL","UNKNOWN","UNKNOWN","NOT ON SCENE (DESK REPORT)","NO INJURY / DRIVE AWAY",,,,"OVER $1,500","2025-01-25T14:10:00.000","UNABLE TO DETERMINE","UNABLE TO DETERMINE","4231","W","DIVISION ST","1111",,,,,,,"2","NO INDICATION OF INJURY","0","0","0","0","0","3","0","13","7","1","41.9024610568","-87.7324891476","POINT (-87.732489147617 41.90246105676)"
"a5da211adb2d907793bfaa6df26e50a561a7c26b29e93db86dd0bc98fd21a075cf708ec415520d5e51022f290768f6185a0799f9d91ba4cc83959260f1367130",,"2025-01-25T13:30:00.000","30","TRAFFIC SIGNAL","FUNCTIONING PROPERLY","CLEAR","DAYLIGHT","REAR TO SIDE","DIVIDED - W/MEDIAN BARRIER",,"STRAIGHT AND LEVEL","DRY","NO DEFECTS","ON SCENE","NO INJURY / DRIVE AWAY",,,,"OVER $1,500","2025-01-25T13:32:00.000","IMPROPER BACKING","NOT APPLICABLE","2135","W","FULLERTON AVE","1432",,,,,,,"2","NO INDICATION OF INJURY","0","0","0","0","0","2","0","13","7","1","41.9248684183","-87.68211789","POINT (-87.682117889989 41.924868418258)"
"cdfad3fe661a4d19f95a0ac97195e67503872f3c7677d142898e5d6359767c33023ee2b62471add13361e182769f107af6a1c23aea266a1cc21cbd6ecc8b5aaf",,"2025-01-25T13:30:00.000","30","NO CONTROLS","NO CONTROLS","CLEAR","DAYLIGHT","REAR END","DIVIDED - W/MEDIAN (NOT RAISED)",,"STRAIGHT AND LEVEL","DRY","NO DEFECTS","NOT ON SCENE (DESK REPORT)","NO INJURY / DRIVE AWAY",,,,"$501 - $1,500","2025-01-25T13:40:00.000","FOLLOWING TOO CLOSELY","DRIVING SKILLS/KNOWLEDGE/EXPERIENCE","1500","W","ADDISON ST","1922",,,,,,,"3","NO INDICATION OF INJURY","0","0","0","0","0","4","0","13","7","1","41.9471379534","-87.6665031701","POINT (-87.666503170093 41.947137953357)"