"crash_record_id","crash_date_est_i","crash_date","posted_speed_limit","traffic_control_device","device_condition","weather_condition","lighting_condition","first_crash_type","trafficway_type","lane_cnt","alignment","roadway_surface_cond","road_defect","report_type","crash_type","intersection_related_i","private_property_i","hit_and_run_i","damage","date_police_notified","prim_contributory_cause","sec_contributory_cause","street_no","street_direction","street_name","beat_of_occurrence","photos_taken_i","statements_taken_i","dooring_i","work_zone_i","work_zone_type","workers_present_i","num_units","most_severe_injury","injuries_total","injuries_fatal","injuries_incapacitating","injuries_non_incapacitating","injuries_reported_not_evident","injuries_no_indication","injuries_unknown","crash_hour","crash_day_of_week","crash_month","latitude","longitude","location"
"301cda099b4d5c637062edf0d72ac9c3057999cef0b5dec838567f037633f432bd1f147bc6d260eac66a97233f92670e04583837e73744b5cdcff5d323f02fbd",,"2025-01-25T13:22:00.000","30","STOP SIGN/FLASHER","FUNCTIONING PROPERLY","CLEAR","DAYLIGHT","ANGLE","DIVIDED - W/MEDIAN (NOT RAISED)",,"CURVE ON GRADE","DRY","NO DEFECTS","ON SCENE","INJURY AND / OR TOW DUE TO CRASH","Y",,,"$500 OR LESS","2025-01-25T13:25:00.000","WEATHER","DRIVING SKILLS/KNOWLEDGE/EXPERIENCE","7203","N","ROGERS AVE","2424",,,,,,,"2","INCAPACITATING INJURY","1","0","1","0","0","1","0","13","7","1","42.0124642275","-87.6824869056","POINT (-87.682486905558 42.012464227486)"
"aa1e8b218c4e3ae98b0268042f1cd66df8adb0b8ae112f5ef1707e935eb6a0fb637acd08a9c6637043a20d0ca0cef738f7b116a0ed3ed5f7b88d80003af535c3",,"2025-01-25T13:20:00.000","25","STOP SIGN/FLASHER","FUNCTIONING PROPERLY","CLEAR","DAYLIGHT","TURNING","ONE-WAY",,"STRAIGHT AND LEVEL","DRY","NO DEFECTS","NOT ON SCENE (DESK REPORT)","NO INJURY / DRIVE AWAY","Y",,,"OVER $1,500","2025-01-25T13:54:00.000","FAILING TO REDUCE SPEED TO AVOID CRASH","IMPROPER TURNING/NO SIGNAL","5300","S","SPRINGFIELD AVE","822",,,,,,,"2","NO INDICATION OF INJURY","0","0","0","0","0","2","0","13","7","1","41.7968229689","-87.7209565423","POINT (-87.720956542306 41.796822968862)"
"17d0412e6c236a5f41d75c146bd1e2f6efe7bad1a14a452a3d81e914e214db8213821bf2eb2d621f2792e25a959a45f5031216f363e8a45e0f5d0c7a6c796402",,"2025-01-25T13:15:00.000","25","STOP SIGN/FLASHER","FUNCTIONING PROPERLY","CLEAR","DAYLIGHT","REAR END","ONE-WAY",,"STRAIGHT AND LEVEL","DRY","NO DEFECTS","NOT ON SCENE (DESK REPORT)","INJURY AND / OR TOW DUE TO CRASH","Y",,,"OVER $1,500","2025-01-25T15:00:00.000","UNABLE TO DETERMINE","NOT APPLICABLE","5200","S","SPRINGFIELD AVE","822",,,,,,,"2","REPORTED, NOT EVIDENT","2","0","0","0","2","1","0","13","7","1","41.7986560493","-87.7210124632","POINT (-87.721012463217 41.79865604926)"
"b8d03dec1fcb853a966a20db41da1e52cd752b63376f30d33e9302af8ca82a236c159f5a7fff85d351fcb51edfe6849c563c133201e34e1a6a8058f1843f8e9e",,"2025-01-25T13:12:00.000","10","NO CONTROLS","NO CONTROLS","OTHER","DAYLIGHT","PARKED MOTOR VEHICLE","PARKING LOT",,"STRAIGHT AND LEVEL","DRY","NO DEFECTS","ON SCENE","NO INJURY / DRIVE AWAY",,"Y",,"$501 - $1,500","2025-01-25T13:12:00.000","UNABLE TO DETERMINE","UNABLE TO DETERMINE","1","S","PARKING LOT MIDWAY ST","813",,,,,,,"2","NO INDICATION OF INJURY","0","0","0","0","0","1","0","13","7","1",,,
"b307bc8a43b4c0f5f98f840ca17bb6c89f5917c35f6d70d84fc3b80feec72e8befd5861bba19562857fbce9ed3d619291756d5203c58875e2f1a93a755e98dfa",,"2025-01-25T13:11:00.000","30","NO CONTROLS","NO CONTROLS","CLEAR","DAYLIGHT","SIDESWIPE SAME DIRECTION","DIVIDED - W/MEDIAN (NOT RAISED)",,"STRAIGHT AND LEVEL","DRY","UNKNOWN","NOT ON SCENE (DESK REPORT)","NO INJURY / DRIVE AWAY",,,,"OVER $1,500","2025-01-25T13:45:00.000","UNABLE TO DETERMINE","NOT APPLICABLE","2622","W","DIVERSEY AVE","1411",,,,,,,"2","NO INDICATION OF INJURY","0","0","0","0","0","2","0","13","7","1","41.9322390055","-87.6936334885","POINT (-87.693633488462 41.932239005455)"
"35e3a606f18b6a80aa865496965b442c304d53a675d495918dbff0a10087b69c1cb0bdcca5e88bf7e99e3628feb6905d7b1f4c7728685b0d0d30fe4d2c1836f8",,"2025-01-25T13:10:00.000","30","TRAFFIC SIGNAL","FUNCTIONING PROPERLY","CLEAR","DAYLIGHT","REAR END","DIVIDED - W/MEDIAN BARRIER",,"STRAIGHT AND LEVEL","DRY","NO DEFECTS","NOT ON SCENE (DESK REPORT)","NO INJURY / DRIVE AWAY",,,,"OVER $1,500","2025-01-25T14:00:00.000","UNABLE TO DETERMINE","NOT APPLICABLE","3916","W","IRVING PARK RD","1723",,,,,,,"2","NO INDICATION OF INJURY","0","0","0","0","0","2","0","13","7","1","41.9537826384","-87.7259023732","POINT (-87.725902373201 41.953782638404)"
"7b262dcd1d0e7f427773bb7c7e611644c78057602acd02de1445eebab96e0bff9e09abd0f2bed2c27a41ab4b025ab2b8e5720ae09192753961fb3e1c755022d7",,"2025-01-25T13:10:00.000","20","NO CONTROLS","NO CONTROLS","CLEAR","DAYLIGHT","PARKED MOTOR VEHICLE","ONE-WAY",,"STRAIGHT AND LEVEL","UNKNOWN","UNKNOWN","ON SCENE","INJURY AND / OR TOW DUE TO CRASH",,,"Y","OVER $1,500","2025-01-25T13:17:00.000","UNABLE TO DETERMINE","UNABLE TO DETERMINE","1441","N","WICKER PARK AVE","1424",,,,,,,"2","NO INDICATION OF INJURY","0","0","0","0","0","1","0","13","7","1","41.9080545456","-87.6757744442","POINT (-87.675774444182 41.908054545595)"
"5e482a8323fe1ff6df335a836dc50d0c90f2b5232e819f24b85d1beab3fe3d9f7e640d97d9a730be360b32b6b20aa75d429e288cbcd7e68a130a3ddaed9da6d7",,"2025-01-25T13:00:00.000","30","NO CONTROLS","NO CONTROLS","CLEAR","DAYLIGHT","SIDESWIPE SAME DIRECTION","NOT DIVIDED",,"STRAIGHT AND LEVEL","DRY","NO DEFECTS","ON SCENE","NO INJURY / DRIVE AWAY",,,,"OVER $1,500","2025-01-25T13:33:00.000","IMPROPER OVERTAKING/PASSING","NOT APPLICABLE","5130","W","NORTH AVE","2533",,,,,,,"2","NO INDICATION OF INJURY","0","0","0","0","0","2","0","13","7","1","41.9096357503","-87.7538981293","POINT (-87.753898129309 41.909635750314)"
"7340e2b1fde3cad5ca2a3a7c9d77c6e5c483ae55c3dfbe548c2e1326f09576112df2415356b28755f97c7a5fe782528bfe4fb979526a069186ec3c16fd8aa458",,"2025-01-25T13:00:00.000","15","NO CONTROLS","NO CONTROLS","CLEAR","DAYLIGHT","FIXED OBJECT","ONE-WAY",,"STRAIGHT AND LEVEL","WET","NO DEFECTS","ON SCENE","NO INJURY / DRIVE AWAY",,,,"$501 - $1,500","2025-01-25T13:05:00.000","UNABLE TO DETERMINE","NOT APPLICABLE","818","S","CICERO AVE","1533",,,,,,,"1","NO INDICATION OF INJURY","0","0","0","0","0","1","0","13","7","1","41.8697369512","-87.7450226977","POINT (-87.745022697676 41.869736951221)"
"202f59113c902fe8f417d38b1e9ea46567484689f851aa6524d5fcf29284690cf24477da0a07f30c4b48c3c8c9d36fd10f092bd1330475f9e342c68c20aeca82",,"2025-01-25T12:55:00.000","30","NO CONTROLS","NO CONTROLS","CLEAR","DAYLIGHT","REAR END","NOT DIVIDED",,"STRAIGHT AND LEVEL","DRY","NO DEFECTS","NOT ON SCENE (DESK REPORT)","NO INJURY / DRIVE AWAY",,,,"$501 - $1,500","2025-01-25T13:34:00.000","IMPROPER OVERTAKING/PASSING","NOT APPLICABLE","5100","S","KEDZIE AVE","822",,,,,,,"2","NO INDICATION OF INJURY","0","0","0","0","0","2","0","12","7","1","41.8007272599","-87.7039102174","POINT (-87.703910217369 41.800727259896)"
"e55d135ebfb90aa7d1784a83041a5d2fc6ef49b90e152946d978101d080b17d3571dd5e69258d9e0c06bcf1a708882772f6feb969fcae24e237ee6cced93e4cd",,"2025-01-25T12:55:00.000","10","NO CONTROLS","NO CONTROLS","CLEAR","DAYLIGHT","PEDALCYCLIST","PARKING LOT",,"STRAIGHT AND LEVEL","WET","NO DEFECTS","ON SCENE","INJURY AND / OR TOW DUE TO CRASH",,,,"OVER $1,500","2025-01-25T13:05:00.000","FAILING TO REDUCE SPEED TO AVOID CRASH","UNABLE TO DETERMINE","6035","S","PULASKI RD","823",,,,,,,"2","NONINCAPACITATING INJURY","1","0","0","1","0","2","0","12","7","1","41.7830976016","-87.7227381302","POINT (-87.722738130158 41.783097601609)"
"4f1f6b78164f173d601a7fee37baa63e0c1cb6122a3d33bf073a0667c8be9ed998032c879d4a42c487316c0aeeb8ecb1466321bd1e753dc112ff7c156d617ef3",,"2025-01-25T12:50:00.000","30","NO CONTROLS","NO CONTROLS","CLEAR","DAYLIGHT","REAR END","NOT DIVIDED",,"STRAIGHT AND LEVEL","DRY","NO DEFECTS","ON SCENE","INJURY AND / OR TOW DUE TO CRASH",,,,"OVER $1,500","2025-01-25T12:51:00.000","FAILING TO REDUCE SPEED TO AVOID CRASH","NOT APPLICABLE","2928","S","ARCHER AVE","913",,,,,,,"2","NONINCAPACITATING INJURY","1","0","0","1","0","2","0","12","7","1","41.8413773872","-87.6587848021","POINT (-87.658784802083 41.841377387172)"
"8804c21a764526a24376b80042d6d0fa1b6d1eacb4595e83347e53044ee087fb1757ea4b0be25219cd598dfbb3c58fd20a10b410f8f538402eba02f657281565",,"2025-01-25T12:50:00.000","30","NO CONTROLS","NO CONTROLS","CLEAR","DAYLIGHT","TURNING","DIVIDED - W/MEDIAN (NOT RAISED)",,"STRAIGHT AND LEVEL","DRY","NO DEFECTS",,"NO INJURY / DRIVE AWAY",,,"Y","$501 - $1,500","2025-01-25T13:01:00.000","IMPROPER OVERTAKING/PASSING","IMPROPER TURNING/NO SIGNAL","1222","N","CLYBOURN AVE","1821",,,,,,,"2","NO INDICATION OF INJURY","0","0","0","0","0","2","0","12","7","1","41.9042347297","-87.6404261564","POINT (-87.640426156418 41.904234729692)"
"1fbbf0d9d32ec0bfe3d1089b528326b89c4f88da6e9c8fe5d08fac12def7abbcbc32ede47ec65c826f8967f5ad134182f38ad3bde509729c71b2172ee4fee671",,"2025-01-25T12:48:00.000","30","TRAFFIC SIGNAL","FUNCTIONING PROPERLY","CLEAR","DAYLIGHT","TURNING","FOUR WAY",,"STRAIGHT AND LEVEL","DRY","NO DEFECTS","ON SCENE","INJURY AND / OR TOW DUE TO CRASH","Y",,,"OVER $1,500","2025-01-25T12:55:00.000","DISREGARDING TRAFFIC SIGNALS","NOT APPLICABLE","220","N","MICHIGAN AVE","111",,,,,,,"2","NO INDICATION OF INJURY","0","0","0","0","0","2","0","12","7","1","41.8862798647","-87.6246739457","POINT (-87.624673945744 41.886279864709)"
"ac8205bccd681bd1687a3ab0f49d53eb605d4b2c5282c8448fbf8728ceb09b4816a193a0658b57b91fa9dda22679c068889cf16724b8ef46704634e510ebdc00",,"2025-01-25T12:44:00.000","30","NO CONTROLS","NO CONTROLS","CLEAR","DAYLIGHT","PARKED MOTOR VEHICLE","NOT DIVIDED",,"STRAIGHT AND LEVEL","DRY","NO DEFECTS","NOT ON SCENE (DESK REPORT)","NO INJURY / DRIVE AWAY",,,"Y","$500 OR LESS","2025-01-25T14:45:00.000","DRIVING SKILLS/KNOWLEDGE/EXPERIENCE","NOT APPLICABLE","2340","N","CALIFORNIA AVE","1414",,,,,,,"2","NO INDICATION OF INJURY","0","0","0","0","0","2","0","12","7","1","41.9240177576","-87.6975423745","POINT (-87.697542374543 41.924017757586)"
"b47e4cd866cc0bba72042f0105f65bec8fa8b9af7446c7162d6441691d5ff736df55c1cc270fdf0e6c25e76f9c435372f46df888ccf2cf6af49605a7436df6f6",,"2025-01-25T12:42:00.000","20","NO CONTROLS","NO CONTROLS","CLEAR","DAYLIGHT","PARKED MOTOR VEHICLE","PARKING LOT",,"STRAIGHT AND LEVEL","DRY","NO DEFECTS","ON SCENE","NO INJURY / DRIVE AWAY",,,"Y","OVER $1,500","2025-01-25T14:00:00.000","UNABLE TO DETERMINE","NOT APPLICABLE","1136","S","DELANO CT W","123",,,,,,,"2","NO INDICATION OF INJURY","0","0","0","0","0","1","0","12","7","1","41.867779193","-87.6326629832","POINT (-87.632662983215 41.867779192977)"
"680ca0e2f0bfaed8fc272ef71b952e91375d428966a81c9030869a068e4e93212bb98168d5c514778b21dfbeebcf7872eab266fafb46cce2ea43d82de2f71032",,"2025-01-25T12:33:00.000","30","NO CONTROLS","NO CONTROLS","CLEAR","DAYLIGHT","PARKED MOTOR VEHICLE","PARKING LOT",,"STRAIGHT AND LEVEL","DRY","UNKNOWN","ON SCENE","NO INJURY / DRIVE AWAY",,"Y","Y","OVER $1,500","2025-01-25T12:33:00.000","DRIVING SKILLS/KNOWLEDGE/EXPERIENCE","UNABLE TO DETERMINE","6201","S","ASHLAND AVE","713",,,,,,,"2","NO INDICATION OF INJURY","0","0","0","0","0","1","0","12","7","1","41.7812043653","-87.6641132795","POINT (-87.664113279518 41.781204365265)"
"b755445ff0acf5d6b2b1f6362e2d94cfebd0733c1f8da734d9e6adf00338184ce463caea2eb07964d6418860e6053866007410fb9de9d34061ff44e0315cdac4",,"2025-01-25T12:31:00.000","30","NO CONTROLS","NO CONTROLS","CLEAR","DAYLIGHT","TURNING","DIVIDED - W/MEDIAN BARRIER",,"STRAIGHT AND LEVEL","DRY","UNKNOWN","ON SCENE","INJURY AND / OR TOW DUE TO CRASH","Y",,,"OVER $1,500","2025-01-25T12:54:00.000","IMPROPER TURNING/NO SIGNAL","VISION OBSCURED (SIGNS, TREE LIMBS, BUILDINGS, ETC.)","4300","W","LAKE ST","1114",,,,,,,"2","REPORTED, NOT EVIDENT","1","0","0","0","1","1","0","12","7","1","41.8860005243","-87.7332970779","POINT (-87.733297077936 41.886000524343)"
"357f8097249c6715ae9f6331ed263e4bb28dabe019e115b4abd6276187666725726b9d0300db2498e1fdde0350fc0d10b54c9f651fcefd29ccdfbe2263f4553e",,"2025-01-25T12:30:00.000","20","NO CONTROLS","NO CONTROLS","CLEAR","DAYLIGHT","REAR TO SIDE","PARKING LOT",,"STRAIGHT AND LEVEL","DRY","NO DEFECTS","NOT ON SCENE (DESK REPORT)","NO INJURY / DRIVE AWAY",,"Y",,"OVER $1,500","2025-01-29T15:15:00.000","UNABLE TO DETERMINE","UNABLE TO DETERMINE","800","W","NORTH AVE","1813",,,,,,,"2","NO INDICATION OF INJURY","0","0","0","0","0","2","0","12","7","1","41.9110285098","-87.648335806","POINT (-87.64833580602 41.911028509812)"
"5c1014082336c91b55bc76ce1fd36b75a8ee86116ebc67e9e67b2916803ea9a95954e69c54e056e4db333f5222d12f1a875d468148a168bd903b2872a2d7e127",,"2025-01-25T12:30:00.000","30","NO CONTROLS","NO CONTROLS","CLEAR","DAYLIGHT","PARKED MOTOR VEHICLE","ONE-WAY",,"STRAIGHT AND LEVEL","DRY","NO DEFECTS","NOT ON SCENE (DESK REPORT)","INJURY AND / OR TOW DUE TO CRASH",,,"Y","OVER $1,500","2025-01-25T13:50:00.000","UNABLE TO DETERMINE","UNABLE TO DETERMINE","5112","S","KENWOOD AVE","234",,,,,,,"2","NO INDICATION OF INJURY","0","0","0","0","0","1","0","12","7","1","41.8019574418","-87.5936101411","POINT (-87.593610141136 41.801957441802)"
"5e3d12216a93a4b8f0b473c83ef15dbcab4d0a9b08406cbf2a4607556703bb83fc650e329338f61da2fb019543ac40220a4ea2ff6eea58ab38eb35728957912c",,"2025-01-25T12:30:00.000","25","NO CONTROLS","NO CONTROLS","CLEAR","DAYLIGHT","ANGLE","ONE-WAY",,"STRAIGHT AND LEVEL","DRY","NO DEFECTS","NOT ON SCENE (DESK REPORT)","NO INJURY / DRIVE AWAY",,,"Y","OVER $1,500","2025-01-25T14:35:00.000","UNABLE TO DETERMINE","UNABLE TO DETERMINE","60","N","KEELER AVE","1115",,,,,,,"2","NO INDICATION OF INJURY","0","0","0","0","0","2","0","12","7","1","41.881917942","-87.7307607404","POINT (-87.730760740404 41.88191794202)"
"c7ee0f8392ecc46f7227e3816d7131256f79a8797ccb689504f73b7a370cfe1e284fce482d8c9062a834f5c9d67a069046d4c2c2154ab5b338df0b956eeb6623",,"2025-01-25T12:20:00.000","30","TRAFFIC SIGNAL","FUNCTIONING PROPERLY","CLEAR","DAYLIGHT","SIDESWIPE SAME DIRECTION","DIVIDED - W/MEDIAN (NOT RAISED)",,"STRAIGHT AND LEVEL","UNKNOWN","UNKNOWN","NOT ON SCENE (DESK REPORT)","NO INJURY / DRIVE AWAY","Y",,,"OVER $1,500","2025-01-25T12:55:00.000","DRIVING SKILLS/KNOWLEDGE/EXPERIENCE","IMPROPER LANE USAGE","6408","N","SHERIDAN RD","2432",,,,,,,"2","NO INDICATION OF INJURY","0","0","0","0","0","4","0","12","7","1","41.9984469803","-87.6607323856","POINT (-87.6607323856 41.998446980306)"
"6dbeae8592ba1d5282ee1908a1e02ca4fea7fc785f068ca7532a8c415bfc4273f76fe9949e59806073bc0eb0c95dcf38d8d931040fc79ef169a4a59b6ec589a6",,"2025-01-25T12:17:00.000","35","NO CONTROLS","NO CONTROLS","CLEAR","DAYLIGHT","SIDESWIPE SAME DIRECTION","NOT DIVIDED",,"STRAIGHT ON GRADE","UNKNOWN","UNKNOWN","ON SCENE","INJURY AND / OR TOW DUE TO CRASH",,,,"OVER $1,500","2025-01-25T12:17:00.000","UNABLE TO DETERMINE","UNABLE TO DETERMINE","11446","S","KEDZIE AVE","2211",,,,,,,"2","NO INDICATION OF INJURY","0","0","0","0","0","2","0","12","7","1","41.6851756244","-87.7007336252","POINT (-87.700733625229 41.685175624413)"
"edc40542492d0fd00cabc11dd7cd46cdcb52b60eab7ab24521b6aa70beda8514c02514c40bc276e7798e6d8c85d95ab08cf9201d33c008f210c6dc4f8114b383",,"2025-01-25T12:14:00.000","30","STOP SIGN/FLASHER","FUNCTIONING PROPERLY","CLEAR","DAYLIGHT","ANGLE","FOUR WAY",,"STRAIGHT ON GRADE","DRY","NO DEFECTS","ON SCENE","NO INJURY / DRIVE AWAY","Y",,"Y","$501 - $1,500","2025-01-25T12:14:00.000","FAILING TO YIELD RIGHT-OF-WAY","UNABLE TO DETERMINE","8800","S","WINCHESTER AVE","2221",,,,,,,"2","NO INDICATION OF INJURY","0","0","0","0","0","2","0","12","7","1","41.7337248878","-87.6698461099","POINT (-87.669846109942 41.733724887753)"
"696c6fd34cf054dec28b0b412d54b8376584089bc6db2362c383957069e4b0a41b57394ffe1528c44df12b310f5a5fc56dc1fe21467f09790d40396af4a54f4b",,"2025-01-25T12:08:00.000","30","NO CONTROLS","NO CONTROLS","CLEAR","DARKNESS, LIGHTED ROAD","SIDESWIPE SAME DIRECTION","NOT DIVIDED",,"STRAIGHT AND LEVEL","DRY","NO DEFECTS","NOT ON SCENE (DESK REPORT)","NO INJURY / DRIVE AWAY",,,"Y","$500 OR LESS","2025-01-25T16:36:00.000","NOT APPLICABLE","NOT APPLICABLE","2735","S","WESTERN AVE","1034",,,,,,,"2","NO INDICATION OF INJURY","0","0","0","0","0","2","0","12","7","1","41.8426217857","-87.6851740066","POINT (-87.685174006556 41.84262178572)"
"336722fe6e186e390cbc69df58e16bc07c027fe826193ab3881b404cb2a371bae564c945c0a5a243ddb25c8b1a762ce9d411345487e97412b10ba1564641baf5",,"2025-01-25T12:00:00.000","30","NO CONTROLS","NO CONTROLS","CLEAR","DAYLIGHT","TURNING","DIVIDED - W/MEDIAN (NOT RAISED)",,"STRAIGHT AND LEVEL","DRY","NO DEFECTS","NOT ON SCENE (DESK REPORT)","NO INJURY / DRIVE AWAY",,,,"$501 - $1,500","2025-01-25T12:50:00.000","IMPROPER TURNING/NO SIGNAL","NOT APPLICABLE","2522","N","MILWAUKEE AVE","1414",,,,,,,"2","NO INDICATION OF INJURY","0","0","0","0","0","4","0","12","7","1","41.9271158063","-87.7044461316","POINT (-87.704446131599 41.927115806284)"
"d99d77811a250d0b437075327a2e522d2acaabd0ecd1a0de4cac9538cff2f132ed07222bff35a9813b0d8da0dc2fc336978581b792e008024092d79ce079650e",,"2025-01-25T12:00:00.000","15","NO CONTROLS","NO CONTROLS","CLEAR","DAYLIGHT","PARKED MOTOR VEHICLE","PARKING LOT",,"STRAIGHT AND LEVEL","DRY","NO DEFECTS","ON SCENE","NO INJURY / DRIVE AWAY",,"Y",,"$500 OR LESS","2025-01-25T12:00:00.000","UNABLE TO DETERMINE","NOT APPLICABLE","7342","W","FOSTER AVE","1613",,,,,,,"2","NO INDICATION OF INJURY","0","0","0","0","0","1","0","12","7","1","41.9745429477","-87.8113468842","POINT (-87.811346884218 41.974542947709)"
"fc6c78550889b3b3f40cce57e359248ed1f0691990211ebd53781a557db9d7a8c2b6802d89af87b045ea6135adf52d07e2f8b04e85fdbbc28708a09e7afd9c9a",,"2025-01-25T11:39:00.000","30","NO CONTROLS","NO CONTROLS","CLEAR","DAYLIGHT","SIDESWIPE OPPOSITE DIRECTION","DIVIDED - W/MEDIAN (NOT RAISED)",,"STRAIGHT AND LEVEL","DRY","UNKNOWN","NOT ON SCENE (DESK REPORT)","NO INJURY / DRIVE AWAY",,,"Y","$501 - $1,500","2025-01-25T12:20:00.000","UNABLE TO DETERMINE","NOT APPLICABLE","7913","S","WESTERN AVE","835",,,,,,,"2","NO INDICATION OF INJURY","0","0","0","0","0","2","0","11","7","1","41.7496835892","-87.6826888136","POINT (-87.682688813623 41.749683589207)"
"f0c8901ac7778acd9605ca257e2ccfc5c487545ee2fa782ef6c5ab35683a2e53953cc18edf38780215ea2d8da83ca1f145f0c7496971847368d1149de822e968",,"2025-01-25T11:30:00.000","30","NO CONTROLS","NO CONTROLS","CLEAR","DAYLIGHT","TURNING","NOT DIVIDED",,"STRAIGHT AND LEVEL","DRY","NO DEFECTS","ON SCENE","INJURY AND / OR TOW DUE TO CRASH",,,,"OVER $1,500","2025-01-25T11:38:00.000","UNABLE TO DETERMINE","UNABLE TO DETERMINE","2545","W","MONTROSE AVE","1911",,,,,,,"2","REPORTED, NOT EVIDENT","2","0","0","0","2","0","0","11","7","1","41.9611754612","-87.6929236562","POINT (-87.692923656186 41.96117546121)"
"1674e4ccbbfc470fed3b0fc40205619654b90fbca19f084480045c8b30159550b80ab58bf9dd2d8144f67f2c38f44ebd280afe0996841691dc3a69dcfb83e0c5",,"2025-01-25T11:23:00.000","30","NO CONTROLS","NO CONTROLS","CLEAR","DAYLIGHT","SIDESWIPE SAME DIRECTION","FOUR WAY",,"STRAIGHT AND LEVEL","DRY","NO DEFECTS","ON SCENE","NO INJURY / DRIVE AWAY","Y",,"Y","OVER $1,500","2025-01-25T12:15:00.000","OPERATING VEHICLE IN ERRATIC, RECKLESS, CARELESS, NEGLIGENT OR AGGRESSIVE MANNER","OPERATING VEHICLE IN ERRATIC, RECKLESS, CARELESS, NEGLIGENT OR AGGRESSIVE MANNER","5859","W","NORTH AVE","2531",,,,,,,"2","NO INDICATION OF INJURY","0","0","0","0","0","2","0","11","7","1","41.9091735787","-87.7731534522","POINT (-87.773153452245 41.909173578717)"
"06babf320e35251f762979fa95ed3b03507c2bbb50a417e8638e191d8f189297e6a51cee71408b2f2986dc2713fe84b6329b372261b9f40ea7a661b18443f9d2",,"2025-01-25T11:20:00.000","30","NO CONTROLS","NO CONTROLS","SNOW","DAYLIGHT","REAR END","NOT DIVIDED",,"STRAIGHT AND LEVEL","SNOW OR SLUSH","UNKNOWN","NOT ON SCENE (DESK REPORT)","NO INJURY / DRIVE AWAY",,,,"OVER $1,500","2025-01-27T13:35:00.000","UNABLE TO DETERMINE","UNABLE TO DETERMINE","2017","N","CALIFORNIA AVE","1431",,,,,,,"3","NO INDICATION OF INJURY","0","0","0","0","0","3","0","11","7","1","41.9180471188","-87.6970693423","POINT (-87.697069342313 41.918047118779)"
"56954f87d30270322a59c6d0131240d4cb3c94aec2aaff79bc7d775b6d4f81ae69451dedbe3b275cfa60c2aaad64e9ae53e153fc3e223c1ad5f975c073949542",,"2025-01-25T11:20:00.000","30","NO CONTROLS","NO CONTROLS","CLEAR","DAYLIGHT","SIDESWIPE SAME DIRECTION","DIVIDED - W/MEDIAN (NOT RAISED)",,"STRAIGHT AND LEVEL","DRY","NO DEFECTS","ON SCENE","INJURY AND / OR TOW DUE TO CRASH",,,,"OVER $1,500","2025-01-25T11:23:00.000","FAILING TO YIELD RIGHT-OF-WAY","IMPROPER LANE USAGE","7603","S","DR MARTIN LUTHER KING JR DR","624","Y","Y",,,,,"2","NO INDICATION OF INJURY","0","0","0","0","0","3","0","11","7","1","41.7564375953","-87.6149323268","POINT (-87.614932326842 41.756437595308)"
"3f5283abe55817fae73d17064d377952d25e1ae5a38b20a7377007632ff7b1eea1c008b886082dcee31c06c8c9ac147fb04968502701b8462191e8c229025dcf",,"2025-01-25T11:15:00.000","25","TRAFFIC SIGNAL","FUNCTIONING PROPERLY","CLEAR","DAYLIGHT","ANGLE","Y-INTERSECTION",,"STRAIGHT AND LEVEL","DRY","NO DEFECTS","ON SCENE","INJURY AND / OR TOW DUE TO CRASH","Y",,,"OVER $1,500","2025-01-25T11:15:00.000","DRIVING SKILLS/KNOWLEDGE/EXPERIENCE","DISREGARDING OTHER TRAFFIC SIGNS","9201","S","EXCHANGE AVE","423",,,,,,,"2","NO INDICATION OF INJURY","0","0","0","0","0","3","0","11","7","1","41.7282088092","-87.5524438058","POINT (-87.552443805809 41.728208809186)"
"bc94a62fba48fecc622f5e976879de90b8001f1748b9185967bd23ba638604fba4bcc8402042374b83e8a26acc750f0f7b714d2dc19f2bd0ef54ba717d315612",,"2025-01-25T11:15:00.000","30","TRAFFIC SIGNAL","FUNCTIONING PROPERLY","CLEAR","DAYLIGHT","REAR END","NOT DIVIDED",,"STRAIGHT AND LEVEL","DRY","NO DEFECTS","NOT ON SCENE (DESK REPORT)","NO INJURY / DRIVE AWAY",,,,"$500 OR LESS","2025-01-25T11:45:00.000","UNABLE TO DETERMINE","UNABLE TO DETERMINE","3800","N","LINCOLN AVE","1922",,,,,,,"2","NO INDICATION OF INJURY","0","0","0","0","0","2","0","11","7","1","41.9505373329","-87.6764073921","POINT (-87.676407392143 41.950537332942)"
"dc75c0949cd6a4162498f3d3f1249e76f4a8879850a4ee01dc6bdc0b9d62d657537f17a807875fe4d84cad5157dd45305759e5f7e3d8bc7c32a6ed4de303fc61",,"2025-01-25T11:10:00.000","30","TRAFFIC SIGNAL","FUNCTIONING PROPERLY","CLEAR","DAYLIGHT","TURNING","FOUR WAY",,"STRAIGHT AND LEVEL","UNKNOWN","UNKNOWN","NOT ON SCENE (DESK REPORT)","NO INJURY / DRIVE AWAY","Y",,,"OVER $1,500","2025-01-25T12:00:00.000","IMPROPER TURNING/NO SIGNAL","IMPROPER TURNING/NO SIGNAL","3098","S","STATE ST","133",,,,,,,"2","NO INDICATION OF INJURY","0","0","0","0","0","2","0","11","7","1","41.8383650076","-87.6269177432","POINT (-87.626917743201 41.838365007623)"