"crash_record_id","crash_date_est_i","crash_date","posted_speed_limit","traffic_control_device","device_condition","weather_condition","lighting_condition","first_crash_type","trafficway_type","lane_cnt","alignment","roadway_surface_cond","road_defect","report_type","crash_type","intersection_related_i","private_property_i","hit_and_run_i","damage","date_police_notified","prim_contributory_cause","sec_contributory_cause","street_no","street_direction","street_name","beat_of_occurrence","photos_taken_i","statements_taken_i","dooring_i","work_zone_i","work_zone_type","workers_present_i","num_units","most_severe_injury","injuries_total","injuries_fatal","injuries_incapacitating","injuries_non_incapacitating","injuries_reported_not_evident","injuries_no_indication","injuries_unknown","crash_hour","crash_day_of_week","crash_month","latitude","longitude","location"
"f50e5cc3f48f930524767d46ed63dfea1d71f0c6c38e4e1e519b4d5c199b16cc0de038dd67660a952777b54ab396bf96922964df5f1bea20b43338f8bf25265a",,"2025-01-25T11:10:00.000","30","STOP SIGN/FLASHER","NO CONTROLS","CLEAR","DAYLIGHT","ANGLE","NOT DIVIDED",,"STRAIGHT AND LEVEL","UNKNOWN","NO DEFECTS","ON SCENE","INJURY AND / OR TOW DUE TO CRASH","Y",,,"OVER $1,500","2025-01-25T11:10:00.000","UNABLE TO DETERMINE","UNABLE TO DETERMINE","7149","W","GRAND AVE","2512",,,,,,,"2","NONINCAPACITATING INJURY","2","0","0","2","0","0","0","11","7","1","41.9236268247","-87.8045221575","POINT (-87.804522157452 41.923626824723)"
"34521543ad785474df9bf343e918cce0205d597232f3c549d9dd95de25c9de3bceb0063114ec058b0e0baf350202845e3518cba7153426d7aa5aa9f65ace8555",,"2025-01-25T11:06:00.000","20","NO CONTROLS","NO CONTROLS","CLEAR","DAYLIGHT","TURNING","NOT DIVIDED",,"STRAIGHT AND LEVEL","WET","NO DEFECTS","ON SCENE","NO INJURY / DRIVE AWAY","Y",,,"$501 - $1,500","2025-01-25T11:07:00.000","FAILING TO YIELD RIGHT-OF-WAY","NOT APPLICABLE","6962","N","GREENVIEW AVE","2431",,,,,,,"2","NO INDICATION OF INJURY","0","0","0","0","0","2","0","11","7","1","42.0085382285","-87.6680331112","POINT (-87.668033111197 42.00853822853)"
"6a1e8d7e611bd799d1fc7f66d533854217eac6e95e28778cab433a85e5017c5d3ffb5633c476cb0fd10f0b31725307d3b42603fdba66dc9a0bfe91195ae798b9",,"2025-01-25T10:59:00.000","30","NO CONTROLS","NO CONTROLS","CLEAR","DAYLIGHT","PEDESTRIAN","DIVIDED - W/MEDIAN (NOT RAISED)",,"STRAIGHT AND LEVEL","DRY","NO DEFECTS","ON SCENE","INJURY AND / OR TOW DUE TO CRASH","Y",,"Y","$500 OR LESS","2025-01-25T10:59:00.000","UNABLE TO DETERMINE","UNABLE TO DETERMINE","2951","W","WILCOX ST","1124",,,,,,,"2","NONINCAPACITATING INJURY","1","0","0","1","0","1","0","10","7","1","41.8790941234","-87.7007234397","POINT (-87.700723439667 41.879094123449)"
"44f98eeed246bcaf68d29c3c72fab4e4bb299de0f3a139e2b81837939d3cd6fb2c1b93ce98bd1ee0ef03fbf2ca9546f6524d95a9d78a971dfdaaf689c0dc9a58",,"2025-01-25T10:45:00.000","30","TRAFFIC SIGNAL","FUNCTIONING PROPERLY","CLEAR","DAYLIGHT","SIDESWIPE SAME DIRECTION","FOUR WAY",,"STRAIGHT AND LEVEL","DRY","NO DEFECTS","ON SCENE","NO INJURY / DRIVE AWAY","Y",,,"$501 - $1,500","2025-01-25T10:47:00.000","IMPROPER TURNING/NO SIGNAL","NOT APPLICABLE","1600","W","CONGRESS PKWY","1231",,,,,,,"2","NO INDICATION OF INJURY","0","0","0","0","0","5","0","10","7","1","41.8752842012","-87.6667549017","POINT (-87.666754901693 41.875284201202)"
"bfedde8119e1f04d8e18fa929573beedc951f394b9c13a9f8b4e97000c3a291489b193c6e2cb9b17d608a64ce5225fc815a82de9ade1dc62e5d462cde33397df",,"2025-01-25T10:45:00.000","30","NO CONTROLS","NO CONTROLS","CLEAR","DAYLIGHT","SIDESWIPE SAME DIRECTION","NOT DIVIDED",,"STRAIGHT AND LEVEL","UNKNOWN","UNKNOWN","NOT ON SCENE (DESK REPORT)","NO INJURY / DRIVE AWAY",,,,"OVER $1,500","2025-01-25T11:15:00.000","UNABLE TO DETERMINE","UNABLE TO DETERMINE","4760","W","MONTROSE AVE","1722",,,,,,,"2","NO INDICATION OF INJURY","0","0","0","0","0","3","0","10","7","1","41.9608329708","-87.7474855619","POINT (-87.747485561937 41.960832970784)"
"99f489721396e8b1dbc6310b4cc0c613c6b0b0be9da1d6b5e23dfc0b8f273f81c25202a170430ed0b8f856355d967cc0548f0f1c8871e1333ac9726e1a7bbe93",,"2025-01-25T10:41:00.000","30","NO CONTROLS","NO CONTROLS","UNKNOWN","DARKNESS, LIGHTED ROAD","HEAD ON","NOT DIVIDED",,"STRAIGHT AND LEVEL","UNKNOWN","NO DEFECTS","ON SCENE","INJURY AND / OR TOW DUE TO CRASH",,,,"OVER $1,500","2025-01-25T22:41:00.000","IMPROPER LANE USAGE","UNABLE TO DETERMINE","1211","N","WESTERN AVE","1424",,,,,,,"2","NONINCAPACITATING INJURY","1","0","0","1","0","1","0","10","7","1","41.9033696086","-87.6868895859","POINT (-87.68688958589 41.903369608569)"
"0dc02eb020cbcceb01d943052102d411a4dbf7e1b66b5b7f2bfe1ca65ba40b2f5522dfbc0d04a6805f99dbf9abf00f2f089dbe5092b9d45c87a90c009e1e929f",,"2025-01-25T10:39:00.000","30","TRAFFIC SIGNAL","FUNCTIONING PROPERLY","CLEAR","DAYLIGHT","TURNING","FOUR WAY",,"STRAIGHT AND LEVEL","DRY","NO DEFECTS","ON SCENE","INJURY AND / OR TOW DUE TO CRASH","Y",,,"OVER $1,500","2025-01-25T10:39:00.000","FAILING TO YIELD RIGHT-OF-WAY","FAILING TO YIELD RIGHT-OF-WAY","4001","W","JACKSON BLVD","1132",,,,,,,"2","NONINCAPACITATING INJURY","2","0","0","2","0","0","0","10","7","1","41.8769759488","-87.7256659372","POINT (-87.725665937245 41.876975948836)"
"9ef5f9e7d0643756e7cc2b3ccbb8ead44d9b3cc30940af8d09d94e804f1cd65c61e4c44eb5f3bb5a31cc54b3b536699771c866c6e248d7bb9b3c8a0fa45fd0e9",,"2025-01-25T10:30:00.000","30","NO CONTROLS","NO CONTROLS","CLEAR","DAYLIGHT","SIDESWIPE SAME DIRECTION","ONE-WAY",,"STRAIGHT AND LEVEL","DRY","NO DEFECTS","NOT ON SCENE (DESK REPORT)","NO INJURY / DRIVE AWAY",,,,"OVER $1,500","2025-01-25T11:30:00.000","FAILING TO YIELD RIGHT-OF-WAY","IMPROPER LANE USAGE","8153","S","MARYLAND AVE","631",,,,,,,"2","NO INDICATION OF INJURY","0","0","0","0","0","2","0","10","7","1","41.7460753603","-87.6036733669","POINT (-87.603673366934 41.7460753603)"
"4bc1996dcb5154667a25b8e4376289a4f972f77a39ac3f96d7ff3bde43fe9744a82df3eeae75be320f55dc64b4eed4e1579d9f7295c1c9d9a349a07011be7f3e",,"2025-01-25T10:26:00.000","25","NO CONTROLS","NO CONTROLS","CLEAR","DAYLIGHT","PARKED MOTOR VEHICLE","ONE-WAY",,"STRAIGHT AND LEVEL","DRY","NO DEFECTS","ON SCENE","NO INJURY / DRIVE AWAY",,,"Y","OVER $1,500","2025-01-25T10:27:00.000","NOT APPLICABLE","NOT APPLICABLE","1252","W","85TH ST","613",,,,,,,"3","NO INDICATION OF INJURY","0","0","0","0","0","1","0","10","7","1","41.7396518347","-87.6555605881","POINT (-87.655560588068 41.739651834701)"
"681513e41a2c8b464c3f734c87957b36d7b575f266be60b4031d8cae68fc3131ce8d284cc5de5abef3be5e3b14dd23b9ce5aab8cfe8cc32fafb8341a451b5cbc",,"2025-01-25T10:25:00.000","30","TRAFFIC SIGNAL","FUNCTIONING PROPERLY","CLEAR","DAYLIGHT","TURNING","NOT DIVIDED",,"STRAIGHT AND LEVEL","DRY","NO DEFECTS",,"INJURY AND / OR TOW DUE TO CRASH",,,,"OVER $1,500","2025-01-25T10:30:00.000","UNABLE TO DETERMINE","NOT APPLICABLE","5170","S","ARCHER AVE","815",,,,,,,"2","NO INDICATION OF INJURY","0","0","0","0","0","6","0","10","7","1","41.8003130261","-87.7331307958","POINT (-87.733130795786 41.800313026059)"
"a2f4dbe7fe6b6e464d6f0586bc894b070dc0123b2a942aa18974f478fccd86c600f3c265fd77e72189888af9ead39b63f7a6f0d364a97857a561d5dbb74c7ed4",,"2025-01-25T10:20:00.000","30","NO CONTROLS","NO CONTROLS","CLEAR","DAYLIGHT","TURNING","DIVIDED - W/MEDIAN (NOT RAISED)",,"STRAIGHT AND LEVEL","DRY","NO DEFECTS","ON SCENE","INJURY AND / OR TOW DUE TO CRASH",,,,"OVER $1,500","2025-01-25T10:22:00.000","FAILING TO YIELD RIGHT-OF-WAY","IMPROPER TURNING/NO SIGNAL","2335","N","DAMEN AVE","1432",,,,,,,"2","NO INDICATION OF INJURY","0","0","0","0","0","2","0","10","7","1","41.9238472567","-87.6776964599","POINT (-87.677696459893 41.92384725667)"
"e2676a337f53015642aedba6731c9ccc0ff9eed6888cad96ade8a8d80adf45feaec2aafa835d9a3fe49e956c9550f89bfc2808d3cd9ee084b39f7b0a55f32165",,"2025-01-25T10:19:00.000","30","NO CONTROLS","NO CONTROLS","CLEAR","DAYLIGHT","SIDESWIPE SAME DIRECTION","NOT DIVIDED",,"STRAIGHT AND LEVEL","DRY","NO DEFECTS","NOT ON SCENE (DESK REPORT)","NO INJURY / DRIVE AWAY",,,"Y","OVER $1,500","2025-01-25T10:30:00.000","IMPROPER OVERTAKING/PASSING","NOT APPLICABLE","7100","S","ELLIS AVE","324",,,,,,,"2","NO INDICATION OF INJURY","0","0","0","0","0","2","0","10","7","1","41.7657547579","-87.6008347559","POINT (-87.600834755854 41.765754757881)"
"f2d87e69343a8bc0e3e568b74d113d8e95873ee9859e814614aa1a93df67be03d89746240b0054ed73595fe0215ab524b92ea5bbb164bc65936500e19b04fb51",,"2025-01-25T10:15:00.000","15","NO CONTROLS","NO CONTROLS","CLEAR","DAYLIGHT","TURNING","NOT DIVIDED",,"STRAIGHT AND LEVEL","DRY","NO DEFECTS","NOT ON SCENE (DESK REPORT)","NO INJURY / DRIVE AWAY",,,,"OVER $1,500","2025-01-25T10:35:00.000","UNABLE TO DETERMINE","UNABLE TO DETERMINE","4810","N","OAKLEY AVE","2031",,,,,,,"2","NO INDICATION OF INJURY","0","0","0","0","0","4","0","10","7","1","41.9690171072","-87.6866312224","POINT (-87.686631222377 41.969017107234)"
"75745b32d8dbc29c89733dbeb2b3d4ad6ab156319d13810245c6ac0714df825cc9e55c07c2c359a32185af67bbfbf0743c28067000c9fb9fd53292925149ba25",,"2025-01-25T10:09:00.000","30","TRAFFIC SIGNAL","UNKNOWN","UNKNOWN","UNKNOWN","SIDESWIPE SAME DIRECTION","NOT DIVIDED",,"STRAIGHT AND LEVEL","UNKNOWN","UNKNOWN","NOT ON SCENE (DESK REPORT)","NO INJURY / DRIVE AWAY",,,,"OVER $1,500","2025-01-27T19:20:00.000","IMPROPER OVERTAKING/PASSING","UNABLE TO DETERMINE","4881","W","GRAND AVE","2533",,,,,,,"2","NO INDICATION OF INJURY","0","0","0","0","0","2","0","10","7","1","41.9149828027","-87.7490099389","POINT (-87.749009938887 41.914982802719)"
"adbad558fe382774f73f085050da6cede39e6b625a1efdf1e83eecba2fbc2159ee97f21a344e598f2aa50ca37e80612cdb12936b7e7005a2b2e110fcb6aa87c3",,"2025-01-25T09:48:00.000","30","STOP SIGN/FLASHER","FUNCTIONING PROPERLY","CLEAR","DAYLIGHT","ANGLE","FOUR WAY",,"STRAIGHT AND LEVEL","DRY","NO DEFECTS","ON SCENE","INJURY AND / OR TOW DUE TO CRASH","Y",,,"OVER $1,500","2025-01-25T09:51:00.000","DISREGARDING STOP SIGN","DISTRACTION - FROM INSIDE VEHICLE","8159","S","ANTHONY AVE","414",,,,,,,"2","REPORTED, NOT EVIDENT","1","0","0","0","1","1","0","9","7","1","41.7466133067","-87.581838712","POINT (-87.581838711989 41.746613306691)"
"24495248a7fc8973e9ad64718331d1836a1291ff7e373e7c94392d9bda3e84261ec3554032505e27dd49e5a07a8fee23f68aff09a04403507c758fd0423cb8ca",,"2025-01-25T09:45:00.000","30","TRAFFIC SIGNAL","FUNCTIONING PROPERLY","CLEAR","DAYLIGHT","ANGLE","FOUR WAY",,"STRAIGHT AND LEVEL","UNKNOWN","UNKNOWN","NOT ON SCENE (DESK REPORT)","NO INJURY / DRIVE AWAY",,,,"OVER $1,500","2025-01-25T15:22:00.000","UNABLE TO DETERMINE","NOT APPLICABLE","7120","N","RIDGE BLVD","2411",,,,,,,"2","NO INDICATION OF INJURY","0","0","0","0","0","2","0","9","7","1","42.0118950737","-87.6830879161","POINT (-87.683087916136 42.011895073747)"
"67705c7db51bae5441a19d36547f7618ef5ba19806a4c3d6f9dbdef62229623cec5c1655b9a47b9ccbbdeb8510e077e5d9e43540ae09c74f1998a7841a82b253",,"2025-01-25T09:30:00.000","30","NO CONTROLS","NO CONTROLS","CLEAR","DAYLIGHT","SIDESWIPE SAME DIRECTION","DIVIDED - W/MEDIAN (NOT RAISED)",,"STRAIGHT AND LEVEL","DRY","NO DEFECTS","NOT ON SCENE (DESK REPORT)","NO INJURY / DRIVE AWAY",,,"Y","OVER $1,500","2025-01-25T16:50:00.000","IMPROPER OVERTAKING/PASSING","NOT APPLICABLE","203","E","GARFIELD BLVD","231",,,,,,,"2","NO INDICATION OF INJURY","0","0","0","0","0","2","0","9","7","1","41.7942869423","-87.6206720841","POINT (-87.620672084123 41.794286942278)"
"fe449d4984c5d74c92f9ccacd0cecaebbeb39a40311742a6b5be1243d42a3616df4df30c6f4685355734436f9a04581ad6eb49f1dd35b82cddb4e2aa6147789c",,"2025-01-25T09:30:00.000","40","TRAFFIC SIGNAL","FUNCTIONING PROPERLY","CLEAR","DAYLIGHT","TURNING","DIVIDED - W/MEDIAN BARRIER",,"STRAIGHT AND LEVEL","OTHER","NO DEFECTS","ON SCENE","NO INJURY / DRIVE AWAY","Y",,,"$501 - $1,500","2025-01-25T09:35:00.000","IMPROPER TURNING/NO SIGNAL","UNABLE TO DETERMINE","5700","S","LAKE SHORE DR","331",,,,,,,"2","NO INDICATION OF INJURY","0","0","0","0","0","3","0","9","7","1","41.7914202821","-87.5801477687","POINT (-87.580147768689 41.791420282098)"
"3cd90cc290812eeae3e6a93e9871f34a3f1e4d59b64c25e5577cfac82005ce7734acc3b0eee6367f1f33ea7e7c65943799970743578e8c23fe83f3462ee0b3ae",,"2025-01-25T09:12:00.000","35","NO CONTROLS","NO CONTROLS","CLEAR","DAYLIGHT","SIDESWIPE SAME DIRECTION","DIVIDED - W/MEDIAN BARRIER",,"STRAIGHT AND LEVEL","DRY","NO DEFECTS","NOT ON SCENE (DESK REPORT)","NO INJURY / DRIVE AWAY",,,,"OVER $1,500","2025-01-25T09:16:00.000","VISION OBSCURED (SIGNS, TREE LIMBS, BUILDINGS, ETC.)","NOT APPLICABLE","5600","S","ASHLAND AVE","715","Y","Y",,,,,"2","NO INDICATION OF INJURY","0","0","0","0","0","2","0","9","7","1","41.7921139204","-87.6646831679","POINT (-87.664683167907 41.792113920404)"
"6e79a969356158bc1b3721f15a405ea7d299fc73239db29b06e69ad316401bd94a1438a0415dee493e9ce259d1ca95219eebb227c8890ba33b1dcdc69131f54b",,"2025-01-25T09:10:00.000","25","NO CONTROLS","NO CONTROLS","CLEAR","DAYLIGHT","SIDESWIPE SAME DIRECTION","ONE-WAY",,"STRAIGHT AND LEVEL","DRY","NO DEFECTS","ON SCENE","NO INJURY / DRIVE AWAY",,,"Y","OVER $1,500","2025-01-25T09:10:00.000","UNABLE TO DETERMINE","UNABLE TO DETERMINE","824","W","CUYLER AVE","1915",,,,,,,"2","NO INDICATION OF INJURY","0","0","0","0","0","2","0","9","7","1","41.9559168668","-87.6507365468","POINT (-87.650736546751 41.955916866845)"
"8935608e67cddfaf1de9ebf33a123c40db700f9904322fa360c636ea23e80a950eee1c0fefad261033898126acddf95ddd74e97efa3b2a6cd094909a5f9a6938",,"2025-01-25T09:01:00.000","30","NO CONTROLS","NO CONTROLS","CLEAR","DAYLIGHT","REAR END","NOT DIVIDED",,"STRAIGHT AND LEVEL","DRY","UNKNOWN","NOT ON SCENE (DESK REPORT)","NO INJURY / DRIVE AWAY",,,,"OVER $1,500","2025-01-25T09:25:00.000","UNABLE TO DETERMINE","UNABLE TO DETERMINE","2432","W","73RD ST","832",,,,,,,"2","NO INDICATION OF INJURY","0","0","0","0","0","2","0","9","7","1","41.7611415237","-87.6844300181","POINT (-87.684430018051 41.761141523728)"
"d7927299597de5b2345fcc29f10d7e4c94d0e8c634706bdd95bb824cc68c328cdc1a91900dbae9bad13876f1a82f4e03df7633d0300429047990a3a5f67a5038",,"2025-01-25T08:55:00.000","30","NO CONTROLS","NO CONTROLS","CLEAR","DAYLIGHT","SIDESWIPE SAME DIRECTION","NOT DIVIDED",,"STRAIGHT AND LEVEL","DRY","NO DEFECTS","NOT ON SCENE (DESK REPORT)","NO INJURY / DRIVE AWAY",,,"Y","$501 - $1,500","2025-01-25T09:15:00.000","IMPROPER OVERTAKING/PASSING","UNABLE TO DETERMINE","9100","S","BURLEY AVE","424",,,,,,,"2","NO INDICATION OF INJURY","0","0","0","0","0","2","0","8","7","1","41.7300438079","-87.5458083701","POINT (-87.545808370134 41.730043807931)"
"6c2d82aee7eda0b635884efff21af9cc5ff079ea907eadbc30e1a2f7e08aa90bd74c81aca2115561a7f15bd1e2c76dde4b6052c4f1ad7eec337dd772f7a101f2",,"2025-01-25T08:53:00.000","30","STOP SIGN/FLASHER","FUNCTIONING PROPERLY","CLEAR","DAYLIGHT","ANGLE","NOT DIVIDED",,"STRAIGHT AND LEVEL","DRY","NO DEFECTS","ON SCENE","NO INJURY / DRIVE AWAY","Y",,,"OVER $1,500","2025-01-25T08:56:00.000","DISREGARDING STOP SIGN","DISREGARDING STOP SIGN","1900","W","AUGUSTA BLVD","1212",,,,,,,"2","NO INDICATION OF INJURY","0","0","0","0","0","2","0","8","7","1","41.8996995713","-87.6747758337","POINT (-87.674775833703 41.899699571262)"
"ba7bc033750018671d2caeef0bf193557f34ed4f78565536f1754ba0f14b5624b5efaa392086d1952c51675ff7425f9a2cf2c8ba5c02414848326237a6a361eb",,"2025-01-25T08:45:00.000","30","NO CONTROLS","NO CONTROLS","CLEAR","DAYLIGHT","REAR END","NOT DIVIDED",,"STRAIGHT AND LEVEL","WET","NO DEFECTS","NOT ON SCENE (DESK REPORT)","NO INJURY / DRIVE AWAY",,,,"OVER $1,500","2025-01-25T09:00:00.000","FOLLOWING TOO CLOSELY","FOLLOWING TOO CLOSELY","3120","S","HALSTED ST","913",,,"N",,,,"2","NO INDICATION OF INJURY","0","0","0","0","0","2","0","8","7","1","41.8373944311","-87.6464077068","POINT (-87.646407706756 41.837394431137)"
"92e32185232c06223df7b7750e2221044655c01a3b6a069aa0ef4fb3b679d57baeeeed601204b7448d6208f076d25e8a3b833672fc2e74b6ec89ec3f9cec7550",,"2025-01-25T08:43:00.000","30","TRAFFIC SIGNAL","FUNCTIONING IMPROPERLY","CLEAR","DAYLIGHT","TURNING","NOT DIVIDED",,"STRAIGHT AND LEVEL","DRY","UNKNOWN","ON SCENE","NO INJURY / DRIVE AWAY",,,,"OVER $1,500","2025-01-25T09:08:00.000","IMPROPER OVERTAKING/PASSING","IMPROPER LANE USAGE","7205","S","CICERO AVE","833",,,,,,,"3","NO INDICATION OF INJURY","0","0","0","0","0","6","0","8","7","1","41.761762348","-87.7416657053","POINT (-87.741665705334 41.761762347951)"
"4fbcce2a8353188a94a982ce037cb270b5b2347cd59b862263be4d1c44b41e924a211b6659327bdbce38e254519922d8841548a3243b1c0b98ad92b80c5509d0",,"2025-01-25T08:40:00.000","30","NO CONTROLS","NO CONTROLS","UNKNOWN","DAYLIGHT","REAR END","FOUR WAY",,"STRAIGHT AND LEVEL","UNKNOWN","NO DEFECTS","NOT ON SCENE (DESK REPORT)","NO INJURY / DRIVE AWAY",,,,"OVER $1,500","2025-01-25T13:50:00.000","UNABLE TO DETERMINE","NOT APPLICABLE","720","W","IRVING PARK RD","1915",,,,,,,"2","NO INDICATION OF INJURY","0","0","0","0","0","2","0","8","7","1","41.9546863977","-87.6488630465","POINT (-87.648863046476 41.954686397676)"
"a6c95f6eff330e931b58e3bd9913022f307d6f4f37a9361cbeab6a2a3e620bb6ac9d21d1e887a31c105c00a38a65ca6c352dac9c43509d3876e0aaf439f71df1",,"2025-01-25T08:40:00.000","25","NO CONTROLS","NO CONTROLS","CLEAR","DAYLIGHT","REAR END","ONE-WAY",,"STRAIGHT AND LEVEL","DRY","NO DEFECTS",,"NO INJURY / DRIVE AWAY",,,"N","OVER $1,500","2025-01-25T18:35:00.000","FAILING TO REDUCE SPEED TO AVOID CRASH","NOT APPLICABLE","5448","S","TALMAN AVE","923",,,,,,,"2","NO INDICATION OF INJURY","0","0","0","0","0","2","0","8","7","1","41.7941303952","-87.6903000324","POINT (-87.690300032392 41.794130395221)"
"b4e47d28b9ae0a0d60c96a89fb6634039ca82ca447176c81e5e9b01f5e9ac9e9424f9462dc60b381e68fd3776c974bc0acb7d90e60a8be6d3db3f78baa183cb4",,"2025-01-25T08:40:00.000","30","NO CONTROLS","NO CONTROLS","CLEAR","DAYLIGHT","ANGLE","NOT DIVIDED",,"STRAIGHT AND LEVEL","DRY","NO DEFECTS","ON SCENE","INJURY AND / OR TOW DUE TO CRASH",,,,"OVER $1,500","2025-01-25T08:40:00.000","NOT APPLICABLE","NOT APPLICABLE","3500","W","72ND PL","831",,,,,,,"2","NONINCAPACITATING INJURY","1","0","0","1","0","1","0","8","7","1","41.7616478796","-87.7101783304","POINT (-87.710178330424 41.761647879582)"
"2fae18a2235131493959268924a308183c765719c9fdf213e81cf8b24279611af2d93c9549992a428b4e7d587ddbd7bbf25cd51575a367ed3e98499fe6b8c8ae",,"2025-01-25T08:35:00.000","30","NO CONTROLS","NO CONTROLS","CLEAR","DAYLIGHT","PARKED MOTOR VEHICLE","ONE-WAY",,"STRAIGHT AND LEVEL","DRY","NO DEFECTS","NOT ON SCENE (DESK REPORT)","NO INJURY / DRIVE AWAY",,,"Y","$501 - $1,500","2025-02-07T08:45:00.000","UNABLE TO DETERMINE","NOT APPLICABLE","2498","N","GENEVA TER","1935",,,,,,,"2","NO INDICATION OF INJURY","0","0","0","0","0","1","0","8","7","1","41.9279639209","-87.6443447968","POINT (-87.644344796817 41.92796392088)"
"79e894ddc32c84410421e0335d142a8579c1c20b0c1fb2736a389cc215016a7caf9dff19b2e54ec88dd0299a05364f1473df79141b9f73feea3d2ace65a02d0a",,"2025-01-25T08:33:00.000","30","NO CONTROLS","NO CONTROLS","CLEAR","DAYLIGHT","SIDESWIPE SAME DIRECTION","DIVIDED - W/MEDIAN BARRIER",,"STRAIGHT AND LEVEL","DRY","UNKNOWN",,"INJURY AND / OR TOW DUE TO CRASH",,,"Y","OVER $1,500","2025-01-25T08:33:00.000","UNABLE TO DETERMINE","FAILING TO REDUCE SPEED TO AVOID CRASH","1918","E","71ST ST","332",,,,,,,"3","INCAPACITATING INJURY","2","0","1","1","0","1","0","8","7","1","41.7663389424","-87.57792917","POINT (-87.577929170014 41.766338942443)"
"c27b5ff266982aaa109db0c479e5bd602ef27868d03dae38d7e52334da56d3229ff1d3357cd2a177195f0432008cdd8a4cc99ecab6adb8991bd8d670483ac54f",,"2025-01-25T08:30:00.000","30","NO CONTROLS","NO CONTROLS","CLEAR","DAYLIGHT","ANIMAL","NOT DIVIDED",,"STRAIGHT AND LEVEL","DRY","NO DEFECTS","NOT ON SCENE (DESK REPORT)","NO INJURY / DRIVE AWAY",,,,"$500 OR LESS","2025-01-25T18:33:00.000","ANIMAL","NOT APPLICABLE","4654","W","51ST ST","815",,,,,,,"1","NO INDICATION OF INJURY","0","0","0","0","0","1","0","8","7","1","41.8004685371","-87.7402834785","POINT (-87.74028347852 41.800468537068)"
"3b7951fbddd45697862f5b3f89afee698c4d10afe8624895868dd887239851086ebc1d7145bf6273dc290930c4ff40d5c3312c38e31ad684abce67fab6025711",,"2025-01-25T07:50:00.000","30","TRAFFIC SIGNAL","FUNCTIONING PROPERLY","CLEAR","DAYLIGHT","REAR END","NOT DIVIDED",,"STRAIGHT AND LEVEL","DRY","NO DEFECTS","NOT ON SCENE (DESK REPORT)","NO INJURY / DRIVE AWAY",,,,"OVER $1,500","2025-01-25T10:25:00.000","UNABLE TO DETERMINE","NOT APPLICABLE","2400","W","CONGRESS PKWY","1135",,,,,,,"2","NO INDICATION OF INJURY","0","0","0","0","0","5","0","7","7","1","41.8751052191","-87.6863070725","POINT (-87.686307072463 41.875105219072)"
"f224030f4319c35da1b75b1355f822fc7f8339f666603be587e93e2ccf70b0d2866a3b01b006dd6d29173525ff2d1bc14c345d114d5b64311491418a37b46163","N","2025-01-25T07:50:00.000","30","STOP SIGN/FLASHER","FUNCTIONING PROPERLY","CLEAR","DAYLIGHT","PARKED MOTOR VEHICLE","DIVIDED - W/MEDIAN (NOT RAISED)",,"STRAIGHT AND LEVEL","UNKNOWN","NO DEFECTS","ON SCENE","NO INJURY / DRIVE AWAY",,,,"OVER $1,500","2025-01-25T09:10:00.000","IMPROPER LANE USAGE","UNABLE TO DETERMINE","10401","S","TORRENCE AVE","434",,,,,,,"2","NO INDICATION OF INJURY","0","0","0","0","0","2","0","7","7","1","41.706308229","-87.5594979563","POINT (-87.559497956329 41.70630822903)"
"71c1569d40c7cad1d603ec6053d6c8cdd731f0d8512285682953f4713692d372e2299833c1fa2a5b0db915c4cce715fee5e5d3ed25d8cc5eb2f84aec5b7de106",,"2025-01-25T07:47:00.000","30","NO CONTROLS","NO CONTROLS","CLEAR","DAYLIGHT","SIDESWIPE SAME DIRECTION","NOT DIVIDED",,"STRAIGHT AND LEVEL","DRY","UNKNOWN","NOT ON SCENE (DESK REPORT)","NO INJURY / DRIVE AWAY",,,,"$501 - $1,500","2025-01-25T09:10:00.000","UNABLE TO DETERMINE","UNABLE TO DETERMINE","2632","W","111TH ST","2212",,,,,,,"2","NO INDICATION OF INJURY","0","0","0","0","0","2","0","7","7","1","41.6918362856","-87.687364482","POINT (-87.687364481974 41.691836285576)"
"843aa344a73e6e401eb04bda07fb2ebec5a6b7845d56ca94c894f60575a57e3b592dae0c95eb7d3286608eaa9174e3ed94e0070c5d42bf8d195d4b5191e63169",,"2025-01-25T07:45:00.000","25","NO CONTROLS","NO CONTROLS","CLEAR","DAYLIGHT","REAR END","ONE-WAY",,"STRAIGHT ON GRADE","DRY","NO DEFECTS","ON SCENE","NO INJURY / DRIVE AWAY",,,,"$501 - $1,500","2025-01-25T07:56:00.000","DRIVING SKILLS/KNOWLEDGE/EXPERIENCE","DRIVING SKILLS/KNOWLEDGE/EXPERIENCE","1702","N","LAKE SHORE DR SB","1814",,,,,,,"3","NO INDICATION OF INJURY","0","0","0","0","0","3","0","7","7","1","41.9130303163","-87.6266432956","POINT (-87.626643295588 41.913030316272)"
"cbd6512ccf1cd4ec39732e1a10a0bfba95a3d689367d000f053435c97768b7c15e0c819a7a6dba1c8b8331fec088de897543e6890eade161ebadfc4903785a3f",,"2025-01-25T07:45:00.000","15","NO CONTROLS","NO CONTROLS","CLEAR","DAYLIGHT","ANGLE","PARKING LOT",,"STRAIGHT AND LEVEL","DRY","NO DEFECTS","ON SCENE","NO INJURY / DRIVE AWAY",,,"Y","$501 - $1,500","2025-01-25T10:50:00.000","FAILING TO YIELD RIGHT-OF-WAY","NOT APPLICABLE","2928","S","ARCHER AVE","913",,,,,,,"2","NO INDICATION OF INJURY","0","0","0","0","0","2","0","7","7","1","41.8413773872","-87.6587848021","POINT (-87.658784802083 41.841377387172)"