"crash_record_id","crash_date_est_i","crash_date","posted_speed_limit","traffic_control_device","device_condition","weather_condition","lighting_condition","first_crash_type","trafficway_type","lane_cnt","alignment","roadway_surface_cond","road_defect","report_type","crash_type","intersection_related_i","private_property_i","hit_and_run_i","damage","date_police_notified","prim_contributory_cause","sec_contributory_cause","street_no","street_direction","street_name","beat_of_occurrence","photos_taken_i","statements_taken_i","dooring_i","work_zone_i","work_zone_type","workers_present_i","num_units","most_severe_injury","injuries_total","injuries_fatal","injuries_incapacitating","injuries_non_incapacitating","injuries_reported_not_evident","injuries_no_indication","injuries_unknown","crash_hour","crash_day_of_week","crash_month","latitude","longitude","location"
"882e35cecc3319a9efb707673a53ae6465bbe46ff8027b7bd7fa2660fc279ce73e3f6eb7e2185080e9db7549120801f5b78452f47a0a46a5fbbb2b74571c1644",,"2025-01-25T07:44:00.000","30","NO CONTROLS","NO CONTROLS","CLEAR","DAYLIGHT","PARKED MOTOR VEHICLE","PARKING LOT",,"STRAIGHT AND LEVEL","WET","NO DEFECTS","ON SCENE","INJURY AND / OR TOW DUE TO CRASH",,,,"OVER $1,500","2025-01-25T07:44:00.000","UNABLE TO DETERMINE","NOT APPLICABLE","6136","S","ASHLAND AVE","714",,,,,,,"2","NO INDICATION OF INJURY","0","0","0","0","0","1","0","7","7","1","41.7820025523","-87.6644272765","POINT (-87.664427276518 41.782002552322)"
"3e1282955550bc15ba07a081fe57e21e46fc3a6e6a85ca944fb72f8143ff274c90a9b8d8f3c3d07d7494a4a0be67b16357473b927b9bcffbae59e083b81889da",,"2025-01-25T07:25:00.000","30","TRAFFIC SIGNAL","FUNCTIONING PROPERLY","CLEAR","DAYLIGHT","REAR END","DIVIDED - W/MEDIAN (NOT RAISED)",,"STRAIGHT AND LEVEL","DRY","NO DEFECTS","ON SCENE","NO INJURY / DRIVE AWAY",,,,"$500 OR LESS","2025-01-25T07:36:00.000","UNABLE TO DETERMINE","UNABLE TO DETERMINE","5459","S","CICERO AVE","815",,,,,,,"2","NO INDICATION OF INJURY","0","0","0","0","0","4","0","7","7","1","41.7931532272","-87.7418933215","POINT (-87.741893321473 41.793153227181)"
"f3df1bd545d101db78a4c884d44e1270584b10f36afee21e2f064dcd9c6df9e617b61cfa367a0081edc511397fc60dc2363d80bce7e1f2e6d53ff77924007394","Y","2025-01-25T07:23:00.000","30","NO CONTROLS","NO CONTROLS","CLEAR","DAYLIGHT","TURNING","NOT DIVIDED",,"STRAIGHT AND LEVEL","DRY","NO DEFECTS","ON SCENE","NO INJURY / DRIVE AWAY",,,,"OVER $1,500","2025-01-25T07:28:00.000","IMPROPER TURNING/NO SIGNAL","NOT APPLICABLE","3807","W","ADDISON ST","1732",,,,,,,"2","NO INDICATION OF INJURY","0","0","0","0","0","4","0","7","7","1","41.9463246664","-87.7228144064","POINT (-87.722814406393 41.946324666385)"
"2614f5c0f370f75521c2116fc194bf6cad21fccc611ed30d769919c811a946d03b53ca1de157fb195d424009686c1e15d8b74d6e9629ca01f6a21c012b8cc80d",,"2025-01-25T07:00:00.000","10","NO CONTROLS","NO CONTROLS","CLEAR","DAYLIGHT","FIXED OBJECT","PARKING LOT",,"CURVE, LEVEL","DRY","UNKNOWN","NOT ON SCENE (DESK REPORT)","NO INJURY / DRIVE AWAY",,"Y",,"OVER $1,500","2025-01-25T15:45:00.000","IMPROPER TURNING/NO SIGNAL","FAILING TO REDUCE SPEED TO AVOID CRASH","150","E","HURON ST","1834",,,,,,,"1","NO INDICATION OF INJURY","0","0","0","0","0","1","0","7","7","1","41.8950607857","-87.6235075091","POINT (-87.623507509116 41.895060785681)"
"e5e573c4d2cd26c28b32144f3a5dfc874515aee1af34d81b0ab6781e31ac7770f47353cc4204be3629195fbe9811ae1fa506cf4b14054debaab3f8b35b21c748",,"2025-01-25T06:57:00.000","30","NO CONTROLS","NO CONTROLS","CLEAR","DAYLIGHT","ANGLE","NOT DIVIDED",,"STRAIGHT AND LEVEL","DRY","NO DEFECTS","NOT ON SCENE (DESK REPORT)","NO INJURY / DRIVE AWAY",,,"Y","OVER $1,500","2025-01-25T16:07:00.000","NOT APPLICABLE","NOT APPLICABLE","250","S","LOWER WACKER DR","122",,,,,,,"2","NO INDICATION OF INJURY","0","0","0","0","0","2","0","6","7","1","41.8781048973","-87.6371000473","POINT (-87.637100047308 41.87810489727)"
"55afaaa65432e921b9b4bb087b0e14eccc3965c5818e1ae7f6a0e022663772de7e9a28e95583c871bd7d820bf49def7bca5e8718c9ea3dd229c2759d022b5140",,"2025-01-25T06:48:00.000","35","TRAFFIC SIGNAL","FUNCTIONING PROPERLY","CLEAR","DAYLIGHT","TURNING","NOT DIVIDED",,"STRAIGHT AND LEVEL","DRY","NO DEFECTS","ON SCENE","INJURY AND / OR TOW DUE TO CRASH",,,,"OVER $1,500","2025-01-25T07:00:00.000","EQUIPMENT - VEHICLE CONDITION","DRIVING SKILLS/KNOWLEDGE/EXPERIENCE","2800","W","59TH ST","824",,"Y",,,,,"2","NO INDICATION OF INJURY","0","0","0","0","0","2","0","6","7","1","41.7865154573","-87.6936604229","POINT (-87.69366042292 41.78651545733)"
"ecfb7205b12c5c381214e6dd8123b074dc74b63143f2cff5f7d7f2afa6b4d5b8378e11bb1f021e2c2d75993731ab9d264ef2e568b6ee3518ba8438babe0428f9",,"2025-01-25T06:47:00.000","30","TRAFFIC SIGNAL","FUNCTIONING PROPERLY","CLEAR","DAWN","ANGLE","OTHER",,"STRAIGHT AND LEVEL","DRY","NO DEFECTS","ON SCENE","INJURY AND / OR TOW DUE TO CRASH",,,,"$501 - $1,500","2025-01-25T07:12:00.000","DISREGARDING TRAFFIC SIGNALS","DISREGARDING TRAFFIC SIGNALS","4700","W","FOSTER AVE","1712",,,,,,,"2","REPORTED, NOT EVIDENT","1","0","0","0","1","1","0","6","7","1","41.9754800311","-87.7456834442","POINT (-87.745683444237 41.975480031133)"
"a60c55408f3ef6bc595782a478ca16feb716b72ba96a0c39364bfbaef2294f2ee7041d0cc041c9b573e4ab62e640a50847fc43ac138b5724eb71ebf6ef5acb24",,"2025-01-25T06:45:00.000","35","NO CONTROLS","NO CONTROLS","CLEAR","DAWN","PARKED MOTOR VEHICLE","NOT DIVIDED",,"STRAIGHT AND LEVEL","UNKNOWN","UNKNOWN","NOT ON SCENE (DESK REPORT)","NO INJURY / DRIVE AWAY","Y","N","Y","OVER $1,500","2025-02-01T13:50:00.000","UNABLE TO DETERMINE","NOT APPLICABLE","2928","S","ARCHER AVE","913",,,,,,,"2","NO INDICATION OF INJURY","0","0","0","0","0","1","0","6","7","1","41.8413773872","-87.6587848021","POINT (-87.658784802083 41.841377387172)"
"b52d997025b00755bec65c794007ed098d7905a0537535caee4492d3c79d15e0c09f9a37ed31a18b9480e914864cbcba183e7df463fc8ea4a91d3148ae818baf",,"2025-01-25T06:35:00.000","30","NO CONTROLS","NO CONTROLS","CLEAR","DAYLIGHT","PARKED MOTOR VEHICLE","ONE-WAY",,"STRAIGHT AND LEVEL","DRY","NO DEFECTS","ON SCENE","NO INJURY / DRIVE AWAY",,,,"OVER $1,500","2025-01-25T06:35:00.000","UNABLE TO DETERMINE","UNABLE TO DETERMINE","6236","S","SACRAMENTO AVE","823",,,,,,,"2","NO INDICATION OF INJURY","0","0","0","0","0","1","0","6","7","1","41.7797539912","-87.6984317935","POINT (-87.698431793498 41.779753991165)"
"d7131caa43d9619811b288877d39eadc77ec18527e9c6ca8e42cf5e5409e506419e324f4dd549f1384a454abb88daf3fdac39d09f8382c235c25bffb8b0ef94d",,"2025-01-25T06:30:00.000","30","NO CONTROLS","NO CONTROLS","CLEAR","DAWN","TURNING","ALLEY",,"STRAIGHT AND LEVEL","DRY","NO DEFECTS","NOT ON SCENE (DESK REPORT)","NO INJURY / DRIVE AWAY",,,,"OVER $1,500","2025-01-25T07:00:00.000","UNABLE TO DETERMINE","UNABLE TO DETERMINE","4750","N","CLARENDON AVE","1914",,,,,,,"2","NO INDICATION OF INJURY","0","0","0","0","0","2","0","6","7","1","41.9688578969","-87.6502585863","POINT (-87.650258586261 41.968857896927)"
"28517a222dbbac89d787b011375c448043df1546086959c0230248307adf6abd56c174debb9066c501e33a910e17af40a7198201db0525d91772e1fd329d1da2",,"2025-01-25T05:26:00.000","30","TRAFFIC SIGNAL","FUNCTIONING IMPROPERLY","CLEAR","DARKNESS, LIGHTED ROAD","TURNING","DIVIDED - W/MEDIAN (NOT RAISED)",,"STRAIGHT AND LEVEL","DRY","UNKNOWN","ON SCENE","INJURY AND / OR TOW DUE TO CRASH","Y",,,"OVER $1,500","2025-01-25T05:26:00.000","FAILING TO YIELD RIGHT-OF-WAY","UNABLE TO DETERMINE","13000","S","INDIANA AVE","533",,,,,,,"2","NONINCAPACITATING INJURY","3","0","0","2","1","1","0","5","7","1","41.6590092158","-87.6174479065","POINT (-87.617447906473 41.659009215787)"
"15142488f037a693445a0426059847d161444f7aa4c269ba21c408d8b319d897210b9781a4b50b7e7f7d1fadf946886c7ed509059afdbfe3319885c5d3587962",,"2025-01-25T04:54:00.000","30","TRAFFIC SIGNAL","FUNCTIONING PROPERLY","CLEAR","DARKNESS, LIGHTED ROAD","REAR END","NOT DIVIDED",,"STRAIGHT AND LEVEL","DRY","NO DEFECTS","ON SCENE","NO INJURY / DRIVE AWAY","Y",,"Y","OVER $1,500","2025-01-25T05:13:00.000","IMPROPER OVERTAKING/PASSING","IMPROPER OVERTAKING/PASSING","3101","S","DAMEN AVE","912",,,,,,,"2","NO INDICATION OF INJURY","0","0","0","0","0","2","0","4","7","1","41.837583715","-87.6752970652","POINT (-87.675297065207 41.837583715003)"
"f3a386db13c388275751f0f7ebd0388095559256c58b9efebd7b49793068e39e1348b4eb683244bd519bab65cb3e508546acfe07413beccd1b6793ea13a6a8a1",,"2025-01-25T04:01:00.000","10","NO CONTROLS","NO CONTROLS","CLEAR","DARKNESS, LIGHTED ROAD","PARKED MOTOR VEHICLE","PARKING LOT",,"STRAIGHT AND LEVEL","DRY","UNKNOWN","ON SCENE","NO INJURY / DRIVE AWAY",,,"Y","OVER $1,500","2025-01-25T04:07:00.000","DRIVING SKILLS/KNOWLEDGE/EXPERIENCE","OPERATING VEHICLE IN ERRATIC, RECKLESS, CARELESS, NEGLIGENT OR AGGRESSIVE MANNER","2059","N","PULASKI RD","2525",,,,,,,"2","NO INDICATION OF INJURY","0","0","0","0","0","1","0","4","7","1","41.9189500509","-87.7264668577","POINT (-87.72646685774 41.918950050892)"
"74d82bc8334c083d64cc9e8b64e7e237dd563c49f12e59ffa6a3b67620873b00984f882fb16bb66935717304db195709eb4f6da3efa0df276cb89f49629419c9",,"2025-01-25T04:00:00.000","30","NO CONTROLS","NO CONTROLS","CLEAR","DARKNESS, LIGHTED ROAD","FIXED OBJECT","ONE-WAY",,"STRAIGHT AND LEVEL","DRY","NO DEFECTS","ON SCENE","INJURY AND / OR TOW DUE TO CRASH",,,,"OVER $1,500","2025-01-25T04:15:00.000","PHYSICAL CONDITION OF DRIVER","NOT APPLICABLE","1832","S","LAKE SHORE DR SB","132",,,,,,,"1","REPORTED, NOT EVIDENT","1","0","0","0","1","0","0","4","7","1","41.8570282556","-87.6164527905","POINT (-87.61645279054 41.857028255565)"
"a286ccf3a9540e6c3bf5c758249a38a181c93a16f49ec8fdcdd676eed3b3cf3d990e3fe4ff2444c025586a50401e6fa18001540a7b9bcb0d5df9efd991ed9800",,"2025-01-25T03:56:00.000","30","TRAFFIC SIGNAL","FUNCTIONING PROPERLY","CLEAR","DARKNESS, LIGHTED ROAD","REAR END","ONE-WAY",,"STRAIGHT AND LEVEL","UNKNOWN","NO DEFECTS",,"NO INJURY / DRIVE AWAY",,,"Y","OVER $1,500","2025-01-26T01:10:00.000","DISREGARDING TRAFFIC SIGNALS","IMPROPER TURNING/NO SIGNAL","299","W","ONTARIO ST","1831",,,,,,,"2","NO INDICATION OF INJURY","0","0","0","0","0","4","0","3","7","1","41.8930584297","-87.6355376908","POINT (-87.635537690767 41.893058429733)"
"388a07d05f0a050a84d952a7bb7c0a51f244a5b00252ecc9790ebfbbfbe1f4412a59cc8ba22fe83bafe78d89b81fc4eab8f6a1815bde774d49997912e099d40f",,"2025-01-25T03:45:00.000","30","TRAFFIC SIGNAL","FUNCTIONING PROPERLY","CLEAR","DARKNESS, LIGHTED ROAD","REAR END","NOT DIVIDED",,"STRAIGHT AND LEVEL","DRY","UNKNOWN","ON SCENE","INJURY AND / OR TOW DUE TO CRASH",,,,"OVER $1,500","2025-01-25T03:45:00.000","UNABLE TO DETERMINE","NOT APPLICABLE","26","W","MARQUETTE RD","722",,,,,,,"2","REPORTED, NOT EVIDENT","3","0","0","0","3","1","0","3","7","1","41.772806858","-87.626323163","POINT (-87.626323163035 41.772806857952)"
"0b495aefc40d385ef5f027bb7f3692e4ae100191ef4d1e73d705dbe6b69200ec5efb6ea4ea470e34693ef56d518acdaf307fda17e54e7fdbd902c2d13ef20f96",,"2025-01-25T03:41:00.000","30","NO CONTROLS","NO CONTROLS","CLEAR","DARKNESS, LIGHTED ROAD","HEAD ON","NOT DIVIDED",,"STRAIGHT AND LEVEL","DRY","NO DEFECTS","ON SCENE","INJURY AND / OR TOW DUE TO CRASH",,,"Y","OVER $1,500","2025-01-25T03:46:00.000","UNABLE TO DETERMINE","UNABLE TO DETERMINE","5117","W","GRAND AVE","2533",,,,,,,"3","NONINCAPACITATING INJURY","2","0","0","1","1","2","0","3","7","1","41.9167334708","-87.7535823822","POINT (-87.753582382201 41.916733470835)"
"b4731be975e7b5ee74b8d487afad5ad45a0b7d87d6bad19c6d72333861e02e3ace0221a7f83a6574abc9d4638d35bcaa4b1c00b5456e57727b24b8b05faa7e4a",,"2025-01-25T03:05:00.000","30","NO CONTROLS","NO CONTROLS","CLEAR","DARKNESS, LIGHTED ROAD","REAR END","DIVIDED - W/MEDIAN (NOT RAISED)",,"STRAIGHT AND LEVEL","DRY","NO DEFECTS","NOT ON SCENE (DESK REPORT)","NO INJURY / DRIVE AWAY",,,,"OVER $1,500","2025-01-25T21:30:00.000","FOLLOWING TOO CLOSELY","NOT APPLICABLE","6924","W","NORTH AVE","2513",,,,,,,"2","NO INDICATION OF INJURY","0","0","0","0","0","2","0","3","7","1","41.9090897228","-87.7982380742","POINT (-87.798238074192 41.909089722764)"
"035d59a09ea7369038090e14d99f82330242a4ee7ef437c27ca41f0038cba6fd0f355aa64b06a6dd371bd123279f68ca36f0ea087658a731cc8f342fba05b25e",,"2025-01-25T03:00:00.000","30","OTHER REG. SIGN","FUNCTIONING PROPERLY","CLEAR","DARKNESS, LIGHTED ROAD","SIDESWIPE SAME DIRECTION","DIVIDED - W/MEDIAN (NOT RAISED)",,"STRAIGHT AND LEVEL","DRY","NO DEFECTS","NOT ON SCENE (DESK REPORT)","NO INJURY / DRIVE AWAY",,,,"$501 - $1,500","2025-01-26T12:25:00.000","IMPROPER OVERTAKING/PASSING","FAILING TO YIELD RIGHT-OF-WAY","6938","W","NORTH AVE","2513",,,,,,,"2","NO INDICATION OF INJURY","0","0","0","0","0","2","0","3","7","1","41.9090824026","-87.7987867435","POINT (-87.798786743498 41.909082402582)"
"3c5648c9dd07603b1ba0989217649f5372f73ce4414004291b736e69fccbf67c64909109708e348bf16fe59a4a905cac92cea87ce776437c88b9beadb8a18e79",,"2025-01-25T03:00:00.000","25","STOP SIGN/FLASHER","FUNCTIONING PROPERLY","CLEAR","DARKNESS, LIGHTED ROAD","PEDESTRIAN","NOT DIVIDED",,"STRAIGHT AND LEVEL","DRY","NO DEFECTS","ON SCENE","NO INJURY / DRIVE AWAY",,,"Y","$500 OR LESS","2025-01-25T03:15:00.000","NOT APPLICABLE","NOT APPLICABLE","151","N","PEORIA ST","1224",,,,,,,"2","NO INDICATION OF INJURY","0","0","0","0","0","2","0","3","7","1","41.8845391653","-87.6496294742","POINT (-87.649629474155 41.884539165324)"
"aea32966c461521b442ec1daac19dea45f90a38132b97f193147e2464549c4e2e1f986e1684dfac4cac231bb40e91ca54ea0f51935da25223b0182ded43a56fd",,"2025-01-25T03:00:00.000","25","STOP SIGN/FLASHER","FUNCTIONING PROPERLY","CLEAR","DARKNESS, LIGHTED ROAD","PARKED MOTOR VEHICLE","ONE-WAY",,"STRAIGHT AND LEVEL","DRY","UNKNOWN","ON SCENE","NO INJURY / DRIVE AWAY",,,"Y","OVER $1,500","2025-01-25T15:00:00.000","UNABLE TO DETERMINE","UNABLE TO DETERMINE","3732","W","15TH ST","1011",,,,,,,"2","NO INDICATION OF INJURY","0","0","0","0","0","1","0","3","7","1","41.8608726869","-87.7188589953","POINT (-87.718858995275 41.860872686902)"
"f0effc8f60941d8cd480e03b151e540d7be3db78cbf1a3398b2c47743b0ff786dadabdcc5bddf59379a92862805d690461071bf46bb0e9c139181ea64f649e8b",,"2025-01-25T03:00:00.000","0","NO CONTROLS","NO CONTROLS","CLEAR","DARKNESS, LIGHTED ROAD","OTHER NONCOLLISION","OTHER",,"STRAIGHT AND LEVEL","DRY","NO DEFECTS","ON SCENE","NO INJURY / DRIVE AWAY",,,,"$500 OR LESS","2025-01-25T03:08:00.000","NOT APPLICABLE","NOT APPLICABLE","1200","W","WILSON AVE","1913",,"Y",,,,,"1","NO INDICATION OF INJURY","0","0","0","0","0","1","0","3","7","1","41.9654754532","-87.6597015615","POINT (-87.659701561519 41.965475453158)"
"d2e321158db83263287d3caaa2acc4e123597cb804eae749ab210352e4863b1f28507965c699228885d6835b416cd6b3dfbcfee590a1f6645922965a328876a1",,"2025-01-25T02:50:00.000","20","STOP SIGN/FLASHER","FUNCTIONING PROPERLY","CLEAR","DARKNESS, LIGHTED ROAD","ANGLE","T-INTERSECTION",,"STRAIGHT AND LEVEL","DRY","NO DEFECTS","ON SCENE","INJURY AND / OR TOW DUE TO CRASH",,,,"$501 - $1,500","2025-01-25T02:53:00.000","UNDER THE INFLUENCE OF ALCOHOL/DRUGS (USE WHEN ARREST IS EFFECTED)","DISREGARDING STOP SIGN","729","W","WASHINGTON BLVD","1224",,,,,,,"2","INCAPACITATING INJURY","1","0","1","0","0","3","0","2","7","1","41.8830415655","-87.6468014219","POINT (-87.646801421883 41.883041565515)"
"6878931c8dfc65ef6fce074b34e972db5492eb6480857daf3fd963720f46c3f3b04749eb78d7d247282071b147853e058878ae7ca56f90c360365b7f54d4f217",,"2025-01-25T02:40:00.000","30","TRAFFIC SIGNAL","FUNCTIONING PROPERLY","CLEAR","DARKNESS","ANGLE","FOUR WAY",,"STRAIGHT AND LEVEL","DRY","NO DEFECTS",,"NO INJURY / DRIVE AWAY",,,,"OVER $1,500","2025-01-25T02:40:00.000","DISREGARDING TRAFFIC SIGNALS","NOT APPLICABLE","43","E","GARFIELD BLVD","225",,,,,,,"2","NO INDICATION OF INJURY","0","0","0","0","0","2","0","2","7","1","41.7942246722","-87.6241571191","POINT (-87.624157119078 41.794224672173)"
"046cb4f5539f7acc7f5690cdc22c33d6211e40a090e7a4f01a4bb95dfb0bf4497450c9473f210a5ec041e08ad9f949e478f49842fc3f4667b737e786469cc3d4",,"2025-01-25T02:34:00.000","30","STOP SIGN/FLASHER","NO CONTROLS","CLEAR","DARKNESS, LIGHTED ROAD","FIXED OBJECT","NOT DIVIDED",,"STRAIGHT AND LEVEL","DRY","NO DEFECTS","ON SCENE","NO INJURY / DRIVE AWAY",,,,"$500 OR LESS","2025-01-25T02:34:00.000","UNDER THE INFLUENCE OF ALCOHOL/DRUGS (USE WHEN ARREST IS EFFECTED)","UNDER THE INFLUENCE OF ALCOHOL/DRUGS (USE WHEN ARREST IS EFFECTED)","1235","W","MARQUETTE RD","724",,,,,,,"1","NO INDICATION OF INJURY","0","0","0","0","0","1","0","2","7","1","41.7722041345","-87.6556652037","POINT (-87.655665203732 41.772204134521)"
"18fd012786bf7c6ef627440afee5e157f5397e41a9e99df87d66cb16c152f9292be88f63fa669f1686ea3af00f8d940775f87b8cf3097523ba56061ebdf914fd","N","2025-01-25T02:30:00.000","15","NO CONTROLS","NO CONTROLS","CLEAR","DARKNESS, LIGHTED ROAD","REAR END","ALLEY",,"STRAIGHT AND LEVEL","SNOW OR SLUSH","UNKNOWN","NOT ON SCENE (DESK REPORT)","NO INJURY / DRIVE AWAY",,,,"OVER $1,500","2025-01-25T03:20:00.000","UNABLE TO DETERMINE","UNABLE TO DETERMINE","6241","N","BROADWAY","2433",,,,,,,"2","NO INDICATION OF INJURY","0","0","0","0","0","2","0","2","7","1","41.995776977","-87.6602950531","POINT (-87.660295053059 41.995776976972)"
"120d0e29fc84bc130736ee62336215dae87fedbeb1281fc1280d6168ac87b8eed3811c7827e432aadb12e40c852aa69dd2391ca36f524086ffdf1393bfb5d711",,"2025-01-25T02:09:00.000","30","OTHER","OTHER","OTHER","DARKNESS, LIGHTED ROAD","PARKED MOTOR VEHICLE","OTHER",,"STRAIGHT AND LEVEL","DRY","NO DEFECTS","ON SCENE","NO INJURY / DRIVE AWAY",,"Y",,"$501 - $1,500","2025-01-25T03:00:00.000","NOT APPLICABLE","NOT APPLICABLE","5656","S","MARYLAND AVE","235",,,,,,,"2","NO INDICATION OF INJURY","0","0","0","0","0","5","0","2","7","1","41.7914975336","-87.6050870213","POINT (-87.605087021288 41.791497533624)"
"6a2e6fa82ef2a00573b5e587c7cfbb6d1ca9ae196394ae39e93f138759061385b77cad0d7c8a27303aea773f7ce9fa17afb79e420d86db04ddaf7ff24758d397",,"2025-01-25T02:00:00.000","30","NO CONTROLS","NO CONTROLS","CLEAR","DAYLIGHT","PARKED MOTOR VEHICLE","ONE-WAY",,"STRAIGHT AND LEVEL","UNKNOWN","UNKNOWN","ON SCENE","NO INJURY / DRIVE AWAY",,,"N","OVER $1,500","2025-01-25T07:40:00.000","UNABLE TO DETERMINE","UNABLE TO DETERMINE","5257","S","PARKSIDE AVE","811",,,,,,,"3","NO INDICATION OF INJURY","0","0","0","0","0","2","0","2","7","1","41.7965562837","-87.7634961344","POINT (-87.763496134411 41.796556283689)"
"9ab3809b21ecf4d314ca2bb38fae8bd8cb7ee755f3612c97602c9adb552305cb9cac6fc1113c162f2f574e07706f7587736fa832a278e7bd410431d3d6d2a366",,"2025-01-25T02:00:00.000","15","NO CONTROLS","NO CONTROLS","CLEAR","DARKNESS, LIGHTED ROAD","PARKED MOTOR VEHICLE","PARKING LOT",,"STRAIGHT AND LEVEL","DRY","NO DEFECTS","ON SCENE","INJURY AND / OR TOW DUE TO CRASH",,,"Y","OVER $1,500","2025-01-25T07:08:00.000","FAILING TO REDUCE SPEED TO AVOID CRASH","UNABLE TO DETERMINE","1155","N","LARAMIE AVE","1531",,,,,,,"3","NO INDICATION OF INJURY","0","0","0","0","0","1","0","2","7","1","41.9020462666","-87.7556220091","POINT (-87.75562200913 41.902046266593)"
"65f506ca89e9597bef8afe3d368331e7b27e3f2401a9d7115c97a33a33968383c1f1fa1e7d51bf38479638ff81eedcb23bcc3aa78b569880720a7ac4d8f07c87",,"2025-01-25T01:58:00.000","30","STOP SIGN/FLASHER","FUNCTIONING PROPERLY","CLEAR","DARKNESS, LIGHTED ROAD","TURNING","DIVIDED - W/MEDIAN (NOT RAISED)",,"STRAIGHT AND LEVEL","SNOW OR SLUSH","UNKNOWN","ON SCENE","INJURY AND / OR TOW DUE TO CRASH","Y",,"Y","OVER $1,500","2025-01-25T01:59:00.000","FAILING TO YIELD RIGHT-OF-WAY","NOT APPLICABLE","2222","S","DAMEN AVE","1034",,,,,,,"2","NO INDICATION OF INJURY","0","0","0","0","0","3","0","1","7","1","41.851437522","-87.6759643718","POINT (-87.675964371768 41.851437521981)"
"66ec77468669ec2946b75a90bcbbcb450a08f6c61e6cef72b5f4c672e39fdab61f22f00389e1e959fb37ff193ba625d8a92a05e822bddacc2cc1fd670c391735",,"2025-01-25T01:45:00.000","30","NO CONTROLS","NO CONTROLS","CLEAR","DARKNESS, LIGHTED ROAD","PARKED MOTOR VEHICLE","OTHER",,"STRAIGHT AND LEVEL","DRY","NO DEFECTS","ON SCENE","INJURY AND / OR TOW DUE TO CRASH",,,,"OVER $1,500","2025-01-25T01:47:00.000","UNDER THE INFLUENCE OF ALCOHOL/DRUGS (USE WHEN ARREST IS EFFECTED)","UNDER THE INFLUENCE OF ALCOHOL/DRUGS (USE WHEN ARREST IS EFFECTED)","7936","S","PAXTON AVE","414",,,,,,,"3","NO INDICATION OF INJURY","0","0","0","0","0","1","0","1","7","1","41.7505616702","-87.5712333538","POINT (-87.571233353786 41.750561670224)"
"452557c67a31d50551c2381ef9fac9697cdd1cea6c31b8bd555af84c6a7642aaa192ec808c369be9cdcada2175a07f58d14bd4f2ab88ab156bee9b26823e56a5",,"2025-01-25T01:40:00.000","30","NO CONTROLS","UNKNOWN","CLEAR","DARKNESS, LIGHTED ROAD","SIDESWIPE SAME DIRECTION","DIVIDED - W/MEDIAN (NOT RAISED)",,"STRAIGHT AND LEVEL","DRY","UNKNOWN","ON SCENE","NO INJURY / DRIVE AWAY",,,"Y","OVER $1,500","2025-01-25T01:42:00.000","UNABLE TO DETERMINE","NOT APPLICABLE","4738","S","PULASKI RD","815",,,,,,,"4","NO INDICATION OF INJURY","0","0","0","0","0","3","0","1","7","1","41.8067015693","-87.7236963429","POINT (-87.723696342936 41.806701569267)"
"dc48eccaabd22aa7634a21b0550818ccd42ccecf6a90c326218c6c8e01d8f946b8d65d2a44eed21885ff99d3a75a941e9da6485fbad140855f663d19d07434c4",,"2025-01-25T01:40:00.000","30","NO CONTROLS","NO CONTROLS","UNKNOWN","UNKNOWN","PARKED MOTOR VEHICLE","NOT DIVIDED",,"STRAIGHT AND LEVEL","UNKNOWN","NO DEFECTS","ON SCENE","INJURY AND / OR TOW DUE TO CRASH",,,"Y","OVER $1,500","2025-01-25T01:53:00.000","UNABLE TO DETERMINE","UNABLE TO DETERMINE","13112","S","ST LAWRENCE AVE","533",,,,,,,"2","NO INDICATION OF INJURY","0","0","0","0","0","1","0","1","7","1","41.6569108301","-87.6077113512","POINT (-87.607711351236 41.656910830053)"
"b64bb0ee6c0b992e9faf4dbff79b911ffb891f949ee910204b31af3a2497592eafad76d2e679ac92d1c015a7823685bc2e350d6b3ba9b121b954fef69989f7b7",,"2025-01-25T01:38:00.000","30","NO CONTROLS","NO CONTROLS","CLEAR","DARKNESS, LIGHTED ROAD","PARKED MOTOR VEHICLE","NOT DIVIDED",,"STRAIGHT AND LEVEL","DRY","NO DEFECTS","ON SCENE","INJURY AND / OR TOW DUE TO CRASH",,,,"OVER $1,500","2025-01-25T01:38:00.000","FAILING TO REDUCE SPEED TO AVOID CRASH","DRIVING SKILLS/KNOWLEDGE/EXPERIENCE","1605","W","108TH PL","2212",,,,,,,"2","NO INDICATION OF INJURY","0","0","0","0","0","5","0","1","7","1","41.6965662111","-87.6622163432","POINT (-87.662216343226 41.696566211079)"
"a3c6f38519d7d80f6bb913ecb4d80a6e885b73fc6f6aef13c39025061d3c05bf7f7cb4319f2b60b76bd2605cc8b67ef7e0d859f18a4360b02bbcfb2116a87bc4",,"2025-01-25T01:36:00.000","30","UNKNOWN","UNKNOWN","CLEAR","DARKNESS, LIGHTED ROAD","PARKED MOTOR VEHICLE","NOT DIVIDED",,"STRAIGHT AND LEVEL","SNOW OR SLUSH","NO DEFECTS","ON SCENE","INJURY AND / OR TOW DUE TO CRASH",,,"Y","OVER $1,500","2025-01-25T01:36:00.000","UNABLE TO DETERMINE","UNABLE TO DETERMINE","6208","W","GRAND AVE","2512",,,,,,,"2","NO INDICATION OF INJURY","0","0","0","0","0","3","0","1","7","1","41.9216405375","-87.7808690879","POINT (-87.780869087862 41.921640537495)"
"c8022a4ee89f962590e020adcaa5220ae525b94017473e0b8037898adead4fbb4368614408da5d5bff6687f2f6246ab6674f38d3809caaddb3838c1f0fbc9b0e",,"2025-01-25T01:26:00.000","30","TRAFFIC SIGNAL","FUNCTIONING PROPERLY","CLEAR","DARKNESS, LIGHTED ROAD","ANGLE","FOUR WAY",,"STRAIGHT AND LEVEL","DRY","UNKNOWN","ON SCENE","INJURY AND / OR TOW DUE TO CRASH","Y",,,"OVER $1,500","2025-01-25T01:26:00.000","DISREGARDING TRAFFIC SIGNALS","UNABLE TO DETERMINE","1601","W","CORTLAND ST","1433",,,,,,,"2","NO INDICATION OF INJURY","0","0","0","0","0","5","0","1","7","1","41.9160167354","-87.6678107527","POINT (-87.667810752746 41.916016735358)"