"crash_record_id","crash_date_est_i","crash_date","posted_speed_limit","traffic_control_device","device_condition","weather_condition","lighting_condition","first_crash_type","trafficway_type","lane_cnt","alignment","roadway_surface_cond","road_defect","report_type","crash_type","intersection_related_i","private_property_i","hit_and_run_i","damage","date_police_notified","prim_contributory_cause","sec_contributory_cause","street_no","street_direction","street_name","beat_of_occurrence","photos_taken_i","statements_taken_i","dooring_i","work_zone_i","work_zone_type","workers_present_i","num_units","most_severe_injury","injuries_total","injuries_fatal","injuries_incapacitating","injuries_non_incapacitating","injuries_reported_not_evident","injuries_no_indication","injuries_unknown","crash_hour","crash_day_of_week","crash_month","latitude","longitude","location"
"531bbb05ca5570b0073ca8e7fe875b09648429a6a1d842bb9d1bce1c6d7316d9a9be04709e4a33d40197fba791b836f09a3e4ef7c02513f56987cd5505926047",,"2025-01-25T01:15:00.000","30","NO CONTROLS","NO CONTROLS","CLEAR","DARKNESS, LIGHTED ROAD","TURNING","NOT DIVIDED",,"STRAIGHT AND LEVEL","DRY","NO DEFECTS","ON SCENE","NO INJURY / DRIVE AWAY",,,,"$501 - $1,500","2025-01-25T01:18:00.000","UNABLE TO DETERMINE","FAILING TO YIELD RIGHT-OF-WAY","3924","S","ASHLAND AVE","924",,,,,,,"2","NO INDICATION OF INJURY","0","0","0","0","0","2","0","1","7","1","41.8223296504","-87.6656620671","POINT (-87.665662067081 41.822329650422)"
"b767903db12e43c1e3d705372b233ed332acd332cb05794cfcb62d59ce835034be77315fe0882ea21d7403513444b3914c68017996793940c18ef2724c5c86ba",,"2025-01-25T01:04:00.000","30","TRAFFIC SIGNAL","FUNCTIONING PROPERLY","CLEAR","DARKNESS, LIGHTED ROAD","REAR END","NOT DIVIDED",,"STRAIGHT AND LEVEL","DRY","NO DEFECTS","ON SCENE","NO INJURY / DRIVE AWAY",,,,"OVER $1,500","2025-01-25T01:04:00.000","FOLLOWING TOO CLOSELY","NOT APPLICABLE","3401","W","IRVING PARK RD","1732",,"N",,,,,"2","NO INDICATION OF INJURY","0","0","0","0","0","2","0","1","7","1","41.9537461868","-87.7129631256","POINT (-87.712963125642 41.953746186808)"
"00650a020ed03d3e621b21f4c83376b12c9b6702c17bcc2a1286de4a6e9dd488f339a99543b5e6e5d7fc4382a8ca42531c026e8db46067388a41a74f5f6f8d4e",,"2025-01-25T01:00:00.000","30","NO CONTROLS","NO CONTROLS","CLEAR","DARKNESS, LIGHTED ROAD","PARKED MOTOR VEHICLE","NOT DIVIDED",,"STRAIGHT AND LEVEL","WET","NO DEFECTS","NOT ON SCENE (DESK REPORT)","NO INJURY / DRIVE AWAY",,,"Y","OVER $1,500","2025-01-25T14:00:00.000","IMPROPER OVERTAKING/PASSING","UNABLE TO DETERMINE","5200","W","PENSACOLA AVE","1624",,,,,,,"2","NO INDICATION OF INJURY","0","0","0","0","0","1","0","1","7","1","41.9597979312","-87.7574807719","POINT (-87.757480771918 41.959797931195)"
"925e1ffa23bcdba297db3edceeeb215ade44a766255b24ffdecee1d3244f9b7c973fff4c39c5932687c2e66943c7c6fb335ac599144e7720b1bd984487b703f9",,"2025-01-25T01:00:00.000","15","NO CONTROLS","NO CONTROLS","CLEAR","DARKNESS, LIGHTED ROAD","PARKED MOTOR VEHICLE","ONE-WAY",,"STRAIGHT AND LEVEL","DRY","NO DEFECTS","NOT ON SCENE (DESK REPORT)","NO INJURY / DRIVE AWAY",,,"Y","$501 - $1,500","2025-01-25T08:10:00.000","UNABLE TO DETERMINE","NOT APPLICABLE","7707","S","WOLCOTT AVE","611",,,,,,,"2","NO INDICATION OF INJURY","0","0","0","0","0","1","0","1","7","1","41.7536467114","-87.6706547978","POINT (-87.670654797757 41.753646711388)"
"981cc43054aab1c555475fc4b17eb51cf072d356dec3b7c4ba82fffa9ce60797420194f70c422cbcc7c14a48b296053db147ad81eb951be6db02d1aa4b9c9575",,"2025-01-25T01:00:00.000","30","NO CONTROLS","NO CONTROLS","CLEAR","DARKNESS, LIGHTED ROAD","PARKED MOTOR VEHICLE","ONE-WAY",,"STRAIGHT AND LEVEL","WET","NO DEFECTS","NOT ON SCENE (DESK REPORT)","NO INJURY / DRIVE AWAY",,,"Y","OVER $1,500","2025-01-25T18:00:00.000","OPERATING VEHICLE IN ERRATIC, RECKLESS, CARELESS, NEGLIGENT OR AGGRESSIVE MANNER","UNABLE TO DETERMINE","5855","N","MELVINA AVE","1622",,,,,,,"2","NO INDICATION OF INJURY","0","0","0","0","0","1","0","1","7","1","41.9880757037","-87.7826404099","POINT (-87.782640409947 41.988075703697)"
"d3db40366176a30d8f642139f5c7724df74de466960f4bef336e91c50f6d5d4f6cdf76817ae02b1494a36e38c2586f1682676c22b9d9d3e08df671385a7dd9a0",,"2025-01-25T01:00:00.000","30","NO CONTROLS","NO CONTROLS","CLEAR","DARKNESS, LIGHTED ROAD","ANGLE","NOT DIVIDED",,"STRAIGHT AND LEVEL","DRY","NO DEFECTS","NOT ON SCENE (DESK REPORT)","NO INJURY / DRIVE AWAY",,,,"OVER $1,500","2025-01-25T11:15:00.000","UNABLE TO DETERMINE","NOT APPLICABLE","3728","W","ARTHINGTON ST","1133",,,,,,,"2","NO INDICATION OF INJURY","0","0","0","0","0","2","0","1","7","1","41.8700031964","-87.7192227052","POINT (-87.719222705155 41.870003196358)"
"86384f591b0ea25c5117373ea57c94aecc7a7f4c37acd26277f52eb47ecb088522722b5d4325b0e83d89a2e959cb9a0a0385b35b5234de3ab8d94883a47432d7",,"2025-01-25T00:55:00.000","30","NO CONTROLS","NO CONTROLS","CLEAR","DARKNESS, LIGHTED ROAD","ANGLE","NOT DIVIDED",,"STRAIGHT AND LEVEL","DRY","NO DEFECTS","ON SCENE","INJURY AND / OR TOW DUE TO CRASH",,,"Y","OVER $1,500","2025-01-25T01:08:00.000","FAILING TO YIELD RIGHT-OF-WAY","NOT APPLICABLE","500","E","76TH ST","624",,,,,,,"2","REPORTED, NOT EVIDENT","1","0","0","0","1","1","0","0","7","1","41.7567368138","-87.6125762568","POINT (-87.612576256772 41.756736813788)"
"4294e5c6f043004833a79340f21ea42c616b0d42c09641d6ea89dffe28944c7ecd03420b437f2917350c24be4cd398a76717ec81987bb17a18fc21dbddd7409b",,"2025-01-25T00:38:00.000","30","NO CONTROLS","NO CONTROLS","CLEAR","DARKNESS, LIGHTED ROAD","PARKED MOTOR VEHICLE","PARKING LOT",,"STRAIGHT AND LEVEL","DRY","UNKNOWN","ON SCENE","NO INJURY / DRIVE AWAY",,"Y","Y","OVER $1,500","2025-01-25T00:40:00.000","UNABLE TO DETERMINE","NOT APPLICABLE","9029","S","WESTERN AVE","2221",,,,,,,"3","NO INDICATION OF INJURY","0","0","0","0","0","1","0","0","7","1","41.7291778372","-87.682171517","POINT (-87.682171517035 41.729177837225)"
"07416c54ee19b47bea28644e3a02b8a5bd883b176cb97efba5bac66c4461116ca93302039334e868cfe999a0bafa238942d58e8fadca1d259623db6084963f8f",,"2025-01-25T00:30:00.000","30","TRAFFIC SIGNAL","UNKNOWN","CLEAR","DARKNESS, LIGHTED ROAD","TURNING","FOUR WAY",,"STRAIGHT AND LEVEL","DRY","UNKNOWN","ON SCENE","INJURY AND / OR TOW DUE TO CRASH","Y",,,"OVER $1,500","2025-01-25T00:32:00.000","FAILING TO YIELD RIGHT-OF-WAY","FAILING TO YIELD RIGHT-OF-WAY","1200","N","MILWAUKEE AVE","1424",,,,,,,"2","NONINCAPACITATING INJURY","4","0","0","4","0","3","0","0","7","1","41.9033078036","-87.6666320884","POINT (-87.666632088377 41.903307803577)"
"27cdd4ae44685b5bc803191be0dedec13720c087ffe6f60c89c1488cb6acba345dc48806f3d012f92c5b76299f4d8e7d73e53e93722dadfe73dc8da6b00090e9","Y","2025-01-25T00:27:00.000","30","STOP SIGN/FLASHER","FUNCTIONING PROPERLY","CLEAR","DARKNESS, LIGHTED ROAD","HEAD ON","FOUR WAY",,"STRAIGHT AND LEVEL","DRY","UNKNOWN","ON SCENE","NO INJURY / DRIVE AWAY","Y",,"Y","OVER $1,500","2025-01-25T00:29:00.000","IMPROPER OVERTAKING/PASSING","DRIVING ON WRONG SIDE/WRONG WAY","3499","N","HALSTED ST","1925",,,,,,,"2","NO INDICATION OF INJURY","0","0","0","0","0","3","0","0","7","1","41.9454177043","-87.6492811425","POINT (-87.649281142459 41.945417704313)"
"37be9e418d8a9699541d3d4b0ad987fb9555512ee9356e2f7e8935efb876bfcab13408f07e5bff788271b36ecb831114f633804e9771e3218124966b1a47b5a9",,"2025-01-25T00:22:00.000","30","NO CONTROLS","NO CONTROLS","CLEAR","DARKNESS","REAR TO FRONT","DIVIDED - W/MEDIAN BARRIER",,"STRAIGHT AND LEVEL","DRY","NO DEFECTS","ON SCENE","NO INJURY / DRIVE AWAY",,,,"OVER $1,500","2025-01-25T00:37:00.000","FAILING TO REDUCE SPEED TO AVOID CRASH","FAILING TO REDUCE SPEED TO AVOID CRASH","448","N","LA SALLE DR","1831",,,,,,,"2","NO INDICATION OF INJURY","0","0","0","0","0","2","0","0","7","1","41.8906895076","-87.6327040721","POINT (-87.632704072126 41.890689507583)"
"ec234c26e90820c76cffe59e5b8a3c20c4d855a2bfb3c5a33a4861112bdb0bbb6a7b50c715010dfa1b351c829178e225df3c3142c2aeb3a9fefafd995de67609","Y","2025-01-25T00:20:00.000","30","NO CONTROLS","NO CONTROLS","CLEAR","DARKNESS, LIGHTED ROAD","FIXED OBJECT","CENTER TURN LANE",,"CURVE, LEVEL","DRY","NO DEFECTS","ON SCENE","INJURY AND / OR TOW DUE TO CRASH",,,,"OVER $1,500","2025-01-25T00:28:00.000","UNABLE TO DETERMINE","NOT APPLICABLE","8399","S","BIRKHOFF AVE","622",,,,,,,"1","NONINCAPACITATING INJURY","1","0","0","1","0","1","0","0","7","1","41.7418118967","-87.6391278804","POINT (-87.639127880414 41.741811896682)"
"d44b67d5fb865dfa732e458ab423deda113955bcdc63236a55120e6a7bb21478fbd067466f57ec58a70281edb6a9d6ef3ef635151348c293c4944f2716a2ca49",,"2025-01-25T00:12:00.000","30","NO CONTROLS","NO CONTROLS","CLEAR","DARKNESS, LIGHTED ROAD","SIDESWIPE SAME DIRECTION","OTHER",,"STRAIGHT AND LEVEL","DRY","NO DEFECTS","ON SCENE","INJURY AND / OR TOW DUE TO CRASH",,,"Y","OVER $1,500","2025-01-25T00:12:00.000","IMPROPER OVERTAKING/PASSING","NOT APPLICABLE","3222","S","MICHIGAN AVE","211",,,,,,,"3","NO INDICATION OF INJURY","0","0","0","0","0","2","0","0","7","1","41.8357678605","-87.6235071192","POINT (-87.623507119193 41.835767860473)"
"d3684432048ff1b02545a80d5c4cf69f643eb7ad636730e45a664c9c21c208e937717b668d3898b362c27a9989f4e63deab7aac76baca2687712cf54d806b98f",,"2025-01-25T00:09:00.000","30","NO CONTROLS","NO CONTROLS","CLEAR","DARKNESS, LIGHTED ROAD","SIDESWIPE SAME DIRECTION","NOT DIVIDED",,"STRAIGHT AND LEVEL","DRY","NO DEFECTS","NOT ON SCENE (DESK REPORT)","NO INJURY / DRIVE AWAY",,,"Y","OVER $1,500","2025-01-28T14:27:00.000","NOT APPLICABLE","NOT APPLICABLE","3100","S","WESTERN BLVD","911",,,,,,,"2","NO INDICATION OF INJURY","0","0","0","0","0","2","0","0","7","1","41.8377352155","-87.6853575093","POINT (-87.685357509332 41.837735215539)"
"bd33077d5d06433d0fa4ff8050e5cfc8c2283d9c930039eeec8cda1f135faf189459d20e93a257c7d67f766ef6857a127067fb7c203690c498476f5ab620a3a6",,"2025-01-25T00:08:00.000","15","UNKNOWN","UNKNOWN","CLEAR","DARKNESS, LIGHTED ROAD","PARKED MOTOR VEHICLE","ALLEY",,"STRAIGHT AND LEVEL","DRY","NO DEFECTS","NOT ON SCENE (DESK REPORT)","INJURY AND / OR TOW DUE TO CRASH",,,"Y","OVER $1,500","2025-01-25T01:08:00.000","UNABLE TO DETERMINE","NOT APPLICABLE","4715","W","RACE AVE","1111",,,,,,,"2","NO INDICATION OF INJURY","0","0","0","0","0","1","0","0","7","1","41.8903988531","-87.7438464399","POINT (-87.743846439892 41.89039885311)"
"ee034352a7311f62e7c03415a3e39b9ef3827088dade9a4cee7f3415a8ac5ce47dd8613b9e9258bf5ddda17f61be1afb8c2537dc050895c14fd5a1df29c225b7",,"2025-01-25T00:05:00.000","20","NO CONTROLS","NO CONTROLS","CLEAR","DARKNESS","PARKED MOTOR VEHICLE","NOT DIVIDED",,"STRAIGHT AND LEVEL","DRY","NO DEFECTS","NOT ON SCENE (DESK REPORT)","NO INJURY / DRIVE AWAY",,,"Y","OVER $1,500","2025-01-25T09:00:00.000","UNABLE TO DETERMINE","UNABLE TO DETERMINE","849","W","FLETCHER ST","1933","N",,,,,,"2","NO INDICATION OF INJURY","0","0","0","0","0","1","0","0","7","1","41.9388814862","-87.6511117598","POINT (-87.651111759795 41.938881486184)"
"0cd713ba88c69c108aa5e149804fecead4c5b3fc05723fcb5db96fca42c77d8cea05f88e2ad4d3e010ca3a6b946dded2bff3c8f24794b4daf1fbdd4bdb510b91",,"2025-01-24T23:51:00.000","25","NO CONTROLS","NO CONTROLS","CLEAR","DARKNESS, LIGHTED ROAD","PARKED MOTOR VEHICLE","NOT DIVIDED",,"STRAIGHT AND LEVEL","DRY","NO DEFECTS","NOT ON SCENE (DESK REPORT)","NO INJURY / DRIVE AWAY",,,,"OVER $1,500","2025-01-25T15:00:00.000","DRIVING SKILLS/KNOWLEDGE/EXPERIENCE","NOT APPLICABLE","3640","W","66TH PL","833",,,,,,,"2","NO INDICATION OF INJURY","0","0","0","0","0","3","0","23","6","1","41.772518934","-87.7143974098","POINT (-87.714397409818 41.772518934026)"
"c558b5e48f6bd57c1c856d93f9ab4bc79cb84e690159de861d30fbd1f95e8e4e7ed85f76e5fa4ab8dfb47962dded85e6c5b5724bb8d65fa705984e6c0347ef0e",,"2025-01-24T23:44:00.000","30","NO CONTROLS","NO CONTROLS","CLEAR","DARKNESS, LIGHTED ROAD","FIXED OBJECT","DIVIDED - W/MEDIAN BARRIER",,"STRAIGHT AND LEVEL","DRY","UNKNOWN","ON SCENE","INJURY AND / OR TOW DUE TO CRASH",,,,"OVER $1,500","2025-01-24T23:44:00.000","DRIVING ON WRONG SIDE/WRONG WAY","FAILING TO REDUCE SPEED TO AVOID CRASH","703","S","HALSTED ST","1232",,,,,,,"1","NONINCAPACITATING INJURY","1","0","0","1","0","0","0","23","6","1","41.873360399","-87.6469379497","POINT (-87.646937949734 41.87336039903)"
"1a4bc6e151a66fccc9464bc67ec21ec076742b97a97aa5ec19d36c8345f7a0504a2d7661b68353e0c088475d1568750c0b8c45754b0226c4196b406ac2946d08",,"2025-01-24T23:35:00.000","30","NO CONTROLS","NO CONTROLS","CLEAR","DARKNESS, LIGHTED ROAD","PEDALCYCLIST","OTHER",,"STRAIGHT AND LEVEL","DRY","NO DEFECTS","ON SCENE","INJURY AND / OR TOW DUE TO CRASH","Y",,,"$500 OR LESS","2025-01-24T23:39:00.000","FAILING TO REDUCE SPEED TO AVOID CRASH","NOT APPLICABLE","131","S","DEARBORN ST","112",,,,,,,"2","NONINCAPACITATING INJURY","1","0","0","1","0","1","0","23","6","1","41.8798854403","-87.6292115948","POINT (-87.629211594803 41.879885440301)"
"e8940aab37406ac9c4dd5c28b84fce45756e827cb775705c0f57f4dfea3cdc883b1edc09c02c6159580a5f9e12556405f0adb9a7a9dc992bc6cf9a91327b1ad0",,"2025-01-24T23:25:00.000","30","NO CONTROLS","NO CONTROLS","CLEAR","DAYLIGHT","SIDESWIPE SAME DIRECTION","NOT DIVIDED",,"STRAIGHT AND LEVEL","DRY","NO DEFECTS","NOT ON SCENE (DESK REPORT)","NO INJURY / DRIVE AWAY",,,,"$501 - $1,500","2025-01-28T13:30:00.000","IMPROPER OVERTAKING/PASSING","NOT APPLICABLE","6431","N","SHERIDAN RD","2432",,,,,,,"2","NO INDICATION OF INJURY","0","0","0","0","0","2","0","23","6","1","41.9991374459","-87.6605158397","POINT (-87.660515839663 41.999137445899)"
"1dcab3e7249277565e6f837b5880b5348f8ff10f73cf8bd8a59a7ec39457f783e5545279dcc82731d84e4a6e1b73c706c2c2a026f8f8c6232ed0b3b5a11ea445",,"2025-01-24T23:15:00.000","45","TRAFFIC SIGNAL","FUNCTIONING PROPERLY","UNKNOWN","DARKNESS","REAR END","DIVIDED - W/MEDIAN (NOT RAISED)",,"STRAIGHT AND LEVEL","UNKNOWN","UNKNOWN","NOT ON SCENE (DESK REPORT)","NO INJURY / DRIVE AWAY","N",,"Y","OVER $1,500","2025-01-25T10:40:00.000","FOLLOWING TOO CLOSELY","FOLLOWING TOO CLOSELY","850","N","LAKE SHORE DR","1833",,,,,,,"2","NO INDICATION OF INJURY","0","0","0","0","0","2","0","23","6","1","41.8981058529","-87.6180972157","POINT (-87.618097215676 41.898105852915)"
"4ecb9491f9acf43202b046dad2a7e1b4e3708a35ab5f2075ba6de6730af4a28b8607fa93f1cc40e9d337b3781560b5f57a88809711274899bd9f12c4404663c9",,"2025-01-24T23:00:00.000","30","NO CONTROLS","NO CONTROLS","CLEAR","DARKNESS","REAR END","DIVIDED - W/MEDIAN (NOT RAISED)",,"STRAIGHT AND LEVEL","DRY","NO DEFECTS","NOT ON SCENE (DESK REPORT)","NO INJURY / DRIVE AWAY",,,,"OVER $1,500","2025-01-25T12:35:00.000","DRIVING SKILLS/KNOWLEDGE/EXPERIENCE","UNABLE TO DETERMINE","3923","N","CICERO AVE","1731",,,,,,,"2","NO INDICATION OF INJURY","0","0","0","0","0","2","0","23","6","1","41.9522569166","-87.7471379972","POINT (-87.747137997174 41.952256916637)"
"635d10831b418197e0c2162ea0a8bc8b98abc4720514cba037bf620a4c9627667c10f1b1740b2bb69aa8495c002323c5fe032dc8e89854f7b9ee00b1e9f4e577",,"2025-01-24T23:00:00.000","30","TRAFFIC SIGNAL","FUNCTIONING PROPERLY","CLEAR","DARKNESS, LIGHTED ROAD","TURNING","DIVIDED - W/MEDIAN (NOT RAISED)",,"STRAIGHT AND LEVEL","DRY","NO DEFECTS","NOT ON SCENE (DESK REPORT)","INJURY AND / OR TOW DUE TO CRASH",,,,"OVER $1,500","2025-01-25T00:35:00.000","FAILING TO YIELD RIGHT-OF-WAY","VISION OBSCURED (SIGNS, TREE LIMBS, BUILDINGS, ETC.)","2816","N","CALIFORNIA AVE","1411",,,,,,,"2","NO INDICATION OF INJURY","0","0","0","0","0","2","0","23","6","1","41.9326518996","-87.6977769996","POINT (-87.697776999622 41.93265189961)"
"621f1462b10ca3e9ab91c891bda21cbc520ca71de766f4e29964a4850eb1947d7ff3191aa5badbd9fd7f8763ff0c61d0388dc9c8d4d55ea7f0efd0244e3c2ad1",,"2025-01-24T22:56:00.000","30","OTHER REG. SIGN","FUNCTIONING PROPERLY","CLEAR","DARKNESS, LIGHTED ROAD","SIDESWIPE SAME DIRECTION","ONE-WAY",,"STRAIGHT AND LEVEL","DRY","NO DEFECTS","ON SCENE","NO INJURY / DRIVE AWAY",,,,"OVER $1,500","2025-01-24T22:56:00.000","FAILING TO YIELD RIGHT-OF-WAY","FAILING TO REDUCE SPEED TO AVOID CRASH","1941","W","JACKSON BLVD","1225",,,,"Y","UTILITY",,"2","NO INDICATION OF INJURY","0","0","0","0","0","2","0","22","6","1","41.8773669057","-87.6757381176","POINT (-87.675738117644 41.877366905747)"
"8e2a41bd5938b18cbbde607bebcb79def868ca4b99cd1399bffc58e5d617dca3bcd9695f15aae0bbbbb4154bbd90993231a576e0c0557fc0d1c9fa2ce739761a",,"2025-01-24T22:55:00.000","30","TRAFFIC SIGNAL","FUNCTIONING PROPERLY","SNOW","DARKNESS, LIGHTED ROAD","TURNING","DIVIDED - W/MEDIAN (NOT RAISED)",,"STRAIGHT AND LEVEL","SNOW OR SLUSH","NO DEFECTS","NOT ON SCENE (DESK REPORT)","NO INJURY / DRIVE AWAY","Y",,,"OVER $1,500","2025-01-24T23:30:00.000","FAILING TO YIELD RIGHT-OF-WAY","FAILING TO REDUCE SPEED TO AVOID CRASH","4800","N","BROADWAY","2033",,,,,,,"2","NO INDICATION OF INJURY","0","0","0","0","0","2","0","22","6","1","41.9690833191","-87.6598194536","POINT (-87.659819453616 41.969083319146)"
"69a9eab92779fbcd91adc2cf75d765703bbc72a7af0d55221c3b35e07d326b5aa334d7e8b473eb7f75b186af6a9ae60a2d049a116b0a310d355a7e78f9152b8e",,"2025-01-24T22:53:00.000","30","TRAFFIC SIGNAL","UNKNOWN","CLEAR","DARKNESS, LIGHTED ROAD","SIDESWIPE SAME DIRECTION","DIVIDED - W/MEDIAN (NOT RAISED)",,"STRAIGHT AND LEVEL","DRY","UNKNOWN",,"NO INJURY / DRIVE AWAY",,,,"OVER $1,500","2025-01-24T22:55:00.000","IMPROPER OVERTAKING/PASSING","NOT APPLICABLE","3900","W","63RD ST","823",,,,,,,"2","NO INDICATION OF INJURY","0","0","0","0","0","4","0","22","6","1","41.7788035284","-87.7204329846","POINT (-87.720432984625 41.778803528412)"
"c5527a3beb9e48ad643e1e7f4746933b70aef44c0f6da934bf2253fffcb12f1b45ee3250332d742f6f8dc098b21b523f5696b6ca057107aaac7fe52898f58c01",,"2025-01-24T22:49:00.000","30","TRAFFIC SIGNAL","UNKNOWN","CLEAR","DARKNESS, LIGHTED ROAD","ANGLE","FOUR WAY",,"STRAIGHT AND LEVEL","DRY","NO DEFECTS","ON SCENE","INJURY AND / OR TOW DUE TO CRASH","Y",,,"OVER $1,500","2025-01-24T22:51:00.000","DISREGARDING TRAFFIC SIGNALS","DISREGARDING TRAFFIC SIGNALS","1600","W","PERSHING RD","912",,,,,,,"2","NONINCAPACITATING INJURY","1","0","0","1","0","2","0","22","6","1","41.8232567625","-87.6657086103","POINT (-87.665708610309 41.823256762476)"
"7ea199856671e98a9d51b0fcd1b6ebd7416758eed71a2c0f647c40f1b2d4c92fbbd6c5159f586ebb7f25ab0b06581708e690243ef2b54ef44f5da1c22ecef721",,"2025-01-24T22:43:00.000","30","NO CONTROLS","NO CONTROLS","CLEAR","DARKNESS, LIGHTED ROAD","TURNING","NOT DIVIDED",,"STRAIGHT AND LEVEL","DRY","NO DEFECTS","NOT ON SCENE (DESK REPORT)","NO INJURY / DRIVE AWAY","Y",,,"$501 - $1,500","2025-01-25T10:20:00.000","IMPROPER TURNING/NO SIGNAL","NOT APPLICABLE","1336","W","79TH ST","612",,,,,,,"2","NO INDICATION OF INJURY","0","0","0","0","0","2","0","22","6","1","41.7505602349","-87.6569325145","POINT (-87.656932514498 41.75056023492)"
"676d521f5d49352ba74204928a20e1ef0a182e94ddc2d94e68dfcdceb3c3dc4157f33aae7d0a5c7169d35ebb43458ee0a31f3ea4bbb102d7184e85eaf6979ca3",,"2025-01-24T22:24:00.000","30","NO CONTROLS","NO CONTROLS","CLEAR","DARKNESS, LIGHTED ROAD","FIXED OBJECT","DIVIDED - W/MEDIAN BARRIER",,"STRAIGHT AND LEVEL","ICE","UNKNOWN","ON SCENE","INJURY AND / OR TOW DUE TO CRASH",,,,"OVER $1,500","2025-01-24T22:41:00.000","UNABLE TO DETERMINE","UNABLE TO DETERMINE","11627","S","WESTERN AVE","2212",,,,,,,"1","NO INDICATION OF INJURY","0","0","0","0","0","1","0","22","6","1","41.6815753175","-87.6806896652","POINT (-87.680689665162 41.681575317499)"
"98d253c133b57a67c11318cdfb32bdd09cfd2c3f1dc91909454782bad069b66965a01d719c9b3fd4fc2fde5c0c9ba3b85e90bcbe5de350e81a229960e670df40",,"2025-01-24T22:09:00.000","30","TRAFFIC SIGNAL","FUNCTIONING PROPERLY","CLEAR","DARKNESS, LIGHTED ROAD","REAR END","FOUR WAY",,"STRAIGHT AND LEVEL","UNKNOWN","UNKNOWN","NOT ON SCENE (DESK REPORT)","NO INJURY / DRIVE AWAY","Y",,,"$501 - $1,500","2025-01-24T22:15:00.000","FOLLOWING TOO CLOSELY","NOT APPLICABLE","1405","W","51ST ST","934",,,,,,,"2","NO INDICATION OF INJURY","0","0","0","0","0","2","0","22","6","1","41.8012707876","-87.6601576281","POINT (-87.660157628145 41.801270787631)"
"36dfbd7434218a671296c1919b13523275b6dc54f1f6481fefc353640a8fb374d57cd83d659972f9a35d88aed3261123de9502e03a739ad076922dd30a13df76",,"2025-01-24T22:00:00.000","30","TRAFFIC SIGNAL","NO CONTROLS","CLEAR","DARKNESS","REAR END","DIVIDED - W/MEDIAN BARRIER",,"STRAIGHT AND LEVEL","DRY","NO DEFECTS","NOT ON SCENE (DESK REPORT)","NO INJURY / DRIVE AWAY",,,"Y","OVER $1,500","2025-01-25T17:00:00.000","FAILING TO YIELD RIGHT-OF-WAY","NOT APPLICABLE","1200","S","ASHLAND AVE","1233",,,,,,,"2","NO INDICATION OF INJURY","0","0","0","0","0","2","0","22","6","1","41.8668157843","-87.6665292629","POINT (-87.666529262922 41.86681578431)"
"8f74c4d7262f9ada826ae14e1ca2a17610e5cc761ec7719033cc6820a0f89e708fa613094d82a2e35a1e63443b9c2e52c6319fc60b7fb9a22bfb9a87d2e3e9d5",,"2025-01-24T22:00:00.000","30","UNKNOWN","UNKNOWN","UNKNOWN","DARKNESS, LIGHTED ROAD","FIXED OBJECT","NOT DIVIDED",,"STRAIGHT AND LEVEL","UNKNOWN","UNKNOWN","NOT ON SCENE (DESK REPORT)","NO INJURY / DRIVE AWAY",,,,"OVER $1,500","2025-01-28T15:00:00.000","UNABLE TO DETERMINE","UNABLE TO DETERMINE","208","N","HAMLIN BLVD","1122",,,,,,,"1","NO INDICATION OF INJURY","0","0","0","0","0","1","0","22","6","1","41.8833136254","-87.7210149551","POINT (-87.721014955067 41.88331362536)"
"93cb0b80883344ad6169fbcc4ed1f8e60baf0ff46bab90a8935dcda6a2f7c07d5312b369c37227198ed58ec417551c9aafc9c09177e49202bfd1b49b4883f9e7",,"2025-01-24T22:00:00.000","30","NO CONTROLS","NO CONTROLS","CLEAR","DARKNESS, LIGHTED ROAD","PARKED MOTOR VEHICLE","NOT DIVIDED",,"STRAIGHT AND LEVEL","DRY","NO DEFECTS",,"NO INJURY / DRIVE AWAY",,,"Y","OVER $1,500","2025-01-24T22:19:00.000","UNABLE TO DETERMINE","NOT APPLICABLE","8621","S","RACINE AVE","613",,,,,,,"2","NO INDICATION OF INJURY","0","0","0","0","0","1","0","22","6","1","41.7371012875","-87.653227958","POINT (-87.653227958024 41.737101287523)"
"9c69c6075921fa1025afc5b68fbcc059d129164cc6daff4a31ee08eff85d10abe03aa43b97b67c51650b4820daad4211a100efcdac0aa1f5bf22db64680065e4",,"2025-01-24T21:45:00.000","35","TRAFFIC SIGNAL","FUNCTIONING PROPERLY","CLEAR","DARKNESS, LIGHTED ROAD","SIDESWIPE SAME DIRECTION","DIVIDED - W/MEDIAN (NOT RAISED)",,"STRAIGHT AND LEVEL","DRY","NO DEFECTS","NOT ON SCENE (DESK REPORT)","NO INJURY / DRIVE AWAY",,,,"OVER $1,500","2025-01-25T21:00:00.000","UNABLE TO DETERMINE","UNABLE TO DETERMINE","1523","W","NORTH AVE","1433",,,,,,,"2","NO INDICATION OF INJURY","0","0","0","0","0","3","0","21","6","1","41.910540544","-87.6662636467","POINT (-87.66626364669 41.910540543989)"