"crash_record_id","crash_date_est_i","crash_date","posted_speed_limit","traffic_control_device","device_condition","weather_condition","lighting_condition","first_crash_type","trafficway_type","lane_cnt","alignment","roadway_surface_cond","road_defect","report_type","crash_type","intersection_related_i","private_property_i","hit_and_run_i","damage","date_police_notified","prim_contributory_cause","sec_contributory_cause","street_no","street_direction","street_name","beat_of_occurrence","photos_taken_i","statements_taken_i","dooring_i","work_zone_i","work_zone_type","workers_present_i","num_units","most_severe_injury","injuries_total","injuries_fatal","injuries_incapacitating","injuries_non_incapacitating","injuries_reported_not_evident","injuries_no_indication","injuries_unknown","crash_hour","crash_day_of_week","crash_month","latitude","longitude","location"
"46af99e7b79cf533a970ec56bf5187e41b449e1379c5ff89c756164d5712a437a43422f726be0069739db1908a471bcb0a924b63ebeb9be77bd4e69ba799056a",,"2025-01-24T21:40:00.000","30","TRAFFIC SIGNAL","FUNCTIONING PROPERLY","CLEAR","DARKNESS, LIGHTED ROAD","ANGLE","FOUR WAY",,"STRAIGHT AND LEVEL","SNOW OR SLUSH","NO DEFECTS","ON SCENE","INJURY AND / OR TOW DUE TO CRASH","Y",,"Y","OVER $1,500","2025-01-24T21:41:00.000","DISREGARDING TRAFFIC SIGNALS","NOT APPLICABLE","4398","W","JACKSON BLVD","1115",,,,,,,"3","NONINCAPACITATING INJURY","1","0","0","1","0","1","0","21","6","1","41.8770773752","-87.7352290762","POINT (-87.735229076195 41.877077375176)"
"69c5d394daa2bdc9830d472a48e4df7c23e4392820f0ff17bbb97ed3e2ec8899661948012c632c49dbdd548be6e21b06724319f63c91981fb23e110146dcc74f",,"2025-01-24T21:30:00.000","30","NO CONTROLS","NO CONTROLS","CLEAR","DARKNESS, LIGHTED ROAD","SIDESWIPE SAME DIRECTION","NOT DIVIDED",,"STRAIGHT AND LEVEL","DRY","UNKNOWN","NOT ON SCENE (DESK REPORT)","NO INJURY / DRIVE AWAY",,,"Y","OVER $1,500","2025-01-24T21:55:00.000","IMPROPER OVERTAKING/PASSING","IMPROPER OVERTAKING/PASSING","7","W","DIVISION ST","1824","Y","Y",,,,,"2","NO INDICATION OF INJURY","0","0","0","0","0","2","0","21","6","1","41.9038267434","-87.6289923034","POINT (-87.628992303409 41.903826743362)"
"6c9e3041d34a173674095017740745ac912d1897a5ba2737915833c9668fff69b19c61fbb83dd3fd43e58ad06800320ef392a1d11ff1a04fb6a1a413b8f6f12e",,"2025-01-24T21:30:00.000","15","NO CONTROLS","NO CONTROLS","CLEAR","DARKNESS","PARKED MOTOR VEHICLE","ALLEY",,"STRAIGHT AND LEVEL","DRY","NO DEFECTS","NOT ON SCENE (DESK REPORT)","NO INJURY / DRIVE AWAY",,,"Y","$501 - $1,500","2025-01-25T13:30:00.000","UNABLE TO DETERMINE","UNABLE TO DETERMINE","5247","W","CONGRESS PKWY","1522",,,,,,,"2","NO INDICATION OF INJURY","0","0","0","0","0","1","0","21","6","1","41.8738117504","-87.7567077354","POINT (-87.756707735409 41.873811750442)"
"c0296519c9d7d880b130ed765d9cb690f804b630ed9de57524c166a959834ae3af1cee316bf01755d6149cbdf68445d8e7983a83112195e3de9f37e2754c3e08",,"2025-01-24T21:30:00.000","30","NO CONTROLS","NO CONTROLS","CLEAR","DARKNESS, LIGHTED ROAD","SIDESWIPE SAME DIRECTION","DIVIDED - W/MEDIAN BARRIER",,"STRAIGHT AND LEVEL","DRY","UNKNOWN","NOT ON SCENE (DESK REPORT)","NO INJURY / DRIVE AWAY",,,"Y","$501 - $1,500","2025-01-24T22:25:00.000","FAILING TO YIELD RIGHT-OF-WAY","FAILING TO YIELD RIGHT-OF-WAY","1159","N","LA SALLE DR","1824",,,,,,,"2","NO INDICATION OF INJURY","0","0","0","0","0","2","0","21","6","1","41.9034992784","-87.6327603596","POINT (-87.632760359625 41.903499278413)"
"5682ac603bfd2d92bc8028deb8a844f448af9fed78c5affc38657906d2537d9957e75bd8413a229b759a180dcdce782de50aa531d6ce6b662b9030b89c6f25b9",,"2025-01-24T21:20:00.000","30","TRAFFIC SIGNAL","FUNCTIONING PROPERLY","CLEAR","DARKNESS, LIGHTED ROAD","SIDESWIPE SAME DIRECTION","CENTER TURN LANE",,"STRAIGHT AND LEVEL","DRY","UNKNOWN","NOT ON SCENE (DESK REPORT)","NO INJURY / DRIVE AWAY",,,,"OVER $1,500","2025-01-24T22:50:00.000","IMPROPER OVERTAKING/PASSING","UNABLE TO DETERMINE","3414","S","ARCHER AVE","912",,,,,,,"2","NO INDICATION OF INJURY","0","0","0","0","0","8","0","21","6","1","41.8318307302","-87.675527192","POINT (-87.675527191958 41.831830730215)"
"0907f5cc214e2f174b1a66feb79507e912c3c688906d0e64688fb9bb694e24947be02ec0591e91955fa95199e8d7eb88037cc0670e07bc16161b49db8e3703d5",,"2025-01-24T21:06:00.000","30","NO CONTROLS","NO CONTROLS","CLEAR","DARKNESS, LIGHTED ROAD","REAR END","ONE-WAY",,"STRAIGHT AND LEVEL","DRY","NO DEFECTS","NOT ON SCENE (DESK REPORT)","NO INJURY / DRIVE AWAY","N",,,"$500 OR LESS","2025-01-24T21:08:00.000","FAILING TO REDUCE SPEED TO AVOID CRASH","FOLLOWING TOO CLOSELY","729","W","RANDOLPH ST","1224",,"Y",,,,,"2","NO INDICATION OF INJURY","0","0","0","0","0","3","0","21","6","1","41.8843014216","-87.6468658768","POINT (-87.646865876812 41.884301421606)"
"1d93faff4f49fa29b3f0403fd4e8c0ec59d8f369fbbbaa5dcb225b08c1e30fbc2697be314fd2de04e1682c2922d39582550c3eac11632270be143d230bc37c5f","Y","2025-01-24T21:00:00.000","30","NO CONTROLS","NO CONTROLS","UNKNOWN","DARKNESS","PARKED MOTOR VEHICLE","NOT DIVIDED",,"STRAIGHT AND LEVEL","UNKNOWN","UNKNOWN","NOT ON SCENE (DESK REPORT)","NO INJURY / DRIVE AWAY",,,"Y","OVER $1,500","2025-01-25T16:00:00.000","UNABLE TO DETERMINE","NOT APPLICABLE","814","N","HUDSON AVE","1823",,,,,,,"2","NO INDICATION OF INJURY","0","0","0","0","0","1","0","21","6","1","41.8969948745","-87.6400515165","POINT (-87.640051516528 41.896994874467)"
"41d79bc2774b650b35d494516c1d9e0f66495438d4a7e34c08d14c46230240f98a2ff66e2d9d40126c1ca56aa0c5ea12827aad6a75e51c4050dd996c578b04b3",,"2025-01-24T21:00:00.000","25","NO CONTROLS","NO CONTROLS","CLEAR","DARKNESS, LIGHTED ROAD","PARKED MOTOR VEHICLE","ONE-WAY",,"STRAIGHT AND LEVEL","DRY","NO DEFECTS","ON SCENE","NO INJURY / DRIVE AWAY",,,"N","OVER $1,500","2025-01-24T22:00:00.000","DRIVING SKILLS/KNOWLEDGE/EXPERIENCE","DRIVING SKILLS/KNOWLEDGE/EXPERIENCE","3512","S","HOYNE AVE","912",,,,,,,"2","NO INDICATION OF INJURY","0","0","0","0","0","1","0","21","6","1","41.8299298367","-87.6778566604","POINT (-87.677856660361 41.829929836703)"
"f2b8cf55ce593f9f4bd6a8a6dde4b5319da21301dc734173b19bf0a3610e9fbe966b00073342a8de6da183afa4694faf9b60f8a1731cd7168de9c8222764ca43",,"2025-01-24T20:50:00.000","30","NO CONTROLS","NO CONTROLS","CLEAR","DARKNESS, LIGHTED ROAD","REAR TO SIDE","NOT DIVIDED",,"STRAIGHT AND LEVEL","DRY","UNKNOWN","NOT ON SCENE (DESK REPORT)","NO INJURY / DRIVE AWAY",,,,"$501 - $1,500","2025-01-24T21:40:00.000","IMPROPER BACKING","UNABLE TO DETERMINE","1500","N","MAGNOLIA AVE","1433",,,,,,,"2","NO INDICATION OF INJURY","0","0","0","0","0","2","0","20","6","1","41.9091813012","-87.6593440565","POINT (-87.659344056525 41.909181301222)"
"1086c1ce678070280bcc6af5dbab9f5f4f1bd22602ae738d45d5938d1da22e8e1626fd35344ef36d3876dc1cc6fbbc5eba4288a2e76ee3d15308c452bbbf7503",,"2025-01-24T20:40:00.000","30","TRAFFIC SIGNAL","FUNCTIONING PROPERLY","CLEAR","DARKNESS, LIGHTED ROAD","SIDESWIPE SAME DIRECTION","T-INTERSECTION",,"STRAIGHT AND LEVEL","DRY","UNKNOWN","NOT ON SCENE (DESK REPORT)","NO INJURY / DRIVE AWAY","Y",,,"$501 - $1,500","2025-01-24T21:20:00.000","UNABLE TO DETERMINE","UNABLE TO DETERMINE","1529","W","NORTH AVE","1433",,,,,,,"2","NO INDICATION OF INJURY","0","0","0","0","0","2","0","20","6","1","41.9105380698","-87.6664531238","POINT (-87.666453123803 41.910538069768)"
"815564acf70b447c4df4b586b26724a15ef4901b75b6990ae5ce5a133fc8c7a7edcde2149225bc9f9bcfc8cccac9a3f4cdf521db1da725da334540efc35116f7",,"2025-01-24T20:40:00.000","10","NO CONTROLS","NO CONTROLS","SNOW","DARKNESS, LIGHTED ROAD","FIXED OBJECT","OTHER",,"STRAIGHT AND LEVEL","SNOW OR SLUSH","NO DEFECTS","ON SCENE","NO INJURY / DRIVE AWAY",,,,"$501 - $1,500","2025-01-24T20:55:00.000","DISTRACTION - FROM OUTSIDE VEHICLE","DISTRACTION - FROM OUTSIDE VEHICLE","3243","W","38TH ST","911",,,,,,,"2","NO INDICATION OF INJURY","0","0","0","0","0","2","0","20","6","1","41.8242665019","-87.706167061","POINT (-87.706167060962 41.824266501922)"
"44e1bf940a45cc24d9db96fa7c7ad5a40af7db680c8ffd576c44de504f241200f72153db9afbc10267cdf40e7a4769afdb28f0096041cb0215397ed36931416c",,"2025-01-24T20:38:00.000","30","NO CONTROLS","NO CONTROLS","CLEAR","DARKNESS, LIGHTED ROAD","REAR END","NOT DIVIDED",,"STRAIGHT AND LEVEL","DRY","NO DEFECTS","ON SCENE","NO INJURY / DRIVE AWAY",,,"Y","OVER $1,500","2025-01-24T20:39:00.000","FOLLOWING TOO CLOSELY","NOT APPLICABLE","43","W","FULLERTON DR","1814",,,,,,,"2","NO INDICATION OF INJURY","0","0","0","0","0","2","0","20","6","1","41.9260404634","-87.6311036592","POINT (-87.631103659168 41.926040463404)"
"e9e4f62d2208c319fcd337522127d1d7d8967abbb1e9eb7121aebf392fdbdbeba4dad688c8e9cb98be437306dd524654e27dbf413812e6db1514bb91ce550487",,"2025-01-24T20:30:00.000","30","TRAFFIC SIGNAL","FUNCTIONING PROPERLY","CLEAR","DARKNESS, LIGHTED ROAD","REAR END","DIVIDED - W/MEDIAN (NOT RAISED)",,"STRAIGHT AND LEVEL","DRY","NO DEFECTS","NOT ON SCENE (DESK REPORT)","NO INJURY / DRIVE AWAY",,,,"$501 - $1,500","2025-01-24T21:30:00.000","UNABLE TO DETERMINE","NOT APPLICABLE","5800","S","ARCHER AVE","814",,,,,,,"2","NO INDICATION OF INJURY","0","0","0","0","0","2","0","20","6","1","41.7964321974","-87.7584637073","POINT (-87.758463707293 41.796432197411)"
"f0015b5177db7116d69fbd93ec6e4d889f2b5ea1d7ff8e995783defcc4b97bee65cd1f8c7918bfffc655fca3b0bb16577cb0d9b7da12af6f91963912cb340570",,"2025-01-24T20:12:00.000","35","UNKNOWN","UNKNOWN","CLEAR","DARKNESS, LIGHTED ROAD","SIDESWIPE SAME DIRECTION","Y-INTERSECTION",,"STRAIGHT AND LEVEL","UNKNOWN","UNKNOWN","NOT ON SCENE (DESK REPORT)","NO INJURY / DRIVE AWAY",,,,"OVER $1,500","2025-01-24T21:40:00.000","IMPROPER LANE USAGE","NOT APPLICABLE","130","E","RANDOLPH ST","114",,,,,,,"2","NO INDICATION OF INJURY","0","0","0","0","0","3","0","20","6","1","41.884588372","-87.6232725611","POINT (-87.623272561055 41.884588371969)"
"811197e4caf98acea093237529f8b8c7be8db253e3263e144e7cb025822ed78207222b1dabaa342b41ff11c44c6889f72662334b15d5f1e00dec6775f74bfca7",,"2025-01-24T20:05:00.000","30","OTHER","NO CONTROLS","CLEAR","DARKNESS, LIGHTED ROAD","REAR END","DIVIDED - W/MEDIAN BARRIER",,"STRAIGHT AND LEVEL","DRY","NO DEFECTS","NOT ON SCENE (DESK REPORT)","NO INJURY / DRIVE AWAY",,,"Y","$501 - $1,500","2025-01-27T13:30:00.000","UNABLE TO DETERMINE","UNABLE TO DETERMINE","8801","S","CHICAGO SKYWAY OB","412",,,,,,,"2","NO INDICATION OF INJURY","0","0","0","0","0","2","0","20","6","1","41.7353441671","-87.5655497374","POINT (-87.565549737402 41.735344167053)"
"d54a2222bd31f30e6c23e600444075572df89b691aa384ba11270465ccc42ca53944dec98b99e838d59a9232924c7fae76176c285f902dd4ca3ad5a46229c0cc",,"2025-01-24T20:04:00.000","30","OTHER","OTHER","CLEAR","DARKNESS, LIGHTED ROAD","PARKED MOTOR VEHICLE","PARKING LOT",,"STRAIGHT AND LEVEL","DRY","UNKNOWN","ON SCENE","NO INJURY / DRIVE AWAY",,"Y",,"OVER $1,500","2025-01-24T20:13:00.000","IMPROPER BACKING","DRIVING SKILLS/KNOWLEDGE/EXPERIENCE","3644","S","ARCHER AVE","912",,,,,,,"3","NO INDICATION OF INJURY","0","0","0","0","0","5","0","20","6","1","41.8275838968","-87.6824544425","POINT (-87.682454442461 41.827583896764)"
"4ddd42aa97e2797be69b8511c4baba4b6b24d85f4e6fb5e8543376e2eb60cc800e7951d1e97d2ee2219878f414a94058b22aff39f720ffca9446f1695b64c13d",,"2025-01-24T20:02:00.000","30","TRAFFIC SIGNAL","FUNCTIONING PROPERLY","CLEAR","DARKNESS, LIGHTED ROAD","SIDESWIPE OPPOSITE DIRECTION","DIVIDED - W/MEDIAN (NOT RAISED)",,"STRAIGHT AND LEVEL","DRY","NO DEFECTS","NOT ON SCENE (DESK REPORT)","NO INJURY / DRIVE AWAY",,,"Y","OVER $1,500","2025-01-24T20:35:00.000","UNABLE TO DETERMINE","UNABLE TO DETERMINE","4750","W","JACKSON BLVD","1113",,,,,,,"2","NO INDICATION OF INJURY","0","0","0","0","0","2","0","20","6","1","41.8769484116","-87.7447298087","POINT (-87.744729808668 41.876948411626)"
"80fedfa59436923e3da59e45f921fdd998454cfc885d0a2277ad21455d9666fc42c80361f5c01b123a566aa1bd604614c87cd9cfdca17608606bcb953afc1d8d",,"2025-01-24T20:00:00.000","30","NO CONTROLS","NO CONTROLS","UNKNOWN","DAYLIGHT","PARKED MOTOR VEHICLE","OTHER",,"STRAIGHT AND LEVEL","UNKNOWN","UNKNOWN","NOT ON SCENE (DESK REPORT)","NO INJURY / DRIVE AWAY",,,"Y","OVER $1,500","2025-01-26T11:16:00.000","UNABLE TO DETERMINE","UNABLE TO DETERMINE","1019","N","SPAULDING AVE","1121",,,,,,,"2","NO INDICATION OF INJURY","0","0","0","0","0","1","0","20","6","1","41.8998134254","-87.709203967","POINT (-87.709203966998 41.899813425417)"
"b85dbd192c685c120461310393d8cc51864c1e936688ff29becba25dc8f21a17321d6f4f79a7a0121ead0fb3c90229ef810673db218499b83f27b5b1b7787447",,"2025-01-24T19:54:00.000","30","NO CONTROLS","NO CONTROLS","CLEAR","DARKNESS, LIGHTED ROAD","REAR END","DIVIDED - W/MEDIAN BARRIER",,"STRAIGHT AND LEVEL","SNOW OR SLUSH","NO DEFECTS","ON SCENE","INJURY AND / OR TOW DUE TO CRASH",,,"Y","$501 - $1,500","2025-01-24T20:11:00.000","UNABLE TO DETERMINE","UNABLE TO DETERMINE","1706","W","77TH ST","611",,,,,,,"2","REPORTED, NOT EVIDENT","1","0","0","0","1","1","0","19","6","1","41.7540673987","-87.6662733331","POINT (-87.666273333095 41.754067398704)"
"4ccb0eac2f512413f9dec8e7b6d5bad9791622dc55d3b79a21452c8cf40d2f6407b17860638cfc08393e19c7a2732d15e35bbbe3a80f3dcc5e3fc55f2d7e45d5",,"2025-01-24T19:50:00.000","30","STOP SIGN/FLASHER","FUNCTIONING PROPERLY","CLEAR","DARKNESS, LIGHTED ROAD","TURNING","ONE-WAY",,"STRAIGHT AND LEVEL","DRY","UNKNOWN","ON SCENE","INJURY AND / OR TOW DUE TO CRASH","Y",,,"OVER $1,500","2025-01-24T19:51:00.000","UNABLE TO DETERMINE","NOT APPLICABLE","5200","W","ADAMS ST","1522",,,,,,,"2","REPORTED, NOT EVIDENT","1","0","0","0","1","1","0","19","6","1","41.8785802614","-87.7551287647","POINT (-87.755128764727 41.878580261395)"
"315823fedb6bdfefc7226dc4a0279eabd3522b78ebb740087e684c73e03e63105447cafff1a4d2b2831de6a7ef6d19de5366a50017b3890cdab3de78deedbe55",,"2025-01-24T19:40:00.000","30","STOP SIGN/FLASHER","FUNCTIONING PROPERLY","CLEAR","DARKNESS, LIGHTED ROAD","REAR END","DIVIDED - W/MEDIAN (NOT RAISED)",,"STRAIGHT AND LEVEL","DRY","NO DEFECTS","ON SCENE","INJURY AND / OR TOW DUE TO CRASH",,,,"OVER $1,500","2025-01-24T19:40:00.000","UNABLE TO DETERMINE","UNABLE TO DETERMINE","612","W","OHARE ST","1654",,,,,,,"2","INCAPACITATING INJURY","1","0","1","0","0","1","0","19","6","1",,,
"6e4de380dc5a6dcb713cdbfa2eeea2a8e0484fc3447ec10b5869dc77bc368783f4d5e86e46af356340912e4fc1aac24148154e334520c7413f1f78c548b8eee1",,"2025-01-24T19:40:00.000","30","STOP SIGN/FLASHER","FUNCTIONING PROPERLY","UNKNOWN","DARKNESS, LIGHTED ROAD","REAR END","DIVIDED - W/MEDIAN (NOT RAISED)",,"STRAIGHT AND LEVEL","UNKNOWN","UNKNOWN",,"NO INJURY / DRIVE AWAY",,,"Y","OVER $1,500","2025-01-24T20:05:00.000","FOLLOWING TOO CLOSELY","NOT APPLICABLE","411","N","DESPLAINES ST","1214",,,,,,,"2","NO INDICATION OF INJURY","0","0","0","0","0","2","0","19","6","1","41.8893719713","-87.6441942902","POINT (-87.644194290152 41.889371971347)"
"85afe791e7334aac3c36db35ab6320eb4acead04d58a475b8a01b90ca55228bba2c8c3257d9e9ab3ebc9f50c8357f08555d26f90e349d418735fd909b01ee403",,"2025-01-24T19:38:00.000","30","NO CONTROLS","NO CONTROLS","CLEAR","DARKNESS, LIGHTED ROAD","TURNING","T-INTERSECTION",,"STRAIGHT AND LEVEL","DRY","NO DEFECTS","ON SCENE","NO INJURY / DRIVE AWAY","Y",,,"OVER $1,500","2025-01-24T19:38:00.000","FAILING TO YIELD RIGHT-OF-WAY","IMPROPER TURNING/NO SIGNAL","901","W","HUBBARD ST","1214",,,,,,,"2","NO INDICATION OF INJURY","0","0","0","0","0","5","0","19","6","1","41.8899530595","-87.6499855532","POINT (-87.649985553156 41.889953059487)"
"47ce13aacc8ffa7e6f66c99e7253111f84dd5cf590a45810c3d5d431393d5803a40a3ffd3c737fab6ee1046808d6866ac6a39dab0b86779b6e48f1282584da0d",,"2025-01-24T19:19:00.000","30","TRAFFIC SIGNAL","FUNCTIONING PROPERLY","CLEAR","DARKNESS, LIGHTED ROAD","REAR END","NOT DIVIDED",,"STRAIGHT AND LEVEL","DRY","NO DEFECTS","NOT ON SCENE (DESK REPORT)","NO INJURY / DRIVE AWAY",,,,"OVER $1,500","2025-01-27T20:23:00.000","FOLLOWING TOO CLOSELY","NOT APPLICABLE","121","W","87TH ST","634",,,,,,,"2","NO INDICATION OF INJURY","0","0","0","0","0","2","0","19","6","1","41.7361606654","-87.6276983227","POINT (-87.627698322704 41.736160665426)"
"37129c80fc8f2d6f9c356953e399f63bc7afbffbf63aa80b147dfcb5e607f3fbc14c22579a2d3acbe7b7dc69ae68259e7e4b73aa50f4bb06a56671c11e7573c3",,"2025-01-24T19:05:00.000","30","TRAFFIC SIGNAL","FUNCTIONING PROPERLY","CLEAR","DARKNESS, LIGHTED ROAD","ANGLE","FOUR WAY",,"STRAIGHT AND LEVEL","DRY","NO DEFECTS","ON SCENE","INJURY AND / OR TOW DUE TO CRASH","Y",,,"OVER $1,500","2025-01-24T19:08:00.000","DISREGARDING TRAFFIC SIGNALS","DISREGARDING TRAFFIC SIGNALS","7500","S","LAFAYETTE AVE","623",,,,,,,"2","NONINCAPACITATING INJURY","2","0","0","2","0","0","0","19","6","1","41.758068532","-87.6265169823","POINT (-87.626516982328 41.75806853202)"
"362e588f02325d789f4031cf366291db91a1ac477574527eed30f35f06482ace9feecce02ba82ae32ecf956e73f4aaaac32ccefce0e390d1c7999778dbd547a5","Y","2025-01-24T19:00:00.000","25","TRAFFIC SIGNAL","UNKNOWN","UNKNOWN","DARKNESS, LIGHTED ROAD","PEDESTRIAN","UNKNOWN INTERSECTION TYPE",,"STRAIGHT AND LEVEL","UNKNOWN","UNKNOWN","ON SCENE","INJURY AND / OR TOW DUE TO CRASH","Y",,"Y","OVER $1,500","2025-01-24T19:00:00.000","UNABLE TO DETERMINE","UNABLE TO DETERMINE","6300","S","COTTAGE GROVE AVE","312",,"Y",,,,,"2","INCAPACITATING INJURY","1","0","1","0","0","1","0","19","6","1","41.7803174705","-87.6060745584","POINT (-87.606074558366 41.78031747049)"
"edcb78ce8850d933afd945554e8197245c1e008f3368e77f47bd7de90f8727bdd2a3b322fa060006bf937e205a86e864b142f1cbc66b8911532ba0485e0c7378",,"2025-01-24T19:00:00.000","35","TRAFFIC SIGNAL","FUNCTIONING PROPERLY","RAIN","DARKNESS, LIGHTED ROAD","SIDESWIPE SAME DIRECTION","DIVIDED - W/MEDIAN (NOT RAISED)",,"STRAIGHT AND LEVEL","DRY","NO DEFECTS","NOT ON SCENE (DESK REPORT)","NO INJURY / DRIVE AWAY","Y",,,"OVER $1,500","2025-01-27T13:30:00.000","IMPROPER OVERTAKING/PASSING","UNABLE TO DETERMINE","7900","S","STATE ST","623",,,,,,,"2","NO INDICATION OF INJURY","0","0","0","0","0","2","0","19","6","1","41.7509181383","-87.6246901225","POINT (-87.624690122516 41.750918138315)"
"f8f899f1624790d38074be6ba030c2902d76721897764f98b716343f0a7a2a0505d74c992efb65f7d612dd3e78b971e3760b856e775a0bea624b8c65bed06d10",,"2025-01-24T19:00:00.000","25","STOP SIGN/FLASHER","FUNCTIONING PROPERLY","UNKNOWN","UNKNOWN","REAR END","ONE-WAY",,"STRAIGHT AND LEVEL","UNKNOWN","NO DEFECTS","NOT ON SCENE (DESK REPORT)","NO INJURY / DRIVE AWAY","Y",,,"OVER $1,500","2025-01-26T20:22:00.000","NOT APPLICABLE","NOT APPLICABLE","4101","N","RIDGEWAY AVE","1723",,,,,,,"2","NO INDICATION OF INJURY","0","0","0","0","0","2","0","19","6","1","41.9556534362","-87.7213958593","POINT (-87.721395859259 41.955653436235)"
"fdd27f4afef786c10c75d6bf6cafc514d4639ac521b2a9e9987c48d9a1600bb00327dcbc6421a414a1c37a304e192138514dd48a1824d2bbedb41ea644bb3d82",,"2025-01-24T19:00:00.000","30","STOP SIGN/FLASHER","FUNCTIONING PROPERLY","CLEAR","UNKNOWN","TURNING","DIVIDED - W/MEDIAN (NOT RAISED)",,"STRAIGHT AND LEVEL","DRY","NO DEFECTS","NOT ON SCENE (DESK REPORT)","NO INJURY / DRIVE AWAY",,,,"OVER $1,500","2025-01-24T19:30:00.000","UNABLE TO DETERMINE","NOT APPLICABLE","8245","S","DR MARTIN LUTHER KING JR DR","631",,,,,,,"2","NO INDICATION OF INJURY","0","0","0","0","0","2","0","19","6","1","41.7443022073","-87.6146359378","POINT (-87.614635937762 41.744302207288)"
"27400c4755263d5ef8fa5a737e0c29cc2441b1f8ec388c5cb5ab93b9b4ef31e7a2e5d171087106db8cb6d47fc7d78c9cdad9e6c3a52638f49acdb8491bd0c839",,"2025-01-24T18:57:00.000","30","TRAFFIC SIGNAL","FUNCTIONING PROPERLY","CLEAR","DARKNESS, LIGHTED ROAD","ANGLE","T-INTERSECTION",,"STRAIGHT AND LEVEL","DRY","NO DEFECTS","ON SCENE","NO INJURY / DRIVE AWAY","Y",,,"OVER $1,500","2025-01-24T18:57:00.000","UNABLE TO DETERMINE","UNABLE TO DETERMINE","2000","N","WESTERN AVE","1431",,,,,,,"2","NO INDICATION OF INJURY","0","0","0","0","0","2","0","18","6","1","41.9176038179","-87.6875578776","POINT (-87.687557877557 41.917603817942)"
"e9d5cd911549974f3922b9b3284659fd85178bc5e534c9c3ebdcb222f7ce222edd28235cf085b8a61ee8dfbbdb5473efb421ccd1de339ad0ac2d28424d7396ed",,"2025-01-24T18:57:00.000","30","NO CONTROLS","NO CONTROLS","CLEAR","DARKNESS, LIGHTED ROAD","FIXED OBJECT","NOT DIVIDED",,"STRAIGHT AND LEVEL","DRY","NO DEFECTS","ON SCENE","INJURY AND / OR TOW DUE TO CRASH",,,,"OVER $1,500","2025-01-24T18:57:00.000","EQUIPMENT - VEHICLE CONDITION","NOT APPLICABLE","2510","S","PULASKI RD","1013",,,,,,,"1","NO INDICATION OF INJURY","0","0","0","0","0","1","0","18","6","1","41.8456918764","-87.7247498599","POINT (-87.724749859856 41.84569187637)"
"a9db2db58ae5b7a1e75ac45bca36f08692eb43f4146126656231202de50f44efe39ffde00b5d8d1e3216f341e10e894cc199193b023371d43bff04c2f2a13c7e",,"2025-01-24T18:52:00.000","30","NO CONTROLS","NO CONTROLS","CLEAR","DARKNESS, LIGHTED ROAD","TURNING","NOT DIVIDED",,"STRAIGHT AND LEVEL","DRY","NO DEFECTS","ON SCENE","INJURY AND / OR TOW DUE TO CRASH","N",,,"OVER $1,500","2025-01-24T18:52:00.000","UNABLE TO DETERMINE","NOT APPLICABLE","1351","W","WELLINGTON AVE","1933",,,,,,,"2","NONINCAPACITATING INJURY","1","0","0","1","0","1","0","18","6","1","41.9360173662","-87.6632622375","POINT (-87.663262237483 41.936017366243)"
"7ca2a615272548084d5c7a70a73d214e272ef8756c5a7767a80017be98fb7f732ec05cc735ede68a94ee5b8ce38a4c7a914721171e846349e71fcd35f3e19c34",,"2025-01-24T18:50:00.000","45","NO CONTROLS","NO CONTROLS","CLEAR","DAYLIGHT","SIDESWIPE SAME DIRECTION","DIVIDED - W/MEDIAN BARRIER",,"STRAIGHT AND LEVEL","UNKNOWN","NO DEFECTS","NOT ON SCENE (DESK REPORT)","NO INJURY / DRIVE AWAY",,,"Y","OVER $1,500","2025-01-24T19:33:00.000","NOT APPLICABLE","NOT APPLICABLE","856","N","LAKE SHORE DR","1833",,,,,,,"2","NO INDICATION OF INJURY","0","0","0","0","0","2","0","18","6","1","41.8982706248","-87.6182118682","POINT (-87.618211868216 41.898270624777)"
"d9acf4493e512bc87666b098d84ba1f39065c28323a2eed527fd758afc4cd1f8360c73dc13b1f85ecec52a924f278c82743af4b072ab7e2450da518100ed667a",,"2025-01-24T18:50:00.000","30","TRAFFIC SIGNAL","FUNCTIONING PROPERLY","CLEAR","DARKNESS","SIDESWIPE SAME DIRECTION","NOT DIVIDED",,"STRAIGHT AND LEVEL","DRY","NO DEFECTS","ON SCENE","NO INJURY / DRIVE AWAY",,,,"$501 - $1,500","2025-01-24T18:53:00.000","UNABLE TO DETERMINE","NOT APPLICABLE","299","S","WESTERN AVE","1225",,,,,,,"2","NO INDICATION OF INJURY","0","0","0","0","0","5","0","18","6","1","41.8776023115","-87.6861963322","POINT (-87.686196332186 41.877602311468)"
"3d204c706c9b1cb9fcfeda53f9a4c238a9b87715d95ad525703a194e0ef2209e290d5da9963ea9b3624ceb62ccd1ad01a2769fc4a5d98e1ac7c415346748cf80",,"2025-01-24T18:49:00.000","20","STOP SIGN/FLASHER","FUNCTIONING PROPERLY","CLEAR","DARKNESS","FIXED OBJECT","NOT DIVIDED",,"STRAIGHT AND LEVEL","UNKNOWN","UNKNOWN","ON SCENE","NO INJURY / DRIVE AWAY",,"Y","Y","OVER $1,500","2025-01-24T18:51:00.000","DRIVING SKILLS/KNOWLEDGE/EXPERIENCE","DRIVING SKILLS/KNOWLEDGE/EXPERIENCE","8116","S","KENNETH AVE","834",,,,,,,"1","NO INDICATION OF INJURY","0","0","0","0","0","1","0","18","6","1","41.7450560483","-87.7331207228","POINT (-87.733120722769 41.745056048257)"