"crash_record_id","crash_date_est_i","crash_date","posted_speed_limit","traffic_control_device","device_condition","weather_condition","lighting_condition","first_crash_type","trafficway_type","lane_cnt","alignment","roadway_surface_cond","road_defect","report_type","crash_type","intersection_related_i","private_property_i","hit_and_run_i","damage","date_police_notified","prim_contributory_cause","sec_contributory_cause","street_no","street_direction","street_name","beat_of_occurrence","photos_taken_i","statements_taken_i","dooring_i","work_zone_i","work_zone_type","workers_present_i","num_units","most_severe_injury","injuries_total","injuries_fatal","injuries_incapacitating","injuries_non_incapacitating","injuries_reported_not_evident","injuries_no_indication","injuries_unknown","crash_hour","crash_day_of_week","crash_month","latitude","longitude","location"
"ffa525317847609bf720e4bd3b8f7fdaeabccae78e8f31741180dfbb889a1c1b07c2eeb4f12926580c694f9603055964457fcabd60b208accc9953ff19a09a09",,"2025-01-24T18:45:00.000","25","NO CONTROLS","NO CONTROLS","CLEAR","DUSK","REAR TO REAR","OTHER",,"STRAIGHT AND LEVEL","DRY","UNKNOWN","NOT ON SCENE (DESK REPORT)","NO INJURY / DRIVE AWAY",,,,"$501 - $1,500","2025-01-24T19:00:00.000","UNABLE TO DETERMINE","NOT APPLICABLE","9956","S","WESTERN AVE","2211",,,,,,,"2","NO INDICATION OF INJURY","0","0","0","0","0","2","0","18","6","1","41.7120121332","-87.6819354084","POINT (-87.68193540843 41.712012133229)"
"24973fa7671c37d9b294d1ccc59f7471ba2dbb6464257ab6ec653eb03dd8013fed98809d22e126cec3e9360888fe4f6515223b465ef658f7ec5b63c91db59045",,"2025-01-24T18:34:00.000","30","STOP SIGN/FLASHER","FUNCTIONING PROPERLY","CLEAR","DARKNESS, LIGHTED ROAD","TURNING","T-INTERSECTION",,"STRAIGHT AND LEVEL","DRY","NO DEFECTS","ON SCENE","INJURY AND / OR TOW DUE TO CRASH","Y",,,"OVER $1,500","2025-01-24T18:41:00.000","UNABLE TO DETERMINE","UNABLE TO DETERMINE","1534","W","35TH ST","912",,,,,,,"2","INCAPACITATING INJURY","1","0","1","0","0","3","0","18","6","1","41.8306273635","-87.6644530747","POINT (-87.664453074695 41.83062736348)"
"d0d0ba4c0e55338f34355b0ecce6ba2b3feb59cf02f7d89c88dc3f7707b0deb11dd2bd9c057baa304b62a341dd56c6ad68952b85cbc22b5b28fc597a0ca21a7c",,"2025-01-24T18:33:00.000","30","TRAFFIC SIGNAL","FUNCTIONING PROPERLY","CLEAR","DUSK","TURNING","FOUR WAY",,"STRAIGHT AND LEVEL","DRY","UNKNOWN","ON SCENE","INJURY AND / OR TOW DUE TO CRASH","Y",,,"OVER $1,500","2025-01-24T18:35:00.000","FAILING TO YIELD RIGHT-OF-WAY","NOT APPLICABLE","5500","S","CALIFORNIA AVE","824",,,,,,,"2","NO INDICATION OF INJURY","0","0","0","0","0","2","0","18","6","1","41.7935975128","-87.6939420481","POINT (-87.6939420481 41.793597512795)"
"02d390aa20af67f0ed0a20f439f4e875933e56f0e5c156fb2873a56c067fc10b5811251f7005b68831e42d3c4a26290b08da664cc919256a1bd2497979d7e697",,"2025-01-24T18:30:00.000","30","NO CONTROLS","NO CONTROLS","CLEAR","DAYLIGHT","REAR END","NOT DIVIDED",,"STRAIGHT AND LEVEL","DRY","NO DEFECTS","NOT ON SCENE (DESK REPORT)","NO INJURY / DRIVE AWAY",,,,"$501 - $1,500","2025-01-24T20:00:00.000","FOLLOWING TOO CLOSELY","FOLLOWING TOO CLOSELY","7652","W","BELMONT AVE","1631",,,,,,,"2","NO INDICATION OF INJURY","0","0","0","0","0","2","0","18","6","1","41.9380047827","-87.8186542249","POINT (-87.818654224921 41.9380047827)"
"2b0f4d06c6a130508880149349f2fd61c1e66beafbe9733c5a02698d20232b0aed110d05bd7a5584f4e6ad2bb24ee4e120c40d34944fda2c78fe77912302dca5",,"2025-01-24T18:30:00.000","30","STOP SIGN/FLASHER","FUNCTIONING PROPERLY","CLEAR","DARKNESS, LIGHTED ROAD","ANGLE","DIVIDED - W/MEDIAN (NOT RAISED)",,"STRAIGHT AND LEVEL","DRY","OTHER",,"NO INJURY / DRIVE AWAY","Y",,,"OVER $1,500","2025-01-24T19:20:00.000","FAILING TO YIELD RIGHT-OF-WAY","UNABLE TO DETERMINE","3100","N","KIMBALL AVE","1412",,,,,,,"2","NO INDICATION OF INJURY","0","0","0","0","0","2","0","18","6","1","41.9375511332","-87.7125801468","POINT (-87.712580146794 41.937551133208)"
"cb3f79d4db96c1c40a0a4c99d73ce38b33ef0ff0960e5d1d6cc2b684b19c8172e08bdbce0f753ab871cbe963c3a66daf70440eef5eafcd0d150ff94d7aea2cd7",,"2025-01-24T18:30:00.000","25","NO CONTROLS","NO CONTROLS","CLEAR","DARKNESS, LIGHTED ROAD","PARKED MOTOR VEHICLE","NOT DIVIDED",,"STRAIGHT AND LEVEL","DRY","NO DEFECTS","NOT ON SCENE (DESK REPORT)","INJURY AND / OR TOW DUE TO CRASH",,,"Y","OVER $1,500","2025-01-24T21:00:00.000","UNABLE TO DETERMINE","UNABLE TO DETERMINE","1966","W","49TH ST","931",,,,,,,"2","NO INDICATION OF INJURY","0","0","0","0","0","1","0","18","6","1","41.8049811695","-87.6745354109","POINT (-87.674535410937 41.804981169525)"
"d2b882e5576f9102ed38b19fefb2eb09539be9df7ceefe3513a6211172e7ffdb7748074721c9387c859f913eaa9dec9fc027280de332ba1135809267ceb033e8",,"2025-01-24T18:30:00.000","30","NO CONTROLS","NO CONTROLS","CLEAR","DARKNESS","SIDESWIPE SAME DIRECTION","DIVIDED - W/MEDIAN BARRIER",,"STRAIGHT AND LEVEL","DRY","NO DEFECTS","ON SCENE","NO INJURY / DRIVE AWAY",,,,"$501 - $1,500","2025-01-24T18:30:00.000","IMPROPER LANE USAGE","NOT APPLICABLE","26","N","MICHIGAN AVE","112",,,,,,,"2","NO INDICATION OF INJURY","0","0","0","0","0","5","0","18","6","1","41.8826705565","-87.6245353073","POINT (-87.624535307259 41.882670556456)"
"5aa5098271762aeb4ae42be6eca0a48375419e5b97cc0502e6504042a38e18916c2e76280979efe1bdd566471656eed61083bc74f695a815916c47d8718a9db4",,"2025-01-24T18:27:00.000","30","NO CONTROLS","NO CONTROLS","UNKNOWN","DARKNESS, LIGHTED ROAD","SIDESWIPE SAME DIRECTION","DIVIDED - W/MEDIAN (NOT RAISED)",,"STRAIGHT AND LEVEL","UNKNOWN","NO DEFECTS","NOT ON SCENE (DESK REPORT)","NO INJURY / DRIVE AWAY",,,,"OVER $1,500","2025-01-28T13:40:00.000","IMPROPER LANE USAGE","FAILING TO REDUCE SPEED TO AVOID CRASH","808","S","CLARK ST","123",,,,,,,"2","NO INDICATION OF INJURY","0","0","0","0","0","2","0","18","6","1","41.8720341512","-87.6307523341","POINT (-87.630752334098 41.872034151166)"
"ca1501acb73652e57d9aa0848e7bddeb3be947ca27f6c33bd5c555ea5796ba92f093746b8146d4efb4ed41ecc26b6998102276780f7d978320b7d590c9af2e33",,"2025-01-24T18:24:00.000","30","TRAFFIC SIGNAL","FUNCTIONING PROPERLY","CLEAR","DARKNESS, LIGHTED ROAD","TURNING","FOUR WAY",,"STRAIGHT AND LEVEL","DRY","NO DEFECTS","ON SCENE","INJURY AND / OR TOW DUE TO CRASH","Y",,,"OVER $1,500","2025-01-24T18:27:00.000","FAILING TO YIELD RIGHT-OF-WAY","DRIVING ON WRONG SIDE/WRONG WAY","5150","W","ROOSEVELT RD","1533",,,,,,,"2","NONINCAPACITATING INJURY","2","0","0","1","1","2","0","18","6","1","41.865868611","-87.7540463326","POINT (-87.754046332621 41.865868611043)"
"3c14e550719c6dd1f70951a75e567bc4b06cab69cd23170a67fec0825d32b0cc8896652f2109ebfa49f2ed50e5ad8c60d7a1f82bedf7caec5894cb8012abc8b8",,"2025-01-24T18:20:00.000","25","NO CONTROLS","NO CONTROLS","UNKNOWN","DARKNESS, LIGHTED ROAD","PARKED MOTOR VEHICLE","NOT DIVIDED",,"STRAIGHT AND LEVEL","UNKNOWN","UNKNOWN","ON SCENE","INJURY AND / OR TOW DUE TO CRASH",,,,"OVER $1,500","2025-01-24T18:29:00.000","UNABLE TO DETERMINE","NOT APPLICABLE","6102","W","MONTROSE AVE","1622",,,,,,,"3","NO INDICATION OF INJURY","0","0","0","0","0","1","0","18","6","1","41.9604246509","-87.7796195329","POINT (-87.779619532901 41.960424650945)"
"c97b850f84887cf91d742499a98868d2cf494952cea21cf50c5707eb3dd6fb64e645863f2558724604e6813c542e48c6e6c9f8b20b55464a220dff2ef08384a1",,"2025-01-24T18:12:00.000","30","NO CONTROLS","NO CONTROLS","CLEAR","DARKNESS, LIGHTED ROAD","PARKED MOTOR VEHICLE","ONE-WAY",,"STRAIGHT AND LEVEL","DRY","NO DEFECTS","ON SCENE","NO INJURY / DRIVE AWAY",,,,"OVER $1,500","2025-01-24T18:17:00.000","UNABLE TO DETERMINE","NOT APPLICABLE","5202","W","CORNELIA AVE","1634",,,,,,,"2","NO INDICATION OF INJURY","0","0","0","0","0","2","0","18","6","1","41.9442829647","-87.7570654588","POINT (-87.757065458809 41.94428296468)"
"11ba1e81d398e51a6733f7adfc22007beee8ceb1b50fd0ded96d7d794b0386492547bad840fccd58fd6f7b11e238c6cd5e7c4fa57717fbd334049f48253c3017",,"2025-01-24T18:10:00.000","30","TRAFFIC SIGNAL","FUNCTIONING PROPERLY","CLEAR","DARKNESS, LIGHTED ROAD","REAR END","DIVIDED - W/MEDIAN (NOT RAISED)",,"STRAIGHT AND LEVEL","DRY","UNKNOWN","NOT ON SCENE (DESK REPORT)","NO INJURY / DRIVE AWAY",,,,"OVER $1,500","2025-01-24T19:52:00.000","FAILING TO REDUCE SPEED TO AVOID CRASH","NOT APPLICABLE","4430","W","LAWRENCE AVE","1712",,,,,,,"2","NO INDICATION OF INJURY","0","0","0","0","0","3","0","18","6","1","41.9682302579","-87.7392271767","POINT (-87.739227176711 41.968230257871)"
"06bb85610aa6f518644ef9bf0739f21bd352e80ee1479a12c6659c73c67b858a4eb238b809ff3f0b557cb38c31373c8303f0122557a8b2800f24652fd5a1fb91",,"2025-01-24T18:05:00.000","30","NO CONTROLS","NO CONTROLS","CLEAR","DARKNESS, LIGHTED ROAD","TURNING","OTHER",,"STRAIGHT AND LEVEL","DRY","NO DEFECTS","ON SCENE","NO INJURY / DRIVE AWAY",,,,"$501 - $1,500","2025-01-24T18:10:00.000","RELATED TO BUS STOP","NOT APPLICABLE","6299","S","COTTAGE GROVE AVE","313",,,,,,,"2","NO INDICATION OF INJURY","0","0","0","0","0","12","0","18","6","1","41.7805030813","-87.605785389","POINT (-87.605785389023 41.780503081348)"
"f703b76a6e9a746d2e27399be6b46e1ae144de73a0809d3288d3d992665d352f6a27d8118948172cf6a76e4bfe1612ffe7ef7d8e5eb6c5e5bfd7ba78712e4d9e",,"2025-01-24T18:04:00.000","30","NO CONTROLS","NO CONTROLS","CLEAR","DARKNESS","PARKED MOTOR VEHICLE","NOT DIVIDED",,"STRAIGHT AND LEVEL","DRY","NO DEFECTS","NOT ON SCENE (DESK REPORT)","NO INJURY / DRIVE AWAY",,,,"$501 - $1,500","2025-01-24T20:57:00.000","IMPROPER OVERTAKING/PASSING","UNABLE TO DETERMINE","8204","S","STONY ISLAND AVE","411",,,,,,,"2","NO INDICATION OF INJURY","0","0","0","0","0","1","0","18","6","1","41.7458150894","-87.5859923631","POINT (-87.585992363116 41.745815089404)"
"32c75d97d45fb082876cdd7c63c04d6f9720eb172b997d645f035e578a145afd089eb4663b3a2f12084697c907e4a74e70b410950eff3752b3b0e44f06096649",,"2025-01-24T18:00:00.000","30","STOP SIGN/FLASHER","FUNCTIONING PROPERLY","CLEAR","DARKNESS, LIGHTED ROAD","ANGLE","NOT DIVIDED",,"STRAIGHT AND LEVEL","ICE","NO DEFECTS","ON SCENE","INJURY AND / OR TOW DUE TO CRASH",,,,"OVER $1,500","2025-01-24T18:56:00.000","UNABLE TO DETERMINE","UNABLE TO DETERMINE","1040","N","PAULINA ST","1213",,,,,,,"2","NO INDICATION OF INJURY","0","0","0","0","0","2","0","18","6","1","41.9008777688","-87.6700234804","POINT (-87.670023480366 41.900877768825)"
"4baea497764e1b1ecd8de6d4e1e089c6d220ef1c5cdbd0c8a7e0cb66bafad8a7718b7f69bf823005fe2d1d60cb8a98e7dbd9712545c979846ed19eaa9b1febeb",,"2025-01-24T18:00:00.000","25","NO CONTROLS","NO CONTROLS","OTHER","DUSK","FIXED OBJECT","NOT DIVIDED",,"STRAIGHT AND LEVEL","ICE","UNKNOWN","NOT ON SCENE (DESK REPORT)","NO INJURY / DRIVE AWAY",,,,"$501 - $1,500","2025-02-03T13:15:00.000","UNABLE TO DETERMINE","NOT APPLICABLE","4707","W","83RD ST","834",,,,,,,"1","NO INDICATION OF INJURY","0","0","0","0","0","1","0","18","6","1","41.7418785858","-87.738741326","POINT (-87.738741326003 41.741878585773)"
"84eef1bf13eaab96303dddc28267566e2a990127d30a0d4ac9bce81440b504f91d2980b12d6e60191fb31bf83a377ef8c9284302ba9b79d3ab7599b471311cab",,"2025-01-24T17:55:00.000","30","TRAFFIC SIGNAL","FUNCTIONING PROPERLY","SNOW","DARKNESS, LIGHTED ROAD","REAR END","NOT DIVIDED",,"STRAIGHT AND LEVEL","WET","NO DEFECTS","ON SCENE","NO INJURY / DRIVE AWAY","Y",,"Y","OVER $1,500","2025-01-24T19:06:00.000","FOLLOWING TOO CLOSELY","OPERATING VEHICLE IN ERRATIC, RECKLESS, CARELESS, NEGLIGENT OR AGGRESSIVE MANNER","8100","S","ASHLAND AVE","614",,,,,,,"3","NO INDICATION OF INJURY","0","0","0","0","0","4","0","17","6","1","41.7466220628","-87.6634893333","POINT (-87.663489333293 41.746622062843)"
"b1b08b9956892dfbb274f4bcfa4381135d8f1a8fd87fcbb45d1fd1e3d3b3991297e03cd3995619fd2e060bfe1ff2fce0faf76d1cc543adf0f946156144f144a0",,"2025-01-24T17:55:00.000","30","NO CONTROLS","NO CONTROLS","CLEAR","DARKNESS, LIGHTED ROAD","TURNING","CENTER TURN LANE",,"STRAIGHT AND LEVEL","DRY","NO DEFECTS","ON SCENE","NO INJURY / DRIVE AWAY",,,,"OVER $1,500","2025-01-24T17:58:00.000","FAILING TO YIELD RIGHT-OF-WAY","NOT APPLICABLE","5100","S","KEDZIE AVE","822",,,,,,,"2","NO INDICATION OF INJURY","0","0","0","0","0","2","0","17","6","1","41.8007272599","-87.7039102174","POINT (-87.703910217369 41.800727259896)"
"5b7ec4e8c3d93446a7a9215fc9a2c9225e76b3019bdb327b1d5effccb45725f7690224f69698fce6e778268bffbe983fee8928870730588cd65e6226455ab4a4",,"2025-01-24T17:53:00.000","30","TRAFFIC SIGNAL","FUNCTIONING PROPERLY","CLEAR","DARKNESS, LIGHTED ROAD","TURNING","NOT DIVIDED",,"STRAIGHT AND LEVEL","DRY","UNKNOWN","ON SCENE","INJURY AND / OR TOW DUE TO CRASH","Y",,,"OVER $1,500","2025-01-24T17:53:00.000","FAILING TO YIELD RIGHT-OF-WAY","NOT APPLICABLE","4659","W","FOSTER AVE","1712",,,,,,,"2","REPORTED, NOT EVIDENT","2","0","0","0","2","2","0","17","6","1","41.9752634894","-87.745294701","POINT (-87.745294701024 41.975263489391)"
"bdae26bc82944b29bab7f09d4a375c3b48e21261b45daf59268ee6874257003eba7e2480c24488c9fcc48557c29888ad010412307dcf455dd5a57074cb67a082",,"2025-01-24T17:50:00.000","30","NO CONTROLS","NO CONTROLS","CLEAR","DARKNESS","REAR END","NOT DIVIDED",,"STRAIGHT AND LEVEL","DRY","NO DEFECTS","NOT ON SCENE (DESK REPORT)","NO INJURY / DRIVE AWAY",,,,"$501 - $1,500","2025-01-24T18:13:00.000","FOLLOWING TOO CLOSELY","FOLLOWING TOO CLOSELY","5210","N","NORTHWEST HWY","1622",,,,,,,"2","NO INDICATION OF INJURY","0","0","0","0","0","2","0","17","6","1","41.9752580672","-87.7688065673","POINT (-87.768806567279 41.975258067213)"
"c2eea17eeda140d70a356ac1f26726fd1b91ed6f17d22515a31a92c760616877d8c8290fe382762bbc5830349af8e7fdf8d3c07a0d4331f608c4d98ee4b1781f",,"2025-01-24T17:50:00.000","30","UNKNOWN","UNKNOWN","UNKNOWN","UNKNOWN","REAR TO SIDE","PARKING LOT",,"STRAIGHT AND LEVEL","UNKNOWN","UNKNOWN","NOT ON SCENE (DESK REPORT)","NO INJURY / DRIVE AWAY",,,,"OVER $1,500","2025-01-25T02:00:00.000","IMPROPER BACKING","NOT APPLICABLE","368","N","MAY ST","1214",,,,,,,"2","NO INDICATION OF INJURY","0","0","0","0","0","2","0","17","6","1","41.888792865","-87.6558785671","POINT (-87.655878567102 41.888792864961)"
"1387831e25d546e6666941d03466233e371065dd4674a0c723c68b23ccbcaf2f4b11900c8c16d3b4d74f4cb0fe8d846cafe92b1258e24ce0ab44611362e34e57",,"2025-01-24T17:46:00.000","25","NO CONTROLS","NO CONTROLS","CLEAR","DARKNESS, LIGHTED ROAD","SIDESWIPE SAME DIRECTION","NOT DIVIDED",,"STRAIGHT AND LEVEL","DRY","NO DEFECTS","NOT ON SCENE (DESK REPORT)","NO INJURY / DRIVE AWAY",,,"Y","$501 - $1,500","2025-01-24T20:45:00.000","IMPROPER OVERTAKING/PASSING","IMPROPER OVERTAKING/PASSING","2700","N","HALSTED ST","1935",,,,,,,"2","NO INDICATION OF INJURY","0","0","0","0","0","2","0","17","6","1","41.9315732915","-87.6491188506","POINT (-87.649118850575 41.931573291519)"
"7b20f9a2d88b2fe083c85cd4cba68711c7f5549340251d7af7bbd2659062007d3b285ba40525d28c6af9953aa056919c4968827242309344454ef7a068a6d615",,"2025-01-24T17:45:00.000","30","NO CONTROLS","NO CONTROLS","UNKNOWN","DARKNESS, LIGHTED ROAD","REAR END","NOT DIVIDED",,"STRAIGHT AND LEVEL","UNKNOWN","UNKNOWN","NOT ON SCENE (DESK REPORT)","NO INJURY / DRIVE AWAY",,,,"OVER $1,500","2025-01-25T10:34:00.000","UNABLE TO DETERMINE","DRIVING SKILLS/KNOWLEDGE/EXPERIENCE","7701","S","STATE ST","623",,,,,,,"2","NO INDICATION OF INJURY","0","0","0","0","0","2","0","17","6","1","41.7545043074","-87.6244958508","POINT (-87.624495850838 41.754504307393)"
"f2a874f87af7d93fc5a1fb27d0e74bd2d4152919086615cbe7643de27bf1d4fe4cf64c9bc4ebd4300d57cd194dfb75f8e71a49fbed04557a70ec46ed366f913e",,"2025-01-24T17:45:00.000","30","NO CONTROLS","NO CONTROLS","CLEAR","DARKNESS, LIGHTED ROAD","SIDESWIPE SAME DIRECTION","NOT DIVIDED",,"STRAIGHT AND LEVEL","DRY","NO DEFECTS","ON SCENE","NO INJURY / DRIVE AWAY",,,,"OVER $1,500","2025-01-28T10:30:00.000","UNABLE TO DETERMINE","UNABLE TO DETERMINE","547","W","47TH ST","935",,,,,,,"2","NO INDICATION OF INJURY","0","0","0","0","0","2","0","17","6","1","41.8088531537","-87.6400974852","POINT (-87.640097485203 41.808853153697)"
"ab32fcfca0945cee3ba14b24fa74d8f7f70ba66e1302678e02412a51d8ad343bbcb743b61cfe959de860a9316face0a8be9fae233bd04f6ba911e01b070d43fd",,"2025-01-24T17:40:00.000","30","NO CONTROLS","UNKNOWN","SNOW","DARKNESS, LIGHTED ROAD","SIDESWIPE SAME DIRECTION","ONE-WAY",,"STRAIGHT AND LEVEL","WET","UNKNOWN","ON SCENE","INJURY AND / OR TOW DUE TO CRASH",,,"Y","OVER $1,500","2025-01-24T17:45:00.000","UNABLE TO DETERMINE","UNABLE TO DETERMINE","4746","S","SEELEY AVE","931",,,,,,,"2","NO INDICATION OF INJURY","0","0","0","0","0","2","0","17","6","1","41.8071044435","-87.6760113126","POINT (-87.676011312603 41.807104443466)"
"484240f9283a6d4a857033a0741f62c26c8d0af8eb0f03dccdb53d82e32742fc6d63b36691931cdb7a997da8b2d3e1b96e6061d30e92273d2ffbecc7e487ce8a",,"2025-01-24T17:35:00.000","30","TRAFFIC SIGNAL","FUNCTIONING PROPERLY","CLEAR","DARKNESS, LIGHTED ROAD","ANGLE","DIVIDED - W/MEDIAN (NOT RAISED)",,"STRAIGHT AND LEVEL","DRY","NO DEFECTS","NOT ON SCENE (DESK REPORT)","INJURY AND / OR TOW DUE TO CRASH",,,"Y","$501 - $1,500","2025-01-26T11:20:00.000","IMPROPER OVERTAKING/PASSING","FAILING TO YIELD RIGHT-OF-WAY","4821","W","FULLERTON AVE","2522",,,,,,,"2","NONINCAPACITATING INJURY","1","0","0","1","0","4","0","17","6","1","41.9241172385","-87.7471846142","POINT (-87.747184614166 41.924117238451)"
"578ca15ca28c71d1205bd35d4a717fd86c0443e9e699a55ab531edfae71d4b7670cf86762c355a39c0dce3995a13f37d24aa7cc7cd34496b0df50b06b05fa9d6",,"2025-01-24T17:30:00.000","30","TRAFFIC SIGNAL","FUNCTIONING PROPERLY","CLEAR","DARKNESS, LIGHTED ROAD","TURNING","ONE-WAY",,"STRAIGHT AND LEVEL","WET","NO DEFECTS",,"NO INJURY / DRIVE AWAY","Y",,,"OVER $1,500","2025-01-24T17:45:00.000","FAILING TO YIELD RIGHT-OF-WAY","DRIVING SKILLS/KNOWLEDGE/EXPERIENCE","600","N","MICHIGAN AVE","1834",,,,,,,"2","NO INDICATION OF INJURY","0","0","0","0","0","2","0","17","6","1","41.8925932255","-87.6243340479","POINT (-87.624334047949 41.892593225538)"
"723ace10cccfea9b1d64d95e33ec822657b02b352a56eba2e6e9e89a6eb0c8c2c2a2b3bc1f23fdd775b1258752662cc9205241108927f309e0578653546770d2",,"2025-01-24T17:30:00.000","30","NO CONTROLS","NO CONTROLS","UNKNOWN","UNKNOWN","SIDESWIPE SAME DIRECTION","OTHER",,"STRAIGHT AND LEVEL","UNKNOWN","UNKNOWN","NOT ON SCENE (DESK REPORT)","NO INJURY / DRIVE AWAY","Y",,,"OVER $1,500","2025-01-24T20:26:00.000","UNABLE TO DETERMINE","UNABLE TO DETERMINE","333","W","35TH ST","915",,,,,,,"2","NO INDICATION OF INJURY","0","0","0","0","0","2","0","17","6","1","41.8307836623","-87.635295783","POINT (-87.635295783045 41.830783662283)"
"f359bfd9fc4bc2e3375effa7443950b0fa2892c5e389636fcfb71f823f6f6bada04edeae5ef5353702ca7bdded599ebf10d3f97fe96d0abe2080ff491051b8c4",,"2025-01-24T17:30:00.000","30","STOP SIGN/FLASHER","FUNCTIONING PROPERLY","CLEAR","DARKNESS, LIGHTED ROAD","PEDESTRIAN","ONE-WAY",,"STRAIGHT AND LEVEL","DRY","NO DEFECTS","ON SCENE","INJURY AND / OR TOW DUE TO CRASH","Y",,"Y","OVER $1,500","2025-01-24T17:30:00.000","FAILING TO YIELD RIGHT-OF-WAY","NOT APPLICABLE","7859","S","HONORE ST","611",,,,,,,"2","NONINCAPACITATING INJURY","1","0","0","1","0","1","0","17","6","1","41.7503714866","-87.6693522891","POINT (-87.669352289146 41.750371486551)"
"2a8e9a10a4fc72e8b82470a69b3577f9fddb460753f2a986bddd68e5a6538ece5aa8fe36c6a57288593623915f1c8f66ca748ed540a28ad9407c59e8477374b2",,"2025-01-24T17:29:00.000","30","TRAFFIC SIGNAL","FUNCTIONING PROPERLY","CLEAR","DARKNESS, LIGHTED ROAD","PEDALCYCLIST","NOT DIVIDED",,"STRAIGHT AND LEVEL","DRY","NO DEFECTS","ON SCENE","INJURY AND / OR TOW DUE TO CRASH",,,,"$501 - $1,500","2025-01-24T17:30:00.000","FAILING TO YIELD RIGHT-OF-WAY","IMPROPER OVERTAKING/PASSING","211","E","CHICAGO AVE","1833",,,,,,,"2","REPORTED, NOT EVIDENT","1","0","0","0","1","1","0","17","6","1","41.896653138","-87.6222396624","POINT (-87.622239662353 41.896653138028)"
"275f70e6379aa0c14a3b98880a4d4e30c06218bb14ae1b2e5b96f007f313955a6bc532f0678d585870f66aa2d127d958f263491f546d619d1d2afb8fc75198d8",,"2025-01-24T17:28:00.000","30","NO CONTROLS","NO CONTROLS","CLEAR","DARKNESS, LIGHTED ROAD","ANGLE","NOT DIVIDED",,"STRAIGHT AND LEVEL","WET","NO DEFECTS","NOT ON SCENE (DESK REPORT)","NO INJURY / DRIVE AWAY",,,"Y","OVER $1,500","2025-01-25T17:40:00.000","FAILING TO YIELD RIGHT-OF-WAY","UNABLE TO DETERMINE","4000","W","LAKE ST","1114",,,,,,,"2","NO INDICATION OF INJURY","0","0","0","0","0","2","0","17","6","1","41.8855803183","-87.7259219239","POINT (-87.725921923893 41.885580318349)"
"5ac3ff5661c0edc1bfc5bbe93c2d4cdc784b7aa1e986d7e351bc7ab189a49b042849d4b7ad0d7cb4797d39a88095bc746564e508359cfadf544e3b75ed400bae",,"2025-01-24T17:28:00.000","30","NO CONTROLS","NO CONTROLS","CLEAR","DARKNESS, LIGHTED ROAD","SIDESWIPE SAME DIRECTION","NOT DIVIDED",,"STRAIGHT AND LEVEL","WET","NO DEFECTS","NOT ON SCENE (DESK REPORT)","NO INJURY / DRIVE AWAY",,,,"OVER $1,500","2025-01-24T17:55:00.000","IMPROPER LANE USAGE","UNABLE TO DETERMINE","5500","W","MONTROSE AVE","1623",,,,,,,"2","NO INDICATION OF INJURY","0","0","0","0","0","2","0","17","6","1","41.9606195527","-87.7649039347","POINT (-87.764903934707 41.960619552722)"
"e2add0658211777c84f04809270904cfb6871efd0fbf26d44804b7dc5878386837afb5cf4fd0767d46a0a7eeaff24fa7f4117f79657ec9e9be05556bf3b9f1f7",,"2025-01-24T17:27:00.000","15","NO CONTROLS","NO CONTROLS","CLOUDY/OVERCAST","DUSK","PARKED MOTOR VEHICLE","PARKING LOT",,"STRAIGHT AND LEVEL","DRY","NO DEFECTS","NOT ON SCENE (DESK REPORT)","NO INJURY / DRIVE AWAY",,,,"$501 - $1,500","2025-01-24T19:15:00.000","UNABLE TO DETERMINE","UNABLE TO DETERMINE","1622","W","JACKSON BLVD","1231",,,,,,,"2","NO INDICATION OF INJURY","0","0","0","0","0","1","0","17","6","1","41.8777185871","-87.667671616","POINT (-87.667671616042 41.877718587134)"
"425fbe8c36d3f17ffcba19681e1cb65c62c6f5f21c87901358b7cec3e6805082de2cf713088b9e35882266e41f5874979fbc4df127427d744e02c115578276e1",,"2025-01-24T17:25:00.000","30","NO CONTROLS","UNKNOWN","CLEAR","DUSK","REAR END","NOT DIVIDED",,"STRAIGHT AND LEVEL","DRY","NO DEFECTS","ON SCENE","NO INJURY / DRIVE AWAY",,,,"OVER $1,500","2025-01-24T18:10:00.000","FOLLOWING TOO CLOSELY","NOT APPLICABLE","543","W","MARQUETTE RD","722",,,,,,,"3","NO INDICATION OF INJURY","0","0","0","0","0","3","0","17","6","1","41.7724604084","-87.6385803388","POINT (-87.638580338793 41.772460408374)"
"2712cc59ff0790486c3c7a42c5fe98fd871eafa21470609091e892314a47e48d7545d80331ae6101f800ce881e6dc56d93371df296ed3345f568ec65e9ebe37f",,"2025-01-24T17:20:00.000","30","TRAFFIC SIGNAL","FUNCTIONING PROPERLY","CLEAR","DARKNESS, LIGHTED ROAD","REAR END","DIVIDED - W/MEDIAN BARRIER",,"CURVE ON HILLCREST","DRY","RUT, HOLES","ON SCENE","INJURY AND / OR TOW DUE TO CRASH",,,,"OVER $1,500","2025-01-24T17:20:00.000","FAILING TO REDUCE SPEED TO AVOID CRASH","UNDER THE INFLUENCE OF ALCOHOL/DRUGS (USE WHEN ARREST IS EFFECTED)","3107","S","WESTERN AVE","912",,"Y",,,,,"4","NO INDICATION OF INJURY","0","0","0","0","0","4","0","17","6","1","41.8376055508","-87.6848035991","POINT (-87.684803599054 41.83760555076)"
"c8c9a114d054c33e43684a9d5ecfc00a699120d4fa6e37ca79e6afde6a7b31ff686cee23ff8d7e040b54aad30ec044d0863103fa10d2d2c392903c7e9788afe9",,"2025-01-24T17:20:00.000","30","TRAFFIC SIGNAL","FUNCTIONING PROPERLY","CLOUDY/OVERCAST","DARKNESS, LIGHTED ROAD","PEDESTRIAN","FOUR WAY",,"STRAIGHT AND LEVEL","DRY","NO DEFECTS","ON SCENE","INJURY AND / OR TOW DUE TO CRASH","Y",,,"$500 OR LESS","2025-01-24T17:20:00.000","FAILING TO YIELD RIGHT-OF-WAY","FAILING TO REDUCE SPEED TO AVOID CRASH","1200","W","FOSTER AVE","2013",,,,,,,"2","REPORTED, NOT EVIDENT","1","0","0","0","1","1","0","17","6","1","41.9764319202","-87.659931806","POINT (-87.65993180604 41.976431920185)"