"crash_record_id","crash_date_est_i","crash_date","posted_speed_limit","traffic_control_device","device_condition","weather_condition","lighting_condition","first_crash_type","trafficway_type","lane_cnt","alignment","roadway_surface_cond","road_defect","report_type","crash_type","intersection_related_i","private_property_i","hit_and_run_i","damage","date_police_notified","prim_contributory_cause","sec_contributory_cause","street_no","street_direction","street_name","beat_of_occurrence","photos_taken_i","statements_taken_i","dooring_i","work_zone_i","work_zone_type","workers_present_i","num_units","most_severe_injury","injuries_total","injuries_fatal","injuries_incapacitating","injuries_non_incapacitating","injuries_reported_not_evident","injuries_no_indication","injuries_unknown","crash_hour","crash_day_of_week","crash_month","latitude","longitude","location"
"39ea4a0caad9cb89498e8587d50fdd4bf017b7fe0345ffce92cbfcc2f22eb9643953e72d25dc0b00d0fba2e07cd3e3ff357b0928a8017e00d340e9cd9cacd45d",,"2025-01-24T17:15:00.000","30","UNKNOWN","UNKNOWN","UNKNOWN","DAYLIGHT","PARKED MOTOR VEHICLE","PARKING LOT",,"STRAIGHT AND LEVEL","UNKNOWN","UNKNOWN","NOT ON SCENE (DESK REPORT)","NO INJURY / DRIVE AWAY",,,"Y","OVER $1,500","2025-01-29T19:00:00.000","UNABLE TO DETERMINE","UNABLE TO DETERMINE","355","E","OHIO ST","1834",,,,,,,"2","NO INDICATION OF INJURY","0","0","0","0","0","1","0","17","6","1","41.8925247608","-87.6181338265","POINT (-87.618133826548 41.892524760767)"
"89e775220f6cacb1133f260a5e84c8443921c9996f40c0054ee3a25c786dd65527d8ae451cca002c423af4a6fea0ac86ad52ab0d1724ea08354cf39822056fd5",,"2025-01-24T17:15:00.000","30","NO CONTROLS","NO CONTROLS","CLEAR","DUSK","PARKED MOTOR VEHICLE","PARKING LOT",,"STRAIGHT AND LEVEL","DRY","NO DEFECTS","NOT ON SCENE (DESK REPORT)","NO INJURY / DRIVE AWAY",,,"Y","OVER $1,500","2025-01-25T16:15:00.000","UNABLE TO DETERMINE","NOT APPLICABLE","112","W","87TH ST","622","Y",,,,,,"2","NO INDICATION OF INJURY","0","0","0","0","0","1","0","17","6","1","41.7363800456","-87.627509219","POINT (-87.627509219026 41.736380045588)"
"46fec2ce26fb4acfd18321311a7d739840c30c89462fefc2d0903c1edbdf256d72f02843bc8951c0b499cd4b56574a0d104672ce25a2caf7fafab9c721275832",,"2025-01-24T17:10:00.000","30","STOP SIGN/FLASHER","FUNCTIONING PROPERLY","CLEAR","DARKNESS, LIGHTED ROAD","TURNING","T-INTERSECTION",,"STRAIGHT AND LEVEL","DRY","NO DEFECTS","ON SCENE","INJURY AND / OR TOW DUE TO CRASH","Y",,,"OVER $1,500","2025-01-24T17:13:00.000","UNABLE TO DETERMINE","UNABLE TO DETERMINE","1200","W","73RD PL","734",,,,,,,"2","REPORTED, NOT EVIDENT","1","0","0","0","1","2","0","17","6","1","41.760616155","-87.6541577132","POINT (-87.654157713217 41.760616154969)"
"1bed7244abc404b39ff2dd1d095e16c90737b3352b1b945b4717208f9206b266fdc8cd6a90e34d71819d707d6870704489083445b7ddf8dda8c6e0f046d32c88",,"2025-01-24T17:00:00.000","25","NO CONTROLS","NO CONTROLS","CLEAR","DAYLIGHT","PARKED MOTOR VEHICLE","ONE-WAY",,"STRAIGHT AND LEVEL","DRY","NO DEFECTS","NOT ON SCENE (DESK REPORT)","NO INJURY / DRIVE AWAY",,,"Y","OVER $1,500","2025-01-25T13:20:00.000","UNABLE TO DETERMINE","NOT APPLICABLE","5150","S","TALMAN AVE","923",,,,,,,"2","NO INDICATION OF INJURY","0","0","0","0","0","1","0","17","6","1","41.7995414386","-87.6904451699","POINT (-87.690445169925 41.799541438552)"
"dd91fc433fd5f3d14988cff0b8c3fe308acc08402c79e824e22af125ae515ea91dd6e409ae0721f512681979a3f262a95378bc404915fa6284f5d9d6830756e8",,"2025-01-24T17:00:00.000","30","UNKNOWN","UNKNOWN","CLEAR","UNKNOWN","TURNING","FOUR WAY",,"STRAIGHT AND LEVEL","UNKNOWN","UNKNOWN","NOT ON SCENE (DESK REPORT)","NO INJURY / DRIVE AWAY","Y",,,"$501 - $1,500","2025-01-29T20:10:00.000","UNABLE TO DETERMINE","UNABLE TO DETERMINE","1525","W","CORTLAND ST","1433",,,,,,,"2","NO INDICATION OF INJURY","0","0","0","0","0","2","0","17","6","1","41.9163625315","-87.666311232","POINT (-87.666311231958 41.91636253151)"
"c52cf8a96c38d25765f3c45d36fb59c25c0648f43a769d9b851a7f9a8b9d085483617607d2a5123684ed1d3f784a4056b93151d7af6f724e8d8c43eea6b1a62c",,"2025-01-24T16:56:00.000","30","STOP SIGN/FLASHER","FUNCTIONING PROPERLY","CLEAR","DAYLIGHT","ANGLE","FOUR WAY",,"STRAIGHT AND LEVEL","DRY","NO DEFECTS","NOT ON SCENE (DESK REPORT)","NO INJURY / DRIVE AWAY","Y",,,"OVER $1,500","2025-01-24T17:20:00.000","FAILING TO YIELD RIGHT-OF-WAY","NOT APPLICABLE","4100","N","WESTERN AVE","1911",,,,,,,"2","NO INDICATION OF INJURY","0","0","0","0","0","2","0","16","6","1","41.9558900695","-87.6886687943","POINT (-87.688668794285 41.955890069463)"
"3c0548d3489c86933252cf3a464019e2339da63a81367b372146d133da084b7958a7e170efe752a4228f10d1aabc24462182eead1c41793fca8bbdad492c0fbd",,"2025-01-24T16:52:00.000","30","NO CONTROLS","NO CONTROLS","CLEAR","DARKNESS, LIGHTED ROAD","ANGLE","NOT DIVIDED",,"STRAIGHT AND LEVEL","DRY","NO DEFECTS","NOT ON SCENE (DESK REPORT)","NO INJURY / DRIVE AWAY",,,,"OVER $1,500","2025-01-24T17:30:00.000","IMPROPER LANE USAGE","DRIVING ON WRONG SIDE/WRONG WAY","3319","N","ASHLAND AVE","1922",,,,,,,"2","NO INDICATION OF INJURY","0","0","0","0","0","2","0","16","6","1","41.9421306677","-87.6685827601","POINT (-87.668582760122 41.942130667711)"
"3d331acb351ede8b4136ed3c667b5a2a08df215d45f1c7fef1abca4c15c88c57e086511a4a1c3f37af6f772fd228346c9d179cf08b9dec186c79b733ce57d2bd",,"2025-01-24T16:52:00.000","30","TRAFFIC SIGNAL","FUNCTIONING PROPERLY","CLEAR","DUSK","REAR END","DIVIDED - W/MEDIAN (NOT RAISED)",,"STRAIGHT AND LEVEL","DRY","NO DEFECTS","NOT ON SCENE (DESK REPORT)","INJURY AND / OR TOW DUE TO CRASH",,,,"OVER $1,500","2025-01-24T19:10:00.000","TEXTING","NOT APPLICABLE","4956","W","WASHINGTON BLVD","1532",,,,,,,"2","NONINCAPACITATING INJURY","1","0","0","1","0","2","0","16","6","1","41.8818650349","-87.7500280419","POINT (-87.750028041907 41.881865034931)"
"20d60ccfcf9602be09fca8251ae748799bb5e955eed455386bbdbed93eca970c99f1cd80d41f42bfa9cc44793fc14e3ab8f25556ee238ad5241d5eac7eb36061",,"2025-01-24T16:49:00.000","30","UNKNOWN","UNKNOWN","UNKNOWN","DUSK","TURNING","DIVIDED - W/MEDIAN (NOT RAISED)",,"STRAIGHT AND LEVEL","UNKNOWN","UNKNOWN","NOT ON SCENE (DESK REPORT)","NO INJURY / DRIVE AWAY",,,,"OVER $1,500","2025-01-24T17:22:00.000","IMPROPER TURNING/NO SIGNAL","DRIVING SKILLS/KNOWLEDGE/EXPERIENCE","1623","W","DIVISION ST","1213",,,,,,,"2","NO INDICATION OF INJURY","0","0","0","0","0","2","0","16","6","1","41.9032215627","-87.6684859572","POINT (-87.668485957233 41.903221562685)"
"feb6f1833b33388b6379fb4c1e1a3371870459bad1db373cff16d092ccd8589b5d1f84a9c604cc510a692e21d5c0e163976d8866e77039ee1e31ba254be0b45b",,"2025-01-24T16:47:00.000","30","STOP SIGN/FLASHER","FUNCTIONING PROPERLY","CLEAR","DAYLIGHT","REAR END","FOUR WAY",,"STRAIGHT AND LEVEL","DRY","NO DEFECTS","ON SCENE","NO INJURY / DRIVE AWAY","Y",,,"OVER $1,500","2025-01-24T16:48:00.000","DISTRACTION - FROM INSIDE VEHICLE","FAILING TO REDUCE SPEED TO AVOID CRASH","1800","W","69TH ST","726",,,,,,,"2","NO INDICATION OF INJURY","0","0","0","0","0","10","0","16","6","1","41.7686045673","-87.6688367208","POINT (-87.668836720835 41.768604567274)"
"69c6c5c901f4c333f45fb4c14f960b4d984f84d9d9ef86b146317463a0e37095757ce20ebc5e26657cfaeef68bf74b4f6f6ae56ce804c93e2e899067a75488c7",,"2025-01-24T16:31:00.000","30","NO CONTROLS","NO CONTROLS","CLEAR","DUSK","PARKED MOTOR VEHICLE","NOT DIVIDED",,"STRAIGHT AND LEVEL","DRY","UNKNOWN","ON SCENE","NO INJURY / DRIVE AWAY",,,"Y","OVER $1,500","2025-01-24T16:42:00.000","IMPROPER OVERTAKING/PASSING","NOT APPLICABLE","3402","W","BERTEAU AVE","1723",,,,,,,"2","NO INDICATION OF INJURY","0","0","0","0","0","1","0","16","6","1","41.9575984425","-87.7131689788","POINT (-87.713168978789 41.957598442483)"
"08e40c982eab1e3aba612b4a0483536a0dc8e94f9c8dc1764cfbaae51da8f2ea8c9c24480e42ef359df37f286292a713b3ca9b58d74e29d4e1ad59c2324489e2",,"2025-01-24T16:25:00.000","30","TRAFFIC SIGNAL","FUNCTIONING PROPERLY","CLEAR","DAYLIGHT","REAR TO FRONT","FOUR WAY",,"STRAIGHT AND LEVEL","DRY","UNKNOWN","ON SCENE","NO INJURY / DRIVE AWAY","Y",,,"$500 OR LESS","2025-01-24T16:31:00.000","UNABLE TO DETERMINE","UNABLE TO DETERMINE","6858","W","IRVING PARK RD","1632",,,,,,,"2","NO INDICATION OF INJURY","0","0","0","0","0","2","0","16","6","1","41.9528527962","-87.798645129","POINT (-87.798645128951 41.952852796238)"
"45fd7951933fdc6b9865e63b6c8cb9afed2608b20afcc50328c674d3b809abdf16e8326804911e57084f9672475662ab066097ef46c039403cc9c2c90263e257",,"2025-01-24T16:24:00.000","40","NO CONTROLS","NO CONTROLS","CLEAR","DAYLIGHT","REAR END","DIVIDED - W/MEDIAN BARRIER",,"STRAIGHT AND LEVEL","ICE","NO DEFECTS","ON SCENE","INJURY AND / OR TOW DUE TO CRASH",,,,"OVER $1,500","2025-01-24T16:25:00.000","UNABLE TO DETERMINE","UNABLE TO DETERMINE","11001","W","IRVING PARK RD","1654",,,,,,,"2","NO INDICATION OF INJURY","0","0","0","0","0","2","0","16","6","1","41.9509225456","-87.8980962479","POINT (-87.89809624786 41.95092254564)"
"c507cc922edcc4b3a12fd0848cb33c3e199f5761174aae42590d231d09eec84f3bfa004d7755dbf9a9ec7301fa021be56301a1e9cdcb1964c9e5094efa528cac",,"2025-01-24T16:11:00.000","20","NO CONTROLS","NO CONTROLS","CLEAR","DAYLIGHT","PARKED MOTOR VEHICLE","ALLEY",,"STRAIGHT AND LEVEL","SNOW OR SLUSH","NO DEFECTS","ON SCENE","NO INJURY / DRIVE AWAY",,,"Y","OVER $1,500","2025-01-24T16:11:00.000","DRIVING SKILLS/KNOWLEDGE/EXPERIENCE","OPERATING VEHICLE IN ERRATIC, RECKLESS, CARELESS, NEGLIGENT OR AGGRESSIVE MANNER","368","E","81ST ST","623",,,,,,,"2","NO INDICATION OF INJURY","0","0","0","0","0","3","0","16","6","1","41.74756456","-87.6153975821","POINT (-87.615397582065 41.747564559953)"
"1929617da25e56bc29a20ceaf068cd192f16cf4755bf79e248eee90993d94f1599ae0f90e54a37ea78cd3c64c70f9bae6dae2784d8d84c203fd5fad8d761a444",,"2025-01-24T16:00:00.000","30","NO CONTROLS","NO CONTROLS","UNKNOWN","UNKNOWN","PARKED MOTOR VEHICLE","NOT DIVIDED",,"STRAIGHT AND LEVEL","UNKNOWN","UNKNOWN","NOT ON SCENE (DESK REPORT)","NO INJURY / DRIVE AWAY",,,,"$501 - $1,500","2025-01-24T17:00:00.000","UNABLE TO DETERMINE","NOT APPLICABLE","2419","N","OAK PARK AVE","2512",,,,,,,"2","NO INDICATION OF INJURY","0","0","0","0","0","1","0","16","6","1","41.9242006054","-87.7951144285","POINT (-87.795114428517 41.924200605443)"
"bbae85eeb34fe8ccfbc9291d4f6480b34e54fec97e1dc0640d5c90ad09a0e5b680308cb4729d225b52cd5cbcb1ff4f5663eb089fc52e6db3767da739eea01eb8","Y","2025-01-24T15:53:00.000","30","NO CONTROLS","UNKNOWN","CLEAR","DAYLIGHT","SIDESWIPE SAME DIRECTION","NOT DIVIDED",,"STRAIGHT AND LEVEL","UNKNOWN","UNKNOWN","ON SCENE","NO INJURY / DRIVE AWAY",,,"Y","$500 OR LESS","2025-01-24T16:10:00.000","UNABLE TO DETERMINE","NOT APPLICABLE","4360","S","ARCHER AVE","821",,,,,,,"2","NO INDICATION OF INJURY","0","0","0","0","0","2","0","15","6","1","41.814224081","-87.7042618993","POINT (-87.704261899341 41.814224080998)"
"d63a629da7a290daf0168d123ac86933e3086143536e32bb6ea637880c047544ea59ffab12b81b4de235c60753013d1c657566a346bdb579061ad45c815351ad",,"2025-01-24T15:51:00.000","10","NO CONTROLS","OTHER","CLEAR","DAYLIGHT","TURNING","PARKING LOT",,"STRAIGHT AND LEVEL","DRY","NO DEFECTS","NOT ON SCENE (DESK REPORT)","NO INJURY / DRIVE AWAY",,,,"OVER $1,500","2025-01-24T16:45:00.000","UNABLE TO DETERMINE","UNABLE TO DETERMINE","7030","S","ASHLAND AVE","735",,,,,,,"2","NO INDICATION OF INJURY","0","0","0","0","0","3","0","15","6","1","41.7657907704","-87.6639668865","POINT (-87.663966886455 41.765790770432)"
"85af1dd52fd0034f8570aca07356182869fd69c1e0dbcb9afc0683fca259435d3698510e8d1860fb175d2edef2713c5e4c31182d70401812d522a53ee5b4e7db",,"2025-01-24T15:50:00.000","30","NO CONTROLS","NO CONTROLS","CLEAR","DAYLIGHT","REAR END","NOT DIVIDED",,"STRAIGHT AND LEVEL","DRY","NO DEFECTS","NOT ON SCENE (DESK REPORT)","NO INJURY / DRIVE AWAY",,,,"$501 - $1,500","2025-01-24T16:09:00.000","FOLLOWING TOO CLOSELY","NOT APPLICABLE","5900","S","PULASKI RD","813",,,,,,,"2","NO INDICATION OF INJURY","0","0","0","0","0","2","0","15","6","1","41.7858884944","-87.7231065914","POINT (-87.72310659145 41.785888494434)"
"e76bc8e9d375425eff4550499f3fb793bbf907cbad7d690233cc91fdb1bdad6ab7c04c7ed3c612243ba879a13590906ae6d9e329d2a2a0ca862ddcd7097e8478",,"2025-01-24T15:48:00.000","25","TRAFFIC SIGNAL","FUNCTIONING PROPERLY","CLEAR","DAYLIGHT","ANGLE","FOUR WAY",,"STRAIGHT AND LEVEL","SNOW OR SLUSH","NO DEFECTS","ON SCENE","INJURY AND / OR TOW DUE TO CRASH","Y",,,"OVER $1,500","2025-01-24T15:48:00.000","UNABLE TO DETERMINE","UNABLE TO DETERMINE","2200","S","KOSTNER AVE","1013",,,,,,,"2","REPORTED, NOT EVIDENT","3","0","0","0","3","0","0","15","6","1","41.8513038525","-87.7346451379","POINT (-87.734645137918 41.851303852482)"
"0567b27b9b310ca6d75d9d728cb4c188a507ba47abfbbaa40e3cb75bc1a67ee1ae918ab1a75b14882b6582ab7cc023a09d653093776417344ec5cd81afe5fe5f",,"2025-01-24T15:47:00.000","30","TRAFFIC SIGNAL","FUNCTIONING PROPERLY","CLOUDY/OVERCAST","DAYLIGHT","REAR END","DIVIDED - W/MEDIAN (NOT RAISED)",,"STRAIGHT AND LEVEL","DRY","NO DEFECTS","ON SCENE","INJURY AND / OR TOW DUE TO CRASH","N",,,"OVER $1,500","2025-01-24T15:47:00.000","FOLLOWING TOO CLOSELY","NOT APPLICABLE","1","N","KEDZIE AVE","1222",,,,,,,"2","NONINCAPACITATING INJURY","3","0","0","3","0","0","0","15","6","1","41.8810204285","-87.7059771275","POINT (-87.705977127541 41.881020428529)"
"315dbef7ed6728242dd824930a55db5466bef3b88b7e15bab1763dd28aa8e06d09b9e0eae587dd1255d275eff1799a0c1c128d308f7761df20b36c0a58859318",,"2025-01-24T15:45:00.000","30","TRAFFIC SIGNAL","FUNCTIONING PROPERLY","CLEAR","DAYLIGHT","SIDESWIPE SAME DIRECTION","NOT DIVIDED",,"STRAIGHT AND LEVEL","DRY","NO DEFECTS",,"INJURY AND / OR TOW DUE TO CRASH",,,,"OVER $1,500","2025-01-24T15:56:00.000","FAILING TO YIELD RIGHT-OF-WAY","UNABLE TO DETERMINE","2958","W","ADDISON ST","1733",,,,,,,"3","REPORTED, NOT EVIDENT","1","0","0","0","1","5","0","15","6","1","41.9467631666","-87.7028645472","POINT (-87.702864547197 41.9467631666)"
"8e4d0219204c7f84e3a27d0735793c61b1a56aae5be634b39ce2b8cfd92d6282b0f8093c07fb469c510d4cd1acec2ef3554d6e192070244cddb672bf57985c24",,"2025-01-24T15:45:00.000","30","STOP SIGN/FLASHER","FUNCTIONING PROPERLY","CLEAR","DAYLIGHT","REAR END","DIVIDED - W/MEDIAN (NOT RAISED)",,"STRAIGHT AND LEVEL","DRY","NO DEFECTS","NOT ON SCENE (DESK REPORT)","NO INJURY / DRIVE AWAY","Y",,,"OVER $1,500","2025-01-24T15:45:00.000","UNABLE TO DETERMINE","NOT APPLICABLE","2001","N","DAMEN AVE","1432",,,,,,,"2","NO INDICATION OF INJURY","0","0","0","0","0","3","0","15","6","1","41.9177988676","-87.6774759397","POINT (-87.677475939724 41.917798867589)"
"626e8b67ab4c8ccf26b75a3a753c37e8ea851e5f7a6ceb995a627453d3c157e61fe286624a9f0a9d5f887427775bbce0fc48f66ce6d80ed6b5e6e83ef75bc012",,"2025-01-24T15:43:00.000","30","NO CONTROLS","NO CONTROLS","CLEAR","DAYLIGHT","TURNING","FOUR WAY",,"STRAIGHT AND LEVEL","DRY","NO DEFECTS","ON SCENE","NO INJURY / DRIVE AWAY",,,,"OVER $1,500","2025-01-24T16:02:00.000","FAILING TO YIELD RIGHT-OF-WAY","NOT APPLICABLE","4130","W","31ST ST","1031",,,,,,,"2","NO INDICATION OF INJURY","0","0","0","0","0","4","0","15","6","1","41.8369503189","-87.7279367461","POINT (-87.727936746109 41.836950318884)"
"5f8c2e4ada6012324683d384a22b4054673cae9eab23a3520391639745b835f51741ceb1eba2392a7a2591b4125dd267095f02cbf41034bfba2da5b9a88cec50",,"2025-01-24T15:40:00.000","30","NO CONTROLS","NO CONTROLS","CLEAR","DAYLIGHT","TURNING","ONE-WAY",,"STRAIGHT AND LEVEL","DRY","NO DEFECTS","NOT ON SCENE (DESK REPORT)","NO INJURY / DRIVE AWAY",,,,"OVER $1,500","2025-01-24T16:15:00.000","IMPROPER OVERTAKING/PASSING","NOT APPLICABLE","3334","W","WASHINGTON BLVD","1123",,,,,,,"2","NO INDICATION OF INJURY","0","0","0","0","0","2","0","15","6","1","41.8828617064","-87.7100980298","POINT (-87.710098029776 41.882861706396)"
"03a4c9bb6c33100abd77584dcf17ffab8e1bb8409bf38728d30673f4f5ff49939680a749b4c886001ceaa62e2cf98dc316c0fdcca61bffdefaef60e15b66104b",,"2025-01-24T15:30:00.000","30","NO CONTROLS","NO CONTROLS","CLEAR","DUSK","PARKED MOTOR VEHICLE","DIVIDED - W/MEDIAN (NOT RAISED)",,"STRAIGHT AND LEVEL","DRY","NO DEFECTS","NOT ON SCENE (DESK REPORT)","NO INJURY / DRIVE AWAY",,,"Y","OVER $1,500","2025-01-24T16:14:00.000","DRIVING SKILLS/KNOWLEDGE/EXPERIENCE","NOT APPLICABLE","5735","W","FULLERTON AVE","2515",,,,,,,"2","NO INDICATION OF INJURY","0","0","0","0","0","2","0","15","6","1","41.9238117779","-87.7698520417","POINT (-87.769852041676 41.923811777907)"
"226bc59d04702c63591b19be53118986359014cf58d3333c4fb3d9f9aedcbce447c9ef6dd05738f731b24f9a3936ae501ad96578ef82ecdb37c01a2f39ced6a7",,"2025-01-24T15:30:00.000","30","NO CONTROLS","NO CONTROLS","CLEAR","DAYLIGHT","PARKED MOTOR VEHICLE","NOT DIVIDED",,"STRAIGHT AND LEVEL","DRY","NO DEFECTS","NOT ON SCENE (DESK REPORT)","NO INJURY / DRIVE AWAY",,,,"$501 - $1,500","2025-01-24T17:56:00.000","NOT APPLICABLE","NOT APPLICABLE","5030","S","ST LOUIS AVE","821",,,,,,,"2","NO INDICATION OF INJURY","0","0","0","0","0","3","0","15","6","1","41.8015872919","-87.7112802502","POINT (-87.711280250171 41.801587291879)"
"255b459ef3eedcaa3e37f4fcbe7cec39ae347580e24ead07a7704d2b7915da12c159f8f63d301b67e1eecffc12b4a9ea3bfae4cea0479d462f11f28bc46a9300",,"2025-01-24T15:30:00.000","30","NO CONTROLS","NO CONTROLS","CLEAR","DAYLIGHT","REAR END","NOT DIVIDED",,"STRAIGHT AND LEVEL","DRY","NO DEFECTS","NOT ON SCENE (DESK REPORT)","INJURY AND / OR TOW DUE TO CRASH",,,,"$501 - $1,500","2025-01-24T16:27:00.000","FOLLOWING TOO CLOSELY","NOT APPLICABLE","5500","S","CALIFORNIA AVE","824",,,,,,,"3","NONINCAPACITATING INJURY","1","0","0","1","0","3","0","15","6","1","41.7935975128","-87.6939420481","POINT (-87.6939420481 41.793597512795)"
"3bc821ce9bbf060dcbdb93eb65b9f56089545b6751cdd64c313fabf57e5e3864989301fab4d39336de698d815d4193b6cd01708360ffcc41414f51ddf523451f",,"2025-01-24T15:30:00.000","30","NO CONTROLS","NO CONTROLS","CLEAR","DAYLIGHT","REAR TO FRONT","NOT DIVIDED",,"STRAIGHT AND LEVEL","DRY","NO DEFECTS","NOT ON SCENE (DESK REPORT)","NO INJURY / DRIVE AWAY",,,"Y","$501 - $1,500","2025-01-24T16:33:00.000","NOT APPLICABLE","NOT APPLICABLE","4745","S","ROCKWELL ST","922",,,,,,,"2","NO INDICATION OF INJURY","0","0","0","0","0","3","0","15","6","1","41.8070595064","-87.6891407247","POINT (-87.689140724686 41.807059506405)"
"49d1069bdc6f1c8d0f92eddab63175b2c5e22c648029011ea81eecdb1000ae063cd8a1509379115e31b7a078cbd4cf988ce8de39d0b0f1e568babb4dbb83d4df",,"2025-01-24T15:30:00.000","30","NO CONTROLS","NO CONTROLS","CLEAR","DAYLIGHT","PARKED MOTOR VEHICLE","NOT DIVIDED",,"STRAIGHT AND LEVEL","DRY","NO DEFECTS","NOT ON SCENE (DESK REPORT)","NO INJURY / DRIVE AWAY",,,,"$501 - $1,500","2025-01-24T16:15:00.000","IMPROPER OVERTAKING/PASSING","UNABLE TO DETERMINE","664","W","101ST ST","2232","N",,,,,,"2","NO INDICATION OF INJURY","0","0","0","0","0","1","0","15","6","1","41.7107064875","-87.6404482318","POINT (-87.640448231772 41.710706487456)"
"82cbc946203da438c7390083cce54b64b0fe270c8a13ff932ea105dd23deeb75b8b0291fc3b96404f752d582a389fa45ea85960d5058d3da68adb55fe185d742",,"2025-01-24T15:30:00.000","30","NO CONTROLS","NO CONTROLS","CLEAR","DAYLIGHT","SIDESWIPE OPPOSITE DIRECTION","DIVIDED - W/MEDIAN (NOT RAISED)",,"STRAIGHT AND LEVEL","DRY","NO DEFECTS","NOT ON SCENE (DESK REPORT)","NO INJURY / DRIVE AWAY","N",,"Y","OVER $1,500","2025-01-24T15:55:00.000","UNABLE TO DETERMINE","UNABLE TO DETERMINE","4608","W","WASHINGTON BLVD","1113","Y",,,,,,"2","NO INDICATION OF INJURY","0","0","0","0","0","5","0","15","6","1","41.881978615","-87.740677576","POINT (-87.740677576031 41.881978614951)"
"af6d285a8a6d8f419b5801fa87f9a4c0bfb13de8fb9c26f04231595c67c28d088750350546e8e2fbf599083699d1b0badcb6bce2fc13e6dfb69fcaf3ae2ba679",,"2025-01-24T15:29:00.000","30","TRAFFIC SIGNAL","FUNCTIONING PROPERLY","CLEAR","DAYLIGHT","ANGLE","FOUR WAY",,"STRAIGHT AND LEVEL","DRY","NO DEFECTS",,"INJURY AND / OR TOW DUE TO CRASH","Y",,"Y","OVER $1,500","2025-01-24T15:29:00.000","DISREGARDING TRAFFIC SIGNALS","NOT APPLICABLE","1001","N","CICERO AVE","1111",,,,,,,"2","NO INDICATION OF INJURY","0","0","0","0","0","3","0","15","6","1","41.8987345045","-87.7457449335","POINT (-87.745744933529 41.898734504489)"
"06a8ac86e1b56e2a9ca380fee9832e6635b9b73bf1b73b87a794598b74787480dcaa0b450ac653df66b3cb5cc7c1ffa362032cff10f348bf72d661c5deb20d5a",,"2025-01-24T15:28:00.000","10","NO CONTROLS","NO CONTROLS","CLEAR","DAYLIGHT","PEDESTRIAN","OTHER",,"STRAIGHT AND LEVEL","UNKNOWN","UNKNOWN","ON SCENE","INJURY AND / OR TOW DUE TO CRASH",,"Y",,"$500 OR LESS","2025-01-24T15:28:00.000","UNABLE TO DETERMINE","NOT APPLICABLE","949","N","ELSTON AVE","1213",,,,,,,"2","NONINCAPACITATING INJURY","1","0","0","1","0","1","0","15","6","1","41.8997438676","-87.6564954575","POINT (-87.656495457518 41.899743867626)"
"434f2137ea2e7d735faca2c5ffaea2e8813c429ea8382136b4df8900515aeec268a8ea0c0bffb2c73208849095df57550a1433cd337ce6771958a75b860bc0f3",,"2025-01-24T15:28:00.000","30","NO CONTROLS","NO CONTROLS","CLEAR","DAYLIGHT","SIDESWIPE SAME DIRECTION","NOT DIVIDED",,"STRAIGHT AND LEVEL","DRY","UNKNOWN","NOT ON SCENE (DESK REPORT)","NO INJURY / DRIVE AWAY",,,"Y","OVER $1,500","2025-01-24T16:13:00.000","IMPROPER LANE USAGE","IMPROPER LANE USAGE","2324","W","111TH ST","2212",,,,,,,"2","NO INDICATION OF INJURY","0","0","0","0","0","3","0","15","6","1","41.6918974163","-87.6798562059","POINT (-87.679856205943 41.691897416253)"
"aa1cd44890812ec7fbc75a24b72f986cbbb471e835810b90c87e2077202bda5b3d839402cca18cc813e1c2a2f061d48a840bd4518b91beb7a8d7e76abc0c04dd",,"2025-01-24T15:28:00.000","25","NO CONTROLS","NO CONTROLS","CLEAR","DAYLIGHT","SIDESWIPE SAME DIRECTION","NOT DIVIDED",,"STRAIGHT AND LEVEL","DRY","NO DEFECTS","ON SCENE","NO INJURY / DRIVE AWAY",,,,"$501 - $1,500","2025-01-24T15:28:00.000","NOT APPLICABLE","NOT APPLICABLE","4741","S","INGLESIDE AVE","222",,,,,,,"2","NO INDICATION OF INJURY","0","0","0","0","0","3","0","15","6","1","41.8083055913","-87.6026333509","POINT (-87.602633350861 41.808305591255)"
"19675badd180bf90841063204b738f904d4dbba0b26fbf2ca7f0d61bc842a9c3c975d16918afbf07d551875926ecb56a3b125ed2950816c69237845fd4779788",,"2025-01-24T15:26:00.000","30","NO CONTROLS","NO CONTROLS","CLEAR","DAYLIGHT","REAR END","NOT DIVIDED",,"STRAIGHT AND LEVEL","DRY","NO DEFECTS","ON SCENE","INJURY AND / OR TOW DUE TO CRASH",,,,"OVER $1,500","2025-01-24T15:42:00.000","FAILING TO REDUCE SPEED TO AVOID CRASH","FOLLOWING TOO CLOSELY","6119","S","KEDZIE AVE","823",,,,,,,"2","REPORTED, NOT EVIDENT","2","0","0","0","2","1","0","15","6","1","41.7820398168","-87.7030766046","POINT (-87.703076604562 41.782039816834)"