"crash_record_id","crash_date_est_i","crash_date","posted_speed_limit","traffic_control_device","device_condition","weather_condition","lighting_condition","first_crash_type","trafficway_type","lane_cnt","alignment","roadway_surface_cond","road_defect","report_type","crash_type","intersection_related_i","private_property_i","hit_and_run_i","damage","date_police_notified","prim_contributory_cause","sec_contributory_cause","street_no","street_direction","street_name","beat_of_occurrence","photos_taken_i","statements_taken_i","dooring_i","work_zone_i","work_zone_type","workers_present_i","num_units","most_severe_injury","injuries_total","injuries_fatal","injuries_incapacitating","injuries_non_incapacitating","injuries_reported_not_evident","injuries_no_indication","injuries_unknown","crash_hour","crash_day_of_week","crash_month","latitude","longitude","location"
"48ff59c31c1c5b2f3b6d3b26ce1ad962dd17647b0d4c30c44b40617efb4f62762d0dd823c300ec2632b61a9a6abd0b7ec4a8f6e7c7f6d15ba6552492b17fdb7e",,"2025-01-24T15:26:00.000","30","UNKNOWN","UNKNOWN","CLEAR","DAYLIGHT","TURNING","FOUR WAY",,"STRAIGHT AND LEVEL","DRY","NO DEFECTS",,"NO INJURY / DRIVE AWAY","Y",,,"OVER $1,500","2025-01-24T15:26:00.000","FAILING TO YIELD RIGHT-OF-WAY","UNABLE TO DETERMINE","810","E","67TH ST","321","Y","Y",,,,,"2","NO INDICATION OF INJURY","0","0","0","0","0","2","0","15","6","1","41.7732562487","-87.6052897335","POINT (-87.605289733484 41.773256248686)"
"7243f0f95ea25c0637afd5652a3d25fecbee6b5086bc09d997483d21a100e1fc42d9739c38677f4c596e9db12c5e61e6f4dc6ab2359813ecf1b7d5ee7a97ec8b",,"2025-01-24T15:25:00.000","30","NO CONTROLS","NO CONTROLS","CLEAR","DAYLIGHT","PARKED MOTOR VEHICLE","NOT DIVIDED",,"STRAIGHT AND LEVEL","DRY","NO DEFECTS","NOT ON SCENE (DESK REPORT)","NO INJURY / DRIVE AWAY",,,"Y","OVER $1,500","2025-01-24T15:45:00.000","IMPROPER BACKING","NOT APPLICABLE","2404","W","DEVON AVE","2412",,,,,,,"2","NO INDICATION OF INJURY","0","0","0","0","0","1","0","15","6","1","41.9978342323","-87.6901175854","POINT (-87.690117585415 41.997834232253)"
"aa714b94ca01149ce8a5922b222aff99e3bf4c735e11890cfc2308568412e1262c7bf699baba75e41ae17f782771b512c5baf089242cd354d549c1bc63850c67",,"2025-01-24T15:18:00.000","30","NO CONTROLS","NO CONTROLS","CLEAR","DAYLIGHT","PARKED MOTOR VEHICLE","PARKING LOT",,"STRAIGHT AND LEVEL","SNOW OR SLUSH","NO DEFECTS","ON SCENE","NO INJURY / DRIVE AWAY",,,"Y","OVER $1,500","2025-01-24T17:09:00.000","UNABLE TO DETERMINE","UNABLE TO DETERMINE","2735","S","SACRAMENTO AVE","1033",,,,,,,"2","NO INDICATION OF INJURY","0","0","0","0","0","1","0","15","6","1","41.8417314554","-87.6999070416","POINT (-87.699907041599 41.841731455378)"
"90879058ee0ed4c886def1257068d824a29dadc7d9f247da0fe585f8fb756b2f34728ec2a3d61ee735634955f688d305239d73a209ccce42eeeb30ee0f085574",,"2025-01-24T15:15:00.000","30","STOP SIGN/FLASHER","FUNCTIONING PROPERLY","CLEAR","DAYLIGHT","ANGLE","NOT DIVIDED",,"STRAIGHT AND LEVEL","DRY","UNKNOWN","ON SCENE","INJURY AND / OR TOW DUE TO CRASH","Y",,,"OVER $1,500","2025-01-24T15:18:00.000","FAILING TO YIELD RIGHT-OF-WAY","FAILING TO YIELD RIGHT-OF-WAY","6521","W","HIGGINS AVE","1613",,,,,,,"2","NO INDICATION OF INJURY","0","0","0","0","0","3","0","15","6","1","41.9772546427","-87.7912210961","POINT (-87.791221096092 41.977254642682)"
"9346d32e9b8efd263b8e7a17a12ee39ee621c46c6783c5466c14618e519adc85a79c865edfec2932a920d972eb0e81405532c3607a5129384f1b89bc528171fd",,"2025-01-24T15:15:00.000","30","UNKNOWN","UNKNOWN","CLEAR","DAYLIGHT","SIDESWIPE SAME DIRECTION","NOT DIVIDED",,"STRAIGHT AND LEVEL","DRY","UNKNOWN","NOT ON SCENE (DESK REPORT)","NO INJURY / DRIVE AWAY",,,,"OVER $1,500","2025-01-24T16:14:00.000","UNABLE TO DETERMINE","UNABLE TO DETERMINE","333","W","OHIO ST","1831",,,,,,,"2","NO INDICATION OF INJURY","0","0","0","0","0","2","0","15","6","1","41.8922564267","-87.6370037614","POINT (-87.637003761424 41.892256426719)"
"9bf89d2dd750395907d8cea93dd7c4d5a80fbf6af15c90fa5570b8b325acf0d214944f268fcce8c710e56b2a1112aab139dd0496b48b5de5aeb48098cc58c13c",,"2025-01-24T15:15:00.000","30","TRAFFIC SIGNAL","FUNCTIONING PROPERLY","CLOUDY/OVERCAST","DAYLIGHT","REAR END","NOT DIVIDED",,"STRAIGHT AND LEVEL","DRY","NO DEFECTS","NOT ON SCENE (DESK REPORT)","NO INJURY / DRIVE AWAY",,,,"OVER $1,500","2025-01-24T15:50:00.000","FOLLOWING TOO CLOSELY","UNABLE TO DETERMINE","1558","W","35TH ST","912",,,,,,,"2","NO INDICATION OF INJURY","0","0","0","0","0","2","0","15","6","1","41.8306118786","-87.6655072051","POINT (-87.665507205089 41.83061187865)"
"d6e2dcd6ff4028494a9ede2e17436a4fc3a6d226020900cbce9bae99a2b6ad12c798bfcc4cacc15314db37915daecaf622d710bdb44a0adfbdb9c43a2390e5cd",,"2025-01-24T15:15:00.000","30","NO CONTROLS","NO CONTROLS","CLEAR","DAYLIGHT","REAR END","NOT DIVIDED",,"STRAIGHT AND LEVEL","DRY","NO DEFECTS","NOT ON SCENE (DESK REPORT)","NO INJURY / DRIVE AWAY",,,,"OVER $1,500","2025-01-24T15:49:00.000","NOT APPLICABLE","NOT APPLICABLE","7500","S","PULASKI RD","833",,,,,,,"2","NO INDICATION OF INJURY","0","0","0","0","0","2","0","15","6","1","41.7568763948","-87.7223217383","POINT (-87.722321738255 41.756876394825)"
"cfe564d0cfe0bd36d2c24649c5597414953b5b2d81c9904ae80b7db307d8410a535edb04976df7b71ce0c307c24943cc230a65aa50d01f8de99b022ddf668915",,"2025-01-24T15:13:00.000","30","NO CONTROLS","NO CONTROLS","CLEAR","DAYLIGHT","PARKED MOTOR VEHICLE","NOT DIVIDED",,"STRAIGHT AND LEVEL","UNKNOWN","UNKNOWN",,"INJURY AND / OR TOW DUE TO CRASH",,,"Y","OVER $1,500","2025-01-24T16:06:00.000","UNABLE TO DETERMINE","NOT APPLICABLE","5107","W","JACKSON BLVD","1533",,,,,,,"3","NO INDICATION OF INJURY","0","0","0","0","0","2","0","15","6","1","41.8765642174","-87.7537448057","POINT (-87.753744805706 41.876564217434)"
"2c71c2acc13c2c26e2c33024d4b731fef718a08715c876acdffd42887ec6c02d51d467ebc630370ba2855380953979a7239d0e0ce0f61ba6b4631490486396cd",,"2025-01-24T15:10:00.000","20","NO CONTROLS","NO CONTROLS","CLEAR","DAYLIGHT","SIDESWIPE SAME DIRECTION","DIVIDED - W/MEDIAN (NOT RAISED)",,"STRAIGHT AND LEVEL","UNKNOWN","UNKNOWN","NOT ON SCENE (DESK REPORT)","NO INJURY / DRIVE AWAY",,,,"OVER $1,500","2025-01-26T07:20:00.000","UNABLE TO DETERMINE","UNABLE TO DETERMINE","5112","N","WASHTENAW AVE","2031",,,,,,,"2","NO INDICATION OF INJURY","0","0","0","0","0","2","0","15","6","1","41.9744669971","-87.6965594523","POINT (-87.696559452323 41.97446699706)"
"497d23d10cd8ecf93a025c7e59d02a24788328f7cb63ca3068db9d3aec4db53dd00f4af2350410956be460247da7376b06f9baf9f13fcf903aa5d8d23470ee8c",,"2025-01-24T15:05:00.000","35","TRAFFIC SIGNAL","FUNCTIONING PROPERLY","CLEAR","DAYLIGHT","TURNING","T-INTERSECTION",,"STRAIGHT AND LEVEL","DRY","NO DEFECTS","NOT ON SCENE (DESK REPORT)","NO INJURY / DRIVE AWAY","Y",,,"OVER $1,500","2025-01-25T13:00:00.000","UNABLE TO DETERMINE","UNABLE TO DETERMINE","5200","W","IRVING PARK RD","1624",,,,,,,"2","NO INDICATION OF INJURY","0","0","0","0","0","4","0","15","6","1","41.9534062511","-87.7572758871","POINT (-87.757275887138 41.953406251096)"
"547db12b76ba7029111802fb3a5b57917eeda55f19622c670e0d903ee690d4bd938d5b8cdb62253588ea7df57f494ff343a3bb284baac8ae1250ddc14ecb6a59",,"2025-01-24T15:00:00.000","30","NO CONTROLS","NO CONTROLS","CLEAR","DAYLIGHT","TURNING","NOT DIVIDED",,"STRAIGHT AND LEVEL","DRY","NO DEFECTS","NOT ON SCENE (DESK REPORT)","NO INJURY / DRIVE AWAY",,,,"OVER $1,500","2025-01-24T15:15:00.000","UNABLE TO DETERMINE","UNABLE TO DETERMINE","6143","N","NAPLES AVE","1611",,,,,,,"2","NO INDICATION OF INJURY","0","0","0","0","0","2","0","15","6","1","41.993710242","-87.7910834561","POINT (-87.791083456079 41.993710242026)"
"679346d0ca20139cc69826d3caeb3266c71e8132d3ced962b5d1be6d98763a897e5ebd60e62e00f85db6a09668b8fcf3d7baa467911ab3a6493c8f6b13ca2052",,"2025-01-24T15:00:00.000","30","TRAFFIC SIGNAL","FUNCTIONING PROPERLY","CLEAR","DAYLIGHT","SIDESWIPE SAME DIRECTION","NOT DIVIDED",,"STRAIGHT AND LEVEL","UNKNOWN","NO DEFECTS","NOT ON SCENE (DESK REPORT)","NO INJURY / DRIVE AWAY",,,"Y","OVER $1,500","2025-01-26T22:00:00.000","UNABLE TO DETERMINE","UNABLE TO DETERMINE","6449","N","SHERIDAN RD","2432",,,,,,,"2","NO INDICATION OF INJURY","0","0","0","0","0","2","0","15","6","1","41.9995950555","-87.6605317915","POINT (-87.660531791548 41.999595055486)"
"e0eaee6c18f497244ed4efde4d0f23ac078494e27d34d39bd8def7f985b0da0770568e6a946d9bfb5f00c11d5c5f38da55e90617696e43af0dff1389d754734f",,"2025-01-24T15:00:00.000","15","NO CONTROLS","NO CONTROLS","CLEAR","DARKNESS, LIGHTED ROAD","PARKED MOTOR VEHICLE","ONE-WAY",,"STRAIGHT AND LEVEL","DRY","NO DEFECTS","NOT ON SCENE (DESK REPORT)","NO INJURY / DRIVE AWAY",,,"Y","$501 - $1,500","2025-01-25T11:15:00.000","UNABLE TO DETERMINE","UNABLE TO DETERMINE","3004","W","ALBION AVE","2412",,,,,,,"2","NO INDICATION OF INJURY","0","0","0","0","0","1","0","15","6","1","42.0012248174","-87.7048540907","POINT (-87.704854090682 42.00122481737)"
"7a2cc3c8eca09189c99a72a2c501341af1eb7a89a78d7662ef269efd205050c8e8e90fccd52d34ce5d9a32bc4ed5954fec1ba206c452fa9857d97cd2e77a37ad",,"2025-01-24T14:59:00.000","30","NO CONTROLS","NO CONTROLS","CLEAR","DAYLIGHT","PARKED MOTOR VEHICLE","NOT DIVIDED",,"STRAIGHT AND LEVEL","DRY","UNKNOWN","NOT ON SCENE (DESK REPORT)","NO INJURY / DRIVE AWAY",,,"Y","OVER $1,500","2025-01-25T11:00:00.000","UNABLE TO DETERMINE","UNABLE TO DETERMINE","9510","S","HAMILTON AVE","2213",,,,,,,"2","NO INDICATION OF INJURY","0","0","0","0","0","1","0","14","6","1","41.7206531607","-87.6761405769","POINT (-87.676140576913 41.720653160742)"
"5cc17a30676fee70b07cc8ee9cd89336d0a409ee24d7fc2a3304ad35a216ab49ac90f5bcf5e63d84a1b69d876baa4da6d05910ba3695bacfbd093b6f29589267",,"2025-01-24T14:57:00.000","30","TRAFFIC SIGNAL","FUNCTIONING PROPERLY","CLOUDY/OVERCAST","DAYLIGHT","REAR END","DIVIDED - W/MEDIAN (NOT RAISED)",,"STRAIGHT AND LEVEL","DRY","NO DEFECTS","ON SCENE","INJURY AND / OR TOW DUE TO CRASH",,,,"OVER $1,500","2025-01-24T14:57:00.000","UNABLE TO DETERMINE","UNABLE TO DETERMINE","7330","S","HALSTED ST","733",,,,,,,"2","REPORTED, NOT EVIDENT","2","0","0","0","2","2","0","14","6","1","41.7606237239","-87.6444433673","POINT (-87.64444336733 41.760623723863)"
"944b7008d40422ca68d98aaa66128ca5e0a95822ffd5d6485991b9207d4c16209f840a1becb19bb0ba79a4882b8802293a3c78a990ee5ee4e5d1f44c5fb86acf",,"2025-01-24T14:52:00.000","30","TRAFFIC SIGNAL","FUNCTIONING PROPERLY","CLEAR","DAYLIGHT","TURNING","NOT DIVIDED",,"STRAIGHT AND LEVEL","DRY","NO DEFECTS","ON SCENE","INJURY AND / OR TOW DUE TO CRASH","Y",,,"OVER $1,500","2025-01-24T14:55:00.000","DISREGARDING TRAFFIC SIGNALS","NOT APPLICABLE","701","S","COLUMBUS DR","114",,,,,,,"2","NONINCAPACITATING INJURY","1","0","0","1","0","1","0","14","6","1","41.8731503686","-87.6204451473","POINT (-87.620445147329 41.873150368624)"
"4ba1cd5a8728aa050ea243ef4dee25d7f27fb0b9b1744c60a981b771200f8076da7024ef7d0523cd34edfeca9b4c3fb38db2c02f4ebb73ad04be4f2eb90e27c4",,"2025-01-24T14:45:00.000","30","TRAFFIC SIGNAL","UNKNOWN","CLEAR","DAYLIGHT","PARKED MOTOR VEHICLE","FOUR WAY",,"STRAIGHT AND LEVEL","UNKNOWN","NO DEFECTS","NOT ON SCENE (DESK REPORT)","INJURY AND / OR TOW DUE TO CRASH","N",,"Y","OVER $1,500","2025-01-25T01:00:00.000","NOT APPLICABLE","NOT APPLICABLE","6922","W","GRAND AVE","2512",,,,,,,"2","REPORTED, NOT EVIDENT","1","0","0","0","1","1","0","14","6","1","41.9236807003","-87.7986761286","POINT (-87.798676128636 41.923680700297)"
"03a924c93403e5e0dc68ac89818b4a8f0a20c7aad5f43777f7fa615be397a22fdd6a0156dc0c445c69c8e568f91501bba88401b71522f1a650d30ad8a5abec1a",,"2025-01-24T14:43:00.000","10","NO CONTROLS","NO CONTROLS","CLEAR","DAYLIGHT","PARKED MOTOR VEHICLE","PARKING LOT",,"STRAIGHT AND LEVEL","DRY","NO DEFECTS","ON SCENE","NO INJURY / DRIVE AWAY",,,"Y","OVER $1,500","2025-01-24T16:51:00.000","UNABLE TO DETERMINE","NOT APPLICABLE","6700","S","JEFFERY BLVD","332",,,,,,,"2","NO INDICATION OF INJURY","0","0","0","0","0","2","0","14","6","1","41.7733684085","-87.5766385522","POINT (-87.576638552177 41.773368408547)"
"4a42b57ca6dc219ec99d6f86192f50eb2bba7adac4e57f4c0e2fbd0c20279b1d66ea883bb2cb3bcfa1571dce3e747638a38f740d3910fd00a932c8d24fcf99c3",,"2025-01-24T14:40:00.000","30","STOP SIGN/FLASHER","FUNCTIONING PROPERLY","CLEAR","DAYLIGHT","PARKED MOTOR VEHICLE","ONE-WAY",,"STRAIGHT AND LEVEL","DRY","NO DEFECTS","NOT ON SCENE (DESK REPORT)","NO INJURY / DRIVE AWAY",,,"Y","$501 - $1,500","2025-01-24T17:00:00.000","UNABLE TO DETERMINE","NOT APPLICABLE","2030","E","69TH ST","331",,,,,,,"2","NO INDICATION OF INJURY","0","0","0","0","0","2","0","14","6","1","41.7699238919","-87.5752384101","POINT (-87.575238410086 41.769923891895)"
"fb2befa4f718e78790c687763e93ba488022120c231620d04d39e7c488233c85c07d108aaf85f06a82e46a9b8f842047770c9e7f9630ff15f3e93496c3e909fd",,"2025-01-24T14:40:00.000","35","NO CONTROLS","NO CONTROLS","UNKNOWN","UNKNOWN","FIXED OBJECT","UNKNOWN",,"CURVE, LEVEL","UNKNOWN","UNKNOWN","NOT ON SCENE (DESK REPORT)","NO INJURY / DRIVE AWAY",,,,"OVER $1,500","2025-01-27T06:50:00.000","UNABLE TO DETERMINE","UNABLE TO DETERMINE","20","E","RANDOLPH ST","111",,,,,,,"1","NO INDICATION OF INJURY","0","0","0","0","0","1","0","14","6","1","41.8846028549","-87.6271869402","POINT (-87.627186940196 41.884602854888)"
"8f41b0996589e90636d36695590d1d9f037fb031ad16954fa1a4a343da52b6775b9cdc481641583ca45912474030946aa47585176567cc1d605ad14a62f5d2b0",,"2025-01-24T14:36:00.000","30","UNKNOWN","UNKNOWN","CLEAR","DAYLIGHT","ANGLE","UNKNOWN",,"STRAIGHT AND LEVEL","DRY","UNKNOWN","NOT ON SCENE (DESK REPORT)","NO INJURY / DRIVE AWAY",,,,"OVER $1,500","2025-01-24T15:00:00.000","UNABLE TO DETERMINE","UNABLE TO DETERMINE","400","E","41ST ST","214",,,,,,,"2","NO INDICATION OF INJURY","0","0","0","0","0","2","0","14","6","1","41.8203495003","-87.6165141095","POINT (-87.616514109472 41.820349500309)"
"6857b22955e3ebda5a380e9e22e0c8f2e588b5c8ed714d4c6b529785e805f6372a395f3ea1f44d68dec024aa0bcffc588099a7cd42fa17d1312646f396a47768",,"2025-01-24T14:30:00.000","35","NO CONTROLS","NO CONTROLS","CLEAR","DAYLIGHT","SIDESWIPE SAME DIRECTION","ONE-WAY",,"STRAIGHT AND LEVEL","DRY","NO DEFECTS","NOT ON SCENE (DESK REPORT)","NO INJURY / DRIVE AWAY",,,,"OVER $1,500","2025-01-24T14:50:00.000","IMPROPER OVERTAKING/PASSING","UNABLE TO DETERMINE","5500","S","LAFAYETTE AVE","225",,,,,,,"2","NO INDICATION OF INJURY","0","0","0","0","0","2","0","14","6","1","41.7941950813","-87.6269307584","POINT (-87.626930758373 41.79419508128)"
"901995f0b7306a79a3c025d5f143ce95acf24e255c73253f63f7d335aa3ff4e5d5fc8b39aa14b1baffcfa8b111061a17971c387d58273c31b255117e4dc8c848",,"2025-01-24T14:30:00.000","25","NO CONTROLS","NO CONTROLS","CLEAR","DAYLIGHT","PARKED MOTOR VEHICLE","ONE-WAY",,"STRAIGHT AND LEVEL","DRY","NO DEFECTS","NOT ON SCENE (DESK REPORT)","NO INJURY / DRIVE AWAY",,,,"OVER $1,500","2025-01-24T16:15:00.000","UNABLE TO DETERMINE","UNABLE TO DETERMINE","5406","W","CONGRESS PKWY","1522",,,,,,,"2","NO INDICATION OF INJURY","0","0","0","0","0","1","0","14","6","1","41.8739943618","-87.7598605634","POINT (-87.759860563356 41.873994361804)"
"fc8cff5d6e3da255da9a99d451ae2dcfa4bbf472e20ded632f6f9158dbaa364d941f2c5c9e6dce5c0452417abb02094b4ed24e2855151f9d0168b90d30fc9957",,"2025-01-24T14:27:00.000","30","TRAFFIC SIGNAL","FUNCTIONING PROPERLY","CLEAR","DAYLIGHT","FIXED OBJECT","NOT DIVIDED",,"STRAIGHT AND LEVEL","DRY","WORN SURFACE","ON SCENE","INJURY AND / OR TOW DUE TO CRASH",,,,"OVER $1,500","2025-01-24T14:30:00.000","FAILING TO YIELD RIGHT-OF-WAY","DISREGARDING TRAFFIC SIGNALS","4300","S","WALLACE ST","925",,,,,,,"2","NO INDICATION OF INJURY","0","0","0","0","0","2","0","14","6","1","41.8162098795","-87.6413955998","POINT (-87.641395599834 41.816209879456)"
"f977130bf72baff018a25b40f18eeee913aaa96a8093eecc6529cf1ca5b91789185bbf38e5c3e4b97a5cb0b9804bbd49a38f5412f8295a5f83dfc75d2eb47655",,"2025-01-24T14:20:00.000","30","NO CONTROLS","NO CONTROLS","CLEAR","DAYLIGHT","REAR END","DIVIDED - W/MEDIAN (NOT RAISED)",,"STRAIGHT AND LEVEL","DRY","NO DEFECTS","NOT ON SCENE (DESK REPORT)","NO INJURY / DRIVE AWAY",,,"Y","OVER $1,500","2025-01-24T17:01:00.000","UNABLE TO DETERMINE","UNABLE TO DETERMINE","4911","S","HOYNE AVE","931",,,,,,,"2","NO INDICATION OF INJURY","0","0","0","0","0","2","0","14","6","1","41.8044944665","-87.6768684459","POINT (-87.67686844595 41.804494466483)"
"5442ae93fc94f7684bf0d969db7abd4641738dfc6c3bd5bce6417559f9f86028fd6805d5d1b67ca9fe3ef5c5ac8317db874cae2227f996ba40a9d292d6f328aa",,"2025-01-24T14:10:00.000","25","NO CONTROLS","NO CONTROLS","CLOUDY/OVERCAST","DAYLIGHT","TURNING","DIVIDED - W/MEDIAN (NOT RAISED)",,"STRAIGHT AND LEVEL","DRY","NO DEFECTS","NOT ON SCENE (DESK REPORT)","NO INJURY / DRIVE AWAY","Y",,,"OVER $1,500","2025-01-24T14:48:00.000","FAILING TO YIELD RIGHT-OF-WAY","DRIVING SKILLS/KNOWLEDGE/EXPERIENCE","3032","W","PRATT BLVD","2411",,,,,,,"2","NO INDICATION OF INJURY","0","0","0","0","0","2","0","14","6","1","42.0048367136","-87.7058892248","POINT (-87.705889224816 42.004836713617)"
"d2eb48f075ddfe740b49ba4fb60327b01f52779bbce0107b467fb7896f30bc6d5b5d9efdfedea82adc146133a282bbf9e7e354e1ae5da696c185fb6258463bb2",,"2025-01-24T14:05:00.000","30","TRAFFIC SIGNAL","FUNCTIONING PROPERLY","CLOUDY/OVERCAST","DAYLIGHT","REAR END","DIVIDED - W/MEDIAN (NOT RAISED)",,"STRAIGHT AND LEVEL","UNKNOWN","UNKNOWN","NOT ON SCENE (DESK REPORT)","NO INJURY / DRIVE AWAY",,,,"OVER $1,500","2025-01-24T14:40:00.000","UNABLE TO DETERMINE","UNABLE TO DETERMINE","4400","W","GRAND AVE","2533",,,,,,,"2","NO INDICATION OF INJURY","0","0","0","0","0","2","0","14","6","1","41.9101814096","-87.7362488704","POINT (-87.736248870407 41.910181409597)"
"2633683dfae3def564dace437ac814d71bdd2c6000b62bd005857ed410a45281992a7e2391c2f0dff4f4dfc2801339a145c501001f620188114e947d1e96c915",,"2025-01-24T14:00:00.000","30","NO CONTROLS","NO CONTROLS","CLEAR","DAYLIGHT","PARKED MOTOR VEHICLE","NOT DIVIDED",,"STRAIGHT AND LEVEL","DRY","NO DEFECTS","NOT ON SCENE (DESK REPORT)","NO INJURY / DRIVE AWAY",,,"Y","OVER $1,500","2025-01-24T16:15:00.000","UNABLE TO DETERMINE","NOT APPLICABLE","3946","W","47TH ST","821",,,,,,,"2","NO INDICATION OF INJURY","0","0","0","0","0","1","0","14","6","1","41.8079988407","-87.7230168308","POINT (-87.723016830795 41.807998840742)"
"4b67be9f66d14ad32a72823106954e32311cee2d30f0f7499a69f5ab27d672a6becf700bd1e28bbcbc4b6f2ae00995becf1282603faa475f026dc1c53f30edc3",,"2025-01-24T14:00:00.000","30","TRAFFIC SIGNAL","FUNCTIONING PROPERLY","SNOW","DAYLIGHT","REAR END","FOUR WAY",,"STRAIGHT AND LEVEL","DRY","NO DEFECTS","NOT ON SCENE (DESK REPORT)","NO INJURY / DRIVE AWAY",,,,"$501 - $1,500","2025-01-24T14:15:00.000","DISTRACTION - FROM INSIDE VEHICLE","NOT APPLICABLE","6424","S","DR MARTIN LUTHER KING JR DR","312",,,,,,,"2","NO INDICATION OF INJURY","0","0","0","0","0","3","0","14","6","1","41.7776524802","-87.6157078439","POINT (-87.615707843933 41.777652480246)"
"51dfc968622885846936e7c49c7119cfe15072206a308c9b669757381576fff90477d8c201057e18ac063d7d555395839fe92c91a1fc3b49dd953e467672527a",,"2025-01-24T14:00:00.000","30","NO CONTROLS","NO CONTROLS","CLOUDY/OVERCAST","DAYLIGHT","REAR END","DIVIDED - W/MEDIAN (NOT RAISED)",,"STRAIGHT AND LEVEL","DRY","NO DEFECTS","NOT ON SCENE (DESK REPORT)","NO INJURY / DRIVE AWAY",,,"Y","OVER $1,500","2025-01-24T15:20:00.000","FOLLOWING TOO CLOSELY","NOT APPLICABLE","2221","N","HALSTED ST","1812",,,,,,,"2","NO INDICATION OF INJURY","0","0","0","0","0","2","0","14","6","1","41.9224734787","-87.6485085351","POINT (-87.648508535112 41.922473478657)"
"5cdaeca5ce835ce4c9de949ee2ab0f74bdf8c664886a845d82664cc4daecf881d17d2eb312b41ce7f2ab841a2fcdc3c5a9511a17bffb51161c186ff58ce7546f",,"2025-01-24T14:00:00.000","30","NO CONTROLS","NO CONTROLS","CLEAR","DAYLIGHT","ANGLE","NOT DIVIDED",,"STRAIGHT AND LEVEL","DRY","NO DEFECTS","NOT ON SCENE (DESK REPORT)","NO INJURY / DRIVE AWAY",,,"Y","OVER $1,500","2025-01-24T15:00:00.000","FAILING TO YIELD RIGHT-OF-WAY","FAILING TO YIELD RIGHT-OF-WAY","6400","N","NORTHWEST HWY","1612",,,,,,,"2","NO INDICATION OF INJURY","0","0","0","0","0","2","0","14","6","1","41.9969237015","-87.8069451919","POINT (-87.806945191931 41.996923701523)"
"e8ce1af55b1af40223a3edf715c5c36bf31f15273792282f7e38119bc87818151092b5d24a96133f6ad459d9e53931b086d35678ef7b6a5c772466f76d2f75b6",,"2025-01-24T13:45:00.000","30","STOP SIGN/FLASHER","UNKNOWN","UNKNOWN","DAYLIGHT","REAR END","NOT DIVIDED",,"STRAIGHT AND LEVEL","UNKNOWN","UNKNOWN","NOT ON SCENE (DESK REPORT)","NO INJURY / DRIVE AWAY",,,,"OVER $1,500","2025-01-24T14:45:00.000","IMPROPER BACKING","UNABLE TO DETERMINE","7952","S","DOBSON AVE","624","Y",,,,,,"2","NO INDICATION OF INJURY","0","0","0","0","0","2","0","13","6","1","41.7497823509","-87.5992287749","POINT (-87.599228774859 41.749782350937)"
"0b1c8bfd5a5527b26cf506cba1589cceaf0c2ecc03b5fc8f9e265d0e651dd5ec7ed7183c9afe52dd62810fd0c3ca118078ac133ad17765b19c2b318011b61884",,"2025-01-24T13:42:00.000","30","TRAFFIC SIGNAL","FUNCTIONING PROPERLY","CLEAR","DAYLIGHT","TURNING","NOT DIVIDED",,"STRAIGHT AND LEVEL","DRY","NO DEFECTS","ON SCENE","INJURY AND / OR TOW DUE TO CRASH","Y",,,"OVER $1,500","2025-01-24T13:43:00.000","DISREGARDING TRAFFIC SIGNALS","UNABLE TO DETERMINE","3001","W","TOUHY AVE","2411",,,,,,,"2","NO INDICATION OF INJURY","0","0","0","0","0","3","0","13","6","1","42.0118519859","-87.7045666631","POINT (-87.704566663059 42.011851985938)"
"657f69a91d618f2d3550f6a51d6360085d55a332305df9d489de19a82f1f0399c78b92881df3a0e973ff5904b38108c6a67051364131326427bf7a6038687c5e",,"2025-01-24T13:34:00.000","30","NO CONTROLS","NO CONTROLS","CLEAR","DAYLIGHT","PARKED MOTOR VEHICLE","OTHER",,"STRAIGHT AND LEVEL","DRY","NO DEFECTS","NOT ON SCENE (DESK REPORT)","NO INJURY / DRIVE AWAY",,,,"OVER $1,500","2025-01-27T11:30:00.000","FOLLOWING TOO CLOSELY","DRIVING SKILLS/KNOWLEDGE/EXPERIENCE","233","E","ERIE ST","1834",,,,,,,"2","NO INDICATION OF INJURY","0","0","0","0","0","1","0","13","6","1","41.8940631626","-87.6213958402","POINT (-87.621395840247 41.894063162572)"
"ba4afa0a6b840d05c6a238f75e69c201f475e8f2a5260739a0bcb8d80800cf8504f43000918473431d899be7018c8f676e3575ec353fd303d858aabc7c2b4dfc",,"2025-01-24T13:30:00.000","30","STOP SIGN/FLASHER","UNKNOWN","CLEAR","DAYLIGHT","REAR END","FOUR WAY",,"STRAIGHT AND LEVEL","DRY","NO DEFECTS","NOT ON SCENE (DESK REPORT)","NO INJURY / DRIVE AWAY","Y",,,"OVER $1,500","2025-01-24T14:50:00.000","FAILING TO YIELD RIGHT-OF-WAY","FAILING TO YIELD RIGHT-OF-WAY","1900","W","CERMAK RD","1234",,,,,,,"2","NO INDICATION OF INJURY","0","0","0","0","0","2","0","13","6","1","41.8523191693","-87.6735159796","POINT (-87.673515979577 41.85231916935)"
"f908f987546340db0579d197a860284474f9e0b0c2a7a5e88afdae9cd44c3be217975ffccd403a9378547ea81807a6cfbf0115db610ba7a43531ce088f6e02d1",,"2025-01-24T13:30:00.000","30","TRAFFIC SIGNAL","FUNCTIONING PROPERLY","CLEAR","DAYLIGHT","REAR END","NOT DIVIDED",,"STRAIGHT AND LEVEL","WET","NO DEFECTS",,"NO INJURY / DRIVE AWAY",,,,"OVER $1,500","2025-01-24T16:25:00.000","FOLLOWING TOO CLOSELY","UNABLE TO DETERMINE","5600","N","BROADWAY","2013",,,,,,,"2","NO INDICATION OF INJURY","0","0","0","0","0","3","0","13","6","1","41.9837119104","-87.6602184106","POINT (-87.660218410558 41.983711910418)"