"crash_record_id","crash_date_est_i","crash_date","posted_speed_limit","traffic_control_device","device_condition","weather_condition","lighting_condition","first_crash_type","trafficway_type","lane_cnt","alignment","roadway_surface_cond","road_defect","report_type","crash_type","intersection_related_i","private_property_i","hit_and_run_i","damage","date_police_notified","prim_contributory_cause","sec_contributory_cause","street_no","street_direction","street_name","beat_of_occurrence","photos_taken_i","statements_taken_i","dooring_i","work_zone_i","work_zone_type","workers_present_i","num_units","most_severe_injury","injuries_total","injuries_fatal","injuries_incapacitating","injuries_non_incapacitating","injuries_reported_not_evident","injuries_no_indication","injuries_unknown","crash_hour","crash_day_of_week","crash_month","latitude","longitude","location"
"049840c5e4f6af9188ce5a4babff645dee1e075cd043cc6b4d0c7703026ab4cca020fc029ff0da5ee5052eed34f207251c59788b5d63b4f0565f47f36058f8da",,"2025-01-24T13:15:00.000","30","TRAFFIC SIGNAL","FUNCTIONING PROPERLY","CLEAR","DAYLIGHT","PEDESTRIAN","FOUR WAY",,"STRAIGHT AND LEVEL","UNKNOWN","UNKNOWN","ON SCENE","INJURY AND / OR TOW DUE TO CRASH",,,,"$500 OR LESS","2025-01-24T13:19:00.000","UNABLE TO DETERMINE","NOT APPLICABLE","2400","W","MONTROSE AVE","1911",,,,,,,"2","NONINCAPACITATING INJURY","1","0","0","1","0","1","0","13","6","1","41.9614217264","-87.6887469798","POINT (-87.688746979839 41.961421726406)"
"5a6ccf9e559cad653ed520b51f25c6a2404d2ba8bd9a5907138e929bfd132c1b9e30e4631e7dd701e378672b6b76fa578ae8dba70edabc93461be497a353fd4a",,"2025-01-24T13:15:00.000","30","TRAFFIC SIGNAL","FUNCTIONING PROPERLY","CLEAR","DAYLIGHT","REAR END","DIVIDED - W/MEDIAN (NOT RAISED)",,"STRAIGHT AND LEVEL","DRY","NO DEFECTS","ON SCENE","INJURY AND / OR TOW DUE TO CRASH",,,"Y","OVER $1,500","2025-01-24T13:26:00.000","FOLLOWING TOO CLOSELY","UNABLE TO DETERMINE","1950","N","WESTERN AVE","1434",,,,,,,"2","REPORTED, NOT EVIDENT","1","0","0","0","1","1","0","13","6","1","41.9171348014","-87.687543852","POINT (-87.687543852016 41.91713480137)"
"c041638df551197dd745ce968d4a5edf77fde4f526bef8402a0486634d28ad1077c9d9c134fd8eed32105e0652e93349cd0d3560f03a677da6bcfc346810e45f",,"2025-01-24T13:15:00.000","30","TRAFFIC SIGNAL","FUNCTIONING PROPERLY","CLEAR","DAYLIGHT","ANGLE","NOT DIVIDED",,"STRAIGHT AND LEVEL","DRY","NO DEFECTS","NOT ON SCENE (DESK REPORT)","NO INJURY / DRIVE AWAY",,,,"OVER $1,500","2025-01-24T14:32:00.000","DISREGARDING TRAFFIC SIGNALS","NOT APPLICABLE","7109","S","JEFFERY BLVD","333",,,,,,,"2","NO INDICATION OF INJURY","0","0","0","0","0","2","0","13","6","1","41.7658164158","-87.5761454752","POINT (-87.576145475166 41.765816415803)"
"dafb6c031aead874833cd4aad26c25c4a24e68b5665f46c34a5341bd61b20eecfe214b957d842e2bfb7d2cf76a8b9f8e270f2fcf1aee35b4890c4fdbe698a045",,"2025-01-24T13:15:00.000","30","TRAFFIC SIGNAL","FUNCTIONING PROPERLY","CLEAR","DAYLIGHT","SIDESWIPE SAME DIRECTION","DIVIDED - W/MEDIAN (NOT RAISED)",,"STRAIGHT AND LEVEL","DRY","NO DEFECTS","NOT ON SCENE (DESK REPORT)","NO INJURY / DRIVE AWAY",,,"Y","$501 - $1,500","2025-01-24T15:47:00.000","UNABLE TO DETERMINE","UNABLE TO DETERMINE","198","W","95TH ST","634",,,,,,,"2","NO INDICATION OF INJURY","0","0","0","0","0","2","0","13","6","1","41.7217703621","-87.6286047143","POINT (-87.628604714263 41.721770362124)"
"2615f69e12e3c451a2c932916c33edf144e230a503a73d7dc7ab50c8763fb0e0518b42a6cc255ca0892e703378f1fb37b25642a5658bdddb7b924d1c7bb7587b",,"2025-01-24T13:05:00.000","30","TRAFFIC SIGNAL","FUNCTIONING PROPERLY","CLEAR","DAYLIGHT","TURNING","NOT DIVIDED",,"STRAIGHT AND LEVEL","UNKNOWN","UNKNOWN","NOT ON SCENE (DESK REPORT)","NO INJURY / DRIVE AWAY","Y",,,"OVER $1,500","2025-01-24T13:30:00.000","FAILING TO YIELD RIGHT-OF-WAY","FAILING TO YIELD RIGHT-OF-WAY","400","E","PERSHING RD","212",,,,,,,"2","NO INDICATION OF INJURY","0","0","0","0","0","2","0","13","6","1","41.8239488417","-87.616672416","POINT (-87.61667241604 41.823948841721)"
"a1e4de8f43cc70abf80ef55a8000a23f19ffe9c2a56dac7fb42216bbb95125607309400ea69d5962e3ff80a543ef3cc837795eeeeed6b550e826dfcecdea5e39",,"2025-01-24T13:00:00.000","25","STOP SIGN/FLASHER","FUNCTIONING PROPERLY","CLEAR","DAYLIGHT","ANGLE","NOT DIVIDED",,"STRAIGHT AND LEVEL","WET","NO DEFECTS","ON SCENE","NO INJURY / DRIVE AWAY",,,,"OVER $1,500","2025-01-24T13:25:00.000","FAILING TO YIELD RIGHT-OF-WAY","UNABLE TO DETERMINE","5500","N","CENTRAL AVE","1622",,,,,,,"2","NO INDICATION OF INJURY","0","0","0","0","0","2","0","13","6","1","41.9812114992","-87.7685229313","POINT (-87.768522931323 41.98121149923)"
"b43411f8cd252256bcf3cdecac48850165d11a56b710df4ea735065ffec03da38d939dce490d132c5ea250150b3b3b6f477bf740d79a7a79ec3638d676a5c652",,"2025-01-24T13:00:00.000","25","NO CONTROLS","NO CONTROLS","CLEAR","DAYLIGHT","TURNING","T-INTERSECTION",,"STRAIGHT AND LEVEL","DRY","NO DEFECTS","NOT ON SCENE (DESK REPORT)","NO INJURY / DRIVE AWAY",,,,"OVER $1,500","2025-01-28T05:00:00.000","IMPROPER OVERTAKING/PASSING","TURNING RIGHT ON RED","1372","N","MILWAUKEE AVE","1424",,,,,,,"2","NO INDICATION OF INJURY","0","0","0","0","0","2","0","13","6","1","41.9066573772","-87.6718711243","POINT (-87.671871124323 41.90665737718)"
"e1a6ddb813965cebd376ce4bcdb72602f45d848d7ec9b6dcc5ad749e25ed11e1d08384c39798e844c7186f61a391a1d8c1b30927c95fe71fb72f681628b465ae",,"2025-01-24T13:00:00.000","30","TRAFFIC SIGNAL","FUNCTIONING PROPERLY","CLEAR","DAYLIGHT","PEDESTRIAN","DIVIDED - W/MEDIAN BARRIER",,"STRAIGHT AND LEVEL","DRY","UNKNOWN","ON SCENE","INJURY AND / OR TOW DUE TO CRASH",,,,"$501 - $1,500","2025-01-24T14:03:00.000","UNABLE TO DETERMINE","NOT APPLICABLE","8701","S","MORGAN ST","2222",,,,,,,"2","NONINCAPACITATING INJURY","1","0","0","1","0","1","0","13","6","1","41.7359119882","-87.6483460969","POINT (-87.648346096856 41.735911988153)"
"9ca2b3cfe8b413f8969db0dcdbb61d6c069b60eadb53eed36f8aaccfe1fdee50fef83626bc98f008409dae06985345d44d1fd156b879e40095b5b3588f742d59",,"2025-01-24T12:55:00.000","30","NO CONTROLS","NO CONTROLS","CLEAR","DAYLIGHT","REAR END","ONE-WAY",,"STRAIGHT AND LEVEL","WET","NO DEFECTS","NOT ON SCENE (DESK REPORT)","INJURY AND / OR TOW DUE TO CRASH",,,"Y","$501 - $1,500","2025-01-24T13:45:00.000","NOT APPLICABLE","NOT APPLICABLE","4498","W","CERMAK RD","1012",,,,,,,"2","INCAPACITATING INJURY","1","0","1","0","0","1","0","12","6","1","41.8514761198","-87.7368523336","POINT (-87.736852333596 41.851476119827)"
"ede3cb49a92f85062f78b0521fa46ddc6efe038191d27a717228a9aa966327aeb37d09cbf5a6117ec1651eb2a8e4f5bd7db637336399f19ab943fbecff67bd00",,"2025-01-24T12:55:00.000","30","TRAFFIC SIGNAL","FUNCTIONING PROPERLY","CLEAR","DAYLIGHT","SIDESWIPE SAME DIRECTION","NOT DIVIDED",,"STRAIGHT AND LEVEL","DRY","NO DEFECTS","ON SCENE","NO INJURY / DRIVE AWAY","Y",,,"OVER $1,500","2025-01-24T13:00:00.000","UNABLE TO DETERMINE","NOT APPLICABLE","755","W","ADDISON ST","1925",,,,,,,"2","NO INDICATION OF INJURY","0","0","0","0","0","3","0","12","6","1","41.9472016186","-87.6493817384","POINT (-87.649381738377 41.947201618585)"
"1f5c7ee0eea708b318412e7152d5fe9c040f8e21c6837b4161041383ac15f67885c2eeed803b5c146c858de6fe166203ff43d42b1ddda16392e087c8aa9b3185",,"2025-01-24T12:50:00.000","30","NO CONTROLS","NO CONTROLS","CLEAR","DAYLIGHT","TURNING","ONE-WAY",,"STRAIGHT AND LEVEL","DRY","NO DEFECTS","ON SCENE","NO INJURY / DRIVE AWAY",,,,"$501 - $1,500","2025-01-24T12:51:00.000","IMPROPER TURNING/NO SIGNAL","UNABLE TO DETERMINE","1140","W","JACKSON BLVD","1232",,,,,,,"2","NO INDICATION OF INJURY","0","0","0","0","0","3","0","12","6","1","41.8779156","-87.6562164611","POINT (-87.656216461066 41.877915599961)"
"fcd809cdafceafceeefb7ed8146c73db97eab3cceb948ff19b2c304e9d5c0f99e9dc161c035b8603b3bd89dacdf56a41b75d2f621705419591b3ceed12ba69dd",,"2025-01-24T12:45:00.000","30","NO CONTROLS","NO CONTROLS","CLEAR","DAYLIGHT","REAR TO FRONT","OTHER",,"STRAIGHT AND LEVEL","DRY","NO DEFECTS","NOT ON SCENE (DESK REPORT)","NO INJURY / DRIVE AWAY",,,"Y","OVER $1,500","2025-01-24T13:00:00.000","IMPROPER BACKING","NOT APPLICABLE","9451","S","JEFFERY AVE","413",,,,,,,"2","NO INDICATION OF INJURY","0","0","0","0","0","2","0","12","6","1","41.7227410879","-87.5752150367","POINT (-87.575215036687 41.722741087854)"
"a4a05dafedf3e670f05f71a50bef27886aa93ef51a2add19dc0888b6900dad9db99afee1682612cc58a78805e10395a01d26456b69e11d0f6fc6f6ebd86ddce6",,"2025-01-24T12:41:00.000","30","STOP SIGN/FLASHER","FUNCTIONING PROPERLY","CLEAR","DAYLIGHT","ANGLE","DIVIDED - W/MEDIAN (NOT RAISED)",,"STRAIGHT AND LEVEL","DRY","NO DEFECTS","ON SCENE","INJURY AND / OR TOW DUE TO CRASH","Y",,,"OVER $1,500","2025-01-24T13:08:00.000","FAILING TO YIELD RIGHT-OF-WAY","FAILING TO REDUCE SPEED TO AVOID CRASH","8300","S","HOLLAND RD","622",,,,,,,"2","NO INDICATION OF INJURY","0","0","0","0","0","3","0","12","6","1","41.7434273331","-87.632181132","POINT (-87.632181132025 41.743427333057)"
"aa0bd078dc9d497fb8fed0e0ced9ea8d5ba3292b47deceb7257c2f25cc87d4190bd8de27ae2a5fa972b5a5103a88774f08a5afe3fd2d43ec8f302d6216079746",,"2025-01-24T12:40:00.000","30","NO CONTROLS","NO CONTROLS","CLEAR","DAYLIGHT","REAR END","DIVIDED - W/MEDIAN (NOT RAISED)",,"STRAIGHT AND LEVEL","DRY","NO DEFECTS","NOT ON SCENE (DESK REPORT)","NO INJURY / DRIVE AWAY",,,,"OVER $1,500","2025-01-24T13:00:00.000","UNABLE TO DETERMINE","UNABLE TO DETERMINE","301","N","CICERO AVE","1113",,,,,,,"2","NO INDICATION OF INJURY","0","0","0","0","0","3","0","12","6","1","41.8853785222","-87.7453083227","POINT (-87.745308322713 41.885378522194)"
"e88dc7ca41ad120468e1c406ae632ff7327fa3e9626766373e268e13d95cda725524154323be8d31e3cefd91aa30c427a5adb1e55a095f2d36e6583f404c0c2b",,"2025-01-24T12:40:00.000","35","TRAFFIC SIGNAL","FUNCTIONING PROPERLY","CLEAR","DAYLIGHT","SIDESWIPE SAME DIRECTION","DIVIDED - W/MEDIAN BARRIER",,"STRAIGHT AND LEVEL","DRY","NO DEFECTS","ON SCENE","NO INJURY / DRIVE AWAY",,,,"OVER $1,500","2025-01-24T12:52:00.000","FAILING TO YIELD RIGHT-OF-WAY","NOT APPLICABLE","1540","W","95TH ST","2221",,,,,,,"2","NO INDICATION OF INJURY","0","0","0","0","0","2","0","12","6","1","41.7213354058","-87.6618933715","POINT (-87.661893371484 41.721335405763)"
"5202bb5db5934d2efe497b1d189855f3a8ef69f4d6839b0ac87908eabec496990693875d15e48ae9414df285f01b4d9ef4f466977dd24756c024886c4b541aa3",,"2025-01-24T12:30:00.000","30","STOP SIGN/FLASHER","FUNCTIONING PROPERLY","SNOW","DAYLIGHT","REAR END","NOT DIVIDED",,"STRAIGHT AND LEVEL","WET","NO DEFECTS","ON SCENE","NO INJURY / DRIVE AWAY",,,,"$500 OR LESS","2025-01-24T12:35:00.000","FOLLOWING TOO CLOSELY","FAILING TO REDUCE SPEED TO AVOID CRASH","2651","S","KEDZIE AVE","1033",,,,,,,"2","NO INDICATION OF INJURY","0","0","0","0","0","2","0","12","6","1","41.8430166709","-87.7048494962","POINT (-87.704849496168 41.843016670945)"
"f1edd62037b15629afe46c2a60e9e7d9999cf664571a3035f142c041dc6cce3e0d4d9ad821004ef11668d2f109d5e764b6038b13dca41c14dd3e7ae9f2426409",,"2025-01-24T12:29:00.000","30","NO CONTROLS","NO CONTROLS","CLEAR","DAYLIGHT","FIXED OBJECT","NOT DIVIDED",,"STRAIGHT AND LEVEL","DRY","UNKNOWN","ON SCENE","NO INJURY / DRIVE AWAY",,,"Y","OVER $1,500","2025-01-24T13:03:00.000","IMPROPER OVERTAKING/PASSING","IMPROPER OVERTAKING/PASSING","5746","W","ROOSEVELT RD","1513",,,,,,,"1","NO INDICATION OF INJURY","0","0","0","0","0","1","0","12","6","1","41.8656457995","-87.7686815795","POINT (-87.768681579482 41.865645799488)"
"038f38444a35ffb8ca0ee6ddb3b93ce61f82e8e9cebcad4114193d8ac60a8b2813151ce671c5393ed8d584059a5ca0e36e05f8f3bae13525fed192f0fff0f727",,"2025-01-24T12:17:00.000","30","TRAFFIC SIGNAL","FUNCTIONING PROPERLY","CLEAR","DAYLIGHT","SIDESWIPE SAME DIRECTION","NOT DIVIDED",,"STRAIGHT AND LEVEL","DRY","NO DEFECTS","NOT ON SCENE (DESK REPORT)","NO INJURY / DRIVE AWAY",,,,"OVER $1,500","2025-01-24T14:00:00.000","UNABLE TO DETERMINE","NOT APPLICABLE","418","S","CICERO AVE","1533",,,,,,,"2","NO INDICATION OF INJURY","0","0","0","0","0","2","0","12","6","1","41.8743400661","-87.745188941","POINT (-87.745188941 41.874340066117)"
"4d0fffacf68ee2d5f7240a722bb5759e2dea8351747af135dcf37edf536cbed6feb9cb7282be64c8f2bce8641bb791754a8b6242e914dd8e896bec5ff839eb08",,"2025-01-24T12:15:00.000","40","NO CONTROLS","NO CONTROLS","CLEAR","DAYLIGHT","SIDESWIPE SAME DIRECTION","DIVIDED - W/MEDIAN BARRIER",,"STRAIGHT AND LEVEL","UNKNOWN","NO DEFECTS","ON SCENE","INJURY AND / OR TOW DUE TO CRASH",,,,"OVER $1,500","2025-01-24T12:20:00.000","NOT APPLICABLE","NOT APPLICABLE","3800","N","LAKE SHORE DR SB","1925",,,,,,,"2","NO INDICATION OF INJURY","0","0","0","0","0","3","0","12","6","1","41.9524104866","-87.6449536365","POINT (-87.644953636539 41.952410486572)"
"5d27eb8edff85451966712e92ead05b54045a9e6d7dccd4a0566adb328586feb2b3488cf9e0f6e227ba1bd37c93d0d77689dba7f205bd3db49c7809b76dba0c2",,"2025-01-24T12:12:00.000","15","NO CONTROLS","NO CONTROLS","CLEAR","DAYLIGHT","TURNING","ALLEY",,"STRAIGHT AND LEVEL","DRY","NO DEFECTS","ON SCENE","NO INJURY / DRIVE AWAY",,,,"OVER $1,500","2025-01-24T12:12:00.000","IMPROPER TURNING/NO SIGNAL","NOT APPLICABLE","3144","W","AINSLIE ST","1713",,,,,,,"2","NO INDICATION OF INJURY","0","0","0","0","0","2","0","12","6","1","41.9703875316","-87.7079190368","POINT (-87.707919036769 41.970387531612)"
"868bdf9cc81474b732ae0e2c17833c32b0522fffe113e801450f329f104f6b0ce33b8aeff56fe695c26f807775f21e84b97c4e0994282aa1dbae387dcb30767f",,"2025-01-24T12:10:00.000","30","NO CONTROLS","NO CONTROLS","CLEAR","DAYLIGHT","TURNING","DIVIDED - W/MEDIAN (NOT RAISED)",,"STRAIGHT AND LEVEL","DRY","UNKNOWN","ON SCENE","NO INJURY / DRIVE AWAY","N",,,"OVER $1,500","2025-01-24T12:12:00.000","IMPROPER TURNING/NO SIGNAL","NOT APPLICABLE","4011","N","NARRAGANSETT AVE","1624",,,,,,,"2","NO INDICATION OF INJURY","0","0","0","0","0","3","0","12","6","1","41.9533082656","-87.7864292622","POINT (-87.786429262234 41.95330826555)"
"ab2683f14cbda67f7abbbe4d3f04128e66f8d5eed066b2b96641494c785f6cd160695f54a74d4df1a8e5c7aac87d4de7366df4c1d324f78c0f94d669581f12a4",,"2025-01-24T12:10:00.000","35","TRAFFIC SIGNAL","FUNCTIONING PROPERLY","CLEAR","DAYLIGHT","TURNING","DIVIDED - W/MEDIAN (NOT RAISED)",,"STRAIGHT AND LEVEL","DRY","NO DEFECTS","ON SCENE","INJURY AND / OR TOW DUE TO CRASH",,,,"OVER $1,500","2025-01-24T12:30:00.000","IMPROPER TURNING/NO SIGNAL","DRIVING SKILLS/KNOWLEDGE/EXPERIENCE","6333","S","CICERO AVE","813",,"Y",,,,,"2","NO INDICATION OF INJURY","0","0","0","0","0","2","0","12","6","1","41.777436085","-87.7421135824","POINT (-87.742113582426 41.77743608499)"
"25b088c7482fe6cd8e782eaf8fa4e458241f3d16a4eaf8e516ed7289d973ed299014a54f5a815afd7d94fb9ed154f9d5a7403bf57519755c1b6226f0c1a9335c",,"2025-01-24T12:05:00.000","30","NO CONTROLS","NO CONTROLS","CLEAR","DAYLIGHT","TURNING","NOT DIVIDED",,"STRAIGHT AND LEVEL","DRY","NO DEFECTS","NOT ON SCENE (DESK REPORT)","NO INJURY / DRIVE AWAY",,,,"OVER $1,500","2025-01-24T15:20:00.000","UNABLE TO DETERMINE","UNABLE TO DETERMINE","3039","S","HALSTED ST","914",,,,,,,"2","NO INDICATION OF INJURY","0","0","0","0","0","2","0","12","6","1","41.8387028814","-87.6461467666","POINT (-87.646146766556 41.838702881352)"
"885b64d7831546b0e8135286b292a20e9ac46f172ecb3aec6fb8b434b8dc9c0270f638bc9800fb479e9545c248db1637429fc9b3a82be4e24cc30a9adf444d1a",,"2025-01-24T12:00:00.000","20","NO CONTROLS","NO CONTROLS","CLEAR","DAYLIGHT","PARKED MOTOR VEHICLE","NOT DIVIDED",,"STRAIGHT AND LEVEL","DRY","NO DEFECTS","NOT ON SCENE (DESK REPORT)","NO INJURY / DRIVE AWAY",,,"N","OVER $1,500","2025-01-24T13:38:00.000","IMPROPER OVERTAKING/PASSING","NOT APPLICABLE","1423","S","WASHTENAW AVE","1023",,,,,,,"2","NO INDICATION OF INJURY","0","0","0","0","0","1","0","12","6","1","41.8621178845","-87.6931361003","POINT (-87.693136100292 41.862117884501)"
"a2165c7042b5433720ae98a44c5d82ffc3238fb537d2059eef4efe246e7c560e735aca2581661fbfb3134ec9d7fff5f72a9f421e4ac31463cb83c2a3cd440f37",,"2025-01-24T12:00:00.000","35","STOP SIGN/FLASHER","FUNCTIONING PROPERLY","CLEAR","DAYLIGHT","TURNING","NOT DIVIDED",,"STRAIGHT AND LEVEL","DRY","NO DEFECTS","NOT ON SCENE (DESK REPORT)","NO INJURY / DRIVE AWAY","Y",,,"OVER $1,500","2025-01-24T12:25:00.000","FAILING TO YIELD RIGHT-OF-WAY","NOT APPLICABLE","6900","N","LEHIGH AVE","1621",,,,,,,"2","NO INDICATION OF INJURY","0","0","0","0","0","2","0","12","6","1","42.0066866486","-87.7707755028","POINT (-87.770775502803 42.006686648649)"
"d0f6dfac4c8fcc44307aa8d037f7b3e8f0dcee14257a81e5fba5e1fab7cf204c3aac5299638e8dbf45a78f5bca913cb62486cbdc88ca99a8cc38b96392fc53a0",,"2025-01-24T12:00:00.000","30","NO CONTROLS","NO CONTROLS","CLEAR","DAYLIGHT","PARKED MOTOR VEHICLE","ONE-WAY",,"STRAIGHT AND LEVEL","UNKNOWN","UNKNOWN","NOT ON SCENE (DESK REPORT)","NO INJURY / DRIVE AWAY",,,"Y","$501 - $1,500","2025-01-24T15:04:00.000","NOT APPLICABLE","NOT APPLICABLE","6841","S","CARPENTER ST","724",,,,,,,"2","NO INDICATION OF INJURY","0","0","0","0","0","1","0","12","6","1","41.7693488956","-87.6504413351","POINT (-87.650441335136 41.769348895571)"
"ffe3bd94a9c8081298ee901b6907b3ecc48bcc7b59ce7be29e45e2b6bc91974f6ecc96d2170e901d68856df0c436953fd78178a4034635ded42099eefdd2a582",,"2025-01-24T12:00:00.000","30","NO CONTROLS","NO CONTROLS","CLEAR","DAYLIGHT","TURNING","NOT DIVIDED",,"STRAIGHT AND LEVEL","DRY","NO DEFECTS","ON SCENE","INJURY AND / OR TOW DUE TO CRASH",,,,"OVER $1,500","2025-01-24T12:08:00.000","IMPROPER TURNING/NO SIGNAL","NOT APPLICABLE","3308","W","63RD ST","823",,,,,,,"2","NONINCAPACITATING INJURY","1","0","0","1","0","3","0","12","6","1","41.7790368119","-87.7059854362","POINT (-87.705985436237 41.779036811916)"
"634356393fbe39033c97149b76d3104a82c90b2948f32fb99cce0ece867c3f0e47b3ab9d1f6fa9d4dd51a4204d40dbe6efb987242eaeefdeb136c24ce6c26a06",,"2025-01-24T11:49:00.000","35","TRAFFIC SIGNAL","NO CONTROLS","CLEAR","DAYLIGHT","TURNING","DIVIDED - W/MEDIAN (NOT RAISED)",,"STRAIGHT AND LEVEL","DRY","NO DEFECTS","ON SCENE","NO INJURY / DRIVE AWAY",,,"Y","$501 - $1,500","2025-01-24T11:49:00.000","IMPROPER OVERTAKING/PASSING","IMPROPER TURNING/NO SIGNAL","800","N","PULASKI RD","1111",,,,,,,"2","NO INDICATION OF INJURY","0","0","0","0","0","2","0","11","6","1","41.8954564568","-87.7262305405","POINT (-87.726230540513 41.895456456825)"
"d1530af911c9f6c78cdccf454995a53feb9e34182a4fd1ae0ad10e34c7bf00afd7af15eefe38c50b69397f53c7a6d0763cc2336fdc0fc30a21d420827366d92a",,"2025-01-24T11:48:00.000","30","TRAFFIC SIGNAL","FUNCTIONING PROPERLY","CLEAR","DAYLIGHT","SIDESWIPE SAME DIRECTION","NOT DIVIDED",,"STRAIGHT AND LEVEL","DRY","UNKNOWN","ON SCENE","NO INJURY / DRIVE AWAY",,,"Y","OVER $1,500","2025-01-24T11:55:00.000","DRIVING SKILLS/KNOWLEDGE/EXPERIENCE","UNABLE TO DETERMINE","4758","W","LAWRENCE AVE","1712",,,,,,,"2","NO INDICATION OF INJURY","0","0","0","0","0","2","0","11","6","1","41.9681389398","-87.7477000078","POINT (-87.74770000781 41.968138939776)"
"4791336752a90e7748f87306da4d3663a638834870db158e7a30f7d9a442b2de7c2a7b61884092d7016f417f186c412cd9d8279ae0fbadb68c2602448c158de6",,"2025-01-24T11:30:00.000","30","NO CONTROLS","NO CONTROLS","CLEAR","DAYLIGHT","REAR END","ONE-WAY",,"STRAIGHT AND LEVEL","DRY","NO DEFECTS","NOT ON SCENE (DESK REPORT)","NO INJURY / DRIVE AWAY",,,"Y","OVER $1,500","2025-01-24T11:45:00.000","UNABLE TO DETERMINE","NOT APPLICABLE","800","S","KEDZIE AVE","1134",,,,,,,"2","NO INDICATION OF INJURY","0","0","0","0","0","3","0","11","6","1","41.8709121307","-87.7059695912","POINT (-87.705969591213 41.87091213071)"
"a75c57522344d4905b52c8139e1efafbe5d68d736d811504e3cf5607245d9abd5d6a1d55215d519454c996e490cad5e36fed7bbdcd3655e368801c1a8da00ced",,"2025-01-24T11:30:00.000","10","NO CONTROLS","NO CONTROLS","CLEAR","DUSK","PARKED MOTOR VEHICLE","PARKING LOT",,"STRAIGHT AND LEVEL","DRY","UNKNOWN","NOT ON SCENE (DESK REPORT)","NO INJURY / DRIVE AWAY",,,"Y","OVER $1,500","2025-01-24T17:10:00.000","IMPROPER LANE USAGE","UNABLE TO DETERMINE","8140","S","ASHLAND AVE","614",,,,,,,"2","NO INDICATION OF INJURY","0","0","0","0","0","1","0","11","6","1","41.7454916494","-87.6634616353","POINT (-87.663461635267 41.745491649373)"
"df56e3625c35a7fe3d5f76bbca011d24ede457a898802ad876dee51f7c026a9cd5543d63ae9cab6fe5edcac47d5d574d8614c910240d362f95ef5d5cef8d0df4",,"2025-01-24T11:30:00.000","30","NO CONTROLS","NO CONTROLS","CLEAR","DAYLIGHT","TURNING","DIVIDED - W/MEDIAN (NOT RAISED)",,"STRAIGHT AND LEVEL","DRY","NO DEFECTS","ON SCENE","NO INJURY / DRIVE AWAY","N",,,"OVER $1,500","2025-01-24T11:33:00.000","FAILING TO YIELD RIGHT-OF-WAY","UNABLE TO DETERMINE","7965","S","CICERO AVE","834",,,,,,,"2","NO INDICATION OF INJURY","0","0","0","0","0","3","0","11","6","1","41.7477999882","-87.7411571685","POINT (-87.74115716852 41.747799988164)"
"2f1ac5d55bb8eed08a3d393ad00470b3a9c7d8c55a943b3d0ff83ed936d6858c494f77ba7ea2085a67401d6312bc0f09cf9712fd5d357473ccc4fca652257d0f",,"2025-01-24T11:20:00.000","30","NO CONTROLS","NO CONTROLS","SNOW","DAYLIGHT","FIXED OBJECT","NOT DIVIDED",,"CURVE, LEVEL","SNOW OR SLUSH","NO DEFECTS","ON SCENE","INJURY AND / OR TOW DUE TO CRASH",,,,"OVER $1,500","2025-01-24T11:24:00.000","FAILING TO REDUCE SPEED TO AVOID CRASH","NOT APPLICABLE","1502","S","PRAIRIE AVE","132",,,,,,,"1","REPORTED, NOT EVIDENT","2","0","0","0","2","1","0","11","6","1","41.8618554082","-87.6209645931","POINT (-87.620964593083 41.861855408205)"
"5697c7e8b8d29e27be668ae04d5a1204cd7063be4ed450ae91421c5319b927d4819a65c2c400083519c2bf9015c7f01376c8af78dc26aeeedd1fffb9f2f426cf",,"2025-01-24T11:18:00.000","30","NO CONTROLS","NO CONTROLS","UNKNOWN","DAYLIGHT","PARKED MOTOR VEHICLE","NOT DIVIDED",,"STRAIGHT AND LEVEL","UNKNOWN","UNKNOWN","NOT ON SCENE (DESK REPORT)","NO INJURY / DRIVE AWAY",,,"Y","OVER $1,500","2025-01-24T16:30:00.000","UNABLE TO DETERMINE","UNABLE TO DETERMINE","3535","W","HARRISON ST","1133",,,,,,,"2","NO INDICATION OF INJURY","0","0","0","0","0","1","0","11","6","1","41.8734759206","-87.7142489898","POINT (-87.71424898976 41.873475920631)"
"7429d367fb9f20dc54db380ba305a716c7b628de3aabf40e02ecda3c060db8ef3962b7fe3b6435b148f48b7ef3b78316b5f22646086c9c036748453007dc7304",,"2025-01-24T11:15:00.000","30","NO CONTROLS","FUNCTIONING PROPERLY","CLEAR","DAYLIGHT","REAR END","DIVIDED - W/MEDIAN (NOT RAISED)",,"STRAIGHT AND LEVEL","DRY","NO DEFECTS","NOT ON SCENE (DESK REPORT)","NO INJURY / DRIVE AWAY","Y",,"Y","OVER $1,500","2025-01-24T12:05:00.000","UNABLE TO DETERMINE","UNABLE TO DETERMINE","132","S","HAMLIN BLVD","1122",,,,,,,"3","NO INDICATION OF INJURY","0","0","0","0","0","3","0","11","6","1","41.8788848326","-87.7208256361","POINT (-87.720825636077 41.878884832564)"
"d9420473954929eb0638cd28d18b1d676b81d0423f4e4474a080b4761c064f608db5c375215d0bfe3f15d60e544a27396704d78f82fdc531cef88874f62ee711",,"2025-01-24T11:12:00.000","30","NO CONTROLS","NO CONTROLS","CLEAR","DAYLIGHT","PARKED MOTOR VEHICLE","ONE-WAY",,"STRAIGHT AND LEVEL","DRY","NO DEFECTS","ON SCENE","INJURY AND / OR TOW DUE TO CRASH",,,,"OVER $1,500","2025-01-24T11:15:00.000","FAILING TO REDUCE SPEED TO AVOID CRASH","IMPROPER LANE USAGE","3550","W","HARRISON ST","1133",,,,,,,"3","REPORTED, NOT EVIDENT","1","0","0","0","1","0","0","11","6","1","41.873689435","-87.7148584608","POINT (-87.714858460762 41.873689435028)"