"crash_record_id","crash_date_est_i","crash_date","posted_speed_limit","traffic_control_device","device_condition","weather_condition","lighting_condition","first_crash_type","trafficway_type","lane_cnt","alignment","roadway_surface_cond","road_defect","report_type","crash_type","intersection_related_i","private_property_i","hit_and_run_i","damage","date_police_notified","prim_contributory_cause","sec_contributory_cause","street_no","street_direction","street_name","beat_of_occurrence","photos_taken_i","statements_taken_i","dooring_i","work_zone_i","work_zone_type","workers_present_i","num_units","most_severe_injury","injuries_total","injuries_fatal","injuries_incapacitating","injuries_non_incapacitating","injuries_reported_not_evident","injuries_no_indication","injuries_unknown","crash_hour","crash_day_of_week","crash_month","latitude","longitude","location"
"cceb6c4be62353d70c7b7fc5ca99112fe986bd0eaf182d39fbc68c54aa0149379ec28eea6253c85d548c345cee185ea2838b15607bc1f842c25e5d317255a919",,"2025-01-24T11:10:00.000","30","NO CONTROLS","NO CONTROLS","CLEAR","DAYLIGHT","PARKED MOTOR VEHICLE","ONE-WAY",,"STRAIGHT AND LEVEL","DRY","NO DEFECTS","NOT ON SCENE (DESK REPORT)","NO INJURY / DRIVE AWAY",,,"Y","$500 OR LESS","2025-01-24T11:50:00.000","IMPROPER TURNING/NO SIGNAL","NOT APPLICABLE","751","N","DEARBORN ST","1832",,,,,,,"2","NO INDICATION OF INJURY","0","0","0","0","0","1","0","11","6","1","41.8964142903","-87.6296239608","POINT (-87.629623960827 41.896414290259)"
"25f528a9dbbd9d30e89e8095d1098d27c8520c9bc13c99ef1b713969c7b8522d04590de59b2a27fbd96c96aa23bf5bd18cf1405fe227794d1275eea2680763ab",,"2025-01-24T11:00:00.000","30","TRAFFIC SIGNAL","FUNCTIONING PROPERLY","CLEAR","DAYLIGHT","FIXED OBJECT","Y-INTERSECTION",,"STRAIGHT AND LEVEL","DRY","NO DEFECTS","ON SCENE","NO INJURY / DRIVE AWAY","Y",,"Y","OVER $1,500","2025-01-24T13:40:00.000","UNABLE TO DETERMINE","UNABLE TO DETERMINE","10556","S","INDIANAPOLIS AVE","432",,,,,,,"1","NO INDICATION OF INJURY","0","0","0","0","0","1","0","11","6","1","41.7031219566","-87.525124847","POINT (-87.525124847027 41.703121956608)"
"3a23cb33688a483d34232aec1fea3baea323473b6ad7aee3c190dbc71311bc3bb0be651cf22c79178e662dd7dd88f288824d3600e8463d36e29f595318a20faa",,"2025-01-24T11:00:00.000","20","NO CONTROLS","NO CONTROLS","CLEAR","DAYLIGHT","PARKED MOTOR VEHICLE","PARKING LOT",,"STRAIGHT AND LEVEL","DRY","UNKNOWN","NOT ON SCENE (DESK REPORT)","NO INJURY / DRIVE AWAY",,,"Y","OVER $1,500","2025-01-24T17:30:00.000","UNABLE TO DETERMINE","UNABLE TO DETERMINE","11730","S","MARSHFIELD AVE","2234",,,,,,,"2","NO INDICATION OF INJURY","0","0","0","0","0","1","0","11","6","1","41.6803322053","-87.6625846787","POINT (-87.662584678739 41.680332205335)"
"8b945d63c49501b6a38bc469b6a25d2e1c93d0301fc0e7d47337aa24664b617b78f5f99dd0989733aeb9477e1bc6c177ba2aa31cd354cf179726822830e9c9c3",,"2025-01-24T11:00:00.000","30","TRAFFIC SIGNAL","FUNCTIONING PROPERLY","CLEAR","DAYLIGHT","ANGLE","DIVIDED - W/MEDIAN (NOT RAISED)",,"STRAIGHT AND LEVEL","DRY","NO DEFECTS","NOT ON SCENE (DESK REPORT)","NO INJURY / DRIVE AWAY","Y",,"Y","OVER $1,500","2025-01-24T13:20:00.000","UNABLE TO DETERMINE","UNABLE TO DETERMINE","6300","S","STATE ST","312",,,,,,,"2","NO INDICATION OF INJURY","0","0","0","0","0","2","0","11","6","1","41.7800082774","-87.6255225119","POINT (-87.625522511916 41.780008277408)"
"98cf0db1c6ccacc3467307938cac50d58a869751260928d6cf728af77577238d4afb20d70d75bcd649da228a935ccc1c1778528975dc36a15ed7daddbc4cb22e",,"2025-01-24T11:00:00.000","25","TRAFFIC SIGNAL","FUNCTIONING PROPERLY","CLEAR","DAYLIGHT","SIDESWIPE SAME DIRECTION","T-INTERSECTION",,"STRAIGHT AND LEVEL","DRY","NO DEFECTS","ON SCENE","NO INJURY / DRIVE AWAY","Y",,,"$501 - $1,500","2025-01-24T11:20:00.000","UNABLE TO DETERMINE","UNABLE TO DETERMINE","800","E","95TH ST","633",,,,,,,"3","NO INDICATION OF INJURY","0","0","0","0","0","2","0","11","6","1","41.7221539388","-87.6044477356","POINT (-87.604447735644 41.722153938772)"
"befa1e635bdedd77fce55ef7769f53e55031b49a7844ecde73d83e665e4f04e632c363fe272c0e539dcbbe2a29e748ba3528d035768f23e7302b9e1c791916ff","Y","2025-01-24T11:00:00.000","20","TRAFFIC SIGNAL","FUNCTIONING PROPERLY","CLEAR","DAYLIGHT","REAR END","DIVIDED - W/MEDIAN (NOT RAISED)",,"STRAIGHT AND LEVEL","DRY","NO DEFECTS","NOT ON SCENE (DESK REPORT)","NO INJURY / DRIVE AWAY",,,,"$501 - $1,500","2025-01-24T11:55:00.000","UNABLE TO DETERMINE","UNABLE TO DETERMINE","300","S","CENTRAL AVE","1513",,,,,,,"2","NO INDICATION OF INJURY","0","0","0","0","0","2","0","11","6","1","41.8764901137","-87.7648701012","POINT (-87.764870101157 41.876490113701)"
"bfb4407402861184346063732570070759dc39b35ec5656743c2801c43cc146fcf1704df967b8ef86192175334114e3238ae4e8f4c23bba46ef2bc3650c8be92",,"2025-01-24T11:00:00.000","30","TRAFFIC SIGNAL","FUNCTIONING PROPERLY","CLEAR","DAYLIGHT","ANGLE","FOUR WAY",,"STRAIGHT AND LEVEL","DRY","NO DEFECTS","ON SCENE","INJURY AND / OR TOW DUE TO CRASH","Y",,,"OVER $1,500","2025-01-24T11:00:00.000","UNABLE TO DETERMINE","NOT APPLICABLE","800","N","KEDZIE AVE","1121",,"N",,,,,"2","NO INDICATION OF INJURY","0","0","0","0","0","2","0","11","6","1","41.8956153135","-87.7067053251","POINT (-87.706705325106 41.895615313545)"
"604a9c0d7b3bbb9ed3d5f441d603038141a71b81f0451d354ecd300d1587604826b7659840998ac8cff501e50dfdb352265477565fdb1c7f20c37b42a3bd791c",,"2025-01-24T10:53:00.000","30","STOP SIGN/FLASHER","FUNCTIONING PROPERLY","UNKNOWN","DAYLIGHT","PARKED MOTOR VEHICLE","NOT DIVIDED",,"STRAIGHT AND LEVEL","UNKNOWN","UNKNOWN","NOT ON SCENE (DESK REPORT)","NO INJURY / DRIVE AWAY",,,,"OVER $1,500","2025-01-27T13:00:00.000","UNABLE TO DETERMINE","NOT APPLICABLE","812","E","52ND ST","233",,,,,,,"2","NO INDICATION OF INJURY","0","0","0","0","0","1","0","10","6","1","41.8005531385","-87.605770244","POINT (-87.605770243979 41.800553138473)"
"e5bd9e720ad963dbb321c448aa65089d096e41276d2a06b22cf558fa3314aa2f07d3a2f0a55f99864eebe5f91d9121d081b6828d24bd642647dcfa249b24177b",,"2025-01-24T10:38:00.000","10","NO CONTROLS","NO CONTROLS","CLEAR","DAYLIGHT","PARKED MOTOR VEHICLE","PARKING LOT",,"STRAIGHT AND LEVEL","DRY","UNKNOWN","NOT ON SCENE (DESK REPORT)","NO INJURY / DRIVE AWAY",,,"Y","OVER $1,500","2025-01-24T12:30:00.000","UNABLE TO DETERMINE","NOT APPLICABLE","836","W","WELLINGTON AVE","1933",,,,,,,"2","NO INDICATION OF INJURY","0","0","0","0","0","1","0","10","6","1","41.9364501676","-87.650552452","POINT (-87.650552452041 41.936450167582)"
"576605c83e0a212ddb759ecf9824717fa942958abe358b463ec94d75055736cb959d98958645d9921f4eac77ae87341963f7feb26854c01aaeee6d9049ad8bf8",,"2025-01-24T10:30:00.000","30","NO CONTROLS","NO CONTROLS","CLEAR","DAYLIGHT","PARKED MOTOR VEHICLE","NOT DIVIDED",,"STRAIGHT AND LEVEL","UNKNOWN","UNKNOWN","NOT ON SCENE (DESK REPORT)","NO INJURY / DRIVE AWAY",,"N",,"$501 - $1,500","2025-01-25T11:25:00.000","IMPROPER BACKING","NOT APPLICABLE","1322","E","53RD ST","234",,,,,,,"2","NO INDICATION OF INJURY","0","0","0","0","0","1","0","10","6","1","41.7995944825","-87.5940670026","POINT (-87.594067002566 41.799594482476)"
"08f1ab503f4cc687e3bd2b2fda130e551f78aaa2cf5c91e745a848d9c52496bf60610f06ee2fd5497a0c78ae26d4b032bdb76fcda7f7abf8c44b60194228a4fe",,"2025-01-24T10:25:00.000","25","NO CONTROLS","NO CONTROLS","CLEAR","DAYLIGHT","PARKED MOTOR VEHICLE","OTHER",,"STRAIGHT AND LEVEL","DRY","NO DEFECTS","NOT ON SCENE (DESK REPORT)","NO INJURY / DRIVE AWAY",,,,"OVER $1,500","2025-01-24T13:33:00.000","IMPROPER BACKING","UNABLE TO DETERMINE","1500","S","WESTERN AVE","1023",,,,,,,"2","NO INDICATION OF INJURY","0","0","0","0","0","1","0","10","6","1","41.8611260715","-87.6860298654","POINT (-87.68602986539 41.861126071502)"
"b9004f2cf7a80834dc3872d8b80fa6a0df7346893f1f255a660d6554899deae56bb59fe0a5f1372f4d8b5348138b6ea20f0fb5df8b6b3e70161dc2aac224f9cf",,"2025-01-24T10:23:00.000","30","NO CONTROLS","NO CONTROLS","CLEAR","DAYLIGHT","REAR END","DIVIDED - W/MEDIAN BARRIER",,"STRAIGHT ON HILLCREST","WET","UNKNOWN","ON SCENE","INJURY AND / OR TOW DUE TO CRASH",,,,"OVER $1,500","2025-01-24T10:57:00.000","UNABLE TO DETERMINE","UNABLE TO DETERMINE","3822","S","PULASKI RD","815",,,,,,,"2","NO INDICATION OF INJURY","0","0","0","0","0","2","0","10","6","1","41.8236170965","-87.7242114171","POINT (-87.724211417105 41.82361709652)"
"fd68a0bd61f7f5e9672d548d8cfe9d20e0cfffb3a5b12b3595f79bb5fd6a37aeae904120dfbeaab92255a8a084b890f9d671c170f1fc63b912e972a4b89ec2ff",,"2025-01-24T10:22:00.000","30","UNKNOWN","UNKNOWN","CLEAR","DAYLIGHT","PARKED MOTOR VEHICLE","NOT DIVIDED",,"STRAIGHT AND LEVEL","UNKNOWN","UNKNOWN","NOT ON SCENE (DESK REPORT)","NO INJURY / DRIVE AWAY",,,"Y","OVER $1,500","2025-01-24T11:35:00.000","UNABLE TO DETERMINE","NOT APPLICABLE","4092","N","BROADWAY","1915",,,,,,,"2","NO INDICATION OF INJURY","0","0","0","0","0","1","0","10","6","1","41.956893959","-87.6521996078","POINT (-87.652199607829 41.956893958957)"
"de8ef483f5d2ec0ab82693ed3c0034df020e9a59fdeb643f2df68febdbeb0cc155fbdb7f143ca8ffa2f07e2fa8524d5f201fd42c79d817e7be2f61d2d27b208d",,"2025-01-24T10:19:00.000","30","NO CONTROLS","NO CONTROLS","CLEAR","DAYLIGHT","REAR END","NOT DIVIDED",,"STRAIGHT AND LEVEL","UNKNOWN","UNKNOWN","NOT ON SCENE (DESK REPORT)","NO INJURY / DRIVE AWAY",,,,"OVER $1,500","2025-01-24T11:30:00.000","FOLLOWING TOO CLOSELY","FOLLOWING TOO CLOSELY","3788","S","PULASKI RD","815",,,,,,,"2","NO INDICATION OF INJURY","0","0","0","0","0","2","0","10","6","1","41.8246107231","-87.7242376082","POINT (-87.724237608244 41.824610723093)"
"4e4502009aaf4232f06da70060040a3b226e6e507b91025e2e42e46f3558647c4c45dc0e84fc0987a0f7050efbb90c4f62632b323569231cc3a4774f162b34b0",,"2025-01-24T10:15:00.000","35","TRAFFIC SIGNAL","FUNCTIONING PROPERLY","CLEAR","DAYLIGHT","PEDESTRIAN","T-INTERSECTION",,"STRAIGHT AND LEVEL","DRY","NO DEFECTS","ON SCENE","NO INJURY / DRIVE AWAY",,,,"$500 OR LESS","2025-01-24T10:16:00.000","UNABLE TO DETERMINE","VISION OBSCURED (SIGNS, TREE LIMBS, BUILDINGS, ETC.)","3158","W","IRVING PARK RD","1724",,,,,,,"2","NO INDICATION OF INJURY","0","0","0","0","0","2","0","10","6","1","41.9540299043","-87.7079552328","POINT (-87.707955232814 41.954029904258)"
"01db79e8627ecbdff189804ee325a4a6a3bb65048a96c4ecc6dc3369aa2d2b78ac909114b1a62121df7312401280316c3ad6fce72c4225e317efdcbc8f6ac5a0",,"2025-01-24T10:13:00.000","30","NO CONTROLS","NO CONTROLS","CLEAR","DAYLIGHT","REAR END","FOUR WAY",,"STRAIGHT AND LEVEL","DRY","UNKNOWN","ON SCENE","NO INJURY / DRIVE AWAY","Y",,,"OVER $1,500","2025-01-24T10:16:00.000","FAILING TO REDUCE SPEED TO AVOID CRASH","FOLLOWING TOO CLOSELY","7100","S","EBERHART AVE","323",,,,,,,"4","NO INDICATION OF INJURY","0","0","0","0","0","4","0","10","6","1","41.7656590861","-87.6129894508","POINT (-87.612989450807 41.765659086146)"
"23240f641ad5c94b8862ab6ef9974d4ed591f621f2963d8c17a6ce1501206cb0d3b97be54e57b5614a8ad517b2a043bc95d889f2cb77b39b17b42f56147e7e0c",,"2025-01-24T10:10:00.000","25","NO CONTROLS","NO CONTROLS","UNKNOWN","DAYLIGHT","PARKED MOTOR VEHICLE","NOT DIVIDED",,"STRAIGHT AND LEVEL","UNKNOWN","UNKNOWN","ON SCENE","INJURY AND / OR TOW DUE TO CRASH",,,"Y","OVER $1,500","2025-01-24T14:45:00.000","UNABLE TO DETERMINE","NOT APPLICABLE","4865","W","ARMITAGE AVE","2533",,,,,,,"3","NO INDICATION OF INJURY","0","0","0","0","0","1","0","10","6","1","41.9167894229","-87.74870858","POINT (-87.748708580014 41.916789422943)"
"1d458a7198083612b642c713bad64456d700f94be9a2e0c0c4de513571c986c6a5bb2e068f5f85e3bef067d2d32a24a3928912cbf699a205f1833e5e3e68ca93",,"2025-01-24T10:00:00.000","30","NO CONTROLS","NO CONTROLS","CLEAR","DAYLIGHT","SIDESWIPE SAME DIRECTION","NOT DIVIDED",,"STRAIGHT AND LEVEL","DRY","NO DEFECTS","ON SCENE","INJURY AND / OR TOW DUE TO CRASH",,,,"OVER $1,500","2025-01-24T10:15:00.000","FAILING TO YIELD RIGHT-OF-WAY","UNABLE TO DETERMINE","4646","N","MARINE DR","1914",,,,,,,"2","NO INDICATION OF INJURY","0","0","0","0","0","2","0","10","6","1","41.9668595507","-87.6491350421","POINT (-87.649135042071 41.966859550699)"
"c455070964b6a975e2ed1480ae1f1adde3fcdc534e592da62893d428026f0df84b9e72c1af1adacffb184b0c6ae80f03a5fcc6d4b178f2a0c1ee27de662608ba",,"2025-01-24T10:00:00.000","30","NO CONTROLS","NO CONTROLS","CLEAR","DAYLIGHT","SIDESWIPE SAME DIRECTION","PARKING LOT",,"STRAIGHT AND LEVEL","DRY","NO DEFECTS","NOT ON SCENE (DESK REPORT)","NO INJURY / DRIVE AWAY",,,,"OVER $1,500","2025-01-24T10:30:00.000","UNABLE TO DETERMINE","UNABLE TO DETERMINE","10500","S","HALSTED ST","2233",,,,,,,"2","NO INDICATION OF INJURY","0","0","0","0","0","3","0","10","6","1","41.7031858187","-87.6428645922","POINT (-87.642864592211 41.703185818716)"
"c610487158407626419465b52914e57eafb4b565c03d724f23e158076a41012d5762c71b13625ed147173cf4e6af296ca702aa0844d8054938c80e8d5fcb10de",,"2025-01-24T10:00:00.000","30","NO CONTROLS","NO CONTROLS","CLEAR","DAYLIGHT","PARKED MOTOR VEHICLE","ALLEY",,"STRAIGHT AND LEVEL","DRY","NO DEFECTS","NOT ON SCENE (DESK REPORT)","NO INJURY / DRIVE AWAY",,,"Y","OVER $1,500","2025-02-01T09:28:00.000","UNABLE TO DETERMINE","UNABLE TO DETERMINE","1232","W","MELROSE ST","1924",,,,,,,"2","NO INDICATION OF INJURY","0","0","0","0","0","1","0","10","6","1","41.940825068","-87.6603214553","POINT (-87.66032145529 41.940825067956)"
"d79c855edeea88ec86e56169c272d4d2781ad70249d94762c5ffcaa7a7c468350c6aad4550e2944a2c105ce64b85b2997cf167550b461bf79736eaf109a66be1",,"2025-01-24T10:00:00.000","40","TRAFFIC SIGNAL","FUNCTIONING PROPERLY","CLEAR","DAYLIGHT","SIDESWIPE SAME DIRECTION","T-INTERSECTION",,"STRAIGHT AND LEVEL","DRY","NO DEFECTS","ON SCENE","NO INJURY / DRIVE AWAY","Y",,"Y","$501 - $1,500","2025-01-24T10:13:00.000","IMPROPER OVERTAKING/PASSING","FOLLOWING TOO CLOSELY","98","S","LAKE SHORE DR SB","114",,,,,,,"2","NO INDICATION OF INJURY","0","0","0","0","0","2","0","10","6","1","41.8809827009","-87.6176333442","POINT (-87.617633344219 41.88098270091)"
"fa24099dffe23732b62e6d48e029e53f7f8cfdaa8fa590384936f0bf3d94bf775084bf1bace9de0e20ddfca67faaca49b091b819f58a5a6df458b7f29eed4864",,"2025-01-24T10:00:00.000","10","NO CONTROLS","NO CONTROLS","CLEAR","DAYLIGHT","PARKED MOTOR VEHICLE","OTHER",,"STRAIGHT AND LEVEL","DRY","UNKNOWN","NOT ON SCENE (DESK REPORT)","NO INJURY / DRIVE AWAY",,,"Y","$501 - $1,500","2025-01-24T11:20:00.000","UNABLE TO DETERMINE","UNABLE TO DETERMINE","4922","S","KEDZIE AVE","821",,,,,,,"2","NO INDICATION OF INJURY","0","0","0","0","0","1","0","10","6","1","41.803755817","-87.7039955279","POINT (-87.703995527903 41.803755816983)"
"d84a5fc9983a4ed8792ec4023dfce7dba4d4eade1d69bc1f212d53b5d88d099d6dc2064a4d7e44ed8bec735cd7304de1daaeaebb92e98991576404f760587d97",,"2025-01-24T09:50:00.000","30","TRAFFIC SIGNAL","FUNCTIONING PROPERLY","CLEAR","DAYLIGHT","PARKED MOTOR VEHICLE","NOT DIVIDED",,"STRAIGHT AND LEVEL","DRY","NO DEFECTS","ON SCENE","NO INJURY / DRIVE AWAY",,,,"$501 - $1,500","2025-01-24T09:52:00.000","NOT APPLICABLE","NOT APPLICABLE","1600","W","WILSON AVE","1912",,,,,,,"2","NO INDICATION OF INJURY","0","0","0","0","0","1","0","9","6","1","41.9653418602","-87.6694301319","POINT (-87.669430131885 41.96534186021)"
"1b18faa7fb3547fee4f47f71db3a2a1f57be92cb9052f1dd365f0863a01b7f90da3baf1144818ab4023be033ffb969a7f477a1c4b973d4d21e4a1a1e9a486900","Y","2025-01-24T09:41:00.000","30","NO CONTROLS","NO CONTROLS","CLEAR","DAYLIGHT","SIDESWIPE SAME DIRECTION","OTHER",,"STRAIGHT AND LEVEL","DRY","NO DEFECTS","ON SCENE","NO INJURY / DRIVE AWAY",,,,"OVER $1,500","2025-01-24T09:49:00.000","NOT APPLICABLE","NOT APPLICABLE","3322","N","DRAKE AVE","1732",,,,,,,"2","NO INDICATION OF INJURY","0","0","0","0","0","3","0","9","6","1","41.9418243469","-87.7164034753","POINT (-87.716403475265 41.941824346925)"
"d941c2578ee0c14cc1acc0e5542708811377938bd5f8fe14aa74485fe7578272ede3c3294978797c669bd09d1b559ec6343dcb3bf7ea03a4cc8f8dd86a8b1085",,"2025-01-24T09:41:00.000","30","TRAFFIC SIGNAL","FUNCTIONING PROPERLY","CLEAR","DAYLIGHT","TURNING","FOUR WAY",,"STRAIGHT AND LEVEL","DRY","NO DEFECTS","ON SCENE","INJURY AND / OR TOW DUE TO CRASH","Y",,,"OVER $1,500","2025-01-24T09:42:00.000","UNABLE TO DETERMINE","UNABLE TO DETERMINE","4601","N","ASHLAND AVE","1912",,,,,,,"2","NONINCAPACITATING INJURY","4","0","0","4","0","0","0","9","6","1","41.9653267544","-87.6692027336","POINT (-87.66920273358 41.96532675439)"
"e5144fe5168f4d277d8db63c3ebf30fb674417df1c0b5f189e9189a54e4f6ac54c2e5d2656833dd368865b27890275a253762eaba925824a0c9c2d331a3c6021",,"2025-01-24T09:37:00.000","30","NO CONTROLS","NO CONTROLS","CLEAR","DAYLIGHT","SIDESWIPE SAME DIRECTION","DIVIDED - W/MEDIAN BARRIER",,"STRAIGHT AND LEVEL","DRY","NO DEFECTS","NOT ON SCENE (DESK REPORT)","NO INJURY / DRIVE AWAY",,,,"OVER $1,500","2025-01-24T10:15:00.000","DISTRACTION - FROM OUTSIDE VEHICLE","UNABLE TO DETERMINE","2715","S","ARCHER AVE","913",,,,,,,"2","NO INDICATION OF INJURY","0","0","0","0","0","2","0","9","6","1","41.8442170219","-87.6523832419","POINT (-87.652383241862 41.844217021865)"
"381bbb51d74932db404f38b946c2c9959d00ca01652e99d576a905260252088ec8cad508d2d0c24eb55e1d20287b5ba0ee7240104bf265776cafde2653f3d114",,"2025-01-24T09:36:00.000","30","STOP SIGN/FLASHER","NO CONTROLS","CLEAR","DAYLIGHT","REAR END","ONE-WAY",,"STRAIGHT AND LEVEL","DRY","NO DEFECTS","NOT ON SCENE (DESK REPORT)","NO INJURY / DRIVE AWAY",,,,"OVER $1,500","2025-01-24T09:50:00.000","UNABLE TO DETERMINE","NOT APPLICABLE","4400","N","KENNETH AVE","1722",,,,,,,"2","NO INDICATION OF INJURY","0","0","0","0","0","2","0","9","6","1","41.9609004835","-87.7399713821","POINT (-87.739971382097 41.960900483539)"
"b2dc35d522ae29b939719507762c2d70d79ea412bbb2037c0b12e1c9eca0a3729554404140b3f1b58cf8cef856da882d9e203114ea276e0d8178cbbbdd277245",,"2025-01-24T09:35:00.000","30","NO CONTROLS","NO CONTROLS","CLEAR","DAYLIGHT","TURNING","NOT DIVIDED",,"STRAIGHT AND LEVEL","DRY","NO DEFECTS","NOT ON SCENE (DESK REPORT)","NO INJURY / DRIVE AWAY",,,,"OVER $1,500","2025-01-24T16:30:00.000","FOLLOWING TOO CLOSELY","UNABLE TO DETERMINE","1048","N","CICERO AVE","1531",,,,,,,"2","NO INDICATION OF INJURY","0","0","0","0","0","2","0","9","6","1","41.9001727557","-87.7460699737","POINT (-87.746069973687 41.900172755722)"
"72d44c0a8cc19e3588bc30b55208b090b7d2478e3e92a310f8042d9c416ee4bd89e37d731ac8c2df6f174d5f2b5e03017f87882aa22d5eedd5dd1f814ecd55fe",,"2025-01-24T09:34:00.000","30","NO CONTROLS","NO CONTROLS","CLEAR","DAYLIGHT","PARKED MOTOR VEHICLE","NOT DIVIDED",,"STRAIGHT AND LEVEL","DRY","NO DEFECTS","ON SCENE","NO INJURY / DRIVE AWAY",,,,"$501 - $1,500","2025-01-24T09:36:00.000","UNABLE TO DETERMINE","NOT APPLICABLE","7828","S","COTTAGE GROVE AVE","624",,,,,,,"2","NO INDICATION OF INJURY","0","0","0","0","0","1","0","9","6","1","41.7522231025","-87.6053741555","POINT (-87.605374155512 41.752223102517)"
"c639fc458d4f03f0b1726d05fb4691ebcbd582a61319291337fa1e8a24f2872a3050bf9a3e93a4f2c4deb57da2bb6fd3d0b8f2d2e717f2f8890eef515669f9f3",,"2025-01-24T09:31:00.000","35","STOP SIGN/FLASHER","FUNCTIONING PROPERLY","CLEAR","DAYLIGHT","ANGLE","FOUR WAY",,"STRAIGHT AND LEVEL","DRY","NO DEFECTS","ON SCENE","INJURY AND / OR TOW DUE TO CRASH","Y",,,"OVER $1,500","2025-01-24T09:46:00.000","UNABLE TO DETERMINE","UNABLE TO DETERMINE","9000","S","ASHLAND AVE","2221",,,,,,,"2","NO INDICATION OF INJURY","0","0","0","0","0","2","0","9","6","1","41.7302047099","-87.6630466921","POINT (-87.663046692127 41.730204709887)"
"1cf5141993ba3e698a347f6daf7a90a51baf54324ee5a2134bece7a9f45cca435bd29c38d373b77562a03d3bcbcec60d41910c16a26cec284efb81a20b3647aa",,"2025-01-24T09:30:00.000","30","TRAFFIC SIGNAL","FUNCTIONING PROPERLY","OTHER","DAYLIGHT","REAR END","NOT DIVIDED",,"STRAIGHT AND LEVEL","UNKNOWN","UNKNOWN","NOT ON SCENE (DESK REPORT)","INJURY AND / OR TOW DUE TO CRASH","N",,"Y","$501 - $1,500","2025-01-24T11:00:00.000","UNABLE TO DETERMINE","NOT APPLICABLE","6701","S","CICERO AVE","833",,,,,,,"2","REPORTED, NOT EVIDENT","1","0","0","0","1","1","0","9","6","1","41.7710448011","-87.7419056317","POINT (-87.741905631651 41.771044801146)"
"54fe2de7acfd2006b4c74c1ac98b43851ea893664924d5a3a45f14756c1f7e9881c8bbe5759f395a02fef4c108e1b0bb0dbdc57eff7b693aee639ecc298c534c",,"2025-01-24T09:30:00.000","30","NO CONTROLS","NO CONTROLS","CLEAR","DAYLIGHT","PARKED MOTOR VEHICLE","NOT DIVIDED",,"STRAIGHT AND LEVEL","DRY","UNKNOWN","ON SCENE","INJURY AND / OR TOW DUE TO CRASH",,,,"OVER $1,500","2025-01-24T09:35:00.000","IMPROPER LANE USAGE","IMPROPER LANE USAGE","5611","S","ASHLAND AVE","713",,,,,,,"3","NO INDICATION OF INJURY","0","0","0","0","0","1","0","9","6","1","41.7918358856","-87.6643821687","POINT (-87.6643821687 41.791835885573)"
"6faf252689f8682def389adc83c23ec832b0f1041874f30c7af8571efad73dc3c0d872009005fb360ed72fc42e22bac72ad245d1c7d176537876d5a9682319cc",,"2025-01-24T09:30:00.000","30","NO CONTROLS","NO CONTROLS","CLEAR","DAYLIGHT","ANGLE","FOUR WAY",,"STRAIGHT AND LEVEL","DRY","UNKNOWN","NOT ON SCENE (DESK REPORT)","NO INJURY / DRIVE AWAY",,,,"OVER $1,500","2025-01-24T14:32:00.000","DISREGARDING STOP SIGN","DISREGARDING STOP SIGN","900","W","VERMONT ST","523",,,,,,,"2","NO INDICATION OF INJURY","0","0","0","0","0","2","0","9","6","1","41.6614947147","-87.6439086553","POINT (-87.643908655261 41.661494714657)"
"75bfaad30563e0743d0c8687379b0146a9ed0ddb2c5a71d992ec2242e7db4fc8737305e6814600d2d6fd8ba8c0492926174ae204ae44357277307ce5e0d2ea73",,"2025-01-24T09:20:00.000","10","NO CONTROLS","NO CONTROLS","CLEAR","DAYLIGHT","ANGLE","PARKING LOT",,"STRAIGHT AND LEVEL","SNOW OR SLUSH","NO DEFECTS","NOT ON SCENE (DESK REPORT)","NO INJURY / DRIVE AWAY",,"Y",,"OVER $1,500","2025-01-24T09:30:00.000","IMPROPER BACKING","UNABLE TO DETERMINE","3440","S","ARCHER AVE","912",,,,,,,"2","NO INDICATION OF INJURY","0","0","0","0","0","2","0","9","6","1","41.831378948","-87.6762640221","POINT (-87.67626402215 41.831378948015)"
"a0c92e5f18db1e3511da8ce842175f5e0023d1b939144f0238baf7f28ff3881fd0510916a39ca402ac470ff2a8aa15929584330fe62002a470fe6e588360669c",,"2025-01-24T09:20:00.000","25","NO CONTROLS","NO CONTROLS","CLEAR","DAYLIGHT","PARKED MOTOR VEHICLE","ONE-WAY",,"STRAIGHT AND LEVEL","DRY","NO DEFECTS","NOT ON SCENE (DESK REPORT)","NO INJURY / DRIVE AWAY",,,,"OVER $1,500","2025-01-25T17:50:00.000","IMPROPER BACKING","NOT APPLICABLE","3045","W","41ST ST","921",,,,,,,"2","NO INDICATION OF INJURY","0","0","0","0","0","2","0","9","6","1","41.8189365645","-87.7012717902","POINT (-87.701271790186 41.818936564536)"
"395e22d421b57c1d1839cc4a5ffc728ab8e3335d7fc9d3fad833a730364f5c49ed956e6d5ae0e3e4d493ef984da6897bfa43f157e391142248cd55bec8e11407",,"2025-01-24T09:15:00.000","30","TRAFFIC SIGNAL","FUNCTIONING PROPERLY","CLEAR","DAYLIGHT","REAR END","FOUR WAY",,"STRAIGHT AND LEVEL","DRY","NO DEFECTS","NOT ON SCENE (DESK REPORT)","NO INJURY / DRIVE AWAY",,,"Y","OVER $1,500","2025-01-24T09:55:00.000","UNABLE TO DETERMINE","UNABLE TO DETERMINE","3658","S","PULASKI RD","1031",,,,,,,"2","NO INDICATION OF INJURY","0","0","0","0","0","2","0","9","6","1","41.8268890523","-87.7242849722","POINT (-87.724284972159 41.826889052329)"