"crash_record_id","crash_date_est_i","crash_date","posted_speed_limit","traffic_control_device","device_condition","weather_condition","lighting_condition","first_crash_type","trafficway_type","lane_cnt","alignment","roadway_surface_cond","road_defect","report_type","crash_type","intersection_related_i","private_property_i","hit_and_run_i","damage","date_police_notified","prim_contributory_cause","sec_contributory_cause","street_no","street_direction","street_name","beat_of_occurrence","photos_taken_i","statements_taken_i","dooring_i","work_zone_i","work_zone_type","workers_present_i","num_units","most_severe_injury","injuries_total","injuries_fatal","injuries_incapacitating","injuries_non_incapacitating","injuries_reported_not_evident","injuries_no_indication","injuries_unknown","crash_hour","crash_day_of_week","crash_month","latitude","longitude","location"
"fcb9d9ea392ddb31e27b86f4c957567f42c89cf0e0e8189d2020b4f0ec5e6ba2038786df2e44a5d6d3cdc267cf8f39fd814bcae7d092003cc9380b9a1a74f991",,"2025-01-24T09:15:00.000","15","STOP SIGN/FLASHER","FUNCTIONING PROPERLY","CLEAR","DAYLIGHT","ANGLE","T-INTERSECTION",,"STRAIGHT AND LEVEL","DRY","NO DEFECTS","NOT ON SCENE (DESK REPORT)","NO INJURY / DRIVE AWAY","Y",,"Y","OVER $1,500","2025-01-24T13:33:00.000","DISREGARDING STOP SIGN","NOT APPLICABLE","1654","N","MEADE AVE","2513",,,,,,,"2","NO INDICATION OF INJURY","0","0","0","0","0","2","0","9","6","1","41.910845117","-87.7778522203","POINT (-87.777852220325 41.910845116991)"
"5c8c6bff7c5b8be907c66be9a558e0ccab7ce65ac31d03b64d877d33e59e041c1ad5bbaad05a65f0b362b85f72809d2af9164718362547e9aafc91559f840169",,"2025-01-24T09:14:00.000","35","TRAFFIC SIGNAL","FUNCTIONING PROPERLY","CLEAR","DAYLIGHT","REAR END","DIVIDED - W/MEDIAN (NOT RAISED)",,"STRAIGHT AND LEVEL","UNKNOWN","UNKNOWN","ON SCENE","NO INJURY / DRIVE AWAY",,,,"OVER $1,500","2025-01-24T09:25:00.000","FOLLOWING TOO CLOSELY","UNABLE TO DETERMINE","2202","N","CICERO AVE","2522",,,,,,,"2","NO INDICATION OF INJURY","0","0","0","0","0","2","0","9","6","1","41.9207306556","-87.7463607441","POINT (-87.746360744141 41.920730655583)"
"95b1fd89f92f73ddf95da614d8b7ad8eea3f13e9c132a4b55775332a7f81cf886d3c09a969125cf0c4a79e4be2124cc128c7ccb8a3ea02b322a143461a348643",,"2025-01-24T09:10:00.000","30","NO CONTROLS","NO CONTROLS","CLEAR","DAYLIGHT","ANGLE","DIVIDED - W/MEDIAN (NOT RAISED)",,"STRAIGHT AND LEVEL","DRY","UNKNOWN","ON SCENE","INJURY AND / OR TOW DUE TO CRASH",,,"Y","OVER $1,500","2025-01-24T09:13:00.000","UNABLE TO DETERMINE","UNABLE TO DETERMINE","1596","N","ST LOUIS AVE","1422",,,,,,,"2","NONINCAPACITATING INJURY","1","0","0","1","0","2","0","9","6","1","41.9099718955","-87.7145048023","POINT (-87.714504802325 41.909971895474)"
"d7b6f029e9ba9d2ec7d744e1c00f1ea9bb1ddc045f0f2785c65f5497ba7a50b4128ed1f66426ad7c28358c81c08cd2aafd12862257de015b5d46d209707bf767",,"2025-01-24T09:03:00.000","30","NO CONTROLS","NO CONTROLS","CLEAR","DAYLIGHT","TURNING","NOT DIVIDED",,"STRAIGHT AND LEVEL","ICE","NO DEFECTS","ON SCENE","NO INJURY / DRIVE AWAY",,,,"OVER $1,500","2025-01-24T10:04:00.000","FOLLOWING TOO CLOSELY","FAILING TO REDUCE SPEED TO AVOID CRASH","4658","S","KOLMAR AVE","815",,"Y",,,,,"2","NO INDICATION OF INJURY","0","0","0","0","0","2","0","9","6","1","41.8078445362","-87.7372416549","POINT (-87.737241654922 41.807844536224)"
"8aca14c87b236d830ae96d15c41f59fcd4588fdcb0e1a5a43a93e6bd6709bbcf3d9148b5f87b2f6bf6c945d9e7eb61fd27ba48f0d8f43d9f9d9099a522429760",,"2025-01-24T09:00:00.000","30","NO CONTROLS","NO CONTROLS","CLEAR","DAYLIGHT","REAR END","NOT DIVIDED",,"STRAIGHT AND LEVEL","UNKNOWN","UNKNOWN","NOT ON SCENE (DESK REPORT)","NO INJURY / DRIVE AWAY",,,,"OVER $1,500","2025-01-24T10:45:00.000","UNABLE TO DETERMINE","UNABLE TO DETERMINE","758","S","CENTRAL PARK AVE","1133",,,,,,,"2","NO INDICATION OF INJURY","0","0","0","0","0","2","0","9","6","1","41.8708823204","-87.7157072251","POINT (-87.715707225052 41.870882320445)"
"91ab1af284493d065aa2c8348c15528978d60baa3ad7ec98a20b1d66b9de3d487a9b6922ecf2fbe0dd93ffb2a74f808ce2bf20001356b9e465616dc713ed25df",,"2025-01-24T09:00:00.000","30","STOP SIGN/FLASHER","FUNCTIONING PROPERLY","CLEAR","DAYLIGHT","TURNING","ONE-WAY",,"STRAIGHT AND LEVEL","DRY","NO DEFECTS","ON SCENE","NO INJURY / DRIVE AWAY",,,,"$501 - $1,500","2025-01-24T09:09:00.000","UNABLE TO DETERMINE","UNABLE TO DETERMINE","637","N","HARDING AVE","1122",,,,,,,"2","NO INDICATION OF INJURY","0","0","0","0","0","2","0","9","6","1","41.8928367436","-87.7246409694","POINT (-87.724640969437 41.892836743588)"
"e592948bf34890beab845e660f209070ec0c26cc6cdb79672db7003d7f3f1572f924a7a4b57240e9ec01873553cbe2f18358ec064155c49fa21d0a61736d01e6",,"2025-01-24T09:00:00.000","25","NO CONTROLS","NO CONTROLS","CLEAR","DAYLIGHT","SIDESWIPE SAME DIRECTION","ONE-WAY",,"STRAIGHT AND LEVEL","UNKNOWN","UNKNOWN","NOT ON SCENE (DESK REPORT)","NO INJURY / DRIVE AWAY",,,,"$501 - $1,500","2025-01-24T10:54:00.000","IMPROPER OVERTAKING/PASSING","UNABLE TO DETERMINE","4856","N","PAULINA ST","2032",,,,,,,"2","NO INDICATION OF INJURY","0","0","0","0","0","3","0","9","6","1","41.9705357742","-87.6712129481","POINT (-87.671212948052 41.970535774186)"
"6b8830c33524f4b2179576c5c8a5b8559671e54214aa3cfa7acb864766eecd3d86b896a2e3b51a55c6e8bb17f229956028df9ade6606e7792f399a999971725a",,"2025-01-24T08:55:00.000","35","NO CONTROLS","NO CONTROLS","CLEAR","DAYLIGHT","REAR END","NOT DIVIDED",,"STRAIGHT AND LEVEL","DRY","NO DEFECTS",,"NO INJURY / DRIVE AWAY",,,,"OVER $1,500","2025-01-24T09:02:00.000","NOT APPLICABLE","NOT APPLICABLE","2109","W","DEVON AVE","2413",,,,,,,"2","NO INDICATION OF INJURY","0","0","0","0","0","3","0","8","6","1","41.997738186","-87.6829239416","POINT (-87.682923941596 41.997738186043)"
"508811689030d6427d67b028d60ecd87e8a97a3223d65d86b6def1b5e693f916720eb22a81c72f963fa09bf20c4795b86b89c4ccbff267ebce1e46342bd5e064",,"2025-01-24T08:50:00.000","30","TRAFFIC SIGNAL","UNKNOWN","CLEAR","DAYLIGHT","SIDESWIPE SAME DIRECTION","DIVIDED - W/MEDIAN BARRIER",,"STRAIGHT AND LEVEL","DRY","UNKNOWN",,"NO INJURY / DRIVE AWAY",,,,"OVER $1,500","2025-01-24T21:14:00.000","FAILING TO REDUCE SPEED TO AVOID CRASH","UNABLE TO DETERMINE","651","S","MICHIGAN AVE","114",,,,,,,"2","NO INDICATION OF INJURY","0","0","0","0","0","2","0","8","6","1","41.8733858571","-87.6240591937","POINT (-87.624059193662 41.873385857139)"
"88ee11cb073cee306538ad43d82fb3d58975cdd969d0a2b86adf520da972448110e99a97f660d5478c61c2f966f9dc35a7dccf93aeec23da7855b86dc9253cf1",,"2025-01-24T08:50:00.000","15","NO CONTROLS","NO CONTROLS","CLEAR","DAYLIGHT","PEDESTRIAN","NOT DIVIDED",,"STRAIGHT AND LEVEL","DRY","NO DEFECTS","ON SCENE","INJURY AND / OR TOW DUE TO CRASH",,,,"$500 OR LESS","2025-01-24T08:52:00.000","FAILING TO YIELD RIGHT-OF-WAY","FAILING TO YIELD RIGHT-OF-WAY","2827","W","BRYN MAWR AVE","2011",,,,,,,"3","NONINCAPACITATING INJURY","2","0","0","2","0","1","0","8","6","1","41.9830064638","-87.7002289633","POINT (-87.700228963303 41.983006463827)"
"feb0b2e5cd7b28727d8c32ec0cf41904d1df06836f5d18b2dcdb12908af234462bdfbba96077d489a99bd19ceec2f4be8058073ed7882b04fa44c8d9194c613e",,"2025-01-24T08:50:00.000","30","UNKNOWN","UNKNOWN","OTHER","UNKNOWN","REAR END","NOT DIVIDED",,"STRAIGHT AND LEVEL","OTHER","UNKNOWN","NOT ON SCENE (DESK REPORT)","NO INJURY / DRIVE AWAY",,,"Y","$501 - $1,500","2025-01-24T09:20:00.000","UNABLE TO DETERMINE","NOT APPLICABLE","5701","S","KEDZIE AVE","824",,,,,,,"2","NO INDICATION OF INJURY","0","0","0","0","0","3","0","8","6","1","41.7897946297","-87.7033054669","POINT (-87.703305466913 41.789794629715)"
"c6438d8662ac0cbd09942c896c2f0de12d6ee5d32f439f990f7cbc49e58e03696d2888ef543b90e6b04cf040b589abbd6c440898f78c3f9c7169ff9c5cf02cb4",,"2025-01-24T08:49:00.000","30","NO CONTROLS","NO CONTROLS","CLEAR","DAYLIGHT","TURNING","OTHER",,"STRAIGHT AND LEVEL","DRY","NO DEFECTS","ON SCENE","INJURY AND / OR TOW DUE TO CRASH",,,,"OVER $1,500","2025-01-24T08:49:00.000","VISION OBSCURED (SIGNS, TREE LIMBS, BUILDINGS, ETC.)","NOT APPLICABLE","6698","S","JEFFERY DR","331",,,,,,,"2","NO INDICATION OF INJURY","0","0","0","0","0","2","0","8","6","1","41.7735748221","-87.576627652","POINT (-87.576627652 41.773574822114)"
"41d743ef1a037cc5453070fe7849b32d2303fcf0fe888604f41cb4945e8b49dbe26111d7358c024d68c9bc6413776239a5c1579264ce49266f313e701e1a4536",,"2025-01-24T08:48:00.000","30","TRAFFIC SIGNAL","FUNCTIONING PROPERLY","CLEAR","DAYLIGHT","PEDESTRIAN","FOUR WAY",,"STRAIGHT AND LEVEL","DRY","NO DEFECTS","ON SCENE","INJURY AND / OR TOW DUE TO CRASH","Y",,"Y","$500 OR LESS","2025-01-24T08:49:00.000","FAILING TO YIELD RIGHT-OF-WAY","TURNING RIGHT ON RED","799","N","OAKLEY BLVD","1221",,,,,,,"2","FATAL","1","1","0","0","0","2","0","8","6","1","41.8957416969","-87.6842485387","POINT (-87.684248538679 41.895741696856)"
"00f235d9fc171334eb3c7b34cb9d5127865c021e0f40fa622089439edc08675300efeee923fafab38a72d3a112b41fb3eca2dbe7c3d0904a5b98d67800f0a9a1",,"2025-01-24T08:45:00.000","30","NO CONTROLS","NO CONTROLS","CLEAR","DAYLIGHT","SIDESWIPE SAME DIRECTION","NOT DIVIDED",,"STRAIGHT AND LEVEL","DRY","NO DEFECTS","NOT ON SCENE (DESK REPORT)","NO INJURY / DRIVE AWAY",,,"N","OVER $1,500","2025-01-24T09:20:00.000","UNABLE TO DETERMINE","UNABLE TO DETERMINE","2001","S","CALIFORNIA AVE","1023",,,,,,,"2","NO INDICATION OF INJURY","0","0","0","0","0","3","0","8","6","1","41.8546572349","-87.6953930283","POINT (-87.695393028345 41.854657234903)"
"3b8178ee32a4b09e62e25bdd7b7e5e527a8f8175f8070514023b1afaccf892058b115a7730d765377fcd36044822d73350dbbaa10ab776008fb8d01ff02dcba9",,"2025-01-24T08:45:00.000","30","TRAFFIC SIGNAL","FUNCTIONING PROPERLY","CLEAR","DAYLIGHT","REAR END","NOT DIVIDED",,"STRAIGHT AND LEVEL","DRY","NO DEFECTS",,"NO INJURY / DRIVE AWAY","Y",,,"OVER $1,500","2025-01-24T09:30:00.000","FOLLOWING TOO CLOSELY","FAILING TO REDUCE SPEED TO AVOID CRASH","2225","W","FULLERTON AVE","1432",,,,,,,"2","NO INDICATION OF INJURY","0","0","0","0","0","2","0","8","6","1","41.9248397851","-87.6840939415","POINT (-87.684093941542 41.924839785095)"
"ec06bbd2c5ea226fe976f6c6c46604d24c8b120ee5b09dc09c1630d522032a7d9cc71fc85081e6f35e0baefe97de9fa361eafc799c6f123c74a9a4d3e403bfaf",,"2025-01-24T08:45:00.000","30","NO CONTROLS","NO CONTROLS","CLEAR","DAYLIGHT","SIDESWIPE SAME DIRECTION","NOT DIVIDED",,"STRAIGHT AND LEVEL","UNKNOWN","UNKNOWN","NOT ON SCENE (DESK REPORT)","NO INJURY / DRIVE AWAY",,,,"$501 - $1,500","2025-01-24T20:20:00.000","IMPROPER OVERTAKING/PASSING","IMPROPER OVERTAKING/PASSING","3922","W","IRVING PARK RD","1723",,,,,,,"2","NO INDICATION OF INJURY","0","0","0","0","0","2","0","8","6","1","41.9537788453","-87.7261619981","POINT (-87.726161998113 41.95377884533)"
"f32b0ec207a9155bd2c66b1ae24fb9591b102cd2791f20add83e3a5ebc498842e03e950f2d760fa5a048b98720ece55162fcc0c78770ea3c90dcd8328d4932cc",,"2025-01-24T08:45:00.000","30","NO CONTROLS","NO CONTROLS","CLEAR","DAYLIGHT","REAR END","NOT DIVIDED",,"STRAIGHT AND LEVEL","DRY","NO DEFECTS","NOT ON SCENE (DESK REPORT)","NO INJURY / DRIVE AWAY",,,"Y","OVER $1,500","2025-01-24T09:00:00.000","FOLLOWING TOO CLOSELY","FOLLOWING TOO CLOSELY","1610","S","ASHLAND AVE","1234",,,,,,,"2","NO INDICATION OF INJURY","0","0","0","0","0","2","0","8","6","1","41.859246361","-87.6663368918","POINT (-87.666336891844 41.859246361011)"
"54c906689dedda0c7f17b545de4de87a03aab6829ed85aba902389d5bcacecd2a6743cca83ce90742a8ace0b8db0e343f26ff406fa907b0c5be626a1213b85ab",,"2025-01-24T08:44:00.000","30","STOP SIGN/FLASHER","UNKNOWN","CLEAR","DAYLIGHT","ANGLE","FOUR WAY",,"STRAIGHT AND LEVEL","DRY","NO DEFECTS","ON SCENE","INJURY AND / OR TOW DUE TO CRASH","Y",,,"OVER $1,500","2025-01-24T08:45:00.000","FAILING TO YIELD RIGHT-OF-WAY","NOT APPLICABLE","8198","S","RHODES AVE","631",,,,,,,"2","NO INDICATION OF INJURY","0","0","0","0","0","4","0","8","6","1","41.7457882021","-87.611290083","POINT (-87.611290083022 41.745788202096)"
"782f126b4f4e01f077b47d88f0c33a3c2fc1018f0009f7c71c59f73503d3b5f993f5fb2aead7423d5082546f4c863efac5cc35191b0b96abd947b105d031e696",,"2025-01-24T08:43:00.000","30","TRAFFIC SIGNAL","FUNCTIONING PROPERLY","CLEAR","DAYLIGHT","PEDESTRIAN","FOUR WAY",,"STRAIGHT AND LEVEL","DRY","NO DEFECTS","ON SCENE","INJURY AND / OR TOW DUE TO CRASH","Y",,,"$500 OR LESS","2025-01-24T08:43:00.000","VISION OBSCURED (SIGNS, TREE LIMBS, BUILDINGS, ETC.)","UNABLE TO DETERMINE","344","E","100TH ST","511",,,,,,,"2","NONINCAPACITATING INJURY","1","0","0","1","0","1","0","8","6","1","41.7127176092","-87.6145079777","POINT (-87.614507977711 41.712717609172)"
"30b6eddaa1647a884680e81e6937f64642bd9a23d720e0d62ff78a287425c4d5136001adb572ec0c8ca0a770b879f13ae8bae086e6b8ef81d729058b4b66559f",,"2025-01-24T08:42:00.000","30","STOP SIGN/FLASHER","FUNCTIONING PROPERLY","CLEAR","DAYLIGHT","REAR END","Y-INTERSECTION",,"STRAIGHT AND LEVEL","DRY","NO DEFECTS","ON SCENE","NO INJURY / DRIVE AWAY",,,,"OVER $1,500","2025-01-24T08:42:00.000","FAILING TO REDUCE SPEED TO AVOID CRASH","FAILING TO YIELD RIGHT-OF-WAY","4100","N","MARINE DR","1915",,,,,,,"2","NO INDICATION OF INJURY","0","0","0","0","0","2","0","8","6","1","41.9558065803","-87.6457167797","POINT (-87.645716779692 41.955806580347)"
"23454a82f15ca51e9cc43dd2d873b59b327f4db58bf96fd157d4a57a1c276e02d31323165a7d30cd1f51d4c23a45cdc4e07c182395e4f45e27e5e9284ddc1739",,"2025-01-24T08:39:00.000","15","UNKNOWN","UNKNOWN","UNKNOWN","DAYLIGHT","REAR TO FRONT","PARKING LOT",,"STRAIGHT AND LEVEL","UNKNOWN","UNKNOWN","ON SCENE","NO INJURY / DRIVE AWAY",,,,"$501 - $1,500","2025-01-24T08:39:00.000","UNABLE TO DETERMINE","NOT APPLICABLE","2501","W","ADDISON ST","1921",,,,,,,"2","NO INDICATION OF INJURY","0","0","0","0","0","2","0","8","6","1","41.9466169323","-87.6910560273","POINT (-87.691056027306 41.946616932302)"
"71c60b11111e5e938b4d5e0b8556ae96ccd9c5151fb2901d9ded3a3faeca5d860244c5df016dd7328deccba01ab0814270217c0b2811c4996f570aaf69dd1d08",,"2025-01-24T08:35:00.000","30","NO CONTROLS","NO CONTROLS","CLEAR","DAYLIGHT","REAR TO FRONT","ONE-WAY",,"STRAIGHT AND LEVEL","DRY","NO DEFECTS","NOT ON SCENE (DESK REPORT)","NO INJURY / DRIVE AWAY",,,,"OVER $1,500","2025-01-24T09:22:00.000","UNABLE TO DETERMINE","UNABLE TO DETERMINE","6237","S","KARLOV AVE","813",,,,,,,"2","NO INDICATION OF INJURY","0","0","0","0","0","2","0","8","6","1","41.7793063459","-87.7250742816","POINT (-87.725074281564 41.779306345926)"
"b290003959f2d7dd9d7ce3ff54fc6858ff7e56374cc546fd2cef9f4ccf6f5f0601ee92afbbe32cbd0255eec7b9159e39df41feac878616f6c3fd1384321818dd",,"2025-01-24T08:35:00.000","35","TRAFFIC SIGNAL","FUNCTIONING PROPERLY","CLEAR","DAYLIGHT","REAR END","NOT DIVIDED",,"STRAIGHT AND LEVEL","DRY","NO DEFECTS","NOT ON SCENE (DESK REPORT)","INJURY AND / OR TOW DUE TO CRASH",,,,"OVER $1,500","2025-01-24T08:45:00.000","FOLLOWING TOO CLOSELY","FAILING TO REDUCE SPEED TO AVOID CRASH","4755","N","MILWAUKEE AVE","1623",,,,,,,"2","REPORTED, NOT EVIDENT","1","0","0","0","1","2","0","8","6","1","41.9670076452","-87.7598257442","POINT (-87.759825744212 41.967007645193)"
"f8f18ba40de9be56f713fd86971e8179006923bcc64a59d3d50526116bbf0c38f0d436db0264605b032dc9629a1d8bac1574d42876f511201b61fd39b8564957",,"2025-01-24T08:35:00.000","30","STOP SIGN/FLASHER","FUNCTIONING PROPERLY","CLEAR","DAYLIGHT","ANGLE","NOT DIVIDED",,"STRAIGHT AND LEVEL","DRY","UNKNOWN","ON SCENE","NO INJURY / DRIVE AWAY","Y",,,"OVER $1,500","2025-01-24T09:04:00.000","UNABLE TO DETERMINE","UNABLE TO DETERMINE","5200","S","LOREL AVE","814",,,,,,,"2","NO INDICATION OF INJURY","0","0","0","0","0","3","0","8","6","1","41.798223315","-87.7564962959","POINT (-87.756496295936 41.798223314951)"
"ac13e6bb1c3d42203af34bae955fe90b790ad890139cbbc4030b3acb45470088d34efabd6636ba0cee3ee0b24bc2655a306635529c50bc23cc241ae776490f2a",,"2025-01-24T08:34:00.000","30","TRAFFIC SIGNAL","FUNCTIONING PROPERLY","CLEAR","DAYLIGHT","ANGLE","DIVIDED - W/MEDIAN (NOT RAISED)",,"STRAIGHT AND LEVEL","DRY","UNKNOWN","ON SCENE","INJURY AND / OR TOW DUE TO CRASH","Y",,,"OVER $1,500","2025-01-24T08:34:00.000","DISREGARDING TRAFFIC SIGNALS","NOT APPLICABLE","6201","W","ADDISON ST","1633",,,,,,,"2","NO INDICATION OF INJURY","0","0","0","0","0","3","0","8","6","1","41.9456102777","-87.7814931196","POINT (-87.781493119571 41.945610277678)"
"481dd69b228859c9d43a191a78017af14987b0c835e279048149dc73aa1de8bd2148305bcaade846a44b8f589459a59305ad4ff0a0427932f6b0f015b53a0ad8",,"2025-01-24T08:30:00.000","30","NO CONTROLS","NO CONTROLS","CLEAR","DAYLIGHT","SIDESWIPE SAME DIRECTION","NOT DIVIDED",,"STRAIGHT AND LEVEL","DRY","NO DEFECTS","NOT ON SCENE (DESK REPORT)","NO INJURY / DRIVE AWAY",,,"Y","$500 OR LESS","2025-01-24T09:35:00.000","UNABLE TO DETERMINE","NOT APPLICABLE","1111","W","DIVISION ST","1822",,,,,,,"2","NO INDICATION OF INJURY","0","0","0","0","0","2","0","8","6","1","41.9034160888","-87.6560371168","POINT (-87.65603711678 41.903416088848)"
"6785e95dd3281b2f1544c0c0f0f3ded6b34395090c26ef36ae7677a984e9c30d8b4b4514b9bbdbb1c11c45fce83473a21ca9d2782feb36b29069f9d0773e0088",,"2025-01-24T08:30:00.000","30","NO CONTROLS","NO CONTROLS","CLEAR","DAYLIGHT","FIXED OBJECT","NOT DIVIDED",,"STRAIGHT AND LEVEL","DRY","NO DEFECTS","NOT ON SCENE (DESK REPORT)","NO INJURY / DRIVE AWAY",,,,"OVER $1,500","2025-01-24T13:25:00.000","NOT APPLICABLE","NOT APPLICABLE","7400","S","DAMEN AVE","735",,,,,,,"1","NO INDICATION OF INJURY","0","0","0","0","0","1","0","8","6","1","41.759239025","-87.6735368322","POINT (-87.673536832185 41.759239025043)"
"84e7130e775b1ddb9ee90742d9f12d71b52a75a8718fe74441bbd18420bd64da62c32dbe4a9f556e128f4c58791f2740abaa018ba054690dba4015e9fa640d3f",,"2025-01-24T08:30:00.000","30","NO CONTROLS","NO CONTROLS","CLEAR","DAYLIGHT","TURNING","DIVIDED - W/MEDIAN (NOT RAISED)",,"STRAIGHT AND LEVEL","DRY","NO DEFECTS","ON SCENE","NO INJURY / DRIVE AWAY",,,"Y","$501 - $1,500","2025-01-24T08:40:00.000","IMPROPER OVERTAKING/PASSING","NOT APPLICABLE","11000","S","DR MARTIN LUTHER KING JR DR","513",,,,,,,"2","NO INDICATION OF INJURY","0","0","0","0","0","3","0","8","6","1","41.6944956298","-87.6135693443","POINT (-87.61356934427 41.694495629755)"
"abebe91d03f4e9bfd9d48cff58fb3536b8845725dd58eadbe03c1af38dcd1fc7f508461bdd1e4c4dfa8fe96265dcbca35197794add526d22fdda21d296309537",,"2025-01-24T08:30:00.000","25","NO CONTROLS","NO CONTROLS","CLEAR","DAYLIGHT","PARKED MOTOR VEHICLE","ONE-WAY",,"STRAIGHT AND LEVEL","SNOW OR SLUSH","NO DEFECTS","ON SCENE","NO INJURY / DRIVE AWAY",,,,"$501 - $1,500","2025-01-24T08:36:00.000","IMPROPER OVERTAKING/PASSING","RELATED TO BUS STOP","550","W","JACKSON BLVD","121",,,,,,,"2","NO INDICATION OF INJURY","0","0","0","0","0","1","0","8","6","1","41.8781318177","-87.6415854364","POINT (-87.641585436372 41.878131817732)"
"b0b96a04dd08c46d8e81f65fe67b050abb1d4a2dcc8fab58f4fc12b764318a034c5ada78bbcef83fefaa435c803a2bd33039cc5602a961701326950ee65137b5",,"2025-01-24T08:30:00.000","30","NO CONTROLS","NO CONTROLS","CLEAR","DAYLIGHT","REAR END","DIVIDED - W/MEDIAN (NOT RAISED)",,"STRAIGHT AND LEVEL","DRY","NO DEFECTS","ON SCENE","INJURY AND / OR TOW DUE TO CRASH",,,,"OVER $1,500","2025-01-24T08:35:00.000","UNABLE TO DETERMINE","UNABLE TO DETERMINE","1026","W","63RD ST","712",,,,,,,"3","NO INDICATION OF INJURY","0","0","0","0","0","4","0","8","6","1","41.7797719921","-87.6508018357","POINT (-87.650801835714 41.779771992062)"
"b6cf589198e6093ae6934a95914557bf6d495e53aa1f3d2bfe33a01418047932280527815da0dc3bb542a995ae39fcfb7be2123884127b293d13333c9f3e3149",,"2025-01-24T08:30:00.000","30","NO CONTROLS","NO CONTROLS","CLEAR","DAYLIGHT","PARKED MOTOR VEHICLE","NOT DIVIDED",,"STRAIGHT AND LEVEL","UNKNOWN","UNKNOWN","NOT ON SCENE (DESK REPORT)","NO INJURY / DRIVE AWAY",,,"Y","OVER $1,500","2025-01-25T09:30:00.000","UNABLE TO DETERMINE","UNABLE TO DETERMINE","5012","N","NATOMA AVE","1613",,,,,,,"2","NO INDICATION OF INJURY","0","0","0","0","0","1","0","8","6","1","41.9724200764","-87.7929310437","POINT (-87.792931043697 41.972420076385)"
"c403fab58d03ea0847db653af8e311a9d4544b310c9fb4616acbfb107a8aa6d16a6bf8898b05f87a999c81d5f69e53a78bea1f35a6b654967dbba7caac7b59f1",,"2025-01-24T08:30:00.000","30","STOP SIGN/FLASHER","FUNCTIONING PROPERLY","SNOW","DAYLIGHT","REAR END","NOT DIVIDED",,"STRAIGHT AND LEVEL","WET","NO DEFECTS","ON SCENE","INJURY AND / OR TOW DUE TO CRASH",,,,"OVER $1,500","2025-01-24T08:44:00.000","FAILING TO REDUCE SPEED TO AVOID CRASH","UNABLE TO DETERMINE","2822","W","26TH ST","1033",,,,"Y","MAINTENANCE","Y","2","NO INDICATION OF INJURY","0","0","0","0","0","2","0","8","6","1","41.8447871157","-87.6961860192","POINT (-87.696186019162 41.844787115683)"
"c7762d78a870fe67ec23d804b31d6dfb67081ccb977e9228f0b0eb926f2340d5d3f9e4ef82e5be5055a6d2c07865154b921045476a2a47cab2be504d864cbfb9",,"2025-01-24T08:30:00.000","30","NO CONTROLS","NO CONTROLS","CLEAR","DAYLIGHT","ANGLE","NOT DIVIDED",,"STRAIGHT AND LEVEL","DRY","UNKNOWN","NOT ON SCENE (DESK REPORT)","NO INJURY / DRIVE AWAY","Y",,,"$501 - $1,500","2025-01-24T10:00:00.000","UNABLE TO DETERMINE","NOT APPLICABLE","827","W","VERMONT ST","523",,,,,,,"2","NO INDICATION OF INJURY","0","0","0","0","0","2","0","8","6","1","41.6616351026","-87.6424856048","POINT (-87.642485604848 41.661635102572)"
"eab49b00d54f4fe566da3a66c23bdeb30567181c5ebcf65b729028d8f921f7c10fc6d56ce29cb32125153f64259e54477af9a3b3ddfee0110622634214e09bbf",,"2025-01-24T08:30:00.000","30","TRAFFIC SIGNAL","FUNCTIONING PROPERLY","CLEAR","DAYLIGHT","REAR END","NOT DIVIDED",,"STRAIGHT AND LEVEL","UNKNOWN","UNKNOWN","NOT ON SCENE (DESK REPORT)","NO INJURY / DRIVE AWAY",,,,"$501 - $1,500","2025-01-24T15:39:00.000","UNABLE TO DETERMINE","NOT APPLICABLE","2350","W","LAWRENCE AVE","2031",,,,,,,"2","NO INDICATION OF INJURY","0","0","0","0","0","3","0","8","6","1","41.9687287799","-87.688536538","POINT (-87.688536538048 41.968728779863)"
"7ef58b8262ed57870b3595ac067dbf1fa8affbcecab29dcc34316b0a5e825377a7f79b0c68898a40a73902eab2df7699436722279abd34afbef8bec9a5a08d16",,"2025-01-24T08:26:00.000","25","STOP SIGN/FLASHER","FUNCTIONING PROPERLY","CLEAR","DAYLIGHT","ANGLE","FOUR WAY",,"STRAIGHT AND LEVEL","DRY","NO DEFECTS","ON SCENE","INJURY AND / OR TOW DUE TO CRASH","Y",,,"OVER $1,500","2025-01-24T08:30:00.000","UNABLE TO DETERMINE","UNABLE TO DETERMINE","9530","S","RACINE AVE","2213",,,,,,,"2","NO INDICATION OF INJURY","0","0","0","0","0","2","0","8","6","1","41.720362609","-87.6530667298","POINT (-87.653066729813 41.720362608969)"
"4b019bdf41f0b334421a2e5fb903d383ac9aeeeb9efdb6183a4756bf9f6aee60e1fbd1556a729fbc51f5da91da81397e5b0fda61b7723e51fcd1271da18d2dc5",,"2025-01-24T08:25:00.000","30","NO CONTROLS","NO CONTROLS","SNOW","DAYLIGHT","SIDESWIPE OPPOSITE DIRECTION","NOT DIVIDED",,"STRAIGHT AND LEVEL","DRY","NO DEFECTS","ON SCENE","INJURY AND / OR TOW DUE TO CRASH",,,,"OVER $1,500","2025-01-24T09:35:00.000","EQUIPMENT - VEHICLE CONDITION","UNABLE TO DETERMINE","4230","N","WESTERN AVE","1911",,,,,,,"3","NO INDICATION OF INJURY","0","0","0","0","0","3","0","8","6","1","41.9585298411","-87.6887468192","POINT (-87.688746819185 41.958529841113)"