"crash_record_id","crash_date_est_i","crash_date","posted_speed_limit","traffic_control_device","device_condition","weather_condition","lighting_condition","first_crash_type","trafficway_type","lane_cnt","alignment","roadway_surface_cond","road_defect","report_type","crash_type","intersection_related_i","private_property_i","hit_and_run_i","damage","date_police_notified","prim_contributory_cause","sec_contributory_cause","street_no","street_direction","street_name","beat_of_occurrence","photos_taken_i","statements_taken_i","dooring_i","work_zone_i","work_zone_type","workers_present_i","num_units","most_severe_injury","injuries_total","injuries_fatal","injuries_incapacitating","injuries_non_incapacitating","injuries_reported_not_evident","injuries_no_indication","injuries_unknown","crash_hour","crash_day_of_week","crash_month","latitude","longitude","location"
"907e6d5ce9a9d4c9c43eff92f52cc563180aa593042de58b6b095ca7f017b7ffb11255b0ad9b8f6977c91b64aed3762f62d3c45e55a4c664c67883b52cd700b4",,"2025-01-24T08:24:00.000","40","NO CONTROLS","NO CONTROLS","CLEAR","DAYLIGHT","REAR END","DIVIDED - W/MEDIAN BARRIER",,"STRAIGHT AND LEVEL","DRY","NO DEFECTS","ON SCENE","INJURY AND / OR TOW DUE TO CRASH",,,,"OVER $1,500","2025-01-24T08:30:00.000","NOT APPLICABLE","NOT APPLICABLE","3899","N","LAKE SHORE DR SB","1925",,,,,,,"2","NO INDICATION OF INJURY","0","0","0","0","0","3","0","8","6","1","41.9527916212","-87.6444304866","POINT (-87.644430486597 41.952791621177)"
"2e5905a49a4b1b5a504bd66d19ebdf9eabacc8f49285cea13b463f92ba232b587a1f9b78d27f33f32fc6fb3f8516e42afcd7047b372bddafa341a904438abf3a",,"2025-01-24T08:20:00.000","30","STOP SIGN/FLASHER","NO CONTROLS","CLEAR","DAYLIGHT","ANGLE","NOT DIVIDED",,"STRAIGHT AND LEVEL","UNKNOWN","NO DEFECTS","ON SCENE","INJURY AND / OR TOW DUE TO CRASH","Y",,,"OVER $1,500","2025-01-24T08:20:00.000","UNABLE TO DETERMINE","UNABLE TO DETERMINE","3000","N","OAK PARK AVE","2511",,,,,,,"3","NO INDICATION OF INJURY","0","0","0","0","0","2","0","8","6","1","41.9346150619","-87.7957309881","POINT (-87.795730988133 41.934615061891)"
"4431faef38f03c8bf12500fe9f3a7abeb1d3ebe3a8dfb0463693ea9cb2b2e225d7d7fd3d2e9fbce56f1ddfa88ef9f0f544add067fe37944f6c0ffdaf69a9242d",,"2025-01-24T08:20:00.000","30","STOP SIGN/FLASHER","FUNCTIONING PROPERLY","CLEAR","DAYLIGHT","TURNING","ONE-WAY",,"STRAIGHT AND LEVEL","DRY","NO DEFECTS","NOT ON SCENE (DESK REPORT)","NO INJURY / DRIVE AWAY",,,"N","OVER $1,500","2025-01-24T09:15:00.000","IMPROPER OVERTAKING/PASSING","IMPROPER OVERTAKING/PASSING","2959","N","MARMORA AVE","2514",,,,,,,"2","NO INDICATION OF INJURY","0","0","0","0","0","2","0","8","6","1","41.9347400073","-87.7735097043","POINT (-87.773509704258 41.934740007258)"
"8e4b91970bd8e9a47e28c4b1968f0df70ab63b953be2b4bc2a3e2a020dfe9702cc6ba98676a962d59391065dd0ef47a572cff0110b5c7650dec6c4fecc1e2a4c",,"2025-01-24T08:20:00.000","30","TRAFFIC SIGNAL","FUNCTIONING PROPERLY","CLEAR","DAYLIGHT","SIDESWIPE SAME DIRECTION","RAMP",,"STRAIGHT AND LEVEL","DRY","NO DEFECTS",,"NO INJURY / DRIVE AWAY",,,,"OVER $1,500","2025-01-24T08:52:00.000","UNABLE TO DETERMINE","NOT APPLICABLE","2000","W","CONGRESS PKWY","1225",,,,,,,"2","NO INDICATION OF INJURY","0","0","0","0","0","2","0","8","6","1","41.8751309789","-87.6765109831","POINT (-87.676510983089 41.875130978949)"
"fda1f92b3be9c3b102082331b5a756e3e48e850605ee8f05f13e822dbebe8eaf9fc31923952e06c481cd584f4340d18b48e52ffd56ca66b6c8340e7fac85a1f6",,"2025-01-24T08:20:00.000","20","STOP SIGN/FLASHER","FUNCTIONING PROPERLY","CLEAR","DAYLIGHT","ANGLE","ONE-WAY",,"STRAIGHT AND LEVEL","DRY","UNKNOWN","ON SCENE","NO INJURY / DRIVE AWAY",,,,"OVER $1,500","2025-01-24T08:25:00.000","UNABLE TO DETERMINE","NOT APPLICABLE","3100","N","NATOMA AVE","2511",,,,,,,"2","NO INDICATION OF INJURY","0","0","0","0","0","2","0","8","6","1","41.9364888207","-87.7921279811","POINT (-87.792127981072 41.936488820664)"
"00d3851793599ddd4e6d1bf1d97abef16b65f70421c79b20a08a280b97dda73b573a769e522c23f3aae3b048d1c484a06f517dc0574b5b20296a775c8891d57b",,"2025-01-24T08:13:00.000","20","NO CONTROLS","NO CONTROLS","CLEAR","DAYLIGHT","ANGLE","FOUR WAY",,"STRAIGHT AND LEVEL","DRY","NO DEFECTS","ON SCENE","INJURY AND / OR TOW DUE TO CRASH","Y",,,"OVER $1,500","2025-01-24T08:15:00.000","UNABLE TO DETERMINE","UNABLE TO DETERMINE","2828","W","ARGYLE ST","2031",,,,,,,"2","NONINCAPACITATING INJURY","1","0","0","1","0","3","0","8","6","1","41.9722740816","-87.6999725761","POINT (-87.699972576135 41.972274081625)"
"bcdf7289f2fbde44dd9103cc9350c149b95fc3bd27356de9f9bd45fc90767c45b92ccc51db16aef0bf26965d55ed832e217768e859c30f87d0982869b2f83fba",,"2025-01-24T08:11:00.000","30","NO CONTROLS","NO CONTROLS","CLEAR","DAYLIGHT","ANGLE","NOT DIVIDED",,"STRAIGHT AND LEVEL","DRY","NO DEFECTS",,"NO INJURY / DRIVE AWAY",,,,"OVER $1,500","2025-01-24T08:35:00.000","FAILING TO YIELD RIGHT-OF-WAY","UNABLE TO DETERMINE","758","N","CICERO AVE","1531",,,,,,,"2","NO INDICATION OF INJURY","0","0","0","0","0","2","0","8","6","1","41.8949541461","-87.745952653","POINT (-87.74595265298 41.894954146066)"
"2be9a719a671dbd2bfc8e0bdc374ac2a5514b0c55c8a48e3bbbca46aa43ebcdb30c7e6b1362d6a2f4b85c155c2a986ad5aa8c6c5e4ef8878332a7b23f8f4f09a",,"2025-01-24T08:10:00.000","30","NO CONTROLS","NO CONTROLS","CLEAR","DAYLIGHT","REAR END","NOT DIVIDED",,"STRAIGHT AND LEVEL","ICE","NO DEFECTS","ON SCENE","NO INJURY / DRIVE AWAY",,,"Y","OVER $1,500","2025-01-24T08:34:00.000","FOLLOWING TOO CLOSELY","DISTRACTION - FROM OUTSIDE VEHICLE","6437","N","HARLEM AVE","1611",,,,,,,"3","NO INDICATION OF INJURY","0","0","0","0","0","3","0","8","6","1","41.9979334607","-87.8066432641","POINT (-87.806643264075 41.997933460739)"
"e12e8960b965aa4c064630702b5c4c32f6906871f06d2beab37a966918dbbfa19e45af4168cfda1f354edf1ff682c86858e17716daef12add374461f81acf7e6",,"2025-01-24T08:10:00.000","30","NO CONTROLS","NO CONTROLS","CLEAR","DAYLIGHT","REAR END","DIVIDED - W/MEDIAN (NOT RAISED)",,"STRAIGHT AND LEVEL","DRY","NO DEFECTS","NOT ON SCENE (DESK REPORT)","NO INJURY / DRIVE AWAY",,,,"$501 - $1,500","2025-01-24T10:00:00.000","FOLLOWING TOO CLOSELY","NOT APPLICABLE","2805","N","NARRAGANSETT AVE","2511",,,,,,,"2","NO INDICATION OF INJURY","0","0","0","0","0","2","0","8","6","1","41.9312092072","-87.7855482234","POINT (-87.785548223411 41.931209207248)"
"9c83a18a0d1e72d518ceee047cbb7d7dbfc22cb66918ab71e97ac1cb064914db295177633250f4c19795a76d29c3638089912be325b7d6912dcac9d937bad45c",,"2025-01-24T08:08:00.000","30","NO CONTROLS","NO CONTROLS","CLEAR","DAYLIGHT","FIXED OBJECT","NOT DIVIDED",,"STRAIGHT AND LEVEL","DRY","NO DEFECTS","ON SCENE","INJURY AND / OR TOW DUE TO CRASH",,,,"OVER $1,500","2025-01-24T08:10:00.000","UNABLE TO DETERMINE","UNABLE TO DETERMINE","4841","S","CALIFORNIA AVE","922",,,,,,,"1","NO INDICATION OF INJURY","0","0","0","0","0","3","0","8","6","1","41.8052215735","-87.6939706365","POINT (-87.693970636543 41.805221573518)"
"a00e67ece01c5d6883a1a4ad2ffa9e918335b2c2c75f7b7f61b92548d433b5f405b074decb4c64e547956fdcbdf5a915ef39b8e12c3d4c7cc054e0e87e67b1bd",,"2025-01-24T08:06:00.000","30","STOP SIGN/FLASHER","FUNCTIONING PROPERLY","CLEAR","DAYLIGHT","SIDESWIPE SAME DIRECTION","NOT DIVIDED",,"STRAIGHT AND LEVEL","DRY","NO DEFECTS","ON SCENE","NO INJURY / DRIVE AWAY",,,"Y","$500 OR LESS","2025-01-24T08:06:00.000","IMPROPER OVERTAKING/PASSING","FOLLOWING TOO CLOSELY","801","W","127TH ST","523",,,,,,,"2","NO INDICATION OF INJURY","0","0","0","0","0","2","0","8","6","1","41.6631345332","-87.6414798673","POINT (-87.641479867328 41.663134533224)"
"0722fd2e1a9f9b4ffdf3ffdd1b26d864fffdd2740dddebc874829795e598c20b0d881c6ffb46f92992ca49f797850c4cd8f982afc1e1fe4ce18ba3adc1e435be",,"2025-01-24T08:00:00.000","35","TRAFFIC SIGNAL","FUNCTIONING PROPERLY","CLEAR","DAYLIGHT","SIDESWIPE OPPOSITE DIRECTION","DIVIDED - W/MEDIAN (NOT RAISED)",,"STRAIGHT AND LEVEL","WET","NO DEFECTS","ON SCENE","INJURY AND / OR TOW DUE TO CRASH",,,,"OVER $1,500","2025-01-24T08:05:00.000","EQUIPMENT - VEHICLE CONDITION","FAILING TO REDUCE SPEED TO AVOID CRASH","4700","S","CICERO AVE","814",,"Y",,,,,"2","NO INDICATION OF INJURY","0","0","0","0","0","3","0","8","6","1","41.8075303729","-87.7432968212","POINT (-87.743296821242 41.807530372894)"
"19ad501a60b954ab6bc2ccb49c093b5f27748345f8c29533e419148795703c459896943ca0802ca94ae78d1fdcf6eac3a3b2eafde8c5cace1df43406bbf97e00",,"2025-01-24T08:00:00.000","15","NO CONTROLS","NO CONTROLS","CLEAR","DAYLIGHT","TURNING","ALLEY",,"STRAIGHT AND LEVEL","DRY","NO DEFECTS","NOT ON SCENE (DESK REPORT)","NO INJURY / DRIVE AWAY",,,,"OVER $1,500","2025-01-24T08:40:00.000","FAILING TO YIELD RIGHT-OF-WAY","UNABLE TO DETERMINE","2614","S","KILDARE AVE","1031",,,,,,,"2","NO INDICATION OF INJURY","0","0","0","0","0","2","0","8","6","1","41.843657749","-87.7319824752","POINT (-87.731982475241 41.843657748982)"
"3bb87f544dd0c74d957a5ac733801e6c0e774365871aee6884951890867ebad9565e0a1498e4848d6db81cd1bab4ede17a52db9b8303715904dfc4750dcab276",,"2025-01-24T08:00:00.000","30","STOP SIGN/FLASHER","FUNCTIONING PROPERLY","CLEAR","DAYLIGHT","REAR END","FOUR WAY",,"STRAIGHT AND LEVEL","DRY","NO DEFECTS","NOT ON SCENE (DESK REPORT)","NO INJURY / DRIVE AWAY","Y",,,"OVER $1,500","2025-01-24T09:00:00.000","FOLLOWING TOO CLOSELY","FAILING TO REDUCE SPEED TO AVOID CRASH","1244","W","GRAND AVE","1215",,,,,,,"2","NO INDICATION OF INJURY","0","0","0","0","0","3","0","8","6","1","41.8911706932","-87.6590527423","POINT (-87.659052742264 41.891170693232)"
"4a3110ee3abd19d8d9861881bb1f8e581a935a67a26163dc1308d2404ec07b3eae743230ae0867b33ffd926d2e3c8709706c463b8314275ef29ee9341e166dfe",,"2025-01-24T08:00:00.000","30","NO CONTROLS","NO CONTROLS","CLEAR","DAYLIGHT","REAR END","NOT DIVIDED",,"STRAIGHT AND LEVEL","DRY","NO DEFECTS","ON SCENE","NO INJURY / DRIVE AWAY",,,,"OVER $1,500","2025-01-24T08:02:00.000","FOLLOWING TOO CLOSELY","NOT APPLICABLE","3500","W","26TH ST","1024",,,,,,,"2","NO INDICATION OF INJURY","0","0","0","0","0","2","0","8","6","1","41.8445211025","-87.7124155125","POINT (-87.712415512524 41.844521102527)"
"69d4864add5bd711e23c214a04699a7f948830fe8ce31ef3b444446c3f17a08a2372da1d8e5562f58140dee24218eb6f5d5af1c529dd5e38da0d3c4defd057dd",,"2025-01-24T08:00:00.000","35","NO CONTROLS","NO CONTROLS","FREEZING RAIN/DRIZZLE","DAYLIGHT","REAR END","DIVIDED - W/MEDIAN BARRIER",,"STRAIGHT AND LEVEL","ICE","NO DEFECTS","ON SCENE","NO INJURY / DRIVE AWAY",,,,"OVER $1,500","2025-01-24T08:00:00.000","WEATHER","NOT APPLICABLE","550","W","51ST ST","935",,,,,,,"2","NO INDICATION OF INJURY","0","0","0","0","0","2","0","8","6","1","41.8017931351","-87.6400026786","POINT (-87.640002678556 41.801793135056)"
"72c73c28e04d72d2b1ea55dc37567ef3244d15a1dcd044d7cb9af055967c3cfff3e105b3999ab33aa89e7dbd4c632c1f0aa63d512d9272dd30abc99d5e6190bc",,"2025-01-24T08:00:00.000","10","NO CONTROLS","NO CONTROLS","CLEAR","DAYLIGHT","REAR END","PARKING LOT",,"STRAIGHT AND LEVEL","SNOW OR SLUSH","NO DEFECTS",,"INJURY AND / OR TOW DUE TO CRASH",,,,"OVER $1,500","2025-01-24T17:30:00.000","DRIVING SKILLS/KNOWLEDGE/EXPERIENCE","NOT APPLICABLE","211","S","LAFLIN ST","1231",,,,,,,"2","REPORTED, NOT EVIDENT","2","0","0","0","2","1","0","8","6","1","41.8785902835","-87.6641963446","POINT (-87.664196344561 41.878590283519)"
"a2fc9defe0af8dec5c66b372bd381ccdafb50b111c31e931c5376356be988625eb0b08929e7ecbe087575d10e29da3a39065e8a33874ac3490568f4a2d9f1487",,"2025-01-24T08:00:00.000","30","NO CONTROLS","NO CONTROLS","CLEAR","DAYLIGHT","ANGLE","FOUR WAY",,"STRAIGHT AND LEVEL","DRY","NO DEFECTS","NOT ON SCENE (DESK REPORT)","NO INJURY / DRIVE AWAY","Y",,,"OVER $1,500","2025-01-24T08:20:00.000","UNABLE TO DETERMINE","UNABLE TO DETERMINE","1100","S","CENTRAL PARK AVE","1133",,,,,,,"2","NO INDICATION OF INJURY","0","0","0","0","0","2","0","8","6","1","41.8680638471","-87.715622367","POINT (-87.715622366956 41.868063847091)"
"bbaa2ba7fff2e8476a633ba150bd290dc6037e9943438198ddae6463dcea94f8182ced6809b74696793d96836796bc14002c740e00dc13574fe84ae759dc90b0",,"2025-01-24T08:00:00.000","30","NO CONTROLS","NO CONTROLS","CLEAR","DAYLIGHT","SIDESWIPE SAME DIRECTION","NOT DIVIDED",,"STRAIGHT AND LEVEL","DRY","NO DEFECTS","NOT ON SCENE (DESK REPORT)","NO INJURY / DRIVE AWAY",,,,"OVER $1,500","2025-01-25T09:15:00.000","UNABLE TO DETERMINE","UNABLE TO DETERMINE","8255","S","DR MARTIN LUTHER KING JR DR","631",,,,,,,"2","NO INDICATION OF INJURY","0","0","0","0","0","2","0","8","6","1","41.7440192986","-87.6146256139","POINT (-87.614625613917 41.744019298647)"
"c02f5d870a049409bb6bc65ec521d01622e82916f7a59820dfef5626ef128b656d97a26421643b239bfe40184caf6e94fed8ea44f8a004c508b6e78004701375",,"2025-01-24T08:00:00.000","30","NO CONTROLS","NO CONTROLS","CLEAR","DAYLIGHT","REAR TO FRONT","NOT DIVIDED",,"STRAIGHT AND LEVEL","DRY","NO DEFECTS","NOT ON SCENE (DESK REPORT)","NO INJURY / DRIVE AWAY",,,"Y","OVER $1,500","2025-01-24T10:26:00.000","UNABLE TO DETERMINE","UNABLE TO DETERMINE","3958","W","85TH ST","834",,,,,,,"2","NO INDICATION OF INJURY","0","0","0","0","0","2","0","8","6","1","41.7386295537","-87.7214421086","POINT (-87.721442108639 41.738629553676)"
"998357c7d1a0f5884b422fb8ef5854b7c6ee58dbdab240c978da955036f22a480a9c8fb0934e8b5d488275e97a9988a0368743451e167f6127b80d427a194002",,"2025-01-24T07:55:00.000","30","STOP SIGN/FLASHER","FUNCTIONING PROPERLY","CLEAR","DAYLIGHT","REAR END","DIVIDED - W/MEDIAN (NOT RAISED)",,"STRAIGHT AND LEVEL","DRY","NO DEFECTS","ON SCENE","NO INJURY / DRIVE AWAY",,,,"$500 OR LESS","2025-01-24T08:06:00.000","UNABLE TO DETERMINE","UNABLE TO DETERMINE","5226","N","CALIFORNIA AVE","2011",,,,,,,"2","NO INDICATION OF INJURY","0","0","0","0","0","5","0","7","6","1","41.9766845076","-87.6990979878","POINT (-87.699097987834 41.976684507566)"
"b21d1abe624bef763ea9c0d32df874345b7c5f25fd973a34b1aa422323fa82ec9bf49e40597e0dc03d38ccf7177813b06cf6c6971bc11c24b63fa51fd6ed47a7",,"2025-01-24T07:55:00.000","20","TRAFFIC SIGNAL","FUNCTIONING PROPERLY","CLEAR","DAYLIGHT","TURNING","NOT DIVIDED",,"STRAIGHT AND LEVEL","DRY","NO DEFECTS","ON SCENE","INJURY AND / OR TOW DUE TO CRASH","Y",,,"$501 - $1,500","2025-01-24T07:58:00.000","IMPROPER TURNING/NO SIGNAL","IMPROPER TURNING/NO SIGNAL","7600","S","LAFAYETTE AVE","623","Y","Y",,,,,"2","NO INDICATION OF INJURY","0","0","0","0","0","2","0","7","6","1","41.7563200058","-87.6264755773","POINT (-87.626475577283 41.756320005823)"
"af4d4a513f42236f3a98b9e006ee385d24c0a4236499246ae2fd8ae3eae1077a8b5682c9c43e8c409fba9f242366f0570b29c69c741a2cce94b4a0a0d9fef67a",,"2025-01-24T07:54:00.000","30","NO CONTROLS","NO CONTROLS","CLEAR","DAYLIGHT","SIDESWIPE SAME DIRECTION","DIVIDED - W/MEDIAN BARRIER",,"STRAIGHT AND LEVEL","DRY","NO DEFECTS","ON SCENE","INJURY AND / OR TOW DUE TO CRASH",,,,"OVER $1,500","2025-01-24T07:56:00.000","IMPROPER LANE USAGE","FAILING TO REDUCE SPEED TO AVOID CRASH","7435","S","PULASKI RD","833",,,,,,,"3","NO INDICATION OF INJURY","0","0","0","0","0","2","0","7","6","1","41.7572663852","-87.7220291604","POINT (-87.722029160416 41.75726638518)"
"de33e7475ccfdac580d5e664f65c33419b3d64b51652f1b3851673ea26ccd45e8d794b273fda699856fa71fcdd7382a471c1f1ae9275ed260db1aa3f50869473",,"2025-01-24T07:53:00.000","30","NO CONTROLS","NO CONTROLS","CLEAR","DAYLIGHT","REAR END","NOT DIVIDED",,"STRAIGHT AND LEVEL","DRY","NO DEFECTS","ON SCENE","NO INJURY / DRIVE AWAY",,,,"OVER $1,500","2025-01-24T07:55:00.000","FOLLOWING TOO CLOSELY","NOT APPLICABLE","5697","N","RIDGE AVE","2013",,,,,,,"2","NO INDICATION OF INJURY","0","0","0","0","0","3","0","7","6","1","41.9855761964","-87.6630189001","POINT (-87.663018900121 41.985576196398)"
"0682ed0da9f02bdf355272829661fe4be998111ecb0ca7c26227074bdfc34402e8eb754eb95843f9e057c37fceac9f2be9b0a2f15b4e93dba4c2e12f925dc720",,"2025-01-24T07:50:00.000","30","NO CONTROLS","NO CONTROLS","CLEAR","DAYLIGHT","REAR END","NOT DIVIDED",,"STRAIGHT AND LEVEL","UNKNOWN","UNKNOWN","NOT ON SCENE (DESK REPORT)","NO INJURY / DRIVE AWAY",,,,"OVER $1,500","2025-01-24T08:20:00.000","UNABLE TO DETERMINE","UNABLE TO DETERMINE","6422","W","HIGGINS AVE","1613",,,,,,,"2","NO INDICATION OF INJURY","0","0","0","0","0","2","0","7","6","1","41.9767031972","-87.7887816059","POINT (-87.788781605924 41.97670319717)"
"689234043ae4edade8faa3a4399fc7f6ed95ee861d5e5d9df6639586f3241ddd2f3b6a8730ff66aec56bc69cd1d31d4b1962d13fa4216db7c1d86ee06eb2893d",,"2025-01-24T07:50:00.000","30","STOP SIGN/FLASHER","UNKNOWN","CLEAR","DAYLIGHT","TURNING","NOT DIVIDED",,"STRAIGHT AND LEVEL","UNKNOWN","UNKNOWN","NOT ON SCENE (DESK REPORT)","NO INJURY / DRIVE AWAY",,,,"OVER $1,500","2025-01-24T08:45:00.000","UNABLE TO DETERMINE","UNABLE TO DETERMINE","3300","N","HARLEM AVE","1631",,,,,,,"2","NO INDICATION OF INJURY","0","0","0","0","0","2","0","7","6","1","41.9398960544","-87.8069619061","POINT (-87.806961906105 41.939896054432)"
"b8154f5679e7ab9e5e7f4fe0eed6c4278ad0c7406963c268329dba8685033d7fcd30ab3adaffb80164e0dc504a5e08d6df72332bfd0b4de803804fe21b59cefc",,"2025-01-24T07:50:00.000","30","TRAFFIC SIGNAL","FUNCTIONING PROPERLY","CLEAR","DAYLIGHT","SIDESWIPE SAME DIRECTION","NOT DIVIDED",,"STRAIGHT AND LEVEL","DRY","NO DEFECTS","NOT ON SCENE (DESK REPORT)","NO INJURY / DRIVE AWAY",,,,"$501 - $1,500","2025-01-24T08:28:00.000","FAILING TO YIELD RIGHT-OF-WAY","NOT APPLICABLE","2005","W","CHICAGO AVE","1221",,,,,,,"2","NO INDICATION OF INJURY","0","0","0","0","0","2","0","7","6","1","41.8957965124","-87.6773227997","POINT (-87.67732279972 41.895796512442)"
"cd5b59bb0e8eb7e742a1a96f47491bf10ad57e888b120236a643d3a5f308e1c36d56db9560bc0f27e34d06d76b10e669a9bd203940eeb304700bfd8cc050a84a",,"2025-01-24T07:47:00.000","30","NO CONTROLS","NO CONTROLS","SNOW","DAYLIGHT","REAR END","NOT DIVIDED",,"STRAIGHT AND LEVEL","SNOW OR SLUSH","WORN SURFACE","ON SCENE","NO INJURY / DRIVE AWAY",,,,"$501 - $1,500","2025-01-24T08:01:00.000","WEATHER","FOLLOWING TOO CLOSELY","826","N","SACRAMENTO BLVD","1211",,,,,,,"2","NO INDICATION OF INJURY","0","0","0","0","0","2","0","7","6","1","41.8965083079","-87.7023790822","POINT (-87.702379082164 41.896508307884)"
"396a690ef93c5b642b969079d35e436f5204ef7eeb89a5bc2aa35ebfa77f3e09dce00a1344eb05248c515de12127b48eb52252adb21d3eabdd02a389649a2ee3",,"2025-01-24T07:45:00.000","25","NO CONTROLS","NO CONTROLS","CLEAR","DAYLIGHT","PARKED MOTOR VEHICLE","NOT DIVIDED",,"STRAIGHT AND LEVEL","DRY","NO DEFECTS","ON SCENE","INJURY AND / OR TOW DUE TO CRASH",,,,"OVER $1,500","2025-01-24T07:58:00.000","UNABLE TO DETERMINE","UNABLE TO DETERMINE","4395","W","MELROSE ST","1731",,,,,,,"2","REPORTED, NOT EVIDENT","1","0","0","0","1","1","0","7","6","1","41.9397623555","-87.737000084","POINT (-87.737000083997 41.93976235546)"
"6f9c8feeb1cf906d925d65a87d3a53267018ab2a838609e2a624f592a17b4db8588717de0eec709fe0034e212cc8805b2df9dec3ea041186abbb7700ec8509bb",,"2025-01-24T07:45:00.000","30","NO CONTROLS","NO CONTROLS","CLEAR","DARKNESS, LIGHTED ROAD","TURNING","NOT DIVIDED",,"STRAIGHT AND LEVEL","UNKNOWN","UNKNOWN","NOT ON SCENE (DESK REPORT)","NO INJURY / DRIVE AWAY",,,,"OVER $1,500","2025-01-27T13:10:00.000","DRIVING ON WRONG SIDE/WRONG WAY","NOT APPLICABLE","5600","S","PULASKI RD","813",,,,,,,"2","NO INDICATION OF INJURY","0","0","0","0","0","4","0","7","6","1","41.7913494237","-87.723255323","POINT (-87.723255322969 41.791349423725)"
"7ea107d7497b1d606d9edc73f998e94582e8a2cdb11da0d6d1b8d0ffc96d04cee769b736fd6dcda851d01c0b781222843cb6ae7b1dd278ba6edf444797bf4d93",,"2025-01-24T07:45:00.000","30","NO CONTROLS","NO CONTROLS","CLEAR","DAYLIGHT","TURNING","NOT DIVIDED",,"STRAIGHT AND LEVEL","DRY","NO DEFECTS","NOT ON SCENE (DESK REPORT)","NO INJURY / DRIVE AWAY",,,,"OVER $1,500","2025-01-24T08:00:00.000","IMPROPER TURNING/NO SIGNAL","IMPROPER TURNING/NO SIGNAL","1305","S","HALSTED ST","1232",,,,,,,"2","NO INDICATION OF INJURY","0","0","0","0","0","4","0","7","6","1","41.8652245089","-87.6467135809","POINT (-87.64671358086 41.86522450889)"
"a29a15fcd9fc93e7201f342e3252a5346bc3ce97b35990fd483162be565a73a3f1ee010d3643706ead4d8e01c0b54d40efadb343b33f52f7f4095842e7f86282",,"2025-01-24T07:45:00.000","30","NO CONTROLS","NO CONTROLS","CLEAR","DAYLIGHT","REAR END","NOT DIVIDED",,"STRAIGHT AND LEVEL","DRY","NO DEFECTS","ON SCENE","NO INJURY / DRIVE AWAY",,,,"OVER $1,500","2025-01-27T12:10:00.000","FOLLOWING TOO CLOSELY","FAILING TO REDUCE SPEED TO AVOID CRASH","2852","W","63RD ST","823",,,,,,,"2","NO INDICATION OF INJURY","0","0","0","0","0","4","0","7","6","1","41.7791940664","-87.6955178414","POINT (-87.69551784136 41.779194066419)"
"ace8a5856e2eb098723b89e89246d00f101f5d28ecd87e66ada3ceab56f45691a243f2425464c318ff62b1c3c6ce68af2df31cfe47d7ceed8f535fe33205d1d3",,"2025-01-24T07:45:00.000","15","NO CONTROLS","NO CONTROLS","CLEAR","DUSK","PARKED MOTOR VEHICLE","ONE-WAY",,"STRAIGHT AND LEVEL","DRY","NO DEFECTS","ON SCENE","INJURY AND / OR TOW DUE TO CRASH",,,"Y","OVER $1,500","2025-01-24T07:50:00.000","DRIVING SKILLS/KNOWLEDGE/EXPERIENCE","DRIVING SKILLS/KNOWLEDGE/EXPERIENCE","2659","W","IOWA ST","1211",,,,,,,"2","NO INDICATION OF INJURY","0","0","0","0","0","1","0","7","6","1","41.8973791576","-87.6941541345","POINT (-87.694154134548 41.897379157555)"
"214ef26236b974a7d86cd94f7d83f5e8fc3985a621c86463abd37f6bf28025a7d6750256cff2ee5a58aebdb41b0b051a5e520bc47e43f51200d8ec3ad7e7c714",,"2025-01-24T07:40:00.000","30","STOP SIGN/FLASHER","FUNCTIONING PROPERLY","CLEAR","DAYLIGHT","ANGLE","NOT DIVIDED",,"STRAIGHT AND LEVEL","DRY","NO DEFECTS","NOT ON SCENE (DESK REPORT)","NO INJURY / DRIVE AWAY","Y",,"Y","OVER $1,500","2025-01-24T13:09:00.000","FAILING TO YIELD RIGHT-OF-WAY","NOT APPLICABLE","6237","W","GRAND AVE","2512",,,,,,,"2","NO INDICATION OF INJURY","0","0","0","0","0","2","0","7","6","1","41.9216189706","-87.7819802426","POINT (-87.781980242587 41.921618970599)"
"37d17e5a01ceec94ba4f4ba5ca94dd0257e23ceb60d95731d84413048f7fa9f5a38feee637db6ab3d595a59111f66fb81b56e7d90a9a66cd6025565d2db9cbc7",,"2025-01-24T07:40:00.000","30","NO CONTROLS","NO CONTROLS","CLEAR","DAYLIGHT","TURNING","UNKNOWN",,"STRAIGHT AND LEVEL","DRY","UNKNOWN","NOT ON SCENE (DESK REPORT)","NO INJURY / DRIVE AWAY",,,,"OVER $1,500","2025-01-24T16:30:00.000","UNABLE TO DETERMINE","UNABLE TO DETERMINE","1340","S","HALSTED ST","1232",,,,,,,"2","NO INDICATION OF INJURY","0","0","0","0","0","2","0","7","6","1","41.8643392003","-87.6469840142","POINT (-87.646984014161 41.864339200303)"
"a27ea226563b7e08c5697a8c63633a492f514c97f20341d343724b873608d4d56e8566be72fff178fb00f99647f9cd67d6b50cf7b28519d1f59a9d3548f237cd",,"2025-01-24T07:40:00.000","30","STOP SIGN/FLASHER","FUNCTIONING PROPERLY","OTHER","UNKNOWN","TURNING","NOT DIVIDED",,"STRAIGHT AND LEVEL","OTHER","UNKNOWN","NOT ON SCENE (DESK REPORT)","NO INJURY / DRIVE AWAY",,,"Y","$501 - $1,500","2025-01-24T08:28:00.000","UNABLE TO DETERMINE","NOT APPLICABLE","3701","W","47TH ST","821",,,,,,,"2","NO INDICATION OF INJURY","0","0","0","0","0","3","0","7","6","1","41.8078535989","-87.7162884081","POINT (-87.716288408085 41.807853598853)"