"crash_record_id","crash_date_est_i","crash_date","posted_speed_limit","traffic_control_device","device_condition","weather_condition","lighting_condition","first_crash_type","trafficway_type","lane_cnt","alignment","roadway_surface_cond","road_defect","report_type","crash_type","intersection_related_i","private_property_i","hit_and_run_i","damage","date_police_notified","prim_contributory_cause","sec_contributory_cause","street_no","street_direction","street_name","beat_of_occurrence","photos_taken_i","statements_taken_i","dooring_i","work_zone_i","work_zone_type","workers_present_i","num_units","most_severe_injury","injuries_total","injuries_fatal","injuries_incapacitating","injuries_non_incapacitating","injuries_reported_not_evident","injuries_no_indication","injuries_unknown","crash_hour","crash_day_of_week","crash_month","latitude","longitude","location"
"a860b03a334df9f27c01b52e5d1e538c69cb1c8b2cb7233954190ca8e9176be7f6cabb4d7d9dd4ff4fd656fb198f8d3c09f7c7e935a3722f9f9e45fa0a7c7b85",,"2025-01-24T07:40:00.000","30","STOP SIGN/FLASHER","FUNCTIONING PROPERLY","SNOW","DAYLIGHT","REAR END","DIVIDED - W/MEDIAN (NOT RAISED)",,"STRAIGHT AND LEVEL","SNOW OR SLUSH","NO DEFECTS","NOT ON SCENE (DESK REPORT)","NO INJURY / DRIVE AWAY",,,,"OVER $1,500","2025-01-24T08:00:00.000","WEATHER","UNABLE TO DETERMINE","5956","W","DIVERSEY AVE","2514",,,,,,,"2","NO INDICATION OF INJURY","0","0","0","0","0","2","0","7","6","1","41.9312505865","-87.7758287572","POINT (-87.775828757162 41.931250586493)"
"d21bc4b2104c44ef1aa55f6c2d24ed7a42d690419b0ecc333e8ec850ee24e91dfab87d24fdc5c98d050d06ea7153bacab7f4048670a8cc6542d51bcd9295c60e",,"2025-01-24T07:40:00.000","20","NO CONTROLS","NO CONTROLS","CLEAR","DAYLIGHT","REAR TO FRONT","NOT DIVIDED",,"STRAIGHT AND LEVEL","DRY","NO DEFECTS","NOT ON SCENE (DESK REPORT)","NO INJURY / DRIVE AWAY",,,"Y","OVER $1,500","2025-01-24T08:09:00.000","IMPROPER BACKING","NOT APPLICABLE","3369","W","77TH ST","835",,,,,,,"2","NO INDICATION OF INJURY","0","0","0","0","0","2","0","7","6","1","41.7532289096","-87.7073457522","POINT (-87.7073457522 41.753228909601)"
"a0ae005971e18d06d3d577312ee4ad6cbb56147f1613eaa6d2a626f6e71b172f6ff0067233b96938f8388e7aea3097dd28496ba7e7ac64fe1e5b31a0ef1b53ef",,"2025-01-24T07:37:00.000","25","STOP SIGN/FLASHER","FUNCTIONING PROPERLY","CLEAR","DAYLIGHT","TURNING","DIVIDED - W/MEDIAN (NOT RAISED)",,"STRAIGHT AND LEVEL","WET","NO DEFECTS","ON SCENE","NO INJURY / DRIVE AWAY","Y",,,"OVER $1,500","2025-01-24T07:44:00.000","DRIVING SKILLS/KNOWLEDGE/EXPERIENCE","UNABLE TO DETERMINE","5057","N","CALIFORNIA AVE","2031",,,,,,,"3","NO INDICATION OF INJURY","0","0","0","0","0","3","0","7","6","1","41.9738966442","-87.6987167129","POINT (-87.698716712922 41.9738966442)"
"0dd3ae9e943941b558700af6321eb370917bdc0e54a1ec4874e1588273b7277bef2e434694a8a4ea704d32ba6f5a3c0f48a032d819e45d075301b6fef2d5ccf7",,"2025-01-24T07:36:00.000","30","NO CONTROLS","NO CONTROLS","CLEAR","DAYLIGHT","REAR END","NOT DIVIDED",,"STRAIGHT AND LEVEL","UNKNOWN","UNKNOWN","NOT ON SCENE (DESK REPORT)","NO INJURY / DRIVE AWAY",,,,"OVER $1,500","2025-01-24T18:50:00.000","DRIVING SKILLS/KNOWLEDGE/EXPERIENCE","NOT APPLICABLE","4900","S","KEDZIE AVE","821",,,,,,,"2","NO INDICATION OF INJURY","0","0","0","0","0","2","0","7","6","1","41.8043259216","-87.7040126363","POINT (-87.704012636283 41.804325921559)"
"8d03ca43daabcf508fe47810f01b1defa291f550c4f1720594d9388bc0e7a4d4cdec4f801c3f0c353b1de4c28ec18071279825bac17ceaf6ec0ccd8ef6f7a0b2",,"2025-01-24T07:36:00.000","30","NO CONTROLS","NO CONTROLS","CLEAR","DAYLIGHT","PARKED MOTOR VEHICLE","NOT DIVIDED",,"STRAIGHT AND LEVEL","UNKNOWN","UNKNOWN","NOT ON SCENE (DESK REPORT)","NO INJURY / DRIVE AWAY",,,,"$500 OR LESS","2025-01-24T09:25:00.000","UNABLE TO DETERMINE","UNABLE TO DETERMINE","5101","N","LONG AVE","1623",,,,,,,"2","NO INDICATION OF INJURY","0","0","0","0","0","1","0","7","6","1","41.9733981505","-87.7625417493","POINT (-87.762541749285 41.97339815053)"
"313b6c33e8f37aa98004ed36066204c11f21b93df735e3b27db3c33357459f3b0057d21ede3d5c60d2869318bc4e9d61bc5d50569eff209f64f52df2a4ea6b35",,"2025-01-24T07:35:00.000","30","STOP SIGN/FLASHER","FUNCTIONING PROPERLY","CLEAR","DAYLIGHT","ANGLE","NOT DIVIDED",,"STRAIGHT AND LEVEL","DRY","UNKNOWN","NOT ON SCENE (DESK REPORT)","NO INJURY / DRIVE AWAY",,,,"OVER $1,500","2025-01-24T07:55:00.000","UNABLE TO DETERMINE","UNABLE TO DETERMINE","1818","W","MONTEREY AVE","2212",,,,,,,"2","NO INDICATION OF INJURY","0","0","0","0","0","2","0","7","6","1","41.6912461139","-87.6679297313","POINT (-87.667929731269 41.69124611394)"
"09660f3c9749a35d72f7053712337bfc4159f0cff4354674d229f97f94d0a197fbe88ebc863240ee0247740634cd7a1e84c39cf31d4e552ec85d3f75af3c2e41",,"2025-01-24T07:34:00.000","30","NO CONTROLS","NO CONTROLS","CLEAR","DAYLIGHT","REAR END","NOT DIVIDED",,"STRAIGHT AND LEVEL","DRY","UNKNOWN","NOT ON SCENE (DESK REPORT)","NO INJURY / DRIVE AWAY",,,,"OVER $1,500","2025-01-24T09:40:00.000","UNABLE TO DETERMINE","UNABLE TO DETERMINE","3958","W","55TH ST","822",,,,,,,"2","NO INDICATION OF INJURY","0","0","0","0","0","4","0","7","6","1","41.7933149727","-87.7230990461","POINT (-87.723099046052 41.793314972705)"
"033642edabe88e190e48001070c229a9e78c938d5bc5edd5ad6c017d8631a4a39439e2db3e390ccde5a3aeebf942d668036c483adb1446e631e6f9846a332e3c",,"2025-01-24T07:32:00.000","30","TRAFFIC SIGNAL","FUNCTIONING PROPERLY","CLEAR","DAYLIGHT","PEDESTRIAN","NOT DIVIDED",,"STRAIGHT AND LEVEL","DRY","NO DEFECTS","ON SCENE","INJURY AND / OR TOW DUE TO CRASH","Y",,,"$500 OR LESS","2025-01-24T07:40:00.000","FAILING TO YIELD RIGHT-OF-WAY","UNABLE TO DETERMINE","600","W","BELMONT AVE","1925",,,,,,,"2","NONINCAPACITATING INJURY","1","0","0","1","0","1","0","7","6","1","41.9401520755","-87.6445257003","POINT (-87.644525700326 41.94015207546)"
"1fe2492594d7f6ef8778c73e04212582c7908bbd1d194f3399372cde0e9e661254ef942db9d8b886ed89408c032a56227964888d5d85cc3aa4f229734a5d1f6f",,"2025-01-24T07:30:00.000","30","STOP SIGN/FLASHER","NO CONTROLS","CLEAR","DAYLIGHT","ANGLE","UNKNOWN",,"STRAIGHT AND LEVEL","UNKNOWN","UNKNOWN","NOT ON SCENE (DESK REPORT)","NO INJURY / DRIVE AWAY","N",,"Y","OVER $1,500","2025-01-24T08:20:00.000","UNABLE TO DETERMINE","UNABLE TO DETERMINE","7651","S","HOMAN AVE","835",,,,,,,"2","NO INDICATION OF INJURY","0","0","0","0","0","2","0","7","6","1","41.7537599193","-87.707308963","POINT (-87.707308962977 41.753759919304)"
"c06bc8cede9c21c2715750466a7f8c59a0e3cd45510fd93e3853115fdc94620f62eda0fe5eeeb5cea3ed216ab8cd11ee75e4dcde80758212dad0f08eefbb148e",,"2025-01-24T07:30:00.000","35","NO CONTROLS","NO CONTROLS","CLEAR","DAYLIGHT","REAR END","DIVIDED - W/MEDIAN BARRIER",,"STRAIGHT AND LEVEL","UNKNOWN","UNKNOWN","NOT ON SCENE (DESK REPORT)","NO INJURY / DRIVE AWAY",,,,"$501 - $1,500","2025-01-27T17:00:00.000","IMPROPER OVERTAKING/PASSING","NOT APPLICABLE","4900","S","LAKE SHORE DR NB","222",,,,,,,"2","NO INDICATION OF INJURY","0","0","0","0","0","2","0","7","6","1","41.8059150738","-87.5848390166","POINT (-87.584839016583 41.805915073785)"
"ee10fddda2f98cc547ae8fb14f5e6c710927a9d75599f269d8ab6b6acbc2b5681d13c6a275fac0de399ffb3f76801088c65442466a71fd2e8756eb5f2d80b213",,"2025-01-24T07:30:00.000","30","NO CONTROLS","NO CONTROLS","CLEAR","DAYLIGHT","ANGLE","NOT DIVIDED",,"STRAIGHT AND LEVEL","DRY","NO DEFECTS","ON SCENE","NO INJURY / DRIVE AWAY","Y",,,"OVER $1,500","2025-01-24T07:40:00.000","FAILING TO YIELD RIGHT-OF-WAY","NOT APPLICABLE","9500","S","DOBSON AVE","511",,,,,,,"2","NO INDICATION OF INJURY","0","0","0","0","0","3","0","7","6","1","41.7220469097","-87.5985675797","POINT (-87.598567579746 41.722046909713)"
"867f2657315d8e509ada4a7d1d089171737edafc88ab92037bac13499e06c5b2d46c9e96e63057090640864a56d04dcfc5287bab1fd39c284146d4255370791f",,"2025-01-24T07:25:00.000","35","NO CONTROLS","NO CONTROLS","CLEAR","DAYLIGHT","SIDESWIPE SAME DIRECTION","NOT DIVIDED",,"STRAIGHT AND LEVEL","DRY","NO DEFECTS","ON SCENE","NO INJURY / DRIVE AWAY",,,"Y","$501 - $1,500","2025-01-24T07:30:00.000","IMPROPER OVERTAKING/PASSING","UNABLE TO DETERMINE","6101","W","ADDISON ST","1633",,,,,,,"2","NO INDICATION OF INJURY","0","0","0","0","0","2","0","7","6","1","41.9456358243","-87.7790584619","POINT (-87.77905846188 41.945635824314)"
"b928993961a8ff27167aaaa1d18067704ebafd0ba1f9921728497b24de902f3d9a3c91c684f846b73471674df1844facb5576dec6c88fc48cbb459de40318786",,"2025-01-24T07:25:00.000","30","STOP SIGN/FLASHER","FUNCTIONING PROPERLY","CLEAR","DAWN","TURNING","ONE-WAY",,"STRAIGHT AND LEVEL","DRY","NO DEFECTS","NOT ON SCENE (DESK REPORT)","NO INJURY / DRIVE AWAY","Y",,"Y","OVER $1,500","2025-01-24T07:50:00.000","DISREGARDING STOP SIGN","FAILING TO REDUCE SPEED TO AVOID CRASH","1103","N","WASHTENAW AVE","1211",,,,,,,"2","NO INDICATION OF INJURY","0","0","0","0","0","2","0","7","6","1","41.9012422473","-87.6942260208","POINT (-87.694226020828 41.901242247342)"
"b88ab3853e7078d7b483456af3f87612c34907d8310cbb4898120e30449f2a74e9d8370b711f776718de07d7879f1eb1b211311ce12c30d6b1d63373eacfcf01",,"2025-01-24T07:22:00.000","30","TRAFFIC SIGNAL","FUNCTIONING PROPERLY","CLEAR","DAYLIGHT","TURNING","FOUR WAY",,"STRAIGHT AND LEVEL","DRY","NO DEFECTS",,"NO INJURY / DRIVE AWAY","Y",,"Y","OVER $1,500","2025-01-24T19:00:00.000","IMPROPER TURNING/NO SIGNAL","UNABLE TO DETERMINE","1567","W","119TH ST","524",,,,,,,"3","NO INDICATION OF INJURY","0","0","0","0","0","4","0","7","6","1","41.677435819","-87.6613013176","POINT (-87.661301317608 41.67743581902)"
"991f9cd23f383f09a7457d0094ca4bcd5ec7c7da2f6eaec6543bcd45926308e254373388135f95c2cdcc69ca6cc0351159bec4ab0a607b24d1ac5424c8841742",,"2025-01-24T07:20:00.000","35","TRAFFIC SIGNAL","FUNCTIONING PROPERLY","CLEAR","DAYLIGHT","REAR END","NOT DIVIDED",,"STRAIGHT AND LEVEL","DRY","NO DEFECTS","NOT ON SCENE (DESK REPORT)","NO INJURY / DRIVE AWAY",,,,"OVER $1,500","2025-01-24T08:00:00.000","FOLLOWING TOO CLOSELY","NOT APPLICABLE","7432","W","TOUHY AVE","1611",,,,,,,"2","NO INDICATION OF INJURY","0","0","0","0","0","2","0","7","6","1","42.0116617651","-87.8127814311","POINT (-87.812781431141 42.011661765073)"
"7bc3b2481cd7197639ec8002c835d0970f01839204a4b8a67daf4eacfa766942753f51eb5b2fd1ea96432e02f27d22685ce1b44f28b311023d50e64bb79ab2d3",,"2025-01-24T07:18:00.000","30","NO CONTROLS","NO CONTROLS","CLEAR","DAWN","PARKED MOTOR VEHICLE","NOT DIVIDED",,"STRAIGHT AND LEVEL","DRY","NO DEFECTS","ON SCENE","INJURY AND / OR TOW DUE TO CRASH",,,,"OVER $1,500","2025-01-24T07:20:00.000","UNABLE TO DETERMINE","UNABLE TO DETERMINE","5335","N","HARLEM AVE","1613",,,,,,,"2","NO INDICATION OF INJURY","0","0","0","0","0","1","0","7","6","1","41.9781351503","-87.8068524111","POINT (-87.806852411113 41.978135150256)"
"e45e9d31019a31f116a418085db645a5fbe64bfa9095ba3fb06c56b924639968b941aeba737c88ec5153d63d16173142cceaf9a27685f1b1ad5452359d8999a9",,"2025-01-24T07:18:00.000","30","NO CONTROLS","NO CONTROLS","CLEAR","DAYLIGHT","SIDESWIPE SAME DIRECTION","ONE-WAY",,"STRAIGHT AND LEVEL","DRY","NO DEFECTS","ON SCENE","NO INJURY / DRIVE AWAY",,,,"OVER $1,500","2025-01-24T07:23:00.000","UNABLE TO DETERMINE","NOT APPLICABLE","3434","S","MICHIGAN AVE","211",,,,,,,"2","NO INDICATION OF INJURY","0","0","0","0","0","3","0","7","6","1","41.8318185551","-87.6234218319","POINT (-87.62342183192 41.831818555086)"
"0efbf6d1770f2fe3d6824bb25b61bdc88ded093207b6d1feee7a60cead4eca8d25f98ce5a710db1af1fa22b057fb91809d87efab8f18cddb8e9d57fc57507223",,"2025-01-24T07:15:00.000","30","TRAFFIC SIGNAL","FUNCTIONING PROPERLY","CLEAR","DAYLIGHT","REAR END","DIVIDED - W/MEDIAN (NOT RAISED)",,"STRAIGHT AND LEVEL","ICE","NO DEFECTS","ON SCENE","NO INJURY / DRIVE AWAY",,,,"$501 - $1,500","2025-01-24T07:20:00.000","UNABLE TO DETERMINE","NOT APPLICABLE","1456","W","IRVING PARK RD","1912",,,,,,,"2","NO INDICATION OF INJURY","0","0","0","0","0","2","0","7","6","1","41.9544325698","-87.6665054234","POINT (-87.666505423406 41.954432569792)"
"521cd4594e271822063d8561cd6841b686869f4f3bcf367d641f6a6abe9b5af68b43688511e0755fc4385ec32a95fb4c341d1d172261da4b4cda32aa74f7c721",,"2025-01-24T07:15:00.000","20","TRAFFIC SIGNAL","FUNCTIONING PROPERLY","CLEAR","DAYLIGHT","SIDESWIPE SAME DIRECTION","DIVIDED - W/MEDIAN (NOT RAISED)",,"STRAIGHT AND LEVEL","DRY","NO DEFECTS","NOT ON SCENE (DESK REPORT)","NO INJURY / DRIVE AWAY","Y",,,"OVER $1,500","2025-01-24T07:20:00.000","IMPROPER OVERTAKING/PASSING","IMPROPER LANE USAGE","4055","S","ARCHER AVE","921",,,,,,,"2","NO INDICATION OF INJURY","0","0","0","0","0","2","0","7","6","1","41.8198893873","-87.6945519341","POINT (-87.69455193413 41.819889387261)"
"77d473dd97d9642eaf37f6051d34d37c76256416185ff2c6b200a16f51bdc79e144f93c553013e162cf7a98c35e7dec882677e03194ffc5e48edce72026e4572",,"2025-01-24T07:15:00.000","30","NO CONTROLS","NO CONTROLS","CLEAR","DAYLIGHT","REAR END","NOT DIVIDED",,"STRAIGHT AND LEVEL","DRY","NO DEFECTS","NOT ON SCENE (DESK REPORT)","NO INJURY / DRIVE AWAY",,,,"$501 - $1,500","2025-01-24T18:30:00.000","FOLLOWING TOO CLOSELY","FOLLOWING TOO CLOSELY","5300","W","DEVON AVE","1621",,,,,,,"2","NO INDICATION OF INJURY","0","0","0","0","0","2","0","7","6","1","41.9974377641","-87.7608319232","POINT (-87.760831923212 41.997437764059)"
"85ff3bee4ee61129d319fbb9367932fd9653abec8d5ac76b02197d35a0fa23af98ffa19a251b9e4d27ab6d585b2adca5793afc0126fb99b25cb51c965969fad2",,"2025-01-24T07:15:00.000","30","NO CONTROLS","NO CONTROLS","CLEAR","DAYLIGHT","SIDESWIPE SAME DIRECTION","ONE-WAY",,"STRAIGHT AND LEVEL","DRY","NO DEFECTS","NOT ON SCENE (DESK REPORT)","NO INJURY / DRIVE AWAY",,,,"$500 OR LESS","2025-01-24T07:45:00.000","UNABLE TO DETERMINE","UNABLE TO DETERMINE","3450","S","MICHIGAN AVE","211",,,,,,,"2","NO INDICATION OF INJURY","0","0","0","0","0","3","0","7","6","1","41.8313620864","-87.6234115529","POINT (-87.623411552923 41.831362086432)"
"236bf0af766063e11d5f2a589756b837e8851e15f657499aa871a8179ee922aca28faa783754b39c802d18c7cd95dfb2afc3738902dde55a24d95d453e93aa91",,"2025-01-24T07:09:00.000","30","TRAFFIC SIGNAL","FUNCTIONING PROPERLY","CLEAR","DAYLIGHT","TURNING","NOT DIVIDED",,"STRAIGHT AND LEVEL","DRY","NO DEFECTS","ON SCENE","NO INJURY / DRIVE AWAY","Y",,,"OVER $1,500","2025-01-24T07:11:00.000","UNABLE TO DETERMINE","NOT APPLICABLE","8900","W","BELMONT AVE","1631",,,,,,,"2","NO INDICATION OF INJURY","0","0","0","0","0","2","0","7","6","1","41.9374885746","-87.8451456182","POINT (-87.845145618239 41.937488574588)"
"5e22dd7827a4db65269eea921ad6db78edb5c2ee2e67875fee3a652154ffc926adb92898e1e223727d2e91aacd8cbd3b719880067e4d4f3ef9928702e31d93fc",,"2025-01-24T07:05:00.000","35","TRAFFIC SIGNAL","FUNCTIONING PROPERLY","CLEAR","DAYLIGHT","REAR END","DIVIDED - W/MEDIAN (NOT RAISED)",,"STRAIGHT AND LEVEL","DRY","NO DEFECTS","ON SCENE","INJURY AND / OR TOW DUE TO CRASH",,,,"OVER $1,500","2025-01-24T07:21:00.000","PHYSICAL CONDITION OF DRIVER","FAILING TO REDUCE SPEED TO AVOID CRASH","756","W","95TH ST","2223",,,,,,,"2","NONINCAPACITATING INJURY","2","0","0","1","1","0","0","7","6","1","41.7215692134","-87.6430722527","POINT (-87.643072252706 41.72156921342)"
"c7e48ab8c45a859581fb568c9cbf66eb4daa17bb26dd21658357290e7f68b2f1d592411dbfa45b03f1796566716ea2badb201e0ccc77ccb5254885c1e185c429",,"2025-01-24T07:05:00.000","30","NO CONTROLS","NO CONTROLS","CLEAR","DAYLIGHT","TURNING","NOT DIVIDED",,"STRAIGHT AND LEVEL","DRY","NO DEFECTS","ON SCENE","INJURY AND / OR TOW DUE TO CRASH",,,,"OVER $1,500","2025-01-24T07:08:00.000","IMPROPER LANE USAGE","NOT APPLICABLE","4433","S","KEDZIE AVE","922",,,,,,,"2","NONINCAPACITATING INJURY","1","0","0","1","0","2","0","7","6","1","41.8125870183","-87.7040040294","POINT (-87.7040040294 41.812587018309)"
"256ad383962cd5919dcf6b11f491be11c03759cd0bf1c7ba6eb4d3ab52c936a7447eecacf3ef0377f0028a5778f2381b25f982e628f6c3a141bafef4f997bb8e",,"2025-01-24T07:00:00.000","30","TRAFFIC SIGNAL","NO CONTROLS","CLEAR","DAYLIGHT","REAR END","NOT DIVIDED",,"STRAIGHT AND LEVEL","DRY","NO DEFECTS","NOT ON SCENE (DESK REPORT)","NO INJURY / DRIVE AWAY",,,,"OVER $1,500","2025-01-24T07:39:00.000","UNABLE TO DETERMINE","NOT APPLICABLE","1400","S","CALIFORNIA BLVD","1022",,,,,,,"3","NO INDICATION OF INJURY","0","0","0","0","0","4","0","7","6","1","41.8625150115","-87.6959381467","POINT (-87.695938146652 41.86251501152)"
"6439fc8e1330c3de2dff7e79fea9e5ca381b7a1ef9cb5f62fea906ebc30a8956bc8f29fa9d4d970df34ba91042b7aef89b890c7ce7d29aa784e40963145d89b6",,"2025-01-24T06:49:00.000","30","NO CONTROLS","NO CONTROLS","CLEAR","DAYLIGHT","REAR END","DIVIDED - W/MEDIAN BARRIER",,"STRAIGHT AND LEVEL","ICE","NO DEFECTS","ON SCENE","INJURY AND / OR TOW DUE TO CRASH",,,,"OVER $1,500","2025-01-24T06:56:00.000","UNABLE TO DETERMINE","NOT APPLICABLE","3800","S","PULASKI RD","815",,,,,,,"2","NONINCAPACITATING INJURY","1","0","0","1","0","1","0","6","6","1","41.8245084404","-87.7242346667","POINT (-87.724234666706 41.824508440396)"
"5aabf4b72d87d8a7527d1d438272f14ed57f8b8300e865bd8677b7058e05192c7b26b86d5e5e1ea332ff609c0f96a5757258c03adeb5cbaf1bf1d893c2d4fcda",,"2025-01-24T06:46:00.000","30","NO CONTROLS","NO CONTROLS","CLEAR","DAYLIGHT","TURNING","DIVIDED - W/MEDIAN (NOT RAISED)",,"STRAIGHT AND LEVEL","DRY","NO DEFECTS","ON SCENE","NO INJURY / DRIVE AWAY",,,,"$501 - $1,500","2025-01-24T06:50:00.000","UNABLE TO DETERMINE","UNABLE TO DETERMINE","2816","N","PULASKI RD","2523",,,,,,,"2","NO INDICATION OF INJURY","0","0","0","0","0","2","0","6","6","1","41.9322728966","-87.7271391293","POINT (-87.727139129338 41.932272896586)"
"3be33c051a606ebb27f0f32d077af891d5b0a34e5b466943cfff0c60a581bde85b24101ea0119f29106aa36e8a9910718fd6b961dbe77a4a7d383c9cad6ee462",,"2025-01-24T06:40:00.000","30","TRAFFIC SIGNAL","FUNCTIONING PROPERLY","CLEAR","DAYLIGHT","TURNING","NOT DIVIDED",,"STRAIGHT AND LEVEL","WET","NO DEFECTS","NOT ON SCENE (DESK REPORT)","NO INJURY / DRIVE AWAY",,,"Y","OVER $1,500","2025-01-25T13:00:00.000","FOLLOWING TOO CLOSELY","UNABLE TO DETERMINE","99","W","DELAWARE PL","1832",,,,,,,"2","NO INDICATION OF INJURY","0","0","0","0","0","2","0","6","6","1","41.8986230198","-87.6312229977","POINT (-87.631222997673 41.898623019828)"
"5113e34acc8a6f53b69561aa3a36195f5f45efe13b81d3963db9f6c0cb622f89966f22e94b3fe683ce57451d9952d9c55b6f3c9070de08f2b6a2c40c7f823c7f",,"2025-01-24T06:40:00.000","30","NO CONTROLS","NO CONTROLS","CLEAR","DAYLIGHT","REAR END","NOT DIVIDED",,"STRAIGHT AND LEVEL","DRY","NO DEFECTS","ON SCENE","NO INJURY / DRIVE AWAY",,,"Y","OVER $1,500","2025-01-24T06:57:00.000","UNABLE TO DETERMINE","UNABLE TO DETERMINE","1425","S","WESTERN AVE","1233",,,,,,,"2","NO INDICATION OF INJURY","0","0","0","0","0","2","0","6","6","1","41.8622423748","-87.6857689197","POINT (-87.68576891969 41.86224237483)"
"d5e2a62802d0f66df060732779bea6162f69c81f970684b9c2535e10cdfaf5d936d04203801a87246a3c16903b2c273a463d7b608d100965e39d76061360a39f",,"2025-01-24T06:30:00.000","30","STOP SIGN/FLASHER","FUNCTIONING PROPERLY","CLEAR","DAYLIGHT","TURNING","DIVIDED - W/MEDIAN (NOT RAISED)",,"STRAIGHT AND LEVEL","SNOW OR SLUSH","UNKNOWN","ON SCENE","NO INJURY / DRIVE AWAY",,,"Y","OVER $1,500","2025-01-24T10:42:00.000","IMPROPER TURNING/NO SIGNAL","NOT APPLICABLE","800","S","CICERO AVE","1533",,,,,,,"2","NO INDICATION OF INJURY","0","0","0","0","0","2","0","6","6","1","41.8702311448","-87.7450403653","POINT (-87.745040365265 41.870231144775)"
"f164ba69701a54b72a9f327293f1a653e74175e0982e8fc686e1aa0abc448deef8b63b0c86be79ebd5fe5dc5282e71118fe7a4a32b6eb796214b0a226d957dd8",,"2025-01-24T06:30:00.000","30","NO CONTROLS","NO CONTROLS","CLEAR","DAYLIGHT","FIXED OBJECT","DIVIDED - W/MEDIAN BARRIER",,"STRAIGHT AND LEVEL","DRY","NO DEFECTS","ON SCENE","INJURY AND / OR TOW DUE TO CRASH","N",,,"OVER $1,500","2025-01-24T06:32:00.000","NOT APPLICABLE","NOT APPLICABLE","2000","W","18TH ST","1234",,,,,,,"1","NO INDICATION OF INJURY","0","0","0","0","0","1","0","6","6","1","41.8577710109","-87.6761195654","POINT (-87.676119565392 41.857771010925)"
"f1cbe7051cbc55f1bf6d77b82dc496ad32a4c32f65a17ccc707e4e92d8b4f04fe16138ae7e311441cb445884dd82f1276445db71a1a632e7f1b16b5bc272a641",,"2025-01-24T06:30:00.000","30","NO CONTROLS","UNKNOWN","CLEAR","UNKNOWN","PARKED MOTOR VEHICLE","ONE-WAY",,"STRAIGHT AND LEVEL","DRY","NO DEFECTS","NOT ON SCENE (DESK REPORT)","NO INJURY / DRIVE AWAY",,,"Y","OVER $1,500","2025-01-24T08:30:00.000","UNABLE TO DETERMINE","NOT APPLICABLE","5540","W","DRUMMOND PL","2514",,,,,,,"2","NO INDICATION OF INJURY","0","0","0","0","0","1","0","6","6","1","41.9286621316","-87.7653379011","POINT (-87.765337901145 41.928662131633)"
"106182283bb5f107328f2c7bfc4425e76dbadb8d803c24fb1405100ac228c8ea05e0f8d50a3f326b814f353b496d7e5a88e13479ab422617be50fbda0d69c929",,"2025-01-24T06:20:00.000","30","NO CONTROLS","NO CONTROLS","UNKNOWN","DAWN","TURNING","NOT DIVIDED",,"STRAIGHT AND LEVEL","UNKNOWN","UNKNOWN","NOT ON SCENE (DESK REPORT)","NO INJURY / DRIVE AWAY",,,,"OVER $1,500","2025-01-24T16:17:00.000","FAILING TO REDUCE SPEED TO AVOID CRASH","NOT APPLICABLE","2609","S","KEDZIE AVE","1033",,,,,,,"2","NO INDICATION OF INJURY","0","0","0","0","0","2","0","6","6","1","41.844202241","-87.7048869944","POINT (-87.704886994392 41.844202240983)"
"908c3b6b636e0209c9d8644aeb6c3e7dcffd7585a6a205a00846aa4ed6848cd786b6bb31d30728570e113f9a47d9607bcb49f8c2915e1765a9e3bef9e6591d49",,"2025-01-24T06:15:00.000","30","TRAFFIC SIGNAL","FUNCTIONING PROPERLY","OTHER","UNKNOWN","REAR END","NOT DIVIDED",,"STRAIGHT AND LEVEL","OTHER","UNKNOWN","NOT ON SCENE (DESK REPORT)","NO INJURY / DRIVE AWAY",,,"Y","$501 - $1,500","2025-01-24T06:50:00.000","UNABLE TO DETERMINE","NOT APPLICABLE","6333","S","CICERO AVE","813",,,,,,,"2","NO INDICATION OF INJURY","0","0","0","0","0","3","0","6","6","1","41.777436085","-87.7421135824","POINT (-87.742113582426 41.77743608499)"
"be108193ac265c2699ff059cb43affe536fd81f66acc66d169ec19263a3e403ad0ae7e1548a737f613223501ca176e3bd3a5324de25e04daba5161168f52cafe",,"2025-01-24T06:15:00.000","30","NO CONTROLS","NO CONTROLS","CLEAR","DAWN","REAR END","ONE-WAY",,"STRAIGHT AND LEVEL","DRY","NO DEFECTS","NOT ON SCENE (DESK REPORT)","NO INJURY / DRIVE AWAY",,,,"OVER $1,500","2025-01-24T06:45:00.000","UNABLE TO DETERMINE","UNABLE TO DETERMINE","2828","S","SAWYER AVE","1032",,,,,,,"2","NO INDICATION OF INJURY","0","0","0","0","0","2","0","6","6","1","41.8399715665","-87.7062702061","POINT (-87.706270206101 41.839971566547)"
"ad787b94faa6db76b556238309a4019294a6cdab37b6feb2d0deff413616ba3de12f3f3647b76b6b086f323b8761796adce3ae34eb2a8cc27d4fd1e1ed0cd707",,"2025-01-24T06:00:00.000","30","NO CONTROLS","NO CONTROLS","CLEAR","UNKNOWN","PARKED MOTOR VEHICLE","PARKING LOT",,"STRAIGHT AND LEVEL","DRY","NO DEFECTS","NOT ON SCENE (DESK REPORT)","NO INJURY / DRIVE AWAY",,,"Y","$501 - $1,500","2025-01-24T16:50:00.000","UNABLE TO DETERMINE","UNABLE TO DETERMINE","424","E","29TH ST","133",,,,,,,"2","NO INDICATION OF INJURY","0","0","0","0","0","1","0","6","6","1","41.8421940589","-87.6162136026","POINT (-87.616213602551 41.84219405889)"