"crash_record_id","crash_date_est_i","crash_date","posted_speed_limit","traffic_control_device","device_condition","weather_condition","lighting_condition","first_crash_type","trafficway_type","lane_cnt","alignment","roadway_surface_cond","road_defect","report_type","crash_type","intersection_related_i","private_property_i","hit_and_run_i","damage","date_police_notified","prim_contributory_cause","sec_contributory_cause","street_no","street_direction","street_name","beat_of_occurrence","photos_taken_i","statements_taken_i","dooring_i","work_zone_i","work_zone_type","workers_present_i","num_units","most_severe_injury","injuries_total","injuries_fatal","injuries_incapacitating","injuries_non_incapacitating","injuries_reported_not_evident","injuries_no_indication","injuries_unknown","crash_hour","crash_day_of_week","crash_month","latitude","longitude","location"
"fac31185d30e61f226d82d132583028218bfd14e184854c192733f4c9530fbd79718b14a6c3cd7f5d7cfd2bf409701cc7c54fededf58d98a82951e62445ffc98",,"2025-01-24T05:47:00.000","30","TRAFFIC SIGNAL","FUNCTIONING PROPERLY","CLEAR","DAYLIGHT","REAR END","NOT DIVIDED",,"STRAIGHT AND LEVEL","DRY","NO DEFECTS","NOT ON SCENE (DESK REPORT)","NO INJURY / DRIVE AWAY",,,"Y","OVER $1,500","2025-01-24T07:47:00.000","FOLLOWING TOO CLOSELY","FOLLOWING TOO CLOSELY","6300","S","CICERO AVE","813",,,,,,,"2","NO INDICATION OF INJURY","0","0","0","0","0","2","0","5","6","1","41.7783353905","-87.7424364942","POINT (-87.74243649416 41.778335390453)"
"8b096b363a15eae42556f11f81f80adf04ced82abbbe523a32aa127afc287f4f955dfaa0e205208b421b10d260b7ed107a1843f92fe33e204f32f8a23e5d437e",,"2025-01-24T05:45:00.000","30","TRAFFIC SIGNAL","FUNCTIONING PROPERLY","CLEAR","DARKNESS, LIGHTED ROAD","TURNING","FOUR WAY",,"STRAIGHT AND LEVEL","WET","UNKNOWN","ON SCENE","INJURY AND / OR TOW DUE TO CRASH","Y",,,"OVER $1,500","2025-01-24T05:56:00.000","FAILING TO YIELD RIGHT-OF-WAY","FAILING TO YIELD RIGHT-OF-WAY","698","S","CICERO AVE","1533",,,,,,,"2","NO INDICATION OF INJURY","0","0","0","0","0","2","0","5","6","1","41.8720821389","-87.7450795354","POINT (-87.745079535402 41.87208213885)"
"a3003b7e80eed5c7c0eb44b5f2a9a2aeb312d433ceff6ebe8ff77a6567f63b50a3325425c317b10d8485743dc178ecb95d38d695c4b964c23c783c463f1cf447",,"2025-01-24T05:45:00.000","30","TRAFFIC SIGNAL","FUNCTIONING PROPERLY","CLEAR","DARKNESS, LIGHTED ROAD","ANGLE","NOT DIVIDED",,"STRAIGHT AND LEVEL","UNKNOWN","UNKNOWN","NOT ON SCENE (DESK REPORT)","NO INJURY / DRIVE AWAY","Y",,,"OVER $1,500","2025-01-24T16:30:00.000","FAILING TO YIELD RIGHT-OF-WAY","NOT APPLICABLE","5500","S","MENARD AVE","811",,,,,,,"2","NO INDICATION OF INJURY","0","0","0","0","0","3","0","5","6","1","41.7925474654","-87.7673341009","POINT (-87.767334100859 41.792547465418)"
"a89cfa36c175212e14c0151b635e6a2d642ae4dd8605be88cbcb69bf0a80d6d872cc3ccf97dcdc520e6f98f319755f79b319ca3bdd36df51ac0a193a45af6da2",,"2025-01-24T05:45:00.000","30","TRAFFIC SIGNAL","FUNCTIONING PROPERLY","SNOW","DUSK","TURNING","FOUR WAY",,"STRAIGHT AND LEVEL","SNOW OR SLUSH","NO DEFECTS",,"NO INJURY / DRIVE AWAY","Y","N","Y","OVER $1,500","2025-01-24T17:00:00.000","WEATHER","NOT APPLICABLE","7100","S","COTTAGE GROVE AVE","323",,,,,,,"2","NO INDICATION OF INJURY","0","0","0","0","0","2","0","5","6","1","41.7658003513","-87.605729127","POINT (-87.60572912699 41.765800351319)"
"fe397a8301e879fa67aeea0cbd2cae69cefb7f2976d4e6ba0e6921966d357d1c92dad98b9db4e689c898e03f9c48a75d60fef769546bb2e064ac0adfc45324f7",,"2025-01-24T05:40:00.000","30","NO CONTROLS","NO CONTROLS","CLEAR","DAYLIGHT","REAR END","NOT DIVIDED",,"STRAIGHT AND LEVEL","DRY","NO DEFECTS","NOT ON SCENE (DESK REPORT)","NO INJURY / DRIVE AWAY",,,,"OVER $1,500","2025-01-24T17:39:00.000","FOLLOWING TOO CLOSELY","NOT APPLICABLE","3901","S","CICERO AVE","1031",,,,,,,"2","NO INDICATION OF INJURY","0","0","0","0","0","2","0","5","6","1","41.8219527336","-87.7433832915","POINT (-87.743383291485 41.821952733623)"
"18c2fd1effc02158f03a416965896650421b50b7abda71ffd7f6720c089e09cbd94391d3e16f2f5959175cab131bdf9715587b6bbd4d9fb07721a9f65a5beba0",,"2025-01-24T05:35:00.000","30","STOP SIGN/FLASHER","FUNCTIONING PROPERLY","SNOW","DARKNESS, LIGHTED ROAD","TURNING","OTHER",,"STRAIGHT AND LEVEL","SNOW OR SLUSH","UNKNOWN","ON SCENE","INJURY AND / OR TOW DUE TO CRASH","Y",,"Y","OVER $1,500","2025-01-24T05:35:00.000","UNABLE TO DETERMINE","UNABLE TO DETERMINE","5698","N","RIDGE AVE","2013",,,,,,,"2","NONINCAPACITATING INJURY","2","0","0","2","0","1","0","5","6","1","41.985439163","-87.6632598552","POINT (-87.663259855189 41.985439163004)"
"b9ac216571a8ac6aee37f25a8a8e73284a35d5ee4b4716c22797e01241c8ddfe7666611790bf47f88a4d98d0d57ee98e8d7f289850b91f62a135f754e2ce414b",,"2025-01-24T05:35:00.000","30","NO CONTROLS","NO CONTROLS","CLEAR","DARKNESS, LIGHTED ROAD","FIXED OBJECT","DIVIDED - W/MEDIAN BARRIER",,"STRAIGHT AND LEVEL","DRY","NO DEFECTS","ON SCENE","INJURY AND / OR TOW DUE TO CRASH",,,,"OVER $1,500","2025-01-24T05:37:00.000","UNDER THE INFLUENCE OF ALCOHOL/DRUGS (USE WHEN ARREST IS EFFECTED)","FAILING TO REDUCE SPEED TO AVOID CRASH","4000","N","CUMBERLAND AVE","1614",,,,,,,"1","NONINCAPACITATING INJURY","1","0","0","1","0","0","0","5","6","1","41.9521425871","-87.8368142669","POINT (-87.836814266937 41.952142587107)"
"5f728f859d44fc43c663dc2dc580b3d1e1545f7290bff5a98f8b79fea5582bfcd716a0e9f1dccfc314857f78cf8030de73879f2bf1009174e3bafa6c11475a12",,"2025-01-24T05:30:00.000","30","TRAFFIC SIGNAL","FUNCTIONING PROPERLY","CLEAR","DARKNESS, LIGHTED ROAD","REAR END","DIVIDED - W/MEDIAN (NOT RAISED)",,"STRAIGHT AND LEVEL","DRY","NO DEFECTS","NOT ON SCENE (DESK REPORT)","NO INJURY / DRIVE AWAY",,,,"$501 - $1,500","2025-01-24T06:30:00.000","FOLLOWING TOO CLOSELY","NOT APPLICABLE","2559","N","PULASKI RD","2524",,,,,,,"2","NO INDICATION OF INJURY","0","0","0","0","0","2","0","5","6","1","41.9280432405","-87.7267263032","POINT (-87.72672630317 41.928043240486)"
"697632b33e1fc42c550a8ae5fdeb8886cef34bd7d39ad2ca76574ffeb1dfb74f364e75cba1f5086ac861ce065d778aea67d45c3eca1defa801ceb0785861e98b",,"2025-01-24T05:30:00.000","30","NO CONTROLS","NO CONTROLS","CLEAR","DARKNESS, LIGHTED ROAD","PARKED MOTOR VEHICLE","ONE-WAY",,"STRAIGHT AND LEVEL","WET","NO DEFECTS","ON SCENE","INJURY AND / OR TOW DUE TO CRASH",,,"Y","OVER $1,500","2025-01-24T08:30:00.000","UNABLE TO DETERMINE","NOT APPLICABLE","6228","N","BELL AVE","2413",,,,,,,"2","NO INDICATION OF INJURY","0","0","0","0","0","1","0","5","6","1","41.9950141776","-87.6862650179","POINT (-87.68626501787 41.995014177648)"
"7ef2cf2d5c29ef6150b2d874556414b4d8508f2489413c984b62101b1f44734c4c53d249c3311e3a4aeaffc508edb6575d4361ec8141db6ec4cbf637f3c519b5",,"2025-01-24T05:30:00.000","25","NO CONTROLS","NO CONTROLS","SNOW","DARKNESS, LIGHTED ROAD","PARKED MOTOR VEHICLE","ONE-WAY",,"STRAIGHT AND LEVEL","WET","UNKNOWN","NOT ON SCENE (DESK REPORT)","INJURY AND / OR TOW DUE TO CRASH",,,"Y","OVER $1,500","2025-01-24T21:30:00.000","UNABLE TO DETERMINE","UNABLE TO DETERMINE","8136","S","AVALON AVE","411",,,,,,,"2","NO INDICATION OF INJURY","0","0","0","0","0","1","0","5","6","1","41.7466324631","-87.594306028","POINT (-87.594306028023 41.746632463126)"
"1ad43c28f4f6e5588f5a18d91fbc3d3c418b89636e35d9eecb0dc3da1520c33d7f944f99b0b3003074ce04f6c8f19ef7ca74c99e1925a198d07ccd4fa4514510",,"2025-01-24T05:00:00.000","30","NO CONTROLS","NO CONTROLS","CLEAR","DAYLIGHT","REAR END","DIVIDED - W/MEDIAN BARRIER",,"STRAIGHT ON HILLCREST","UNKNOWN","UNKNOWN",,"NO INJURY / DRIVE AWAY",,,,"OVER $1,500","2025-01-24T08:00:00.000","UNABLE TO DETERMINE","UNABLE TO DETERMINE","4101","S","CICERO AVE","815",,,,,,,"2","NO INDICATION OF INJURY","0","0","0","0","0","2","0","5","6","1","41.8181867026","-87.7433186042","POINT (-87.74331860418 41.818186702631)"
"274fe548d30f5ee912ede234fe6a5a4248550eb04d94e507fd9d3fe05dcc02354f0c9c7feb87d9fa79e15df467c47d4b98d9ee73a904734ba9e40bc596c975db",,"2025-01-24T05:00:00.000","30","TRAFFIC SIGNAL","FUNCTIONING PROPERLY","CLEAR","DARKNESS, LIGHTED ROAD","FIXED OBJECT","NOT DIVIDED",,"STRAIGHT AND LEVEL","DRY","NO DEFECTS","ON SCENE","INJURY AND / OR TOW DUE TO CRASH",,,,"OVER $1,500","2025-01-24T05:02:00.000","UNABLE TO DETERMINE","NOT APPLICABLE","2358","N","CENTRAL PARK AVE","2525",,,,,,,"1","NONINCAPACITATING INJURY","1","0","0","1","0","0","0","5","6","1","41.9245559209","-87.7171398994","POINT (-87.717139899428 41.924555920879)"
"b726b4d7196cba4a58d9f9d6ca87cc0897b19d22c2c4f2b59647fdd7c8b483d3b1d34fa6aeb4465b7b57439601b9d9e5e062da60d313b412939457133fb69ac5","Y","2025-01-24T05:00:00.000","20","TRAFFIC SIGNAL","FUNCTIONING PROPERLY","CLEAR","DARKNESS, LIGHTED ROAD","TURNING","DIVIDED - W/MEDIAN (NOT RAISED)",,"STRAIGHT AND LEVEL","DRY","NO DEFECTS","NOT ON SCENE (DESK REPORT)","NO INJURY / DRIVE AWAY",,,,"OVER $1,500","2025-01-24T07:00:00.000","UNABLE TO DETERMINE","UNABLE TO DETERMINE","700","S","CICERO AVE","1533",,,,,,,"2","NO INDICATION OF INJURY","0","0","0","0","0","2","0","5","6","1","41.8720580505","-87.7450793431","POINT (-87.745079343101 41.872058050459)"
"1bebb63d5e0b65dd477b0e9df1053b231b98b435e056a6964d7bdf8509647fe7be2a1bf80c38035d4145beb0cfeb8bf4d6195a995032bc4882f452c6a6d69ce1",,"2025-01-24T04:18:00.000","30","NO CONTROLS","NO CONTROLS","CLEAR","DARKNESS, LIGHTED ROAD","REAR END","NOT DIVIDED",,"STRAIGHT AND LEVEL","DRY","NO DEFECTS","NOT ON SCENE (DESK REPORT)","NO INJURY / DRIVE AWAY",,,"Y","OVER $1,500","2025-01-24T11:15:00.000","FOLLOWING TOO CLOSELY","NOT APPLICABLE","2662","N","CICERO AVE","2521",,,,,,,"2","NO INDICATION OF INJURY","0","0","0","0","0","2","0","4","6","1","41.9297106412","-87.746665897","POINT (-87.746665897029 41.929710641181)"
"b7758683ea6588604ec5732442fa7e73c542fad45df2138678eabfa8e1f158f101705912378f9b6973419932d5c0f4f7570a6f910ee7002b148c86cb6ffd5a22",,"2025-01-24T03:54:00.000","30","UNKNOWN","UNKNOWN","CLEAR","DARKNESS, LIGHTED ROAD","ANGLE","FOUR WAY",,"STRAIGHT AND LEVEL","DRY","NO DEFECTS",,"INJURY AND / OR TOW DUE TO CRASH",,,"Y","OVER $1,500","2025-01-24T04:01:00.000","DISREGARDING OTHER TRAFFIC SIGNS","NOT APPLICABLE","100","N","CICERO AVE","1532",,,,,,,"2","NO INDICATION OF INJURY","0","0","0","0","0","5","0","3","6","1","41.8818797099","-87.7454892473","POINT (-87.745489247301 41.881879709916)"
"71097f49eeaa3fa4437769c76750986653aa69d96d47710c5e3c838a1d5991ec46fb3f7f29d1a6c00b927702bb01a83f1b07f861e2d68a651e9b4f0d05788063",,"2025-01-24T03:37:00.000","30","NO CONTROLS","NO CONTROLS","CLEAR","DARKNESS, LIGHTED ROAD","FIXED OBJECT","NOT DIVIDED",,"STRAIGHT AND LEVEL","DRY","NO DEFECTS","ON SCENE","INJURY AND / OR TOW DUE TO CRASH",,,,"OVER $1,500","2025-01-24T03:39:00.000","UNABLE TO DETERMINE","NOT APPLICABLE","80","W","69TH ST","722",,,,,,,"1","NONINCAPACITATING INJURY","1","0","0","1","0","0","0","3","6","1","41.769243998","-87.6274317421","POINT (-87.627431742148 41.769243997996)"
"3521a4e7d6f7ac05ef0f1c954dc9acbf98e3659f31d52be2e50d281012f6d9d7f976c674601a8e7882d382e7d3701437a84d58ca34470d2049a5c21d88945688",,"2025-01-24T03:36:00.000","30","NO CONTROLS","NO CONTROLS","SNOW","DARKNESS","FIXED OBJECT","NOT DIVIDED",,"STRAIGHT AND LEVEL","SNOW OR SLUSH","NO DEFECTS","ON SCENE","INJURY AND / OR TOW DUE TO CRASH",,,"Y","OVER $1,500","2025-01-24T03:39:00.000","NOT APPLICABLE","NOT APPLICABLE","655","E","76TH ST","624",,,,,,,"1","NO INDICATION OF INJURY","0","0","0","0","0","1","0","3","6","1","41.7566021392","-87.608018767","POINT (-87.608018767026 41.756602139205)"
"f9ce85a4b667aac1ec554b2df0fc4e2f53ba0b0dc1ec1523185b5cbbd2e37ced66b37074d04df280cf43af39680aac47afa39762b62c561696b06eeb103993cb",,"2025-01-24T03:32:00.000","15","NO CONTROLS","NO CONTROLS","CLEAR","DARKNESS","FIXED OBJECT","PARKING LOT",,"STRAIGHT AND LEVEL","DRY","NO DEFECTS",,"INJURY AND / OR TOW DUE TO CRASH",,,,"OVER $1,500","2025-01-24T03:32:00.000","PHYSICAL CONDITION OF DRIVER","NOT APPLICABLE","4939","W","NORTH AVE","2533",,,,,,,"1","NO INDICATION OF INJURY","0","0","0","0","0","1","0","3","6","1","41.9094634803","-87.7501909517","POINT (-87.750190951742 41.909463480255)"
"5b94df59ac16c103d0ffbaa00b471868cd62f8d3b32776fbb0eb411d630cb0f0461ddd82602d53464444962b8f167d27dd6e41baa6d54ba685b0da9d67b20f8f",,"2025-01-24T03:15:00.000","20","NO CONTROLS","UNKNOWN","CLEAR","DARKNESS, LIGHTED ROAD","PARKED MOTOR VEHICLE","ONE-WAY",,"STRAIGHT AND LEVEL","DRY","UNKNOWN","ON SCENE","INJURY AND / OR TOW DUE TO CRASH",,,,"OVER $1,500","2025-01-24T03:20:00.000","FAILING TO REDUCE SPEED TO AVOID CRASH","EQUIPMENT - VEHICLE CONDITION","4976","N","KOLMAR AVE","1712",,,,,,,"2","NO INDICATION OF INJURY","0","0","0","0","0","1","0","3","6","1","41.9714119848","-87.7439160296","POINT (-87.743916029607 41.971411984833)"
"896e123ca9026281d0707c85aa9014d500b844506a17fead9ee1d33562948e9da42bba785eaede43be2b640fc8054767eac700979d0c63a5f2da558e82662f6c",,"2025-01-24T02:50:00.000","30","TRAFFIC SIGNAL","FUNCTIONING PROPERLY","CLEAR","DAYLIGHT","TURNING","FOUR WAY",,"STRAIGHT AND LEVEL","UNKNOWN","UNKNOWN","NOT ON SCENE (DESK REPORT)","NO INJURY / DRIVE AWAY","Y",,"Y","OVER $1,500","2025-01-24T16:25:00.000","IMPROPER TURNING/NO SIGNAL","IMPROPER TURNING/NO SIGNAL","320","W","OHIO ST","1831",,,,,,,"2","NO INDICATION OF INJURY","0","0","0","0","0","2","0","2","6","1","41.8924658311","-87.6365481813","POINT (-87.636548181326 41.892465831107)"
"4176e087f6adfb8c71a7479ea504e657c1d396b55b59b644b3f4f08d36d655054f151760c0d66e5834c2eb2e9b4bc6e64273d78e08badbe69e26b145ee784777",,"2025-01-24T02:49:00.000","30","TRAFFIC SIGNAL","FUNCTIONING PROPERLY","CLEAR","DARKNESS, LIGHTED ROAD","FIXED OBJECT","NOT DIVIDED",,"STRAIGHT AND LEVEL","DRY","NO DEFECTS","ON SCENE","INJURY AND / OR TOW DUE TO CRASH",,,,"OVER $1,500","2025-01-24T02:49:00.000","FAILING TO REDUCE SPEED TO AVOID CRASH","NOT APPLICABLE","13541","S","BRAINARD AVE","433",,,,,,,"1","NONINCAPACITATING INJURY","1","0","0","1","0","0","0","2","6","1","41.6486617875","-87.5459439377","POINT (-87.54594393771 41.648661787502)"
"12aecfe9f5645421806f8c008cb256bbc99f1a3ccf69f76a2f020fcd608904fd6eba76fb81f4feb6930a0c2d053f69dae96710567e5424d45b4342d060997ca4",,"2025-01-24T02:15:00.000","30","UNKNOWN","UNKNOWN","UNKNOWN","UNKNOWN","REAR END","NOT DIVIDED",,"STRAIGHT AND LEVEL","UNKNOWN","UNKNOWN","NOT ON SCENE (DESK REPORT)","INJURY AND / OR TOW DUE TO CRASH",,,,"OVER $1,500","2025-01-24T14:00:00.000","UNABLE TO DETERMINE","NOT APPLICABLE","1910","W","FULLERTON AVE","1432",,,,,,,"2","NO INDICATION OF INJURY","0","0","0","0","0","2","0","2","6","1","41.9251564407","-87.676293521","POINT (-87.676293521004 41.925156440725)"
"97e84c13d5efbfac2271601e54cfd73d7a6357aea70e94a51c940c833744ec73abd8a7b693b02e5087c3f3bca36da5f3552fcb8070bda16b7e65338b323cb322","Y","2025-01-24T02:00:00.000","30","NO CONTROLS","NO CONTROLS","UNKNOWN","DARKNESS, LIGHTED ROAD","PARKED MOTOR VEHICLE","NOT DIVIDED",,"STRAIGHT AND LEVEL","UNKNOWN","NO DEFECTS","ON SCENE","NO INJURY / DRIVE AWAY",,,"Y","OVER $1,500","2025-01-24T08:04:00.000","UNABLE TO DETERMINE","UNABLE TO DETERMINE","1615","E","75TH ST","411",,,,,,,"2","NO INDICATION OF INJURY","0","0","0","0","0","1","0","2","6","1","41.7586659694","-87.5850730427","POINT (-87.585073042737 41.758665969381)"
"ad4e85c59064186df9e8758b2a1c89e52f0cb55085f5d9a49fd1464df2484cd1bc4496448e0913d4ba705c29c5be1ab00d2b6acda8e9c7c6ec0d390a2f64ea49",,"2025-01-24T02:00:00.000","30","TRAFFIC SIGNAL","FUNCTIONING PROPERLY","CLEAR","DARKNESS, LIGHTED ROAD","SIDESWIPE SAME DIRECTION","DIVIDED - W/MEDIAN BARRIER",,"STRAIGHT AND LEVEL","OTHER","NO DEFECTS","ON SCENE","NO INJURY / DRIVE AWAY",,,,"OVER $1,500","2025-01-24T02:14:00.000","DISTRACTION - FROM INSIDE VEHICLE","DISTRACTION - FROM INSIDE VEHICLE","172","N","BESSIE COLEMAN DR","1654",,,,,,,"2","NO INDICATION OF INJURY","0","0","0","0","0","3","0","2","6","1",,,
"d982cd19c79fb741293d2cb15a7b32d36ebe0aa1bf394c999d985553523bc5ae580aabed0bc998c5a619a831d8e129a25631570a9db6f496dcc913cfceea0c37",,"2025-01-24T00:50:00.000","30","TRAFFIC SIGNAL","FUNCTIONING PROPERLY","SNOW","DARKNESS, LIGHTED ROAD","FIXED OBJECT","NOT DIVIDED",,"STRAIGHT AND LEVEL","SNOW OR SLUSH","NO DEFECTS","ON SCENE","INJURY AND / OR TOW DUE TO CRASH",,,,"$501 - $1,500","2025-01-24T00:56:00.000","UNABLE TO DETERMINE","NOT APPLICABLE","10032","S","EWING AVE","432",,,,,,,"1","NONINCAPACITATING INJURY","1","0","0","1","0","0","0","0","6","1","41.7128355251","-87.5354219375","POINT (-87.535421937537 41.712835525064)"
"2e690f953c339be2a26b91d19afe732152fb8a821e1faee15ad0774cc2dd54c29513540ed0d206748ceb830d3b7db749df017023da9bb4461c9f360ca74408b6",,"2025-01-24T00:20:00.000","30","TRAFFIC SIGNAL","FUNCTIONING PROPERLY","CLEAR","DARKNESS, LIGHTED ROAD","REAR END","DIVIDED - W/MEDIAN (NOT RAISED)",,"STRAIGHT AND LEVEL","DRY","NO DEFECTS","NOT ON SCENE (DESK REPORT)","NO INJURY / DRIVE AWAY",,,,"OVER $1,500","2025-01-24T17:36:00.000","FAILING TO REDUCE SPEED TO AVOID CRASH","NOT APPLICABLE","2756","S","PULASKI RD","1031",,,,,,,"2","NO INDICATION OF INJURY","0","0","0","0","0","2","0","0","6","1","41.8407132458","-87.7246008604","POINT (-87.724600860351 41.840713245798)"
"434223075b97eee7c1e3a6e3183860c6a39c5a17480263ef50a3b945d483a992664f5b680386e1223a5ae1e328e9cfcbe0bd941662a59f36df1bdddfbccbf47c",,"2025-01-24T00:17:00.000","30","NO CONTROLS","NO CONTROLS","UNKNOWN","DARKNESS","PARKED MOTOR VEHICLE","NOT DIVIDED",,"STRAIGHT AND LEVEL","UNKNOWN","UNKNOWN","ON SCENE","NO INJURY / DRIVE AWAY",,,"Y","OVER $1,500","2025-02-01T08:27:00.000","UNABLE TO DETERMINE","UNABLE TO DETERMINE","2140","E","96TH ST","431",,,,,,,"3","NO INDICATION OF INJURY","0","0","0","0","0","1","0","0","6","1","41.7207874888","-87.572566264","POINT (-87.572566264037 41.720787488772)"
"865837c936528e2a3046ae9cb6a3f01fa2a70f74254bd97a7628584470af62e9011f40e211b6a4abb46bcac3c9906fa880b53d952c1b4e434dece868c5014cb1",,"2025-01-24T00:13:00.000","30","NO CONTROLS","NO CONTROLS","UNKNOWN","DARKNESS, LIGHTED ROAD","REAR END","NOT DIVIDED",,"STRAIGHT AND LEVEL","UNKNOWN","UNKNOWN","NOT ON SCENE (DESK REPORT)","NO INJURY / DRIVE AWAY",,,,"$501 - $1,500","2025-01-25T07:30:00.000","UNABLE TO DETERMINE","UNABLE TO DETERMINE","10935","S","HALSTED ST","2233",,,,,,,"2","NO INDICATION OF INJURY","0","0","0","0","0","2","0","0","6","1","41.6949489463","-87.6423134098","POINT (-87.642313409796 41.694948946275)"
"0bae747b7be9d56fab63f6db58a2cc3a9480ef86e4095d43d73360c8f7a0b31156b91e9d025cefba9b69ce19e711b8258806cc3850213e36125f799feade45b0",,"2025-01-24T00:10:00.000","25","NO CONTROLS","NO CONTROLS","CLEAR","DARKNESS, LIGHTED ROAD","REAR END","ONE-WAY",,"STRAIGHT AND LEVEL","WET","NO DEFECTS",,"NO INJURY / DRIVE AWAY",,,,"OVER $1,500","2025-01-24T09:30:00.000","FOLLOWING TOO CLOSELY","UNABLE TO DETERMINE","826","W","ROSCOE ST","1924",,,,,,,"2","NO INDICATION OF INJURY","0","0","0","0","0","5","0","0","6","1","41.9437123204","-87.6504431442","POINT (-87.650443144158 41.943712320395)"
"df9b82c02c9ce0c65950fce7610f4b4805fd5d90246306f31db98a396830733c0b082b67bd39436d8deacbaa5b43ade4931abf5eac6947e19e2f9a2cb06868e0",,"2025-01-24T00:00:00.000","10","NO CONTROLS","NO CONTROLS","UNKNOWN","UNKNOWN","PARKED MOTOR VEHICLE","UNKNOWN",,"STRAIGHT AND LEVEL","DRY","UNKNOWN","NOT ON SCENE (DESK REPORT)","NO INJURY / DRIVE AWAY",,,"Y","OVER $1,500","2025-01-25T14:20:00.000","UNABLE TO DETERMINE","UNABLE TO DETERMINE","2012","W","17TH ST","1234",,,,,,,"2","NO INDICATION OF INJURY","0","0","0","0","0","1","0","0","6","1","41.8586566959","-87.6765968934","POINT (-87.676596893351 41.858656695918)"
"96ce225c52f1aad8170834b610e787509f10bbc27bdf4d7dc39f5e36aa71edd0e75bbcf864a0106c1170b20c0b20308efa3402dd4ae2bc55b51a7e9697649084",,"2025-01-23T23:43:00.000","30","NO CONTROLS","NO CONTROLS","CLEAR","DARKNESS, LIGHTED ROAD","FIXED OBJECT","NOT DIVIDED",,"STRAIGHT AND LEVEL","DRY","NO DEFECTS","ON SCENE","INJURY AND / OR TOW DUE TO CRASH",,,,"OVER $1,500","2025-01-23T23:43:00.000","NOT APPLICABLE","NOT APPLICABLE","360","E","63RD ST","311",,,,,,,"1","NONINCAPACITATING INJURY","2","0","0","2","0","0","0","23","5","1","41.7803330482","-87.6164844293","POINT (-87.616484429258 41.780333048166)"
"dbd2c19c1b3752e5a9ecccf14f4d4346c03b301fb3dcb5382ad870fb5faf9add5363ab39ae2e99ccb0225080ccb57edfb2f51572050c42395e76e1baaf6ebf4f",,"2025-01-23T23:37:00.000","25","OTHER","UNKNOWN","CLEAR","DARKNESS, LIGHTED ROAD","PARKED MOTOR VEHICLE","OTHER",,"STRAIGHT AND LEVEL","DRY","NO DEFECTS","ON SCENE","INJURY AND / OR TOW DUE TO CRASH",,,,"OVER $1,500","2025-01-23T23:38:00.000","NOT APPLICABLE","NOT APPLICABLE","1222","S","SAWYER AVE","1022",,,,,,,"4","NO INDICATION OF INJURY","0","0","0","0","0","1","0","23","5","1","41.8656499533","-87.7070097192","POINT (-87.70700971921 41.865649953274)"
"1af43e40e98fbd969289bf926f33bb3d320fc7cd1724e65333c0a446784c6718b75a03e6579cf90f8d403d53130c5d28b70f4048f9fdc3bd39785db1ba821dec",,"2025-01-23T23:30:00.000","30","NO CONTROLS","NO CONTROLS","SNOW","DARKNESS, LIGHTED ROAD","PARKED MOTOR VEHICLE","NOT DIVIDED",,"STRAIGHT AND LEVEL","WET","NO DEFECTS","NOT ON SCENE (DESK REPORT)","NO INJURY / DRIVE AWAY",,,"Y","OVER $1,500","2025-01-26T15:00:00.000","UNABLE TO DETERMINE","UNABLE TO DETERMINE","1119","N","DAMEN AVE","1212",,,,,,,"2","NO INDICATION OF INJURY","0","0","0","0","0","1","0","23","5","1","41.9019304014","-87.6770736868","POINT (-87.67707368676 41.901930401375)"
"34d3723974a924a57559a398a18b7603d0b4e614792ef8d08d310b88819fd3257e7d009da05d7eaaad0507cb9a9986b46726371d6a1409059d9742692d3466b2",,"2025-01-23T23:30:00.000","30","STOP SIGN/FLASHER","NO CONTROLS","CLEAR","DARKNESS, LIGHTED ROAD","FIXED OBJECT","NOT DIVIDED",,"STRAIGHT AND LEVEL","ICE","NO DEFECTS","NOT ON SCENE (DESK REPORT)","NO INJURY / DRIVE AWAY","Y",,,"OVER $1,500","2025-01-24T16:45:00.000","WEATHER","NOT APPLICABLE","4501","W","59TH ST","813",,,,,,,"1","NO INDICATION OF INJURY","0","0","0","0","0","1","0","23","5","1","41.7857001959","-87.7352523864","POINT (-87.73525238635 41.785700195946)"
"d37fe0c008181c12a9557b3e8daeb0c953fec63d1791df4120f5b3d65156ff2bb3d3a025e902bf980fc8508069d333ccb47430df8127448cfae178321c514eb0",,"2025-01-23T22:53:00.000","25","STOP SIGN/FLASHER","FUNCTIONING PROPERLY","CLEAR","DARKNESS, LIGHTED ROAD","TURNING","T-INTERSECTION",,"STRAIGHT AND LEVEL","WET","UNKNOWN","ON SCENE","NO INJURY / DRIVE AWAY",,,"Y","OVER $1,500","2025-01-23T22:55:00.000","UNABLE TO DETERMINE","NOT APPLICABLE","749","S","CICERO AVE","1131",,,,,,,"2","NO INDICATION OF INJURY","0","0","0","0","0","2","0","22","5","1","41.8708260144","-87.7447676388","POINT (-87.744767638847 41.870826014449)"