"crash_record_id","crash_date_est_i","crash_date","posted_speed_limit","traffic_control_device","device_condition","weather_condition","lighting_condition","first_crash_type","trafficway_type","lane_cnt","alignment","roadway_surface_cond","road_defect","report_type","crash_type","intersection_related_i","private_property_i","hit_and_run_i","damage","date_police_notified","prim_contributory_cause","sec_contributory_cause","street_no","street_direction","street_name","beat_of_occurrence","photos_taken_i","statements_taken_i","dooring_i","work_zone_i","work_zone_type","workers_present_i","num_units","most_severe_injury","injuries_total","injuries_fatal","injuries_incapacitating","injuries_non_incapacitating","injuries_reported_not_evident","injuries_no_indication","injuries_unknown","crash_hour","crash_day_of_week","crash_month","latitude","longitude","location"
"f0c69c5e5ece17acc7d01a30cd5efd7097d392c5d8a60ebb4b488ffcc68c6c9d6bfa5ee9a0cdcdf5bd62a5ddc63a76a808301c5b66d2ed6e2f26750185e10656",,"2025-01-23T22:52:00.000","30","NO CONTROLS","NO CONTROLS","CLEAR","DARKNESS, LIGHTED ROAD","FIXED OBJECT","ONE-WAY",,"STRAIGHT ON GRADE","ICE","RUT, HOLES","ON SCENE","INJURY AND / OR TOW DUE TO CRASH",,"Y","Y","OVER $1,500","2025-01-23T22:52:00.000","OPERATING VEHICLE IN ERRATIC, RECKLESS, CARELESS, NEGLIGENT OR AGGRESSIVE MANNER","DRIVING ON WRONG SIDE/WRONG WAY","3605","W","61ST ST","823",,,,,,,"1","NO INDICATION OF INJURY","0","0","0","0","0","3","0","22","5","1","41.7823360015","-87.7135170793","POINT (-87.71351707932 41.782336001543)"
"88d99e305c8a49c3f1acb3e7dd8ea662555b0be56d6f9359c5d95cae91a6144145c3807ef0f69c6fbdb4f59ee7474a39e633148e5f96f45034731f7a3d76bc19",,"2025-01-23T22:45:00.000","30","NO CONTROLS","NO CONTROLS","CLEAR","DARKNESS, LIGHTED ROAD","PARKED MOTOR VEHICLE","NOT DIVIDED",,"STRAIGHT AND LEVEL","DRY","NO DEFECTS","ON SCENE","INJURY AND / OR TOW DUE TO CRASH",,,"Y","OVER $1,500","2025-04-23T22:50:00.000","UNABLE TO DETERMINE","NOT APPLICABLE","4342","W","BELMONT AVE","1731",,,,,,,"3","NO INDICATION OF INJURY","0","0","0","0","0","1","0","22","5","1","41.9390815401","-87.7363269586","POINT (-87.736326958599 41.939081540114)"
"dea8f005cdb867a930ae190d7001c7e717ecdcdec2578cd73f1ffb782a84f7f3752ed928c5808544466c0f2a81270006b8b0dbd3bbd1afbf1d97dabc09f32ed7",,"2025-01-23T22:40:00.000","30","NO CONTROLS","NO CONTROLS","CLEAR","DARKNESS, LIGHTED ROAD","REAR TO FRONT","PARKING LOT",,"STRAIGHT AND LEVEL","DRY","NO DEFECTS","ON SCENE","NO INJURY / DRIVE AWAY",,"Y",,"$500 OR LESS","2025-01-23T22:50:00.000","IMPROPER BACKING","NOT APPLICABLE","631","N","LA SALLE DR","1832",,,,,,,"2","NO INDICATION OF INJURY","0","0","0","0","0","2","0","22","5","1","41.8932511985","-87.6324930122","POINT (-87.632493012229 41.893251198465)"
"7eb785e18f1cee25638fc72a6475a62cfa82dd0695e05fb6deddbcc70aa4b390180dabd105ffea0c2fffd0624e0f8116296a7233c3692b362b38d230f63486a1",,"2025-01-23T22:30:00.000","30","TRAFFIC SIGNAL","UNKNOWN","CLEAR","DARKNESS, LIGHTED ROAD","SIDESWIPE SAME DIRECTION","NOT DIVIDED",,"STRAIGHT AND LEVEL","UNKNOWN","UNKNOWN","ON SCENE","NO INJURY / DRIVE AWAY","Y",,"Y","$501 - $1,500","2025-01-23T23:50:00.000","IMPROPER OVERTAKING/PASSING","NOT APPLICABLE","3510","S","DAMEN AVE","912",,,,,,,"2","NO INDICATION OF INJURY","0","0","0","0","0","2","0","22","5","1","41.8300147163","-87.675420222","POINT (-87.675420221962 41.830014716292)"
"de1a4460cc93443cfcb387fa6f63e809deda64ffa8226497d2d89d08d3e9d6a59f41c61378bf6f456aefa02ab15df1fdc26063be30682303183df774d94934b6",,"2025-01-23T22:12:00.000","25","NO CONTROLS","NO CONTROLS","CLEAR","DARKNESS, LIGHTED ROAD","TURNING","T-INTERSECTION",,"STRAIGHT AND LEVEL","DRY","NO DEFECTS","NOT ON SCENE (DESK REPORT)","NO INJURY / DRIVE AWAY","Y",,,"OVER $1,500","2025-01-23T22:12:00.000","DISTRACTION - OTHER ELECTRONIC DEVICE (NAVIGATION DEVICE, DVD PLAYER, ETC.)","FAILING TO YIELD RIGHT-OF-WAY","432","E","31ST ST","133",,,,,,,"2","NO INDICATION OF INJURY","0","0","0","0","0","3","0","22","5","1","41.8385528469","-87.6156183543","POINT (-87.61561835435 41.838552846929)"
"8ca26acb7e3758ac3457a3818df3ebc6694547becd34d0f77d61e7972f98bc707af1f19aa2d3cc893776ba8fb43b7423512b17fc228d7fdba21da2f630ceb6f0",,"2025-01-23T22:00:00.000","30","TRAFFIC SIGNAL","FUNCTIONING PROPERLY","CLEAR","DARKNESS, LIGHTED ROAD","REAR END","DIVIDED - W/MEDIAN (NOT RAISED)",,"STRAIGHT ON GRADE","DRY","NO DEFECTS","ON SCENE","NO INJURY / DRIVE AWAY",,,"Y","$500 OR LESS","2025-01-23T23:27:00.000","IMPROPER BACKING","UNABLE TO DETERMINE","2352","W","LOGAN BLVD","1432",,,,,,,"2","NO INDICATION OF INJURY","0","0","0","0","0","2","0","22","5","1","41.929425043","-87.6868979264","POINT (-87.686897926371 41.92942504302)"
"bf7f73457cfeabe283485ab38c992de0e63d37ff562dfbf1ec5b868683a5072e537548fb2572acfb08431dbe0a61fb09c680bea68044376f11ef580dab7cab43",,"2025-01-23T21:40:00.000","30","TRAFFIC SIGNAL","UNKNOWN","CLEAR","DARKNESS, LIGHTED ROAD","REAR END","NOT DIVIDED",,"STRAIGHT AND LEVEL","DRY","NO DEFECTS","NOT ON SCENE (DESK REPORT)","NO INJURY / DRIVE AWAY",,,,"OVER $1,500","2025-01-23T23:13:00.000","FAILING TO REDUCE SPEED TO AVOID CRASH","UNABLE TO DETERMINE","2909","N","LINCOLN AVE","1933",,,,,,,"2","NO INDICATION OF INJURY","0","0","0","0","0","2","0","21","5","1","41.934673987","-87.6614560382","POINT (-87.661456038229 41.934673987032)"
"832ee7a825e6398f7da7ddef76144f8c2901652d5992f4ce5759b9025332925dad5e9dab7041840e4844a5f5348138e1bded5af4b3a1c388abe37a7179983329",,"2025-01-23T21:20:00.000","30","NO CONTROLS","NO CONTROLS","CLEAR","DARKNESS, LIGHTED ROAD","ANGLE","ALLEY",,"STRAIGHT AND LEVEL","DRY","NO DEFECTS","NOT ON SCENE (DESK REPORT)","INJURY AND / OR TOW DUE TO CRASH",,,"Y","OVER $1,500","2025-01-23T22:15:00.000","FAILING TO YIELD RIGHT-OF-WAY","NOT APPLICABLE","5215","W","BARRY AVE","2514",,,,,,,"2","NO INDICATION OF INJURY","0","0","0","0","0","2","0","21","5","1","41.9367573851","-87.7572732695","POINT (-87.757273269485 41.936757385063)"
"a17ae49b2f8427f9d4ed96972f6d900600b919cf87dc0c2a1c7800763e7ee1799b1269c8f6625e33b35fe8d623ab17921a41718d15492ff778e032f972b584ae",,"2025-01-23T21:20:00.000","30","STOP SIGN/FLASHER","FUNCTIONING PROPERLY","CLEAR","DAYLIGHT","PEDESTRIAN","NOT DIVIDED",,"STRAIGHT AND LEVEL","DRY","NO DEFECTS","ON SCENE","INJURY AND / OR TOW DUE TO CRASH",,,"Y","$500 OR LESS","2025-01-23T22:45:00.000","FAILING TO YIELD RIGHT-OF-WAY","UNABLE TO DETERMINE","100","N","LA SALLE ST","122",,,,,,,"2","NONINCAPACITATING INJURY","1","0","0","1","0","1","0","21","5","1","41.8832371751","-87.632555577","POINT (-87.632555577008 41.88323717512)"
"55cb665aacebb975ac5a816a81cf3db96e50a17f60b88ccfe3c27b6be69f6bb01532492922af6a4611fde46b3215a97533cba2e81562f7a403b9db559abdf31c",,"2025-01-23T21:18:00.000","30","NO CONTROLS","NO CONTROLS","CLEAR","DARKNESS, LIGHTED ROAD","PARKED MOTOR VEHICLE","NOT DIVIDED",,"STRAIGHT AND LEVEL","DRY","NO DEFECTS","ON SCENE","INJURY AND / OR TOW DUE TO CRASH","N",,,"OVER $1,500","2025-01-23T21:19:00.000","FAILING TO REDUCE SPEED TO AVOID CRASH","UNDER THE INFLUENCE OF ALCOHOL/DRUGS (USE WHEN ARREST IS EFFECTED)","4301","N","LARAMIE AVE","1624",,,,,,,"3","NO INDICATION OF INJURY","0","0","0","0","0","2","0","21","5","1","41.9588247402","-87.757180342","POINT (-87.757180341986 41.958824740177)"
"9d6dcbaa50bda2895446f5641186ee67cd9f06d0209522885fe556fe6bbd6fdfc125cc02a2ba5744b5b4882e96f2553d7aedb8816348e293bba64eea8aa68180",,"2025-01-23T21:16:00.000","30","NO CONTROLS","NO CONTROLS","CLEAR","DARKNESS, LIGHTED ROAD","FIXED OBJECT","ONE-WAY",,"STRAIGHT AND LEVEL","WET","NO DEFECTS","ON SCENE","NO INJURY / DRIVE AWAY",,,,"$501 - $1,500","2025-01-23T21:16:00.000","ROAD ENGINEERING/SURFACE/MARKING DEFECTS","UNABLE TO DETERMINE","121","S","WELLS ST","122",,,,,,,"1","NO INDICATION OF INJURY","0","0","0","0","0","2","0","21","5","1","41.8799948097","-87.6336301563","POINT (-87.633630156325 41.879994809681)"
"e8a18f733d6075f756db3893d4529a44953726b2b4f912c57eefef30882a8f4821b94662126a39d7e790859d37521a46096aa24ae78c2ecd7a30e75b36b1483f",,"2025-01-23T21:15:00.000","30","NO CONTROLS","UNKNOWN","UNKNOWN","DARKNESS, LIGHTED ROAD","SIDESWIPE OPPOSITE DIRECTION","UNKNOWN",,"STRAIGHT AND LEVEL","UNKNOWN","UNKNOWN","NOT ON SCENE (DESK REPORT)","NO INJURY / DRIVE AWAY",,,"Y","OVER $1,500","2025-01-23T21:40:00.000","UNABLE TO DETERMINE","UNABLE TO DETERMINE","2343","S","THROOP ST","1235",,,,,,,"2","NO INDICATION OF INJURY","0","0","0","0","0","2","0","21","5","1","41.8493772281","-87.6584773179","POINT (-87.658477317915 41.849377228107)"
"087733137dda3e773374e8ff504463c92214e4de678b62d5a6a14dfdeaf6143a35a7641add7ffcc6e5108527731b335dda7be0579aae1cbbe751cbd78b9cd9d1",,"2025-01-23T21:13:00.000","30","NO CONTROLS","UNKNOWN","CLEAR","DARKNESS","SIDESWIPE SAME DIRECTION","NOT DIVIDED",,"STRAIGHT AND LEVEL","UNKNOWN","UNKNOWN","ON SCENE","NO INJURY / DRIVE AWAY",,,,"OVER $1,500","2025-01-23T21:28:00.000","IMPROPER LANE USAGE","NOT APPLICABLE","1432","E","HYDE PARK BLVD","222",,,,,,,"2","NO INDICATION OF INJURY","0","0","0","0","0","2","0","21","5","1","41.8025465727","-87.5905761045","POINT (-87.590576104502 41.802546572724)"
"f3363f3a869336f0377ea004d917bfa03086ce88cae156059fde2256bb599b1a2ac0be1d85141587be88d1a110ae9edbb8a3aed60eba2fea7dfed0c0f6cf7547",,"2025-01-23T21:11:00.000","30","TRAFFIC SIGNAL","FUNCTIONING PROPERLY","CLEAR","DARKNESS, LIGHTED ROAD","TURNING","FIVE POINT, OR MORE",,"STRAIGHT AND LEVEL","SNOW OR SLUSH","NO DEFECTS","ON SCENE","INJURY AND / OR TOW DUE TO CRASH","Y",,,"OVER $1,500","2025-01-23T21:11:00.000","UNABLE TO DETERMINE","UNABLE TO DETERMINE","1600","E","79TH ST","411",,,,,,,"2","NONINCAPACITATING INJURY","2","0","0","2","0","3","0","21","5","1","41.7516115233","-87.5855922843","POINT (-87.585592284288 41.751611523273)"
"aecebefa1b17ef21e7a9ebe8f6e4b18af3ad947f41be7dd5dfc0c1cb2fb0db60e07807e6030106e8979d4a3f06a2a429bd77dae060f135becfba31791ab3ee9c",,"2025-01-23T21:10:00.000","30","UNKNOWN","UNKNOWN","UNKNOWN","DARKNESS, LIGHTED ROAD","SIDESWIPE SAME DIRECTION","DIVIDED - W/MEDIAN (NOT RAISED)",,"STRAIGHT AND LEVEL","UNKNOWN","UNKNOWN","NOT ON SCENE (DESK REPORT)","NO INJURY / DRIVE AWAY",,,"Y","$500 OR LESS","2025-02-02T11:20:00.000","IMPROPER LANE USAGE","UNABLE TO DETERMINE","1659","W","OGDEN AVE","1224",,,,,,,"2","NO INDICATION OF INJURY","0","0","0","0","0","3","0","21","5","1","41.879430511","-87.6683123823","POINT (-87.668312382326 41.879430511003)"
"552e9c760ffe67096da857a12918761dcd0b240a9ebd165663aacede8d13ffe6c2e57bd700fec8c9191a359df02ce2d7c2d34486b237a8eb96520213b6d374d6",,"2025-01-23T21:07:00.000","30","STOP SIGN/FLASHER","FUNCTIONING PROPERLY","CLEAR","DARKNESS","TURNING","NOT DIVIDED",,"STRAIGHT AND LEVEL","DRY","NO DEFECTS","ON SCENE","NO INJURY / DRIVE AWAY","Y",,,"OVER $1,500","2025-01-23T21:14:00.000","FAILING TO REDUCE SPEED TO AVOID CRASH","NOT APPLICABLE","7188","S","ASHLAND AVE","735",,,,,,,"2","NO INDICATION OF INJURY","0","0","0","0","0","3","0","21","5","1","41.7631344635","-87.6638801653","POINT (-87.663880165325 41.763134463521)"
"083c59fb3f62f8b4c43c801ade9626d9baab231c6ea2208326bf41eaf9e87d0bae8f8062d5212791760dbe71e2da93504c4ff37e409f378ce2aab90b592ef635",,"2025-01-23T21:00:00.000","25","NO CONTROLS","NO CONTROLS","SNOW","DARKNESS","PARKED MOTOR VEHICLE","NOT DIVIDED",,"STRAIGHT AND LEVEL","SNOW OR SLUSH","NO DEFECTS","ON SCENE","NO INJURY / DRIVE AWAY",,,"Y","OVER $1,500","2025-02-28T19:55:00.000","FAILING TO REDUCE SPEED TO AVOID CRASH","NOT APPLICABLE","7153","S","WOOD ST","735",,,,,,,"2","NO INDICATION OF INJURY","0","0","0","0","0","1","0","21","5","1","41.7632989461","-87.6684837673","POINT (-87.668483767325 41.763298946114)"
"cf9e258e00ba0548a5d8c4917ecad4cb829677748e3efb79545af8d0c4d35901f503155fd4fef91d517e5b278522b5d81940c4c03e8a0461461311cfc839d860",,"2025-01-23T21:00:00.000","30","NO CONTROLS","NO CONTROLS","CLEAR","DARKNESS","REAR END","NOT DIVIDED",,"STRAIGHT AND LEVEL","DRY","NO DEFECTS","NOT ON SCENE (DESK REPORT)","NO INJURY / DRIVE AWAY",,,,"OVER $1,500","2025-01-26T11:10:00.000","UNABLE TO DETERMINE","UNABLE TO DETERMINE","6731","S","PULASKI RD","833",,,,,,,"2","NO INDICATION OF INJURY","0","0","0","0","0","2","0","21","5","1","41.7705063712","-87.7224075863","POINT (-87.722407586264 41.770506371155)"
"187f2d0e8118e38c7b84aab7713a0945b36b51dd2b99dc0d6f77f4b1e125b560664bcc19502d67c615630df09e2a6ec4e78e95204afecac7634a3149284d46d0",,"2025-01-23T20:44:00.000","30","NO CONTROLS","NO CONTROLS","CLOUDY/OVERCAST","DARKNESS, LIGHTED ROAD","PEDESTRIAN","NOT DIVIDED",,"STRAIGHT AND LEVEL","DRY","NO DEFECTS","ON SCENE","INJURY AND / OR TOW DUE TO CRASH",,,"Y","$500 OR LESS","2025-01-23T20:50:00.000","UNABLE TO DETERMINE","UNABLE TO DETERMINE","8300","S","COMMERCIAL AVE","424",,,,,,,"2","REPORTED, NOT EVIDENT","1","0","0","0","1","1","0","20","5","1",,,
"990d678b72499fbb0a019015699c6aa7b7ce031f50f0db7cffb0522f9a879ed6e2822c68bf07675c793c397e3419cf5aa29d2894a08ec3f0d0056c7d1fdef066","Y","2025-01-23T20:42:00.000","30","STOP SIGN/FLASHER","FUNCTIONING PROPERLY","CLEAR","DARKNESS","REAR END","NOT DIVIDED",,"STRAIGHT AND LEVEL","DRY","NO DEFECTS","ON SCENE","NO INJURY / DRIVE AWAY",,,"Y","OVER $1,500","2025-01-23T20:52:00.000","DISREGARDING STOP SIGN","FOLLOWING TOO CLOSELY","101","E","125TH PL","532","Y","Y",,,,,"2","NO INDICATION OF INJURY","0","0","0","0","0","2","0","20","5","1","41.6662497603","-87.6200237976","POINT (-87.620023797564 41.666249760282)"
"08e9a3746ea221965ee1e1dcbedef1192d6f718fc5b351255b97665d9dd1eff724a4389a61f7768e60b15196a2f604390016867e151035bc9e85032f0b903bae",,"2025-01-23T20:40:00.000","15","NO CONTROLS","NO CONTROLS","SNOW","DARKNESS","FIXED OBJECT","PARKING LOT",,"STRAIGHT AND LEVEL","SNOW OR SLUSH","NO DEFECTS","ON SCENE","NO INJURY / DRIVE AWAY",,"Y",,"OVER $1,500","2025-01-23T20:40:00.000","DRIVING SKILLS/KNOWLEDGE/EXPERIENCE","DRIVING SKILLS/KNOWLEDGE/EXPERIENCE","5852","S","WESTERN AVE","824","N",,,,,,"1","NO INDICATION OF INJURY","0","0","0","0","0","3","0","20","5","1","41.7867880859","-87.6839848829","POINT (-87.683984882873 41.786788085901)"
"a066ff9244f551fae3b02d3eca21ef333a5622f90f33bb97800f72f1bae47fc2af65a54104d8cdbab22cb58e3cfae21595cfc3751907c639c0b34f39ed483a94",,"2025-01-23T20:35:00.000","30","TRAFFIC SIGNAL","FUNCTIONING PROPERLY","CLEAR","DARKNESS, LIGHTED ROAD","REAR END","NOT DIVIDED",,"STRAIGHT AND LEVEL","SNOW OR SLUSH","NO DEFECTS","NOT ON SCENE (DESK REPORT)","INJURY AND / OR TOW DUE TO CRASH","Y",,,"OVER $1,500","2025-01-23T21:10:00.000","FAILING TO REDUCE SPEED TO AVOID CRASH","NOT APPLICABLE","200","E","51ST ST","224",,,,,,,"2","NONINCAPACITATING INJURY","1","0","0","1","0","1","0","20","5","1","41.8021379499","-87.6209491795","POINT (-87.620949179536 41.802137949948)"
"c29a1ea89b2dce662c95f08749432f7d312a563daaacd7364ca4d099768d4a4d722fd1a67b7f8524cd0213212f4b9fb3feace6c9c3d5bbdd01b78d3abecdf359",,"2025-01-23T20:30:00.000","35","TRAFFIC SIGNAL","FUNCTIONING PROPERLY","CLEAR","DARKNESS, LIGHTED ROAD","TURNING","CENTER TURN LANE",,"STRAIGHT AND LEVEL","DRY","NO DEFECTS","ON SCENE","NO INJURY / DRIVE AWAY",,,,"OVER $1,500","2025-01-23T20:40:00.000","UNABLE TO DETERMINE","UNABLE TO DETERMINE","4300","S","CICERO AVE","814",,,,,,,"2","NO INDICATION OF INJURY","0","0","0","0","0","2","0","20","5","1","41.8148367504","-87.7435014806","POINT (-87.743501480634 41.81483675036)"
"3780a2b3c09fdf92e4965dbd8449dd578ea0f97e907651594e694a7f3a6ba02d845d88d92fe752b1a135f6c9472c3be32ace3ea1a1ada67ecbb88c7336157d5d",,"2025-01-23T20:15:00.000","30","NO CONTROLS","NO CONTROLS","SNOW","DARKNESS, LIGHTED ROAD","ANGLE","NOT DIVIDED",,"STRAIGHT AND LEVEL","ICE","UNKNOWN","NOT ON SCENE (DESK REPORT)","NO INJURY / DRIVE AWAY",,,,"OVER $1,500","2025-01-23T21:15:00.000","UNABLE TO DETERMINE","NOT APPLICABLE","6340","N","WESTERN AVE","2413",,,,,,,"2","NO INDICATION OF INJURY","0","0","0","0","0","2","0","20","5","1","41.9971283174","-87.6900105051","POINT (-87.690010505144 41.997128317399)"
"b66d902af04b1b7767b8e422ebadd514ffa621c8285980eb3d2d366256042d5e120ae7234551db6b5c29ca11339e622c550e4ca1d65b725cf3817baed76ff2be","Y","2025-01-23T20:15:00.000","30","NO CONTROLS","NO CONTROLS","CLEAR","DARKNESS, LIGHTED ROAD","ANGLE","NOT DIVIDED",,"STRAIGHT AND LEVEL","DRY","NO DEFECTS","NOT ON SCENE (DESK REPORT)","NO INJURY / DRIVE AWAY",,,,"OVER $1,500","2025-01-23T21:45:00.000","FAILING TO YIELD RIGHT-OF-WAY","NOT APPLICABLE","6300","N","WESTERN AVE","2413",,,,,,,"2","NO INDICATION OF INJURY","0","0","0","0","0","2","0","20","5","1","41.9959996673","-87.6899736305","POINT (-87.689973630508 41.995999667277)"
"ffc88870d3489568c5258489130f77dbaf4810fbf3bc683294930f7562a81c2ccaed0427a170405e793a663c6dbcda6b83e702f55f224fb501151107442ca67b",,"2025-01-23T20:15:00.000","20","NO CONTROLS","NO CONTROLS","CLEAR","DARKNESS, LIGHTED ROAD","SIDESWIPE SAME DIRECTION","DIVIDED - W/MEDIAN (NOT RAISED)",,"STRAIGHT AND LEVEL","UNKNOWN","UNKNOWN","ON SCENE","NO INJURY / DRIVE AWAY",,,"Y","$501 - $1,500","2025-01-24T17:18:00.000","UNABLE TO DETERMINE","NOT APPLICABLE","1215","S","CLARK ST","131",,,,,,,"2","NO INDICATION OF INJURY","0","0","0","0","0","2","0","20","5","1","41.866912069","-87.6302784854","POINT (-87.630278485382 41.866912068964)"
"52ca96913ef179750eaff64bff93177602e9f7292f8bd4d682f5a8d3dfe4181a5dfe08fa053c196821b323fb91e3024f9a3e82184d542d5fccc885da9506a5a4",,"2025-01-23T20:12:00.000","30","NO CONTROLS","NO CONTROLS","CLEAR","DARKNESS, LIGHTED ROAD","TURNING","NOT DIVIDED",,"STRAIGHT AND LEVEL","DRY","NO DEFECTS","ON SCENE","NO INJURY / DRIVE AWAY",,,"Y","OVER $1,500","2025-01-23T20:25:00.000","FAILING TO YIELD RIGHT-OF-WAY","FAILING TO YIELD RIGHT-OF-WAY","5100","W","DIVISION ST","2533",,,,,,,"2","NO INDICATION OF INJURY","0","0","0","0","0","2","0","20","5","1","41.9023835317","-87.7533884428","POINT (-87.753388442787 41.902383531749)"
"3cc3bd47930857da862f128df63a96f0581177ef2869ac6df21b61189555225eb97cf1f9cdd63819b92ae468478242ff8a0e243c2807fe86a427e385e3af1ef5",,"2025-01-23T20:00:00.000","30","TRAFFIC SIGNAL","FUNCTIONING PROPERLY","CLEAR","DARKNESS, LIGHTED ROAD","REAR END","NOT DIVIDED",,"STRAIGHT AND LEVEL","DRY","NO DEFECTS","NOT ON SCENE (DESK REPORT)","INJURY AND / OR TOW DUE TO CRASH",,,,"OVER $1,500","2025-01-24T18:30:00.000","FOLLOWING TOO CLOSELY","NOT APPLICABLE","1729","W","DIVERSEY PKWY","1931",,,,,,,"2","INCAPACITATING INJURY","1","0","1","0","0","1","0","20","5","1","41.9322495168","-87.6720002708","POINT (-87.672000270811 41.932249516794)"
"58e00811dbe465c6c268e9b925c20fae20aef8bbf82b081154ede1d64ffb32e12fceb8d782e8f68388da06699b09675083fa6a4fc32e79addb78068b15d3ed84",,"2025-01-23T20:00:00.000","30","NO CONTROLS","NO CONTROLS","OTHER","DARKNESS","OTHER NONCOLLISION","NOT DIVIDED",,"STRAIGHT AND LEVEL","ICE","UNKNOWN","NOT ON SCENE (DESK REPORT)","NO INJURY / DRIVE AWAY",,,,"OVER $1,500","2025-01-28T10:50:00.000","WEATHER","NOT APPLICABLE","12054","S","DOTY AVE W","532",,,,,,,"1","NO INDICATION OF INJURY","0","0","0","0","0","1","0","20","5","1","41.6747883008","-87.6016830051","POINT (-87.601683005092 41.674788300803)"
"7ec19a762a61cbedacf518faff5515bfa62b923b8c78f82ca6bf2e1ad436b6404e83e4d43bb3b1b87085f92dee67e98d06defb690d0ede478e0b6fad1d3e72bc",,"2025-01-23T19:46:00.000","25","STOP SIGN/FLASHER","NO CONTROLS","CLEAR","DARKNESS","ANGLE","NOT DIVIDED",,"STRAIGHT AND LEVEL","DRY","DEBRIS ON ROADWAY","ON SCENE","INJURY AND / OR TOW DUE TO CRASH",,,,"OVER $1,500","2025-01-23T19:56:00.000","UNABLE TO DETERMINE","NOT APPLICABLE","6100","S","PRAIRIE AVE","311",,,,,,,"4","INCAPACITATING INJURY","2","0","1","1","0","0","0","19","5","1","41.7837305569","-87.6190897249","POINT (-87.619089724926 41.783730556929)"
"5c1ac2ecae502e9e0c706b7391b27b99e926786aa6397f841807b51a030733141bf38ea9e3fd719bc80d7430df7064277c4c72279018b348f6cc6eb605a37707",,"2025-01-23T19:36:00.000","30","NO CONTROLS","NO CONTROLS","OTHER","DARKNESS","SIDESWIPE OPPOSITE DIRECTION","NOT DIVIDED",,"STRAIGHT AND LEVEL","ICE","NO DEFECTS","ON SCENE","INJURY AND / OR TOW DUE TO CRASH",,,,"OVER $1,500","2025-01-23T20:00:00.000","UNABLE TO DETERMINE","UNABLE TO DETERMINE","2123","W","DEVON AVE","2413",,,,,,,"2","NO INDICATION OF INJURY","0","0","0","0","0","3","0","19","5","1","41.9977287113","-87.6834373418","POINT (-87.683437341826 41.997728711274)"
"012cfc4b72e85e042e8edd35b00b428b6cc0666cd9765a850223f8ae71e09c22ec27136e4a005a4c33e2db796c42348e2cf81f8a87c080a523443c42289a4167",,"2025-01-23T19:30:00.000","30","UNKNOWN","UNKNOWN","CLEAR","DARKNESS","PEDESTRIAN","UNKNOWN INTERSECTION TYPE",,"STRAIGHT AND LEVEL","UNKNOWN","UNKNOWN","ON SCENE","INJURY AND / OR TOW DUE TO CRASH",,,"Y","OVER $1,500","2025-01-23T19:45:00.000","UNABLE TO DETERMINE","NOT APPLICABLE","130","E","75TH ST","323",,,,,,,"2","NONINCAPACITATING INJURY","1","0","0","1","0","1","0","19","5","1","41.7584263999","-87.6201806148","POINT (-87.620180614789 41.758426399913)"
"56f6a16d0d92c0f013abad7c5f0dc12fd8d1ee04fd28e3779e7022600a218df45ae1c46dae836a9039da7212619ed41115a077a0659e7c5da6b320a76d8fcf76",,"2025-01-23T19:28:00.000","15","STOP SIGN/FLASHER","FUNCTIONING PROPERLY","CLEAR","DARKNESS, LIGHTED ROAD","REAR END","ONE-WAY",,"STRAIGHT AND LEVEL","DRY","NO DEFECTS","NOT ON SCENE (DESK REPORT)","INJURY AND / OR TOW DUE TO CRASH","Y",,"Y","$501 - $1,500","2025-01-23T19:45:00.000","UNABLE TO DETERMINE","NOT APPLICABLE","3552","N","SPAULDING AVE","1733",,,,,,,"2","REPORTED, NOT EVIDENT","1","0","0","0","1","1","0","19","5","1","41.9463596108","-87.7099729921","POINT (-87.709972992144 41.946359610812)"
"709bf00eb70b60129fe2e313b63e7c3fbeb36fdfac726ad7134a1dc117ae4bad08d42da2012e8638701372bca60b4f74d195767ca61010e59af310bf811efef6",,"2025-01-23T19:25:00.000","30","NO CONTROLS","NO CONTROLS","CLEAR","DARKNESS, LIGHTED ROAD","PARKED MOTOR VEHICLE","ONE-WAY",,"STRAIGHT AND LEVEL","WET","NO DEFECTS","ON SCENE","INJURY AND / OR TOW DUE TO CRASH",,,"Y","OVER $1,500","2025-01-23T19:30:00.000","UNABLE TO DETERMINE","UNABLE TO DETERMINE","5506","W","GLADYS AVE","1522",,,,,,,"3","NO INDICATION OF INJURY","0","0","0","0","0","1","0","19","5","1","41.8757760454","-87.7620321177","POINT (-87.762032117659 41.8757760454)"
"99ac46d546a6964271debd6dce7c86ea85d5605d616fc8874f60073b8da2c84006759c5bac10b086b023304cad30ae53fb7710ac594193e5f47ec35f877ffa74",,"2025-01-23T19:20:00.000","35","NO CONTROLS","NO CONTROLS","CLEAR","DAYLIGHT","ANGLE","NOT DIVIDED",,"STRAIGHT AND LEVEL","SNOW OR SLUSH","NO DEFECTS","NOT ON SCENE (DESK REPORT)","NO INJURY / DRIVE AWAY",,,,"$501 - $1,500","2025-01-24T12:00:00.000","UNABLE TO DETERMINE","UNABLE TO DETERMINE","4017","N","KIMBALL AVE","1724",,,,,,,"2","NO INDICATION OF INJURY","0","0","0","0","0","2","0","19","5","1","41.9543965609","-87.7127807512","POINT (-87.712780751248 41.954396560905)"
"f9d4818373138ae2c021917666139dc061eccda3bc2a0fa4b4c6e72f7799b57dddfb1d4b8693e38f9c65c99d677400b8eb0e692c55ef08904cf0e9e0e8c1c90e",,"2025-01-23T19:10:00.000","20","NO CONTROLS","NO CONTROLS","CLEAR","DARKNESS, LIGHTED ROAD","SIDESWIPE SAME DIRECTION","ONE-WAY",,"STRAIGHT AND LEVEL","ICE","NO DEFECTS","ON SCENE","NO INJURY / DRIVE AWAY",,,,"OVER $1,500","2025-01-23T19:15:00.000","UNABLE TO DETERMINE","UNABLE TO DETERMINE","1","W","TERMINAL ST","1651",,,,,,,"2","NO INDICATION OF INJURY","0","0","0","0","0","2","0","19","5","1",,,