"crash_record_id","crash_date_est_i","crash_date","posted_speed_limit","traffic_control_device","device_condition","weather_condition","lighting_condition","first_crash_type","trafficway_type","lane_cnt","alignment","roadway_surface_cond","road_defect","report_type","crash_type","intersection_related_i","private_property_i","hit_and_run_i","damage","date_police_notified","prim_contributory_cause","sec_contributory_cause","street_no","street_direction","street_name","beat_of_occurrence","photos_taken_i","statements_taken_i","dooring_i","work_zone_i","work_zone_type","workers_present_i","num_units","most_severe_injury","injuries_total","injuries_fatal","injuries_incapacitating","injuries_non_incapacitating","injuries_reported_not_evident","injuries_no_indication","injuries_unknown","crash_hour","crash_day_of_week","crash_month","latitude","longitude","location"
"5d338f37d04241ae62aa3fb8417917813bd50743e954f6f658bc5bd61ee10a9333c9ecdc15825e7b960b8abc011bf0af72e7ed0c4534ef3fa19c2d609130477e",,"2025-01-23T19:00:00.000","30","NO CONTROLS","NO CONTROLS","CLEAR","DARKNESS, LIGHTED ROAD","SIDESWIPE SAME DIRECTION","DIVIDED - W/MEDIAN BARRIER",,"STRAIGHT AND LEVEL","UNKNOWN","UNKNOWN","ON SCENE","INJURY AND / OR TOW DUE TO CRASH",,,"Y","OVER $1,500","2025-01-23T19:05:00.000","UNABLE TO DETERMINE","UNABLE TO DETERMINE","4634","S","CICERO AVE","814",,,,,,,"2","NO INDICATION OF INJURY","0","0","0","0","0","2","0","19","5","1","41.80839078","-87.7433143929","POINT (-87.743314392893 41.808390779971)"
"7ef036f8a2db2cbeeac4e0f1498a4c0855f3c76c5226eb6c31ce99132b205066edf22129ee3ebed275821daa686f3563dda83940b485eccb88a8801ed30bd9f3",,"2025-01-23T18:58:00.000","30","TRAFFIC SIGNAL","FUNCTIONING PROPERLY","CLEAR","DARKNESS, LIGHTED ROAD","REAR END","NOT DIVIDED",,"STRAIGHT AND LEVEL","DRY","NO DEFECTS","ON SCENE","INJURY AND / OR TOW DUE TO CRASH",,,,"OVER $1,500","2025-01-23T18:58:00.000","FAILING TO REDUCE SPEED TO AVOID CRASH","FOLLOWING TOO CLOSELY","4323","S","CICERO AVE","815",,,,,,,"3","NO INDICATION OF INJURY","0","0","0","0","0","3","0","18","5","1","41.8142152163","-87.7431890713","POINT (-87.743189071342 41.814215216306)"
"9ecc3d6e7863c33aa2307abbc22acde120241659f658b9e7e64a10b14c82fb776f77ee0cafe552d8f4a9b1467c2cfd4937fa6f8c5fa50b248995241ff8c5aee8","Y","2025-01-23T18:50:00.000","30","NO CONTROLS","NO CONTROLS","CLEAR","DARKNESS, LIGHTED ROAD","SIDESWIPE SAME DIRECTION","NOT DIVIDED",,"STRAIGHT AND LEVEL","DRY","NO DEFECTS","NOT ON SCENE (DESK REPORT)","NO INJURY / DRIVE AWAY",,,,"OVER $1,500","2025-01-23T22:00:00.000","IMPROPER TURNING/NO SIGNAL","UNABLE TO DETERMINE","4269","S","ARCHER AVE","921",,,,,,,"2","NO INDICATION OF INJURY","0","0","0","0","0","3","0","18","5","1","41.8157387685","-87.7013264686","POINT (-87.701326468597 41.815738768474)"
"d44a3d3aca2ce98e1d337d907b7797ad933541c8afa6236443d46a7bca255ca5743c95a920f5f28c342b1a53eabdd6c0876c5072a506d9787a2e43d00d4f27f6",,"2025-01-23T18:49:00.000","30","NO CONTROLS","NO CONTROLS","CLEAR","DARKNESS, LIGHTED ROAD","PARKED MOTOR VEHICLE","ONE-WAY",,"STRAIGHT AND LEVEL","DRY","NO DEFECTS","ON SCENE","NO INJURY / DRIVE AWAY",,,"Y","OVER $1,500","2025-01-23T18:49:00.000","UNABLE TO DETERMINE","UNABLE TO DETERMINE","3159","W","FRANKLIN BLVD","1221",,,,,,,"2","NO INDICATION OF INJURY","0","0","0","0","0","1","0","18","5","1","41.8899620151","-87.7062647911","POINT (-87.706264791117 41.889962015064)"
"452a1d0c4663d9d89fa8570437aa9f773e55306e0052e58c6ef4f95a11b5ada35985f04c5e64c7fc5eb93b8853646b56425ff8623fa185cdd107b8ed9a8e1026",,"2025-01-23T18:41:00.000","30","TRAFFIC SIGNAL","FUNCTIONING PROPERLY","CLEAR","DARKNESS, LIGHTED ROAD","REAR END","NOT DIVIDED",,"STRAIGHT AND LEVEL","UNKNOWN","UNKNOWN","ON SCENE","NO INJURY / DRIVE AWAY",,,"Y","$501 - $1,500","2025-01-23T18:41:00.000","FOLLOWING TOO CLOSELY","NOT APPLICABLE","6758","W","NORTH AVE","2513",,,,,,,"3","NO INDICATION OF INJURY","0","0","0","0","0","4","0","18","5","1","41.9091368979","-87.7947532274","POINT (-87.794753227387 41.909136897913)"
"1085af4e958c0cbd8044f4ab67eaf3eb3349c698abb67663bab4c16e15a2a11cb0ec84110e208066c31407b8f5992a069834f616a01cd05da9cbddff2733c836",,"2025-01-23T18:40:00.000","20","NO CONTROLS","NO CONTROLS","CLEAR","DUSK","TURNING","PARKING LOT",,"STRAIGHT AND LEVEL","DRY","NO DEFECTS","NOT ON SCENE (DESK REPORT)","NO INJURY / DRIVE AWAY",,,,"OVER $1,500","2025-02-01T14:30:00.000","UNABLE TO DETERMINE","UNABLE TO DETERMINE","3132","N","HARLEM AVE","2511",,,,,,,"2","NO INDICATION OF INJURY","0","0","0","0","0","2","0","18","5","1","41.9373461362","-87.8068733524","POINT (-87.806873352351 41.937346136202)"
"3f716e0cd101590da15a1901185aa899e74797864f6b656eb1294016b11d879e9ca5978a003b3ce4308557c6a494574d3d18fd71f710f328562647324acafc04",,"2025-01-23T18:40:00.000","30","TRAFFIC SIGNAL","FUNCTIONING PROPERLY","CLEAR","DUSK","SIDESWIPE SAME DIRECTION","Y-INTERSECTION",,"STRAIGHT AND LEVEL","UNKNOWN","UNKNOWN","ON SCENE","NO INJURY / DRIVE AWAY","Y",,"Y","OVER $1,500","2025-01-23T18:47:00.000","UNABLE TO DETERMINE","NOT APPLICABLE","369","E","25TH ST","133",,,,,,,"2","NO INDICATION OF INJURY","0","0","0","0","0","2","0","18","5","1","41.8474493388","-87.6177543756","POINT (-87.617754375577 41.847449338768)"
"9a3f06b9f9e0631921eb244bd7eab1c2857774c9ca9c536359b975f5f13bd4a4f77aa02def056e62543238604387c3d8b47620f83f1f086ddfc028405b81e94d",,"2025-01-23T18:40:00.000","35","TRAFFIC SIGNAL","FUNCTIONING PROPERLY","CLEAR","DARKNESS, LIGHTED ROAD","TURNING","DIVIDED - W/MEDIAN (NOT RAISED)",,"STRAIGHT AND LEVEL","UNKNOWN","UNKNOWN","ON SCENE","NO INJURY / DRIVE AWAY","Y",,"Y","OVER $1,500","2025-01-23T18:43:00.000","IMPROPER TURNING/NO SIGNAL","FAILING TO YIELD RIGHT-OF-WAY","2599","W","PERSHING RD","921",,,,,,,"2","NO INDICATION OF INJURY","0","0","0","0","0","2","0","18","5","1","41.8227755441","-87.6896017769","POINT (-87.689601776885 41.822775544107)"
"208d663e14bf2d467c4dc370e555c939d105d25521c08ffdbc0b321b82f0a4d21b4ccd3c324367befef96b9bb425a4ec1d31ffafd88aeb1a195001eec073cfa6",,"2025-01-23T18:33:00.000","45","NO CONTROLS","NO CONTROLS","SLEET/HAIL","DARKNESS, LIGHTED ROAD","OTHER OBJECT","FOUR WAY",,"STRAIGHT AND LEVEL","WET","NO DEFECTS","ON SCENE","INJURY AND / OR TOW DUE TO CRASH",,,,"OVER $1,500","2025-01-23T18:33:00.000","UNABLE TO DETERMINE","UNABLE TO DETERMINE","4200","S","LAKE SHORE DR NB","214",,,,,,,"1","NO INDICATION OF INJURY","0","0","0","0","0","1","0","18","5","1","41.8184973596","-87.5966206683","POINT (-87.596620668258 41.818497359646)"
"152eb9d78bcdf460144f406de0ec1427209cd0ee902a8dd05b2ad02c174e2a4cb93d93cf931b541958a91930ec6001270610d7b80752180652c31d4d9c24f49e",,"2025-01-23T18:30:00.000","25","UNKNOWN","UNKNOWN","UNKNOWN","DARKNESS, LIGHTED ROAD","REAR END","DIVIDED - W/MEDIAN (NOT RAISED)",,"STRAIGHT AND LEVEL","UNKNOWN","NO DEFECTS","NOT ON SCENE (DESK REPORT)","NO INJURY / DRIVE AWAY",,,"Y","OVER $1,500","2025-01-24T10:15:00.000","UNABLE TO DETERMINE","UNABLE TO DETERMINE","3400","W","WRIGHTWOOD AVE","1412",,,,,,,"2","NO INDICATION OF INJURY","0","0","0","0","0","2","0","18","5","1","41.9284252286","-87.7122649754","POINT (-87.712264975421 41.928425228634)"
"cfea294cd676c819fa270e9313dd4286bee908d20bea9af4aa0ef03e4784b6636e78dc728d1863698f86fc9ddc1ec8faf6fdac2267861cb34275f08e9f420331",,"2025-01-23T18:30:00.000","30","UNKNOWN","UNKNOWN","UNKNOWN","UNKNOWN","SIDESWIPE SAME DIRECTION","UNKNOWN",,"STRAIGHT AND LEVEL","UNKNOWN","UNKNOWN","NOT ON SCENE (DESK REPORT)","NO INJURY / DRIVE AWAY",,,,"OVER $1,500","2025-01-23T18:50:00.000","UNABLE TO DETERMINE","UNABLE TO DETERMINE","6321","S","KEDZIE AVE","823",,,,,,,"2","NO INDICATION OF INJURY","0","0","0","0","0","2","0","18","5","1","41.7782709858","-87.7029738426","POINT (-87.70297384264 41.778270985815)"
"f52b0792355d170d32cba5c2c883b7968bb6380d6b1f00cbbc1c0858f96c84fdad10feb61823a2c4b53db29072c00758d62d1bac9c2caf2889d253633956162a",,"2025-01-23T18:30:00.000","30","TRAFFIC SIGNAL","FUNCTIONING PROPERLY","CLEAR","DARKNESS, LIGHTED ROAD","TURNING","NOT DIVIDED",,"STRAIGHT AND LEVEL","DRY","NO DEFECTS","NOT ON SCENE (DESK REPORT)","NO INJURY / DRIVE AWAY","Y",,,"OVER $1,500","2025-01-24T16:10:00.000","FAILING TO YIELD RIGHT-OF-WAY","FAILING TO YIELD RIGHT-OF-WAY","4400","W","31ST ST","1031",,,,,,,"2","NO INDICATION OF INJURY","0","0","0","0","0","3","0","18","5","1","41.8372404177","-87.734146511","POINT (-87.734146510962 41.837240417681)"
"77c8439bc8a1faa98cb9fd109a15a8d9e0d12f9ba87eb833d526c723449aabbb6ec291115ca7ef36281a1a1170439ba16dfec73c20b4854486a07e9be90ebaf4",,"2025-01-23T18:25:00.000","30","TRAFFIC SIGNAL","FUNCTIONING PROPERLY","CLEAR","DARKNESS","PEDESTRIAN","NOT DIVIDED",,"STRAIGHT AND LEVEL","DRY","NO DEFECTS","NOT ON SCENE (DESK REPORT)","NO INJURY / DRIVE AWAY",,,,"$500 OR LESS","2025-01-30T15:50:00.000","UNABLE TO DETERMINE","NOT APPLICABLE","14","S","OAKLEY BLVD","1223",,,,,,,"2","NO INDICATION OF INJURY","0","0","0","0","0","2","0","18","5","1","41.8807592711","-87.6840994962","POINT (-87.684099496195 41.880759271144)"
"430bb8038af38d38f6ce2038910d77712e384a993d6f612e56b5162ac8d3ef642f1855f3fca058234ab5e7f07d0c7d4a0cf9a42a41f0da0c2fccda9d60e11d6d",,"2025-01-23T18:22:00.000","30","STOP SIGN/FLASHER","FUNCTIONING PROPERLY","CLEAR","DARKNESS, LIGHTED ROAD","ANGLE","T-INTERSECTION",,"STRAIGHT AND LEVEL","DRY","NO DEFECTS","ON SCENE","INJURY AND / OR TOW DUE TO CRASH","Y",,,"OVER $1,500","2025-01-23T18:29:00.000","FAILING TO YIELD RIGHT-OF-WAY","DRIVING SKILLS/KNOWLEDGE/EXPERIENCE","1899","W","CONGRESS PKWY","1225",,,,,,,"2","REPORTED, NOT EVIDENT","1","0","0","0","1","3","0","18","5","1","41.8749483134","-87.6740440238","POINT (-87.674044023782 41.874948313444)"
"1044e3f85844ff384d1420917309bc84af0ca1aa5cefe2229b92cda257eff14487d46a6eaddd9aa3a1f9073aa6eeeeec8298391efc16638aef6a97d4eff45356",,"2025-01-23T18:20:00.000","30","NO CONTROLS","NO CONTROLS","CLEAR","DARKNESS, LIGHTED ROAD","SIDESWIPE SAME DIRECTION","DIVIDED - W/MEDIAN BARRIER",,"STRAIGHT AND LEVEL","DRY","NO DEFECTS",,"NO INJURY / DRIVE AWAY",,,"Y","OVER $1,500","2025-01-23T18:27:00.000","OPERATING VEHICLE IN ERRATIC, RECKLESS, CARELESS, NEGLIGENT OR AGGRESSIVE MANNER","NOT APPLICABLE","6431","W","DIVERSEY AVE","2512",,,,,,,"4","NO INDICATION OF INJURY","0","0","0","0","0","3","0","18","5","1","41.9308598715","-87.786968962","POINT (-87.786968962004 41.930859871522)"
"adb07d7251d2147343a9bfc6fbecb07c67bfda6bcf143b6b06cd22f73f0f262397dd8ed1a1c6422edbe6682a8ff790090cce890b4c2a5672dc0fbb1f4cb3a982",,"2025-01-23T18:20:00.000","30","UNKNOWN","UNKNOWN","UNKNOWN","UNKNOWN","SIDESWIPE SAME DIRECTION","DIVIDED - W/MEDIAN (NOT RAISED)",,"STRAIGHT AND LEVEL","UNKNOWN","UNKNOWN","NOT ON SCENE (DESK REPORT)","NO INJURY / DRIVE AWAY",,,"Y","$501 - $1,500","2025-01-23T18:55:00.000","UNABLE TO DETERMINE","NOT APPLICABLE","2032","W","DEVON AVE","2412",,,,,,,"2","NO INDICATION OF INJURY","0","0","0","0","0","2","0","18","5","1","41.9979837503","-87.6814204479","POINT (-87.68142044789 41.997983750252)"
"ad5bc04c8e0804d8e83f8678ac83b37b76b31498d3c2133530080e8798293bb69cd4320ae155998d287d878e5ab09c5388a8399b4961a97cd35aa289adc5af56",,"2025-01-23T18:15:00.000","35","NO CONTROLS","NO CONTROLS","CLEAR","DARKNESS, LIGHTED ROAD","PEDESTRIAN","DIVIDED - W/MEDIAN BARRIER",,"STRAIGHT AND LEVEL","WET","NO DEFECTS","ON SCENE","INJURY AND / OR TOW DUE TO CRASH",,,"Y","OVER $1,500","2025-01-23T18:20:00.000","UNABLE TO DETERMINE","NOT APPLICABLE","8645","S","STONY ISLAND AVE","412",,,,,,,"2","NONINCAPACITATING INJURY","1","0","0","1","0","1","0","18","5","1","41.7374069411","-87.5850691403","POINT (-87.585069140279 41.737406941068)"
"9c25205566f2b1412cbe285664d49aef114c7b8474a215cc8c14d9941f47b9a72e7b88fd63b75c3b4252710f381ac27c1d670563a9861133a4a2cfb2e1c85d43",,"2025-01-23T18:10:00.000","30","NO CONTROLS","NO CONTROLS","CLEAR","DARKNESS, LIGHTED ROAD","SIDESWIPE SAME DIRECTION","NOT DIVIDED",,"STRAIGHT AND LEVEL","DRY","UNKNOWN","NOT ON SCENE (DESK REPORT)","NO INJURY / DRIVE AWAY",,,,"OVER $1,500","2025-01-24T16:34:00.000","DISTRACTION - FROM OUTSIDE VEHICLE","DISTRACTION - FROM OUTSIDE VEHICLE","9500","S","STONY ISLAND AVE","511",,,,,,,"2","NO INDICATION OF INJURY","0","0","0","0","0","2","0","18","5","1","41.722257273","-87.5852755651","POINT (-87.585275565077 41.722257273006)"
"81dc7e56d4f79e82b4990b00ddab78677de0072733b7773d5fd6ec1ab36702a5265bd48ba082953f785e4fee086bb7c0d85c70edb5c19cd3299f5c7da16a17ac",,"2025-01-23T18:08:00.000","30","NO CONTROLS","NO CONTROLS","CLEAR","DARKNESS, LIGHTED ROAD","PARKED MOTOR VEHICLE","NOT DIVIDED",,"STRAIGHT AND LEVEL","SNOW OR SLUSH","NO DEFECTS","ON SCENE","NO INJURY / DRIVE AWAY",,,,"OVER $1,500","2025-01-23T18:20:00.000","IMPROPER OVERTAKING/PASSING","IMPROPER OVERTAKING/PASSING","322","E","48TH ST","224",,,,,,,"2","NO INDICATION OF INJURY","0","0","0","0","0","1","0","18","5","1","41.8076406751","-87.618526132","POINT (-87.618526131995 41.807640675141)"
"066a662df089c9a66c76e593f56c6df8cf6e8fdb65ac1890bcc9a475db4e26b056c8f5a2f1059697da1af9df1220653a4ede26f22f0440e532ef1cb896e85fb2",,"2025-01-23T18:05:00.000","30","NO CONTROLS","NO CONTROLS","CLEAR","DARKNESS, LIGHTED ROAD","TURNING","NOT DIVIDED",,"STRAIGHT AND LEVEL","DRY","NO DEFECTS",,"INJURY AND / OR TOW DUE TO CRASH",,,,"OVER $1,500","2025-01-23T18:05:00.000","UNABLE TO DETERMINE","UNABLE TO DETERMINE","5453","S","NARRAGANSETT AVE","811",,,,,,,"2","REPORTED, NOT EVIDENT","1","0","0","0","1","2","0","18","5","1","41.7926214562","-87.781668227","POINT (-87.781668227034 41.792621456225)"
"543bcafef121dc941ffc2d07081fff6e55a0a2b038618892be98cfecc2ee57e3023fd7f8f9eb1bc780ba76aafa08911c3b23073fbed27a8ae0dbff46ea7b053f",,"2025-01-23T18:00:00.000","30","STOP SIGN/FLASHER","FUNCTIONING PROPERLY","CLEAR","DAYLIGHT","ANGLE","DIVIDED - W/MEDIAN (NOT RAISED)",,"STRAIGHT AND LEVEL","DRY","NO DEFECTS","NOT ON SCENE (DESK REPORT)","NO INJURY / DRIVE AWAY","Y",,,"OVER $1,500","2025-01-23T18:50:00.000","FAILING TO YIELD RIGHT-OF-WAY","DRIVING SKILLS/KNOWLEDGE/EXPERIENCE","1800","W","MONTROSE AVE","1912",,,,,,,"2","NO INDICATION OF INJURY","0","0","0","0","0","2","0","18","5","1","41.9616269172","-87.6745592365","POINT (-87.6745592365 41.961626917209)"
"5eba1d65183de1231341f348659caa3200897967dc8ec2d8ba9c0425c66d7ef770ced43bc98028eaac8c8f57b8316d59eb9cac1f4c9edededb9993d31c8bc011",,"2025-01-23T18:00:00.000","30","TRAFFIC SIGNAL","FUNCTIONING PROPERLY","CLEAR","DARKNESS, LIGHTED ROAD","PEDALCYCLIST","FOUR WAY",,"STRAIGHT AND LEVEL","SNOW OR SLUSH","UNKNOWN","ON SCENE","INJURY AND / OR TOW DUE TO CRASH","Y",,,"$501 - $1,500","2025-01-23T18:33:00.000","UNABLE TO DETERMINE","DRIVING SKILLS/KNOWLEDGE/EXPERIENCE","2900","S","DR MARTIN LUTHER KING JR DR","133",,,"N",,,,"2","NONINCAPACITATING INJURY","1","0","0","1","0","3","0","18","5","1","41.8419765135","-87.617720029","POINT (-87.617720028977 41.841976513463)"
"74626024561ca0ace94e1ae1872c9d2c2325aa91c5205481456915ec96f53d5758547c3057047187bd5b47bf782af355f100784081d18e64921bf2039d2994a3","Y","2025-01-23T18:00:00.000","30","UNKNOWN","UNKNOWN","UNKNOWN","UNKNOWN","PARKED MOTOR VEHICLE","NOT DIVIDED",,"STRAIGHT AND LEVEL","UNKNOWN","OTHER","NOT ON SCENE (DESK REPORT)","NO INJURY / DRIVE AWAY",,,"Y","OVER $1,500","2025-02-10T12:00:00.000","UNABLE TO DETERMINE","UNABLE TO DETERMINE","5104","S","MOBILE AVE","811",,,,,,,"2","NO INDICATION OF INJURY","0","0","0","0","0","1","0","18","5","1","41.799506778","-87.7797336382","POINT (-87.779733638192 41.799506778)"
"c5c38dbf632f347d4fe8e53092cb5f814c51af3738a17e9c15f55347800b0c2494f26bcebbb03654c7e1e107eec7ea24cf1f1249192b2c2961039dc60a5d5ac2",,"2025-01-23T17:55:00.000","30","NO CONTROLS","NO CONTROLS","CLEAR","DARKNESS, LIGHTED ROAD","PARKED MOTOR VEHICLE","ONE-WAY",,"STRAIGHT AND LEVEL","WET","NO DEFECTS","ON SCENE","NO INJURY / DRIVE AWAY",,,"Y","$501 - $1,500","2025-01-23T17:57:00.000","FOLLOWING TOO CLOSELY","NOT APPLICABLE","517","S","CLARK ST","123",,,,,,,"2","NO INDICATION OF INJURY","0","0","0","0","0","1","0","17","5","1","41.8752883669","-87.6305500611","POINT (-87.630550061123 41.875288366878)"
"1f8db32028f876109506c02661e9419810911a5e70fd1f52b2324eed5a23f5bd0384946c78f48262c82354afcc18626a34330f7371c90a44a786c6da7c4c50ae",,"2025-01-23T17:54:00.000","30","STOP SIGN/FLASHER","NO CONTROLS","CLEAR","DARKNESS, LIGHTED ROAD","ANGLE","FOUR WAY",,"STRAIGHT AND LEVEL","DRY","NO DEFECTS","ON SCENE","INJURY AND / OR TOW DUE TO CRASH","Y",,,"OVER $1,500","2025-01-23T17:56:00.000","FAILING TO YIELD RIGHT-OF-WAY","UNABLE TO DETERMINE","5800","W","BELLE PLAINE AVE","1624",,,,,,,"2","NO INDICATION OF INJURY","0","0","0","0","0","3","0","17","5","1","41.9550521482","-87.7720150943","POINT (-87.772015094325 41.955052148244)"
"2432e01782ab14e52edbc196a947ed9c7a911a46875034d982d981914b01df6e9ec9891dc58a2eaa72f8ee443ac07584cebf9f9420c04580924ffd2d5e464cdd",,"2025-01-23T17:50:00.000","30","STOP SIGN/FLASHER","FUNCTIONING PROPERLY","CLEAR","DARKNESS","ANGLE","FOUR WAY",,"STRAIGHT AND LEVEL","DRY","NO DEFECTS","ON SCENE","INJURY AND / OR TOW DUE TO CRASH","Y",,,"OVER $1,500","2025-01-23T17:55:00.000","DISREGARDING STOP SIGN","FAILING TO REDUCE SPEED TO AVOID CRASH","307","S","SANGAMON ST","1232",,"Y",,,,,"2","NONINCAPACITATING INJURY","1","0","0","1","0","1","0","17","5","1","41.8776479255","-87.650589472","POINT (-87.650589471995 41.877647925501)"
"1bf834e1f25f42bc57998f037c036fc9f42bc240e75a710dcdf3ab4a56473784d47200faf7aed0b8c80f0b8229be1da1d6893fc736ece7c89db5c18aa108f5f3",,"2025-01-23T17:45:00.000","30","NO CONTROLS","NO CONTROLS","CLEAR","DARKNESS, LIGHTED ROAD","REAR END","DIVIDED - W/MEDIAN (NOT RAISED)",,"STRAIGHT AND LEVEL","WET","NO DEFECTS","ON SCENE","INJURY AND / OR TOW DUE TO CRASH",,,,"OVER $1,500","2025-01-23T17:55:00.000","FOLLOWING TOO CLOSELY","DRIVING SKILLS/KNOWLEDGE/EXPERIENCE","2314","N","CLYBOURN AVE","1811",,,,,,,"2","NONINCAPACITATING INJURY","1","0","0","1","0","1","0","17","5","1","41.9240503535","-87.6680068764","POINT (-87.668006876428 41.924050353518)"
"bd3ee43c4b6605dd6351cb22bd0832425596252cb5310e4a7a1462eb3de440ffe06923366dc8763a40f24f929f449a1fb9a2c1a178a59361ad52ce439c209519",,"2025-01-23T17:45:00.000","30","TRAFFIC SIGNAL","FUNCTIONING PROPERLY","CLEAR","DARKNESS, LIGHTED ROAD","REAR END","DIVIDED - W/MEDIAN (NOT RAISED)",,"STRAIGHT AND LEVEL","ICE","NO DEFECTS","ON SCENE","INJURY AND / OR TOW DUE TO CRASH",,,,"$501 - $1,500","2025-01-23T17:46:00.000","FAILING TO REDUCE SPEED TO AVOID CRASH","WEATHER","6170","W","GRAND AVE","2512",,,,,,,"2","NONINCAPACITATING INJURY","2","0","0","2","0","0","0","17","5","1","41.9215571089","-87.7804062158","POINT (-87.780406215812 41.921557108895)"
"c5bbb3bd905fa38d1cd751ac760014c0957893b72ffcb4b13f47e49d678fc9deadabd28372a47e0270152c29f07c47515a1da5775b11bde70c703351543a8a14",,"2025-01-23T17:43:00.000","15","STOP SIGN/FLASHER","NO CONTROLS","CLEAR","DARKNESS, LIGHTED ROAD","TURNING","T-INTERSECTION",,"STRAIGHT AND LEVEL","DRY","NO DEFECTS","ON SCENE","NO INJURY / DRIVE AWAY","Y",,,"$501 - $1,500","2025-01-23T17:45:00.000","IMPROPER TURNING/NO SIGNAL","IMPROPER OVERTAKING/PASSING","5353","N","ELSTON AVE","1621",,,,,,,"2","NO INDICATION OF INJURY","0","0","0","0","0","2","0","17","5","1","41.9787102644","-87.757153772","POINT (-87.757153772042 41.978710264377)"
"5ccc540fa69ccf42dc837cc8019777cef7761c1c4be75579c8134ff381cb0dbabf8ca3c73127616d964396a4d9bcca9b77fd06d4d9385e8dfd1485d3cd18aab2",,"2025-01-23T17:42:00.000","30","TRAFFIC SIGNAL","FUNCTIONING PROPERLY","CLEAR","DARKNESS, LIGHTED ROAD","TURNING","FOUR WAY",,"STRAIGHT AND LEVEL","WET","NO DEFECTS",,"INJURY AND / OR TOW DUE TO CRASH","Y",,,"OVER $1,500","2025-01-23T17:42:00.000","FAILING TO YIELD RIGHT-OF-WAY","FAILING TO YIELD RIGHT-OF-WAY","5100","S","COTTAGE GROVE AVE","233",,,,,,,"2","REPORTED, NOT EVIDENT","4","0","0","0","4","0","0","17","5","1","41.8022206334","-87.60655293","POINT (-87.606552929969 41.802220633425)"
"39d5916f8bc30f1a1e2893e4bf282253e601e2ef089c86dc64c678ef31af05f9e652a31ece9a5551c161ca1add81063f208b091b2d0137b944760f0ea0511527",,"2025-01-23T17:41:00.000","30","NO CONTROLS","NO CONTROLS","CLEAR","DARKNESS, LIGHTED ROAD","REAR END","FOUR WAY",,"STRAIGHT AND LEVEL","DRY","NO DEFECTS","ON SCENE","INJURY AND / OR TOW DUE TO CRASH",,,,"OVER $1,500","2025-01-23T18:00:00.000","FOLLOWING TOO CLOSELY","NOT APPLICABLE","3928","W","111TH ST","2211",,,,,,,"2","NO INDICATION OF INJURY","0","0","0","0","0","2","0","17","5","1","41.6914001386","-87.7190762365","POINT (-87.719076236531 41.691400138558)"
"73d8ac6d779077d2b11ae61249c3829d8f87b57623472f3d3e4a44aa1f8681c4e65d8b3a38f2bc34ee98dab27ccbc679e3f1dd41164c8b1981fc41832dea045f",,"2025-01-23T17:35:00.000","10","NO CONTROLS","NO CONTROLS","CLEAR","DUSK","FIXED OBJECT","ALLEY",,"STRAIGHT AND LEVEL","DRY","NO DEFECTS","ON SCENE","NO INJURY / DRIVE AWAY",,,,"OVER $1,500","2025-01-23T17:40:00.000","UNABLE TO DETERMINE","NOT APPLICABLE","6309","W","63RD ST","812",,,,,,,"1","NO INDICATION OF INJURY","0","0","0","0","0","1","0","17","5","1","41.7776047257","-87.7791741001","POINT (-87.779174100069 41.777604725673)"
"6bfc263b71ce4def685cbd20c25f04cdee15d15b304676f276cfb0b427011936da192617b2a0710edf41df5468933b8d2a30c69084f902ae1f4ac375f88c0d4c",,"2025-01-23T17:31:00.000","20","STOP SIGN/FLASHER","FUNCTIONING PROPERLY","OTHER","UNKNOWN","TURNING","T-INTERSECTION",,"STRAIGHT AND LEVEL","UNKNOWN","UNKNOWN","ON SCENE","INJURY AND / OR TOW DUE TO CRASH","Y",,"Y","OVER $1,500","2025-01-23T17:31:00.000","FAILING TO YIELD RIGHT-OF-WAY","FAILING TO YIELD RIGHT-OF-WAY","8100","S","EXCHANGE AVE","422",,,,,,,"2","REPORTED, NOT EVIDENT","3","0","0","0","3","1","0","17","5","1","41.7482284611","-87.5529757071","POINT (-87.552975707096 41.748228461121)"
"aa4c2d080184ff3e1281d5348e15cdee8ea92eb50f1a0840126be90f3506667abfa56dbc166e192fe8d082381701a20bc3947ff7d609327555a5f15b06ee4859",,"2025-01-23T17:30:00.000","30","UNKNOWN","UNKNOWN","CLEAR","DARKNESS, LIGHTED ROAD","REAR END","DIVIDED - W/MEDIAN (NOT RAISED)",,"STRAIGHT AND LEVEL","UNKNOWN","UNKNOWN","NOT ON SCENE (DESK REPORT)","INJURY AND / OR TOW DUE TO CRASH",,,,"OVER $1,500","2025-01-23T18:30:00.000","UNABLE TO DETERMINE","NOT APPLICABLE","2200","W","FULLERTON AVE","1432",,,,,,,"2","REPORTED, NOT EVIDENT","1","0","0","0","1","2","0","17","5","1","41.925064062","-87.6836816475","POINT (-87.683681647531 41.925064061997)"
"80712aeea675ee6c371512767e795b840b6c4df81f6dc2b9eb8caa61f68ebd57ddf9c321ed71aee9337ee746c21f537b73e2e491791c81db313ffba6222f2e54",,"2025-01-23T17:20:00.000","25","NO CONTROLS","NO CONTROLS","CLOUDY/OVERCAST","DARKNESS, LIGHTED ROAD","PARKED MOTOR VEHICLE","NOT DIVIDED",,"STRAIGHT AND LEVEL","SNOW OR SLUSH","NO DEFECTS","ON SCENE","INJURY AND / OR TOW DUE TO CRASH",,,,"OVER $1,500","2025-01-23T18:00:00.000","UNABLE TO DETERMINE","NOT APPLICABLE","350","E","73RD ST","323",,,,,,,"2","NO INDICATION OF INJURY","0","0","0","0","0","1","0","17","5","1","41.7621463791","-87.6163953763","POINT (-87.616395376293 41.762146379123)"