"crash_record_id","crash_date_est_i","crash_date","posted_speed_limit","traffic_control_device","device_condition","weather_condition","lighting_condition","first_crash_type","trafficway_type","lane_cnt","alignment","roadway_surface_cond","road_defect","report_type","crash_type","intersection_related_i","private_property_i","hit_and_run_i","damage","date_police_notified","prim_contributory_cause","sec_contributory_cause","street_no","street_direction","street_name","beat_of_occurrence","photos_taken_i","statements_taken_i","dooring_i","work_zone_i","work_zone_type","workers_present_i","num_units","most_severe_injury","injuries_total","injuries_fatal","injuries_incapacitating","injuries_non_incapacitating","injuries_reported_not_evident","injuries_no_indication","injuries_unknown","crash_hour","crash_day_of_week","crash_month","latitude","longitude","location"
"41e61e83519d63c8abbf0d670056e7aad49bb59923a36969b1e9ed1580150233a2fee1f36c4e73684ab72afbc3dc12424cf4bdf7c513608d525f0dc05599ae2a",,"2025-01-23T17:15:00.000","10","NO CONTROLS","NO CONTROLS","CLEAR","DUSK","REAR TO SIDE","OTHER",,"STRAIGHT AND LEVEL","UNKNOWN","UNKNOWN","NOT ON SCENE (DESK REPORT)","NO INJURY / DRIVE AWAY",,"Y",,"OVER $1,500","2025-01-23T18:40:00.000","UNABLE TO DETERMINE","NOT APPLICABLE","55","E","MONROE ST","112",,,,,,,"2","NO INDICATION OF INJURY","0","0","0","0","0","2","0","17","5","1","41.8806878785","-87.6256435041","POINT (-87.625643504087 41.880687878502)"
"a2dbbd3ec420af6091620b2e700ce021369aeac5b205f74c141bfe4facdb52773e23e2714f76ce393114060986feda29578f4482baca43fc14abe48d8b1ed0ee",,"2025-01-23T17:15:00.000","30","NO CONTROLS","NO CONTROLS","SNOW","DARKNESS, LIGHTED ROAD","PARKED MOTOR VEHICLE","NOT DIVIDED",,"STRAIGHT AND LEVEL","SNOW OR SLUSH","UNKNOWN","ON SCENE","NO INJURY / DRIVE AWAY",,,"Y","$501 - $1,500","2025-01-23T17:19:00.000","FOLLOWING TOO CLOSELY","FAILING TO REDUCE SPEED TO AVOID CRASH","1324","W","ARGYLE ST","2033",,,,,,,"2","NO INDICATION OF INJURY","0","0","0","0","0","1","0","17","5","1","41.9727287406","-87.6632710248","POINT (-87.663271024769 41.972728740573)"
"c8a0687b694cfc7a1fc15f331ee658c1275265033803cf4bea7a79bf4af88cae115b4d93c07335de3c762fc586a32a41a488b5253aaec3d327b2825084b08638",,"2025-01-23T17:10:00.000","30","NO CONTROLS","NO CONTROLS","CLEAR","DARKNESS, LIGHTED ROAD","SIDESWIPE SAME DIRECTION","ONE-WAY",,"STRAIGHT AND LEVEL","UNKNOWN","UNKNOWN",,"NO INJURY / DRIVE AWAY",,,,"OVER $1,500","2025-01-23T20:00:00.000","IMPROPER TURNING/NO SIGNAL","IMPROPER LANE USAGE","1836","W","WASHINGTON BLVD","1223",,,,,,,"2","NO INDICATION OF INJURY","0","0","0","0","0","3","0","17","5","1","41.8833087483","-87.6732859803","POINT (-87.673285980344 41.883308748327)"
"06f1883c5b815ef37ee846f227ecd4909412163487d86322a76fe2312258ec0b405e17b334b598a861f6a379eac42aceb8ad635328add445ef4cbbc483617054",,"2025-01-23T17:05:00.000","30","TRAFFIC SIGNAL","FUNCTIONING PROPERLY","CLEAR","DAYLIGHT","PEDESTRIAN","NOT DIVIDED",,"STRAIGHT AND LEVEL","DRY","NO DEFECTS","ON SCENE","INJURY AND / OR TOW DUE TO CRASH","Y",,,"$500 OR LESS","2025-01-23T17:11:00.000","FAILING TO YIELD RIGHT-OF-WAY","NOT APPLICABLE","800","W","ROOSEVELT RD","1232",,,,,,,"2","NONINCAPACITATING INJURY","1","0","0","1","0","1","0","17","5","1","41.8672630984","-87.646972686","POINT (-87.646972686016 41.867263098369)"
"9628ff077b096e4eeb306b69092da960d11aa0b28c505d692c70c09c89a5e540d5aebdae5e13cd83f8119037b661d950916dab8a3083f172f30cab2f6d13d23d",,"2025-01-23T17:05:00.000","20","TRAFFIC SIGNAL","FUNCTIONING PROPERLY","CLEAR","DAYLIGHT","TURNING","FOUR WAY",,"STRAIGHT AND LEVEL","DRY","UNKNOWN","ON SCENE","INJURY AND / OR TOW DUE TO CRASH","Y",,,"OVER $1,500","2025-01-23T17:06:00.000","IMPROPER TURNING/NO SIGNAL","UNABLE TO DETERMINE","2200","W","JACKSON BLVD","1225",,,,,,,"2","NONINCAPACITATING INJURY","1","0","0","1","0","3","0","17","5","1","41.8777169384","-87.6815081724","POINT (-87.68150817245 41.877716938447)"
"01711440c5a5e71aeaf93ee513b4787eb3d1f40cba5eaa309a6674234390fba90306c452a7a348b674e1508521f89f8b07ad089480bf936af0e122c30f15ee38",,"2025-01-23T17:00:00.000","30","TRAFFIC SIGNAL","FUNCTIONING PROPERLY","CLEAR","DARKNESS, LIGHTED ROAD","REAR END","DIVIDED - W/MEDIAN (NOT RAISED)",,"STRAIGHT AND LEVEL","UNKNOWN","UNKNOWN","NOT ON SCENE (DESK REPORT)","NO INJURY / DRIVE AWAY",,,,"OVER $1,500","2025-01-23T17:45:00.000","UNABLE TO DETERMINE","NOT APPLICABLE","4903","W","FULLERTON AVE","2522",,,,,,,"2","NO INDICATION OF INJURY","0","0","0","0","0","2","0","17","5","1","41.9240944146","-87.7489560815","POINT (-87.748956081535 41.924094414626)"
"bdd382c374afdedc7cdf191b8f43b32b3f72202eeca5169ecc597b251eb3767004522868edd1f2650f10bed24289280c3bb6a049f6a5e42d0802dd628bb1dbb2",,"2025-01-23T17:00:00.000","30","NO CONTROLS","NO CONTROLS","CLEAR","DARKNESS, LIGHTED ROAD","PARKED MOTOR VEHICLE","ONE-WAY",,"STRAIGHT AND LEVEL","WET","NO DEFECTS","NOT ON SCENE (DESK REPORT)","NO INJURY / DRIVE AWAY",,,,"$501 - $1,500","2025-01-23T19:20:00.000","UNABLE TO DETERMINE","NOT APPLICABLE","123","N","LOWER WACKER DR","122",,,,,,,"2","NO INDICATION OF INJURY","0","0","0","0","0","1","0","17","5","1","41.8837863858","-87.6366259142","POINT (-87.636625914209 41.883786385836)"
"c60b4a3789928f4cc6bbe30ee3d6151d5d5689099bd2e776ff09e2f28b8e364482d6846a110c621c42aef825cffc95004c87cafe3fc0b40634cdbea6fcda52e8",,"2025-01-23T17:00:00.000","30","TRAFFIC SIGNAL","FUNCTIONING PROPERLY","CLEAR","DARKNESS, LIGHTED ROAD","TURNING","FOUR WAY",,"STRAIGHT AND LEVEL","SNOW OR SLUSH","UNKNOWN","NOT ON SCENE (DESK REPORT)","NO INJURY / DRIVE AWAY",,,,"OVER $1,500","2025-01-23T17:45:00.000","IMPROPER TURNING/NO SIGNAL","NOT APPLICABLE","5500","S","HALSTED ST","712",,,,,,,"2","NO INDICATION OF INJURY","0","0","0","0","0","2","0","17","5","1","41.7938690123","-87.6452949015","POINT (-87.645294901547 41.793869012306)"
"e6cfdb183da884c183416ae17883674b5fc30c20320e51ee5ed56098fcfa330b2c4b1964be4d0e45a5e2dc6e9e1818c6168a332b55621b8ad34af8f99ed1e6cf",,"2025-01-23T17:00:00.000","30","TRAFFIC SIGNAL","FUNCTIONING PROPERLY","CLEAR","DARKNESS, LIGHTED ROAD","TURNING","FOUR WAY",,"STRAIGHT AND LEVEL","WET","NO DEFECTS","NOT ON SCENE (DESK REPORT)","NO INJURY / DRIVE AWAY","Y",,,"OVER $1,500","2025-01-23T17:20:00.000","IMPROPER TURNING/NO SIGNAL","NOT APPLICABLE","6900","S","HALSTED ST","733",,,,,,,"2","NO INDICATION OF INJURY","0","0","0","0","0","3","0","17","5","1","41.7687443409","-87.6446513782","POINT (-87.644651378169 41.768744340933)"
"b10e1d164881d2bd6eea58e2aca3ac66107fa752a36b7d655f9f66b3c42a9640228d10b9331fa848baf96aed616c1ec849a0d9e0221183879e546d6cadd8d8cd",,"2025-01-23T16:51:00.000","30","NO CONTROLS","NO CONTROLS","CLEAR","DAYLIGHT","REAR END","NOT DIVIDED",,"STRAIGHT AND LEVEL","SNOW OR SLUSH","NO DEFECTS","ON SCENE","NO INJURY / DRIVE AWAY",,,,"$501 - $1,500","2025-01-23T16:53:00.000","UNABLE TO DETERMINE","NOT APPLICABLE","716","W","69TH ST","723",,,,,,,"4","NO INDICATION OF INJURY","0","0","0","0","0","5","0","16","5","1","41.768981698","-87.6424453766","POINT (-87.642445376637 41.76898169801)"
"52a2850ba0ac233bfe7c5f06f5f7f4c4e60c5e3bfb4426958cff5498b43c6d8558b8204740d591d683e3bd492de82a3db8c5c3cf07d1e201dd706911b6779125",,"2025-01-23T16:50:00.000","25","STOP SIGN/FLASHER","NO CONTROLS","CLEAR","DARKNESS, LIGHTED ROAD","ANGLE","FOUR WAY",,"STRAIGHT AND LEVEL","UNKNOWN","UNKNOWN","NOT ON SCENE (DESK REPORT)","INJURY AND / OR TOW DUE TO CRASH",,,,"OVER $1,500","2025-01-23T17:32:00.000","FAILING TO YIELD RIGHT-OF-WAY","FAILING TO YIELD RIGHT-OF-WAY","7200","S","SAWYER AVE","831",,,,,,,"2","REPORTED, NOT EVIDENT","1","0","0","0","1","1","0","16","5","1","41.7624473689","-87.7041282491","POINT (-87.704128249119 41.762447368885)"
"9fc17852e931c22544beee5f6de6648266092dce37dddab17332863a6f6756c6073c553bfbc9fe2d63e6273ae96ccc58c35cc0285ac2993334c17e6ba8a79322",,"2025-01-23T16:50:00.000","30","NO CONTROLS","NO CONTROLS","CLEAR","DAYLIGHT","REAR END","NOT DIVIDED",,"STRAIGHT AND LEVEL","UNKNOWN","UNKNOWN","NOT ON SCENE (DESK REPORT)","NO INJURY / DRIVE AWAY",,,,"OVER $1,500","2025-01-23T17:10:00.000","FOLLOWING TOO CLOSELY","NOT APPLICABLE","3616","W","55TH ST","822",,,,,,,"2","NO INDICATION OF INJURY","0","0","0","0","0","2","0","16","5","1","41.7934531291","-87.7142358042","POINT (-87.71423580417 41.793453129091)"
"00d46b21d9c55bf061f4857f8f8079101b3984b34500e6e0ce2ff49e7ae9c11c119f468536cd917e9af3f4881cd8aeb63bde15bebbdd5d5df7793a463993c058",,"2025-01-23T16:45:00.000","30","TRAFFIC SIGNAL","FUNCTIONING PROPERLY","CLEAR","DAYLIGHT","REAR END","DIVIDED - W/MEDIAN BARRIER",,"STRAIGHT AND LEVEL","WET","NO DEFECTS","NOT ON SCENE (DESK REPORT)","NO INJURY / DRIVE AWAY",,,"Y","OVER $1,500","2025-01-23T17:05:00.000","FAILING TO REDUCE SPEED TO AVOID CRASH","NOT APPLICABLE","5157","S","LAKE PARK AVE","234",,,,,,,"2","NO INDICATION OF INJURY","0","0","0","0","0","2","0","16","5","1","41.8011149389","-87.5873696853","POINT (-87.587369685348 41.801114938861)"
"4ddab191851ee7b8ba144555c2d2188a0f8f6b5662223b3a1e8f35c658fda8b6e661c962f0a84a82668a637bd3d10ea77816de44ef63cf30549f352a2b34e934",,"2025-01-23T16:45:00.000","30","UNKNOWN","UNKNOWN","UNKNOWN","UNKNOWN","SIDESWIPE SAME DIRECTION","UNKNOWN",,"STRAIGHT AND LEVEL","UNKNOWN","UNKNOWN","NOT ON SCENE (DESK REPORT)","NO INJURY / DRIVE AWAY",,,,"OVER $1,500","2025-01-23T17:05:00.000","UNABLE TO DETERMINE","UNABLE TO DETERMINE","7255","S","SAWYER AVE","831",,,,,,,"2","NO INDICATION OF INJURY","0","0","0","0","0","2","0","16","5","1","41.7609542101","-87.7037919802","POINT (-87.70379198016 41.760954210085)"
"e7bd847655166562547b874ea66b7fdffe3b43fc2626ffffa62df2aa8b49ab4c94fdf1003a38ce2a5fccc257d2d5998d74bb52237f73651485f6bfe23eb2dd69",,"2025-01-23T16:45:00.000","25","NO CONTROLS","NO CONTROLS","CLEAR","DARKNESS","REAR END","NOT DIVIDED",,"STRAIGHT AND LEVEL","UNKNOWN","UNKNOWN","NOT ON SCENE (DESK REPORT)","NO INJURY / DRIVE AWAY",,,,"OVER $1,500","2025-01-23T17:50:00.000","FAILING TO REDUCE SPEED TO AVOID CRASH","NOT APPLICABLE","200","E","103RD ST","511",,,,,,,"2","NO INDICATION OF INJURY","0","0","0","0","0","2","0","16","5","1","41.7073495903","-87.6185847616","POINT (-87.618584761621 41.707349590259)"
"5a3e9d988cdfa4ba9f9052dde9f5f76f0fe949d87dea2000acc62105b2b490a7a4a200e76eb9da3b130c0c233fcccd772ff401f045db58b2cbc49ebb0aeeb984",,"2025-01-23T16:42:00.000","30","STOP SIGN/FLASHER","FUNCTIONING PROPERLY","CLEAR","DAYLIGHT","SIDESWIPE SAME DIRECTION","FOUR WAY",,"STRAIGHT AND LEVEL","DRY","NO DEFECTS","ON SCENE","NO INJURY / DRIVE AWAY",,,,"$500 OR LESS","2025-01-23T16:42:00.000","UNABLE TO DETERMINE","UNABLE TO DETERMINE","1500","W","DEVON AVE","2432",,,,,,,"2","NO INDICATION OF INJURY","0","0","0","0","0","2","0","16","5","1","41.9982178761","-87.6680250536","POINT (-87.668025053649 41.998217876132)"
"8a8a54e81bde8eecd5fdde0612011aa64de6b9340bea1cb89cea50ae4971173e4e1261c9d782dfed68ccefbd722fe0e85ee543cfd08176939ff65f3a48c80774",,"2025-01-23T16:39:00.000","30","TRAFFIC SIGNAL","FUNCTIONING PROPERLY","CLEAR","DAYLIGHT","TURNING","FOUR WAY",,"STRAIGHT AND LEVEL","UNKNOWN","UNKNOWN","NOT ON SCENE (DESK REPORT)","NO INJURY / DRIVE AWAY","Y",,,"OVER $1,500","2025-01-23T16:50:00.000","UNABLE TO DETERMINE","NOT APPLICABLE","5600","W","GRAND AVE","2515",,,,,,,"2","NO INDICATION OF INJURY","0","0","0","0","0","2","0","16","5","1","41.9188702777","-87.765775158","POINT (-87.765775158003 41.918870277663)"
"0c50cce4c70be9df8e3347963abe99c8e265175135f00e9c82185ef20b6f50a781ae1f9819b8a7da4cbdb2ffe44f8a4feb0de592e3427ccbe17fe261c629c35e",,"2025-01-23T16:38:00.000","35","TRAFFIC SIGNAL","FUNCTIONING PROPERLY","CLEAR","DAWN","TURNING","TRAFFIC ROUTE",,"STRAIGHT AND LEVEL","DRY","NO DEFECTS","ON SCENE","INJURY AND / OR TOW DUE TO CRASH","Y",,,"OVER $1,500","2025-01-23T16:38:00.000","FAILING TO YIELD RIGHT-OF-WAY","NOT APPLICABLE","6002","S","WESTERN AVE","825",,,,,,,"2","REPORTED, NOT EVIDENT","2","0","0","0","2","0","0","16","5","1","41.7845827559","-87.6839331756","POINT (-87.683933175618 41.784582755865)"
"95d399f38da70291287bf7b4d73230ec405d2b5b04371f823bef2012dd9c2af92bcf66ee2d8d21a1a5e9f523d91eb0481ae3fea4adf77b0880523d6950b59d50",,"2025-01-23T16:38:00.000","30","STOP SIGN/FLASHER","UNKNOWN","UNKNOWN","UNKNOWN","ANGLE","FOUR WAY",,"STRAIGHT AND LEVEL","UNKNOWN","UNKNOWN","NOT ON SCENE (DESK REPORT)","NO INJURY / DRIVE AWAY","Y",,,"OVER $1,500","2025-01-23T18:30:00.000","UNABLE TO DETERMINE","UNABLE TO DETERMINE","30","W","BURTON PL","1824",,,,,,,"2","NO INDICATION OF INJURY","0","0","0","0","0","3","0","16","5","1","41.9095688012","-87.6300910974","POINT (-87.63009109741 41.909568801231)"
"3aa61cc5b4cab9faf897f698428ccb5175ad503a155b8d4a8980f8de9ec3f4facea00946b7e5ce3ccdf13dca4a5a50c9422df81a1969298b872f347124b84428",,"2025-01-23T16:36:00.000","30","STOP SIGN/FLASHER","NO CONTROLS","CLEAR","DUSK","ANGLE","FOUR WAY",,"STRAIGHT AND LEVEL","SNOW OR SLUSH","NO DEFECTS","ON SCENE","INJURY AND / OR TOW DUE TO CRASH","Y",,,"OVER $1,500","2025-01-23T16:36:00.000","UNABLE TO DETERMINE","UNABLE TO DETERMINE","7199","S","HARVARD AVE","731",,,,,,,"2","NO INDICATION OF INJURY","0","0","0","0","0","2","0","16","5","1","41.7636459071","-87.6332562351","POINT (-87.633256235131 41.763645907109)"
"5223c4bd3ea3eff36ca9f9cafb5e98132937ef0eebfe98b8f63e26f5c115467818991d4be569751a3ecc10ed81aa1bda2653b6d2f67141f3ad866e3dd1bbc7f7",,"2025-01-23T16:30:00.000","30","TRAFFIC SIGNAL","FUNCTIONING PROPERLY","UNKNOWN","DAWN","ANGLE","NOT DIVIDED",,"STRAIGHT AND LEVEL","WET","UNKNOWN","NOT ON SCENE (DESK REPORT)","NO INJURY / DRIVE AWAY",,,,"OVER $1,500","2025-01-23T17:05:00.000","IMPROPER OVERTAKING/PASSING","UNABLE TO DETERMINE","5900","S","WESTERN AVE","824",,,,,,,"2","NO INDICATION OF INJURY","0","0","0","0","0","2","0","16","5","1","41.7864371748","-87.6839752465","POINT (-87.683975246481 41.786437174774)"
"9cf5abfdee2966b8620f4fd6a20c2222d1bf42c8ae3cbd9735d5e6ace056e6050992e91a806f8bc86a9fa66ab4406529b8c5455edd677821fdc88d64f3107da7",,"2025-01-23T16:30:00.000","30","TRAFFIC SIGNAL","UNKNOWN","CLEAR","DAYLIGHT","TURNING","FOUR WAY",,"STRAIGHT AND LEVEL","DRY","NO DEFECTS","NOT ON SCENE (DESK REPORT)","NO INJURY / DRIVE AWAY","Y",,,"OVER $1,500","2025-01-23T17:09:00.000","UNABLE TO DETERMINE","UNABLE TO DETERMINE","7600","S","ST LAWRENCE AVE","624",,,,,,,"2","NO INDICATION OF INJURY","0","0","0","0","0","2","0","16","5","1","41.7565749571","-87.6103574675","POINT (-87.610357467484 41.756574957144)"
"df414c2f21eb3e938df9289505e1ee884a998c93071f6dbc708c0e0b39cb3ef72d3f1c5219d995e05e2cbfdcbf944af1e823737bdea7de200c7f626f9513a99d",,"2025-01-23T16:30:00.000","20","NO CONTROLS","NO CONTROLS","UNKNOWN","UNKNOWN","PARKED MOTOR VEHICLE","ONE-WAY",,"STRAIGHT AND LEVEL","UNKNOWN","UNKNOWN","NOT ON SCENE (DESK REPORT)","NO INJURY / DRIVE AWAY",,,,"$500 OR LESS","2025-01-26T00:35:00.000","UNABLE TO DETERMINE","NOT APPLICABLE","1119","N","LONG AVE","1524",,,,,,,"2","NO INDICATION OF INJURY","0","0","0","0","0","1","0","16","5","1","41.900984894","-87.7607089368","POINT (-87.760708936751 41.900984894007)"
"b50c7ab0f03e1a633e87c5b3d83a3bda113f5abde9e4efd913cdc3ed0109f92b633c68617e45a7591efefabe86f47ea91e3abf04cd2b0966fbec808dd02854fc",,"2025-01-23T16:25:00.000","30","STOP SIGN/FLASHER","FUNCTIONING PROPERLY","CLEAR","DAYLIGHT","PEDALCYCLIST","NOT DIVIDED",,"STRAIGHT AND LEVEL","DRY","NO DEFECTS","NOT ON SCENE (DESK REPORT)","INJURY AND / OR TOW DUE TO CRASH",,,,"OVER $1,500","2025-01-23T16:55:00.000","NOT APPLICABLE","NOT APPLICABLE","3958","W","85TH ST","834",,,,,,,"2","NONINCAPACITATING INJURY","1","0","0","1","0","1","0","16","5","1","41.7386295537","-87.7214421086","POINT (-87.721442108639 41.738629553676)"
"fbf03131de4ceb024bb80af777bfe9bdc6a9b998b9d3e0fd446974ad152e9d868fcfa5f6427a9abe800258399e0701614f06517c5e5d149afd59bb673d8266fa","Y","2025-01-23T16:16:00.000","30","STOP SIGN/FLASHER","NO CONTROLS","SNOW","DAWN","OTHER OBJECT","FOUR WAY",,"STRAIGHT AND LEVEL","SNOW OR SLUSH","NO DEFECTS","ON SCENE","INJURY AND / OR TOW DUE TO CRASH","Y",,"N","OVER $1,500","2025-01-23T16:16:00.000","UNABLE TO DETERMINE","UNABLE TO DETERMINE","633","E","79TH ST","624",,,,,,,"2","NO INDICATION OF INJURY","0","0","0","0","0","2","0","16","5","1","41.7511124177","-87.6088070696","POINT (-87.608807069589 41.751112417744)"
"9d560d10bb0c3325baccc7fb26059b4f1b053d11b1006f057c0eb8cc40a6bf49dd39fdfb0b5fcd8547dd4278d276ba8e7f2fd5e5b8a48bef92eef0d740c60207",,"2025-01-23T16:15:00.000","35","UNKNOWN","UNKNOWN","UNKNOWN","UNKNOWN","SIDESWIPE SAME DIRECTION","UNKNOWN",,"STRAIGHT AND LEVEL","UNKNOWN","UNKNOWN","NOT ON SCENE (DESK REPORT)","NO INJURY / DRIVE AWAY",,,,"OVER $1,500","2025-01-23T16:40:00.000","UNABLE TO DETERMINE","UNABLE TO DETERMINE","6355","S","KOLIN AVE","813",,,,,,,"2","NO INDICATION OF INJURY","0","0","0","0","0","2","0","16","5","1","41.7769139618","-87.7311142383","POINT (-87.731114238266 41.776913961755)"
"54da8df7a4e5e6f949b40ff6713b5158f7379da459ff488bd7111acc07fb5ad44d0785a6f48b3265d8f3580ebc2a8f832e1134bc97e75d3665525dfb4722f936",,"2025-01-23T16:13:00.000","30","STOP SIGN/FLASHER","FUNCTIONING PROPERLY","CLEAR","DUSK","ANGLE","FOUR WAY",,"STRAIGHT AND LEVEL","SNOW OR SLUSH","NO DEFECTS","NOT ON SCENE (DESK REPORT)","INJURY AND / OR TOW DUE TO CRASH","Y",,,"OVER $1,500","2025-01-23T17:30:00.000","DISREGARDING STOP SIGN","UNABLE TO DETERMINE","7200","S","HARVARD AVE","731",,,,,,,"2","REPORTED, NOT EVIDENT","1","0","0","0","1","2","0","16","5","1","41.7634585508","-87.6335434005","POINT (-87.633543400469 41.763458550761)"
"6eacaef60568f986b8bc0662712ee7af3d69c3ed47c7f11158009cc983c0fdc9b9cada267d1e28cab4917415b78ad570dd46d8460f44240c595d136b9c78aa70",,"2025-01-23T16:08:00.000","30","NO CONTROLS","NO CONTROLS","CLEAR","DAYLIGHT","REAR END","DIVIDED - W/MEDIAN (NOT RAISED)",,"STRAIGHT AND LEVEL","DRY","UNKNOWN","ON SCENE","NO INJURY / DRIVE AWAY",,,,"$501 - $1,500","2025-01-23T16:14:00.000","FAILING TO REDUCE SPEED TO AVOID CRASH","FOLLOWING TOO CLOSELY","127","N","PULASKI RD","1122",,,,,,,"2","NO INDICATION OF INJURY","0","0","0","0","0","2","0","16","5","1","41.8826913186","-87.7255781096","POINT (-87.725578109589 41.88269131864)"
"e07e0995952e55715c2faefdc7c759f7a216fa1c05ac40641747fa2c3efd9dcd1f613f3f4112c6f79781e24f13b46ecdf98abd72ceb61a7858504182fa891cb2",,"2025-01-23T16:08:00.000","25","TRAFFIC SIGNAL","FUNCTIONING PROPERLY","CLEAR","DAYLIGHT","TURNING","FOUR WAY",,"STRAIGHT AND LEVEL","DRY","NO DEFECTS","ON SCENE","INJURY AND / OR TOW DUE TO CRASH","Y",,,"OVER $1,500","2025-01-23T16:13:00.000","FAILING TO YIELD RIGHT-OF-WAY","IMPROPER TURNING/NO SIGNAL","269","N","PULASKI RD","1122",,,,,,,"2","NO INDICATION OF INJURY","0","0","0","0","0","2","0","16","5","1","41.8849568562","-87.7256443082","POINT (-87.72564430817 41.884956856215)"
"72366f240db86c9ca288511291e146b3ed28518fb0e1a6cd8f162343bad181cb752f1126c616de14116fda420b21b3686c8db1a088345aaab65550784911f7e8",,"2025-01-23T16:00:00.000","30","UNKNOWN","OTHER","UNKNOWN","DAYLIGHT","REAR END","NOT DIVIDED",,"STRAIGHT AND LEVEL","UNKNOWN","UNKNOWN","NOT ON SCENE (DESK REPORT)","NO INJURY / DRIVE AWAY",,,,"OVER $1,500","2025-01-30T16:33:00.000","UNABLE TO DETERMINE","UNABLE TO DETERMINE","3144","W","DEVON AVE","2412",,,,,,,"2","NO INDICATION OF INJURY","0","0","0","0","0","2","0","16","5","1","41.9975096366","-87.7087156096","POINT (-87.708715609551 41.997509636593)"
"cb7fc56f111eba23296a8ac47bd54b0afa71ff39af212ea49fbe909c2791fbde9b69941cefb0b6ae8ae2aad9cd678df59c2baf8cb1c0ee636d2ac9c11b443fcc",,"2025-01-23T16:00:00.000","30","TRAFFIC SIGNAL","FUNCTIONING PROPERLY","UNKNOWN","DAYLIGHT","SIDESWIPE SAME DIRECTION","DIVIDED - W/MEDIAN (NOT RAISED)",,"STRAIGHT AND LEVEL","UNKNOWN","UNKNOWN","NOT ON SCENE (DESK REPORT)","NO INJURY / DRIVE AWAY",,,"Y","OVER $1,500","2025-01-23T17:33:00.000","UNABLE TO DETERMINE","UNABLE TO DETERMINE","3048","W","FULLERTON AVE","1414",,,,,,,"2","NO INDICATION OF INJURY","0","0","0","0","0","2","0","16","5","1","41.9248545394","-87.7041675434","POINT (-87.704167543388 41.924854539421)"
"e1f5815410901207a049219fddb173887dbf15803bf1ff3c1d703be17555bfdfecd257b559bc27c6e8ffe59fda569e27d50c572d4b8ce0e02d861fc78c305973",,"2025-01-23T16:00:00.000","30","NO CONTROLS","NO CONTROLS","CLEAR","DAYLIGHT","SIDESWIPE OPPOSITE DIRECTION","NOT DIVIDED",,"STRAIGHT AND LEVEL","SNOW OR SLUSH","NO DEFECTS","ON SCENE","NO INJURY / DRIVE AWAY",,,,"OVER $1,500","2025-01-23T16:01:00.000","IMPROPER LANE USAGE","DRIVING SKILLS/KNOWLEDGE/EXPERIENCE","7910","S","KOSTNER AVE","834",,,,,,,"2","NO INDICATION OF INJURY","0","0","0","0","0","5","0","16","5","1","41.7488973675","-87.7317613527","POINT (-87.7317613527 41.74889736754)"
"87d9abcec6a5dcbeba7c1c81ad2a870e1f203d92b09dd40ee02ab345d0204da9cd031d00f51692102664a8a1f2828ed40db92ae44faf5f0cac73b7812ed99090",,"2025-01-23T15:59:00.000","30","NO CONTROLS","NO CONTROLS","CLEAR","DAYLIGHT","TURNING","NOT DIVIDED",,"STRAIGHT AND LEVEL","SNOW OR SLUSH","NO DEFECTS",,"INJURY AND / OR TOW DUE TO CRASH",,,"Y","OVER $1,500","2025-01-23T16:00:00.000","FAILING TO YIELD RIGHT-OF-WAY","NOT APPLICABLE","4623","W","FULLERTON AVE","2522",,,,,,,"2","NO INDICATION OF INJURY","0","0","0","0","0","3","0","15","5","1","41.9241787783","-87.7426046322","POINT (-87.742604632154 41.924178778314)"
"7d203982e127f192d382a80bfd52418266e738822df3048ed38973fa8e24d70c548085cc71dab5bf40f846a090bd4785a030245209fd9dae90955bc6752e0975",,"2025-01-23T15:55:00.000","30","NO CONTROLS","NO CONTROLS","CLEAR","DAWN","SIDESWIPE SAME DIRECTION","ONE-WAY",,"STRAIGHT AND LEVEL","DRY","NO DEFECTS","ON SCENE","NO INJURY / DRIVE AWAY",,,"Y","OVER $1,500","2025-01-23T16:11:00.000","FOLLOWING TOO CLOSELY","NOT APPLICABLE","77","S","DEARBORN ST","112",,,,,,,"2","NO INDICATION OF INJURY","0","0","0","0","0","2","0","15","5","1","41.8807840054","-87.629222363","POINT (-87.629222363048 41.880784005359)"
"a67d76396c803c542c7653580f0d758956271c84eee1ef908d43f2ec3e1ea1338a65b162288296d231079a659af80dab5006b48959fea472c3b66445e1916891",,"2025-01-23T15:55:00.000","35","NO CONTROLS","NO CONTROLS","CLEAR","DAYLIGHT","PEDESTRIAN","OTHER",,"STRAIGHT AND LEVEL","SNOW OR SLUSH","OTHER","ON SCENE","INJURY AND / OR TOW DUE TO CRASH",,,"Y","OVER $1,500","2025-01-23T15:59:00.000","IMPROPER LANE USAGE","UNABLE TO DETERMINE","901","N","WESTERN AVE","1212",,,,,,,"2","INCAPACITATING INJURY","1","0","1","0","0","1","0","15","5","1","41.8976098482","-87.6867427667","POINT (-87.686742766725 41.897609848225)"
"0aa646644fefaa0592fde45f369c93df59a01ac08f9dc8398fa2e40ed6fcc332402d6b6a11b22f9fea94cf8bc834550d05dc7e16f0547309d97ea34a3478127e",,"2025-01-23T15:45:00.000","30","NO CONTROLS","NO CONTROLS","CLEAR","DAYLIGHT","SIDESWIPE SAME DIRECTION","NOT DIVIDED",,"STRAIGHT AND LEVEL","DRY","NO DEFECTS","ON SCENE","NO INJURY / DRIVE AWAY",,,,"$500 OR LESS","2025-01-23T15:54:00.000","RELATED TO BUS STOP","RELATED TO BUS STOP","4055","W","MADISON ST","1115",,,,,,,"2","NO INDICATION OF INJURY","0","0","0","0","0","5","0","15","5","1","41.8805893011","-87.7278421875","POINT (-87.727842187512 41.880589301075)"