"crash_record_id","crash_date_est_i","crash_date","posted_speed_limit","traffic_control_device","device_condition","weather_condition","lighting_condition","first_crash_type","trafficway_type","lane_cnt","alignment","roadway_surface_cond","road_defect","report_type","crash_type","intersection_related_i","private_property_i","hit_and_run_i","damage","date_police_notified","prim_contributory_cause","sec_contributory_cause","street_no","street_direction","street_name","beat_of_occurrence","photos_taken_i","statements_taken_i","dooring_i","work_zone_i","work_zone_type","workers_present_i","num_units","most_severe_injury","injuries_total","injuries_fatal","injuries_incapacitating","injuries_non_incapacitating","injuries_reported_not_evident","injuries_no_indication","injuries_unknown","crash_hour","crash_day_of_week","crash_month","latitude","longitude","location"
"f49ccc0c721d7d7c3b694f38611cd62898e867d0de5cd0e134f4e7fb4f7d598c25f6fd8a1f1884436bb6e6c70a29859a40049acca0ec57ee91a59982026aff0d",,"2025-01-23T15:43:00.000","40","NO CONTROLS","NO CONTROLS","CLOUDY/OVERCAST","DAYLIGHT","REAR END","RAMP",,"CURVE ON GRADE","DRY","NO DEFECTS","ON SCENE","INJURY AND / OR TOW DUE TO CRASH",,,,"OVER $1,500","2025-01-23T15:43:00.000","FAILING TO REDUCE SPEED TO AVOID CRASH","FAILING TO REDUCE SPEED TO AVOID CRASH","3141","N","LAKE SHORE DR NB","1934",,,,,,,"2","NO INDICATION OF INJURY","0","0","0","0","0","2","0","15","5","1","41.939260601","-87.6367876106","POINT (-87.636787610649 41.939260600996)"
"a3b4968afdeef0667045c57dcf42123cc97b22bb4f469b1329e4e43bab98f4c3da7a79f3493bd651e9e9e7da4ca586ff72a839122264034b97a6195fc47cc0ad",,"2025-01-23T15:42:00.000","30","NO CONTROLS","NO CONTROLS","CLEAR","DAYLIGHT","PEDESTRIAN","NOT DIVIDED",,"STRAIGHT AND LEVEL","DRY","NO DEFECTS","ON SCENE","INJURY AND / OR TOW DUE TO CRASH",,,,"$500 OR LESS","2025-01-23T15:42:00.000","UNABLE TO DETERMINE","NOT APPLICABLE","6200","S","CALIFORNIA AVE","823",,,,,,,"2","NONINCAPACITATING INJURY","1","0","0","1","0","1","0","15","5","1","41.7808443819","-87.6935870532","POINT (-87.693587053206 41.780844381892)"
"28533c2bce18a735822ee9798471327c8f8907049a3260e22b9f9cf6554e6751f1353e41462c6ffc548d9e571baf224d8455850cf4174107e79843659813cf20",,"2025-01-23T15:41:00.000","30","OTHER","FUNCTIONING PROPERLY","CLEAR","DAYLIGHT","SIDESWIPE OPPOSITE DIRECTION","DIVIDED - W/MEDIAN (NOT RAISED)",,"STRAIGHT AND LEVEL","SNOW OR SLUSH","NO DEFECTS","ON SCENE","NO INJURY / DRIVE AWAY",,,,"$500 OR LESS","2025-01-23T15:41:00.000","DRIVING SKILLS/KNOWLEDGE/EXPERIENCE","NOT APPLICABLE","4100","W","LAKE ST","1114",,,,,,,"2","NO INDICATION OF INJURY","0","0","0","0","0","2","0","15","5","1","41.8857155396","-87.7283756072","POINT (-87.728375607159 41.885715539593)"
"26661da3598a0cce292dd58f8b25668fff7800c4927c4edbb4a5d3356ce29050ccfdaa2661b1d58dcc0b7d4e99487014668a94a9e56faf7d209e96b89c4c035b",,"2025-01-23T15:33:00.000","30","NO CONTROLS","NO CONTROLS","UNKNOWN","DAYLIGHT","REAR END","DIVIDED - W/MEDIAN (NOT RAISED)",,"STRAIGHT AND LEVEL","UNKNOWN","UNKNOWN","NOT ON SCENE (DESK REPORT)","INJURY AND / OR TOW DUE TO CRASH",,,"Y","$501 - $1,500","2025-01-23T16:34:00.000","UNABLE TO DETERMINE","UNABLE TO DETERMINE","1636","N","CICERO AVE","2533",,,,,,,"2","REPORTED, NOT EVIDENT","3","0","0","0","3","1","0","15","5","1","41.9107613335","-87.7460530218","POINT (-87.74605302179 41.910761333548)"
"4907ad7a76570309fa5627ecb96715750520df06790d9e008502d09cce8f6289847b444aa7e7a7e6de2a28f86956b07cebb0ebb5c6ecc4cec6b9d7b9671290bb",,"2025-01-23T15:33:00.000","30","NO CONTROLS","NO CONTROLS","CLEAR","DAYLIGHT","FIXED OBJECT","NOT DIVIDED",,"STRAIGHT AND LEVEL","WET","NO DEFECTS","ON SCENE","NO INJURY / DRIVE AWAY",,,,"OVER $1,500","2025-01-23T15:34:00.000","UNABLE TO DETERMINE","UNABLE TO DETERMINE","1948","W","DIVISION ST","1424",,,,,,,"3","NO INDICATION OF INJURY","0","0","0","0","0","3","0","15","5","1","41.9033082982","-87.676808349","POINT (-87.676808348997 41.903308298161)"
"36604ce64051562722cfa060607c957dd2d4c42db8ca4bfa1f8e31ee9e02de217a921e0255eaf67a40bf4f5fa25eea0cff9ebc4e2eb1b931830ddc7ae2a763f7",,"2025-01-23T15:30:00.000","30","NO CONTROLS","NO CONTROLS","CLEAR","DAYLIGHT","REAR END","NOT DIVIDED",,"STRAIGHT AND LEVEL","UNKNOWN","UNKNOWN",,"INJURY AND / OR TOW DUE TO CRASH",,,,"OVER $1,500","2025-01-23T15:37:00.000","FAILING TO REDUCE SPEED TO AVOID CRASH","NOT APPLICABLE","3682","W","GRAND AVE","2535",,,,,,,"3","NONINCAPACITATING INJURY","5","0","0","3","2","2","0","15","5","1","41.9034948888","-87.7193892619","POINT (-87.719389261876 41.903494888824)"
"77d672056444416489bb9e69411db959bd14d131b870a878ac2c0b2c9cbd80e64f69070ab4634626967c64d8687b519626c0bf8f7eb79f8e34ec6ca299fe36cc",,"2025-01-23T15:30:00.000","30","NO CONTROLS","NO CONTROLS","CLEAR","DAYLIGHT","TURNING","DIVIDED - W/MEDIAN (NOT RAISED)",,"STRAIGHT AND LEVEL","UNKNOWN","UNKNOWN","NOT ON SCENE (DESK REPORT)","NO INJURY / DRIVE AWAY",,,"Y","OVER $1,500","2025-01-23T19:15:00.000","UNABLE TO DETERMINE","NOT APPLICABLE","112","E","71ST ST","322",,,,,,,"2","NO INDICATION OF INJURY","0","0","0","0","0","2","0","15","5","1","41.7657017204","-87.6211094632","POINT (-87.62110946316 41.765701720431)"
"324371eb8a6afaf6af7c7d4a887ec1d7c9b006052bb7d9fbafbe6e86c77b677278fef57c27f75c19f106eca3ad8ce31e6c0096edd44fc87261244660319dc50f",,"2025-01-23T15:26:00.000","30","NO CONTROLS","NO CONTROLS","SNOW","DAYLIGHT","TURNING","NOT DIVIDED",,"STRAIGHT AND LEVEL","SNOW OR SLUSH","NO DEFECTS","ON SCENE","INJURY AND / OR TOW DUE TO CRASH",,,,"OVER $1,500","2025-01-23T15:30:00.000","FAILING TO REDUCE SPEED TO AVOID CRASH","NOT APPLICABLE","5755","W","63RD ST","812",,,,,,,"2","NO INDICATION OF INJURY","0","0","0","0","0","2","0","15","5","1","41.777845079","-87.7663814371","POINT (-87.766381437086 41.777845078994)"
"4f0ca8df0a11ca029f9b6cb26f7013bfd19095a576d846afd0bcbb926bbf220666574b835891ff5438c50c6cfa002ccc5e447e1e06aa250510eb98871d0dc9d3",,"2025-01-23T15:25:00.000","30","UNKNOWN","UNKNOWN","UNKNOWN","DAYLIGHT","REAR END","NOT DIVIDED",,"STRAIGHT AND LEVEL","UNKNOWN","UNKNOWN","NOT ON SCENE (DESK REPORT)","NO INJURY / DRIVE AWAY",,,,"OVER $1,500","2025-01-23T15:40:00.000","UNABLE TO DETERMINE","NOT APPLICABLE","3038","N","DAMEN AVE","1931",,,,,,,"2","NO INDICATION OF INJURY","0","0","0","0","0","2","0","15","5","1","41.9371175193","-87.6784237779","POINT (-87.678423777857 41.937117519263)"
"ad3551c7da21192b7a3ba61e55093e83f99f4b771d0a2b40e3db5572ec027c973c1f1c131ab35d471a3c4a4e197615db629fbf11afe4bf073777a92911d4beab",,"2025-01-23T15:25:00.000","30","STOP SIGN/FLASHER","FUNCTIONING PROPERLY","CLEAR","DAYLIGHT","TURNING","FOUR WAY",,"STRAIGHT AND LEVEL","DRY","NO DEFECTS","ON SCENE","INJURY AND / OR TOW DUE TO CRASH","Y",,,"OVER $1,500","2025-01-23T15:41:00.000","VISION OBSCURED (SIGNS, TREE LIMBS, BUILDINGS, ETC.)","VISION OBSCURED (SIGNS, TREE LIMBS, BUILDINGS, ETC.)","4500","N","AUSTIN AVE","1622",,,,,,,"2","NO INDICATION OF INJURY","0","0","0","0","0","2","0","15","5","1","41.9623107322","-87.7772319897","POINT (-87.777231989687 41.962310732174)"
"97958cdfcd631e3ab5e184f1e29fd127a362abcad88e6db9bf8a3cea106141fd4eb59ed8cebbfd1fd790250034f93f74f438ebe5b4a436e51ec8ca1ad9f4d728","Y","2025-01-23T15:22:00.000","30","STOP SIGN/FLASHER","FUNCTIONING PROPERLY","CLEAR","DAYLIGHT","ANGLE","NOT DIVIDED",,"STRAIGHT AND LEVEL","DRY","NO DEFECTS","ON SCENE","INJURY AND / OR TOW DUE TO CRASH","Y",,,"OVER $1,500","2025-01-23T15:23:00.000","FAILING TO YIELD RIGHT-OF-WAY","FAILING TO REDUCE SPEED TO AVOID CRASH","5131","S","ARCHER AVE","815",,,,,,,"2","NO INDICATION OF INJURY","0","0","0","0","0","2","0","15","5","1","41.8004374034","-87.730864794","POINT (-87.730864794019 41.800437403427)"
"77b5282615358f09d8397011f64f5e2ff93972ee4ae1d1f8b3bf808840f7d6f053999a88411fd6710236a26ed6d20bf82d3376720bad17c6654cb88f6690e1fe",,"2025-01-23T15:20:00.000","30","NO CONTROLS","NO CONTROLS","UNKNOWN","DAYLIGHT","TURNING","ONE-WAY",,"STRAIGHT AND LEVEL","UNKNOWN","UNKNOWN","NOT ON SCENE (DESK REPORT)","NO INJURY / DRIVE AWAY",,,,"OVER $1,500","2025-01-25T11:20:00.000","IMPROPER TURNING/NO SIGNAL","IMPROPER TURNING/NO SIGNAL","642","N","CLARK ST","1832",,,,,,,"2","NO INDICATION OF INJURY","0","0","0","0","0","2","0","15","5","1","41.8937003274","-87.6313256186","POINT (-87.631325618612 41.893700327407)"
"2d9de1d22be6332656fc780344250c8d00b2fdf3e00f3338e3c045482573a6b198aa51bfe1215ccfeb1d853997567bf8a4c900e2cdaf525c9dbe79e2d103f97b",,"2025-01-23T15:18:00.000","20","NO CONTROLS","NO CONTROLS","CLEAR","DAYLIGHT","ANGLE","FOUR WAY",,"STRAIGHT AND LEVEL","UNKNOWN","NO DEFECTS","ON SCENE","INJURY AND / OR TOW DUE TO CRASH","Y",,,"OVER $1,500","2025-01-23T15:18:00.000","FAILING TO YIELD RIGHT-OF-WAY","NOT APPLICABLE","2318","E","97TH ST","431",,,,,,,"2","REPORTED, NOT EVIDENT","2","0","0","0","2","5","0","15","5","1","41.7187534957","-87.5671065728","POINT (-87.56710657284 41.718753495737)"
"d3d38f9ad4adf97b1dcebb81fe09f6f10df49d5e4aa291aaa93c519ac46a675b39caa2100cf937230457a28e362609a970cd2fc86143fcae18e2c48c76294a87",,"2025-01-23T15:05:00.000","30","TRAFFIC SIGNAL","UNKNOWN","UNKNOWN","UNKNOWN","TURNING","T-INTERSECTION",,"STRAIGHT AND LEVEL","UNKNOWN","UNKNOWN","NOT ON SCENE (DESK REPORT)","NO INJURY / DRIVE AWAY","Y",,,"OVER $1,500","2025-01-23T15:30:00.000","UNABLE TO DETERMINE","UNABLE TO DETERMINE","5700","N","RIDGE AVE","2013",,,,,,,"2","NO INDICATION OF INJURY","0","0","0","0","0","2","0","15","5","1","41.9854741677","-87.6633180164","POINT (-87.663318016372 41.985474167681)"
"219dde0fbff4bf2bea0a7427b53a8c8df533ffdc9a524946f6e9fa32c30c76bbaee2fc254108fa6ab1bca422f48f5091e9c2743e2f834adacc7efe918beca960",,"2025-01-23T15:00:00.000","30","NO CONTROLS","NO CONTROLS","CLEAR","DAYLIGHT","REAR END","DIVIDED - W/MEDIAN BARRIER",,"STRAIGHT AND LEVEL","DRY","NO DEFECTS","ON SCENE","INJURY AND / OR TOW DUE TO CRASH",,,,"OVER $1,500","2025-01-23T15:00:00.000","NOT APPLICABLE","NOT APPLICABLE","4538","S","WESTERN AVE","922",,,,,,,"3","REPORTED, NOT EVIDENT","1","0","0","0","1","2","0","15","5","1","41.8109283743","-87.6846558754","POINT (-87.684655875417 41.810928374338)"
"4d8d00103a746d08960f74a3867c7a4f0dd8d005e7db07e8429dd6a625d63c62bd6a79483c008281bb54427391fcb2f76e57e51402bf80c974248001bb34fe41",,"2025-01-23T15:00:00.000","30","NO CONTROLS","NO CONTROLS","SNOW","DAYLIGHT","PARKED MOTOR VEHICLE","NOT DIVIDED",,"STRAIGHT AND LEVEL","SNOW OR SLUSH","UNKNOWN","ON SCENE","NO INJURY / DRIVE AWAY",,,,"OVER $1,500","2025-01-23T15:44:00.000","UNABLE TO DETERMINE","UNABLE TO DETERMINE","5540","S","HYDE PARK BLVD","235",,,,,,,"2","NO INDICATION OF INJURY","0","0","0","0","0","1","0","15","5","1","41.7940127317","-87.5840669779","POINT (-87.584066977915 41.794012731694)"
"61f9a575debdce97143706abaef6451007474b973a15cc3e008cbdbb987d3182c7218bff00e6532410aa68d0343790407dc158e317c93bc88de02dc23970cf38",,"2025-01-23T15:00:00.000","30","STOP SIGN/FLASHER","FUNCTIONING PROPERLY","CLEAR","DAYLIGHT","ANGLE","DIVIDED - W/MEDIAN (NOT RAISED)",,"STRAIGHT AND LEVEL","UNKNOWN","UNKNOWN","NOT ON SCENE (DESK REPORT)","NO INJURY / DRIVE AWAY",,,,"OVER $1,500","2025-01-23T15:40:00.000","UNABLE TO DETERMINE","NOT APPLICABLE","3432","N","WESTERN AVE","1921",,,,,,,"2","NO INDICATION OF INJURY","0","0","0","0","0","2","0","15","5","1","41.944090415","-87.6883283041","POINT (-87.68832830411 41.944090414975)"
"a2fac1e40478888375dac24a03119c6369e48df085b448d7b36389237e60a58b858ac7ab32b5b291ce84dc88cdf83a6fbc1df9e2ae0463ed4b5a7718f1921cfc",,"2025-01-23T15:00:00.000","30","NO CONTROLS","NO CONTROLS","CLEAR","DAYLIGHT","PARKED MOTOR VEHICLE","ONE-WAY",,"STRAIGHT AND LEVEL","DRY","NO DEFECTS","ON SCENE","NO INJURY / DRIVE AWAY",,,"Y","OVER $1,500","2025-01-23T15:19:00.000","NOT APPLICABLE","NOT APPLICABLE","4531","W","DEMING PL","2521",,,,,,,"2","NO INDICATION OF INJURY","0","0","0","0","0","1","0","15","5","1","41.9271868025","-87.7403357138","POINT (-87.740335713801 41.927186802474)"
"6f70dc0a63c66a4b12e5722878656483658c1adb3520c30e05c6fcd542d4fe6bed07e32b8e1c995e2af3dff9d6ed8b66b8430825ceadf01fb10b89e34bd8e6e6",,"2025-01-23T14:52:00.000","30","NO CONTROLS","NO CONTROLS","CLEAR","DAYLIGHT","SIDESWIPE SAME DIRECTION","DIVIDED - W/MEDIAN BARRIER",,"STRAIGHT AND LEVEL","DRY","NO DEFECTS","ON SCENE","NO INJURY / DRIVE AWAY",,,,"OVER $1,500","2025-01-23T14:52:00.000","IMPROPER OVERTAKING/PASSING","NOT APPLICABLE","1600","S","LAKE SHORE DR SB","132",,,,,,,"2","NO INDICATION OF INJURY","0","0","0","0","0","2","0","14","5","1","41.8602208955","-87.6179433356","POINT (-87.617943335642 41.860220895539)"
"cbe66bf465c1ff2a9f554106362c0e76e0dd647bef77a269a9f54bb06cafd79dde7025664ef23714b3a479d84468638003c678814b86eb261cf2141d8d853433",,"2025-01-23T14:47:00.000","30","TRAFFIC SIGNAL","FUNCTIONING PROPERLY","CLEAR","DAYLIGHT","ANGLE","DIVIDED - W/MEDIAN (NOT RAISED)",,"STRAIGHT AND LEVEL","DRY","NO DEFECTS","ON SCENE","INJURY AND / OR TOW DUE TO CRASH",,,"Y","OVER $1,500","2025-01-23T14:57:00.000","DISREGARDING TRAFFIC SIGNALS","NOT APPLICABLE","5600","W","HARRISON ST","1513",,,,,,,"2","NO INDICATION OF INJURY","0","0","0","0","0","2","0","14","5","1","41.8729311697","-87.7646358063","POINT (-87.764635806302 41.872931169731)"
"1062826df30fd5eddbba867cb58936c1944a5d2cd23c501e9e4fdb971d724e7a9a1b5a408517349d7488402e54d577acf10dda8f52a0223ca7b7c668178e0430",,"2025-01-23T14:45:00.000","30","TRAFFIC SIGNAL","FUNCTIONING PROPERLY","SNOW","DAYLIGHT","REAR END","ONE-WAY",,"STRAIGHT AND LEVEL","SNOW OR SLUSH","NO DEFECTS","ON SCENE","INJURY AND / OR TOW DUE TO CRASH",,,"Y","OVER $1,500","2025-01-23T14:49:00.000","WEATHER","DRIVING SKILLS/KNOWLEDGE/EXPERIENCE","2350","W","GARFIELD BLVD","932",,,,,,,"2","NO INDICATION OF INJURY","0","0","0","0","0","2","0","14","5","1","41.7939330022","-87.6831437546","POINT (-87.683143754624 41.793933002156)"
"b181b0bff37dfb362bf2a44eb6cb1102d54bc6dc22ac8ed1857a866fe1048dd966d9d85d60ba41155e28cce9100a47b60fc40d723f4c24ca70f5268f4a246c54",,"2025-01-23T14:45:00.000","30","NO CONTROLS","NO CONTROLS","CLEAR","DAYLIGHT","SIDESWIPE SAME DIRECTION","NOT DIVIDED",,"STRAIGHT AND LEVEL","UNKNOWN","UNKNOWN","NOT ON SCENE (DESK REPORT)","NO INJURY / DRIVE AWAY",,,,"OVER $1,500","2025-01-23T16:00:00.000","DRIVING SKILLS/KNOWLEDGE/EXPERIENCE","NOT APPLICABLE","4264","S","ARCHER AVE","921",,,,,,,"2","NO INDICATION OF INJURY","0","0","0","0","0","2","0","14","5","1","41.8159749224","-87.7014046114","POINT (-87.701404611369 41.815974922359)"
"0aa36d4b1388c6642bb53cfe533a58765a3deddbd19c5dfd3e6836260a7e7fe01e4abd61afd631d4a63f737ae6682bc67b566d63a95a3d2a4f6e1e35b8c66377",,"2025-01-23T14:40:00.000","30","UNKNOWN","UNKNOWN","UNKNOWN","DAYLIGHT","REAR END","NOT DIVIDED",,"STRAIGHT AND LEVEL","UNKNOWN","UNKNOWN","NOT ON SCENE (DESK REPORT)","NO INJURY / DRIVE AWAY",,,,"OVER $1,500","2025-01-23T16:20:00.000","UNABLE TO DETERMINE","UNABLE TO DETERMINE","800","W","SCOTT ST","1822",,,,,,,"2","NO INDICATION OF INJURY","0","0","0","0","0","2","0","14","5","1","41.9052077515","-87.6481714997","POINT (-87.648171499749 41.905207751516)"
"4c218e321767df2eeeccdf827c98c5d9adcb205d68b8089a1b3fdf59e29c343f6bf2499b4830b728cfe5ea41f102b24fcd00dcb96b62b61ca55f08c3abc8d70c",,"2025-01-23T14:40:00.000","30","NO CONTROLS","NO CONTROLS","OTHER","DAYLIGHT","ANGLE","NOT DIVIDED",,"STRAIGHT AND LEVEL","OTHER","UNKNOWN","ON SCENE","INJURY AND / OR TOW DUE TO CRASH",,,,"OVER $1,500","2025-01-23T15:18:00.000","FAILING TO YIELD RIGHT-OF-WAY","NOT APPLICABLE","6600","S","WESTERN AVE","832",,,,,,,"2","NONINCAPACITATING INJURY","2","0","0","1","1","1","0","14","5","1","41.7736901807","-87.6836375715","POINT (-87.683637571484 41.773690180724)"
"79bd3fb504bf9fb70f10bfa8b41ef72ab2d81cc99abb2f3bf7ec632e6438bcdc71a84cae46d04e1e8fc39fcedd3723d83b059144c0128caf2b2294aec630f329",,"2025-01-23T14:40:00.000","30","NO CONTROLS","NO CONTROLS","CLEAR","DAYLIGHT","REAR END","DIVIDED - W/MEDIAN BARRIER",,"STRAIGHT AND LEVEL","DRY","NO DEFECTS","NOT ON SCENE (DESK REPORT)","NO INJURY / DRIVE AWAY",,,,"OVER $1,500","2025-01-23T17:19:00.000","UNABLE TO DETERMINE","NOT APPLICABLE","200","E","LOWER WACKER DR","114",,,,,,,"2","NO INDICATION OF INJURY","0","0","0","0","0","2","0","14","5","1","41.8883332721","-87.6222359916","POINT (-87.622235991552 41.888333272144)"
"014ead1866c43fa8be920adc68ed1afea2f12ef49efebb6ab1796a63dcf23daa63512ec7ec0f298d7bd3d910dc6e933e47f5f8fa86e85fc2f7e5cf38596415d3",,"2025-01-23T14:35:00.000","30","STOP SIGN/FLASHER","FUNCTIONING PROPERLY","CLEAR","DAYLIGHT","ANGLE","FOUR WAY",,"STRAIGHT AND LEVEL","DRY","NO DEFECTS","ON SCENE","NO INJURY / DRIVE AWAY","Y",,,"OVER $1,500","2025-01-23T14:40:00.000","VISION OBSCURED (SIGNS, TREE LIMBS, BUILDINGS, ETC.)","UNABLE TO DETERMINE","5356","N","NASHVILLE AVE","1613",,,,,,,"2","NO INDICATION OF INJURY","0","0","0","0","0","2","0","14","5","1","41.9790949866","-87.7915870337","POINT (-87.791587033744 41.979094986616)"
"9d4a8e93119596e1a0020f75b5c0b77a68cf8363389ec46d822a08dc07d96ca08e553f18c4b4e7a5ccc08ec8300f1e450be04ef294b018743590717777e9ccf3",,"2025-01-23T14:35:00.000","30","NO CONTROLS","NO CONTROLS","CLEAR","DAYLIGHT","TURNING","NOT DIVIDED",,"STRAIGHT AND LEVEL","DRY","NO DEFECTS","ON SCENE","NO INJURY / DRIVE AWAY",,,,"OVER $1,500","2025-01-23T14:37:00.000","FAILING TO YIELD RIGHT-OF-WAY","NOT APPLICABLE","2011","W","63RD ST","726",,,,,,,"2","NO INDICATION OF INJURY","0","0","0","0","0","3","0","14","5","1","41.779199342","-87.6744184312","POINT (-87.674418431155 41.77919934204)"
"8c1b8d6bf11eae4c139998a69bc8e017f75c9ca85b54fe1bcb69e360cf63c520abc34bb37f214cf37e934ee431bef8b4278cce5f7f920a5a030ec7d0438988e7",,"2025-01-23T14:34:00.000","30","STOP SIGN/FLASHER","NO CONTROLS","SNOW","DAYLIGHT","ANGLE","FOUR WAY",,"STRAIGHT AND LEVEL","SNOW OR SLUSH","NO DEFECTS","ON SCENE","INJURY AND / OR TOW DUE TO CRASH","Y",,,"OVER $1,500","2025-01-23T14:41:00.000","UNABLE TO DETERMINE","UNABLE TO DETERMINE","2100","S","ROCKWELL ST","1023",,,,,,,"2","REPORTED, NOT EVIDENT","1","0","0","0","1","1","0","14","5","1","41.8537713113","-87.6907438814","POINT (-87.690743881371 41.853771311338)"
"27f0a9b4c989ab5d0710083c3d71eb107a48d3358587c5944ae57aa4d430c642448e21f0677298cfc7de414fd7ef0fd962c149ac2a03e24338df08d5cf599963",,"2025-01-23T14:33:00.000","30","STOP SIGN/FLASHER","FUNCTIONING PROPERLY","SNOW","DAYLIGHT","ANGLE","FOUR WAY",,"STRAIGHT AND LEVEL","WET","NO DEFECTS","ON SCENE","NO INJURY / DRIVE AWAY","Y",,,"OVER $1,500","2025-01-23T15:24:00.000","UNABLE TO DETERMINE","UNABLE TO DETERMINE","7100","S","CAMPBELL AVE","832",,,,,,,"2","NO INDICATION OF INJURY","0","0","0","0","0","4","0","14","5","1","41.764564454","-87.6858323974","POINT (-87.68583239742 41.764564454039)"
"0331d5fd0b464bb146a6d07d1b3ba6b56b11068440177cb3bd48561b46d1ddad94a0c16564b81f603f9890c1a5d94af2c097f14d45e5a286882eb129357c7715",,"2025-01-23T14:30:00.000","30","STOP SIGN/FLASHER","FUNCTIONING PROPERLY","CLEAR","DAYLIGHT","REAR END","DIVIDED - W/MEDIAN (NOT RAISED)",,"STRAIGHT AND LEVEL","UNKNOWN","UNKNOWN","NOT ON SCENE (DESK REPORT)","NO INJURY / DRIVE AWAY",,,"Y","OVER $1,500","2025-01-23T14:50:00.000","UNABLE TO DETERMINE","NOT APPLICABLE","2100","N","KOSTNER AVE","2522",,,,,,,"2","NO INDICATION OF INJURY","0","0","0","0","0","2","0","14","5","1","41.9189179233","-87.7365254585","POINT (-87.736525458478 41.918917923284)"
"1507603551d50aa46e3bc91ef116b78aad61dc795181be268932c9be6c7aed77e12534dddbbc80ee571cbbe7947f0ad4173c46889e11cdbf634a608e58424377",,"2025-01-23T14:30:00.000","30","NO CONTROLS","NO CONTROLS","CLEAR","DAYLIGHT","SIDESWIPE SAME DIRECTION","NOT DIVIDED",,"STRAIGHT AND LEVEL","DRY","NO DEFECTS","ON SCENE","NO INJURY / DRIVE AWAY",,,"Y","OVER $1,500","2025-01-23T14:35:00.000","IMPROPER OVERTAKING/PASSING","NOT APPLICABLE","1631","E","95TH ST","431",,,,,,,"2","NO INDICATION OF INJURY","0","0","0","0","0","2","0","14","5","1","41.7222528726","-87.5838433942","POINT (-87.583843394153 41.722252872604)"
"40e5462f7d66c7e652fa7fda1e946b0b814a476295d0bd9b76bdc1659ec56da3bc3aaabe67b4e8372e54b8f52ba8bff48091bf0ee762191f90a4d330154d56b9",,"2025-01-23T14:30:00.000","30","OTHER","OTHER","CLEAR","DAYLIGHT","ANGLE","OTHER",,"STRAIGHT AND LEVEL","UNKNOWN","UNKNOWN","NOT ON SCENE (DESK REPORT)","NO INJURY / DRIVE AWAY",,,,"OVER $1,500","2025-01-23T16:45:00.000","UNABLE TO DETERMINE","UNABLE TO DETERMINE","4012","N","PULASKI RD","1722",,,,,,,"2","NO INDICATION OF INJURY","0","0","0","0","0","4","0","14","5","1","41.9540773113","-87.7277757662","POINT (-87.72777576619 41.954077311331)"
"7e26f800aa978eecf27bbc34c4322f82dc10d6041b7eb26e1f943b74b443a8bef4acad0d92e6a512388ad4e80eba504d26dd4c550fbcc42e81357ccd716741c4",,"2025-01-23T14:30:00.000","30","TRAFFIC SIGNAL","FUNCTIONING PROPERLY","CLEAR","DAYLIGHT","PARKED MOTOR VEHICLE","NOT DIVIDED",,"STRAIGHT AND LEVEL","DRY","NO DEFECTS",,"INJURY AND / OR TOW DUE TO CRASH",,,,"OVER $1,500","2025-01-23T15:00:00.000","DRIVING SKILLS/KNOWLEDGE/EXPERIENCE","NOT APPLICABLE","8700","S","INDIANA AVE","632",,,,,,,"2","REPORTED, NOT EVIDENT","1","0","0","0","1","0","0","14","5","1","41.7363373062","-87.619518631","POINT (-87.619518631015 41.736337306233)"
"f586f542673f0c65e2558220a898e570a3d3f14f5c10f5006180e1f855054be2b98cde733a8c680f16658f8f4655e57127441c2d9316d8634af4018b3fc7bc5a",,"2025-01-23T14:30:00.000","10","NO CONTROLS","NO CONTROLS","CLEAR","DAYLIGHT","PARKED MOTOR VEHICLE","PARKING LOT",,"STRAIGHT AND LEVEL","DRY","NO DEFECTS","NOT ON SCENE (DESK REPORT)","NO INJURY / DRIVE AWAY",,"Y",,"OVER $1,500","2025-01-28T09:30:00.000","IMPROPER BACKING","DRIVING SKILLS/KNOWLEDGE/EXPERIENCE","6950","W","ARCHER AVE","811",,,,,,,"2","NO INDICATION OF INJURY","0","0","0","0","0","1","0","14","5","1","41.7921806053","-87.796062228","POINT (-87.796062227973 41.792180605274)"
"4b37fb6287ec7625d3f5e11f91b0ed3174626145dbd9960662bdcde15a355506534108f36da2fbd83c1fb643a41838ba316700ae7e9276ddcf1b2f6e23699103",,"2025-01-23T14:27:00.000","15","NO CONTROLS","NO CONTROLS","UNKNOWN","DAYLIGHT","PARKED MOTOR VEHICLE","PARKING LOT",,"STRAIGHT AND LEVEL","UNKNOWN","UNKNOWN","NOT ON SCENE (DESK REPORT)","NO INJURY / DRIVE AWAY",,,"Y","$500 OR LESS","2025-01-23T15:33:00.000","UNABLE TO DETERMINE","UNABLE TO DETERMINE","2640","N","NARRAGANSETT AVE","2512",,,,,,,"2","NO INDICATION OF INJURY","0","0","0","0","0","1","0","14","5","1","41.9285627311","-87.7857711641","POINT (-87.785771164063 41.928562731072)"
"09b83ad103a6c21edd8aaf13d7613f80f1999c4c1c46169a47d6aa8a7d9d5457bff48a1016e35f84d43043346925c4fd6b2c9038bee5ffa172f70d4e03847bc5",,"2025-01-23T14:20:00.000","30","NO CONTROLS","NO CONTROLS","CLEAR","DAYLIGHT","PARKED MOTOR VEHICLE","NOT DIVIDED",,"STRAIGHT AND LEVEL","DRY","NO DEFECTS","ON SCENE","NO INJURY / DRIVE AWAY",,,"Y","OVER $1,500","2025-01-23T14:43:00.000","UNABLE TO DETERMINE","NOT APPLICABLE","1951","N","WESTERN AVE","1434",,,,,,,"2","NO INDICATION OF INJURY","0","0","0","0","0","2","0","14","5","1","41.917103631","-87.687248767","POINT (-87.687248767006 41.917103631009)"