"crash_record_id","crash_date_est_i","crash_date","posted_speed_limit","traffic_control_device","device_condition","weather_condition","lighting_condition","first_crash_type","trafficway_type","lane_cnt","alignment","roadway_surface_cond","road_defect","report_type","crash_type","intersection_related_i","private_property_i","hit_and_run_i","damage","date_police_notified","prim_contributory_cause","sec_contributory_cause","street_no","street_direction","street_name","beat_of_occurrence","photos_taken_i","statements_taken_i","dooring_i","work_zone_i","work_zone_type","workers_present_i","num_units","most_severe_injury","injuries_total","injuries_fatal","injuries_incapacitating","injuries_non_incapacitating","injuries_reported_not_evident","injuries_no_indication","injuries_unknown","crash_hour","crash_day_of_week","crash_month","latitude","longitude","location"
"b212bc1cef9ef647a5cc9af0cd9f9ded1b6d67a19db314a2aca74f4c8f690b55e6056fba1191f1248fd4fb7cedfef596574825600b3bfa1d329ae4ec48be812d",,"2025-01-23T14:20:00.000","35","TRAFFIC SIGNAL","FUNCTIONING PROPERLY","CLEAR","DAYLIGHT","TURNING","DIVIDED - W/MEDIAN BARRIER",,"STRAIGHT AND LEVEL","DRY","NO DEFECTS","NOT ON SCENE (DESK REPORT)","NO INJURY / DRIVE AWAY","Y",,,"$501 - $1,500","2025-01-23T15:30:00.000","FAILING TO YIELD RIGHT-OF-WAY","FAILING TO YIELD RIGHT-OF-WAY","365","N","LOWER MICHIGAN AVE","114",,,,,,,"2","NO INDICATION OF INJURY","0","0","0","0","0","2","0","14","5","1","41.888333884","-87.6243905076","POINT (-87.624390507557 41.888333883957)"
"f942919a6585de7ad9df66b1b48123b81333b07c044de8d92de08f6c9928c723e111f9fcc45b2748559c8ed1fb75085c7cdce3f5095b45f884b0266eb5826f6c",,"2025-01-23T14:20:00.000","30","STOP SIGN/FLASHER","FUNCTIONING PROPERLY","CLEAR","DAYLIGHT","ANGLE","FOUR WAY",,"STRAIGHT AND LEVEL","DRY","UNKNOWN","NOT ON SCENE (DESK REPORT)","NO INJURY / DRIVE AWAY","Y",,,"OVER $1,500","2025-01-23T16:14:00.000","FAILING TO YIELD RIGHT-OF-WAY","NOT APPLICABLE","1999","N","WOOD ST","1433",,,,,,,"2","NO INDICATION OF INJURY","0","0","0","0","0","2","0","14","5","1","41.9177612418","-87.6726119762","POINT (-87.672611976238 41.917761241778)"
"37e60449a6f39851cc4638e783fbedfb647eb7718514c2527a8a09b0dc04a4b015a677174119a4210a6149f9a143c7482ad7122d07b13f1a41d2bb38ec00bbc6",,"2025-01-23T14:15:00.000","30","TRAFFIC SIGNAL","FUNCTIONING PROPERLY","CLEAR","DAYLIGHT","ANGLE","DIVIDED - W/MEDIAN (NOT RAISED)",,"STRAIGHT AND LEVEL","DRY","UNKNOWN",,"NO INJURY / DRIVE AWAY",,,,"OVER $1,500","2025-01-23T15:27:00.000","UNABLE TO DETERMINE","UNABLE TO DETERMINE","2751","W","PETERSON AVE","2011",,,,,,,"2","NO INDICATION OF INJURY","0","0","0","0","0","2","0","14","5","1","41.9903347474","-87.6990865062","POINT (-87.6990865062 41.990334747386)"
"394b3929e8a860a988d6de7f502e275bcdc1e4d9cf8d6ae7819069ef66c1cd3a6959580fa30b3a7efae41e948365491986822f53811f5ed36825afd20b76489c",,"2025-01-23T14:15:00.000","30","NO CONTROLS","NO CONTROLS","CLEAR","DAYLIGHT","SIDESWIPE SAME DIRECTION","NOT DIVIDED",,"STRAIGHT AND LEVEL","DRY","NO DEFECTS","NOT ON SCENE (DESK REPORT)","NO INJURY / DRIVE AWAY",,,"Y","OVER $1,500","2025-01-23T14:45:00.000","IMPROPER LANE USAGE","IMPROPER LANE USAGE","4812","W","MONTROSE AVE","1623",,,,,,,"2","NO INDICATION OF INJURY","0","0","0","0","0","3","0","14","5","1","41.9608258123","-87.7480712546","POINT (-87.748071254646 41.960825812253)"
"b0dbe6d253048f6254231e22421d122aee4aa832311c3252bf1e36fb51c8042c0d41b5e588179055e4d984e63a910eb5e3ee42ef7c62f5453f99df21a7a2f081",,"2025-01-23T14:10:00.000","30","TRAFFIC SIGNAL","FUNCTIONING PROPERLY","CLEAR","DAYLIGHT","SIDESWIPE SAME DIRECTION","NOT DIVIDED",,"STRAIGHT AND LEVEL","DRY","NO DEFECTS","NOT ON SCENE (DESK REPORT)","INJURY AND / OR TOW DUE TO CRASH",,,"N","OVER $1,500","2025-01-23T15:05:00.000","IMPROPER TURNING/NO SIGNAL","IMPROPER TURNING/NO SIGNAL","5000","W","HARRISON ST","1533",,,,,,,"2","REPORTED, NOT EVIDENT","1","0","0","0","1","1","0","14","5","1","41.8731284748","-87.7493597166","POINT (-87.749359716635 41.87312847476)"
"f5cb8638f50aa1a720c2bb8be17c164b5cc075e421ee27e46aeb801df8c1f2e11f74e29a115a5c1fbb9c151898cb65f95fc04cc00f892161ec1ce0ac2c130afc",,"2025-01-23T14:09:00.000","25","NO CONTROLS","NO CONTROLS","CLEAR","DAYLIGHT","PARKED MOTOR VEHICLE","PARKING LOT",,"STRAIGHT AND LEVEL","UNKNOWN","NO DEFECTS","NOT ON SCENE (DESK REPORT)","NO INJURY / DRIVE AWAY",,,,"OVER $1,500","2025-01-23T15:28:00.000","UNABLE TO DETERMINE","NOT APPLICABLE","3501","W","OGDEN AVE","1024",,,,,,,"2","NO INDICATION OF INJURY","0","0","0","0","0","2","0","14","5","1","41.8552219247","-87.7125225635","POINT (-87.71252256345 41.855221924714)"
"40e9adc9382b0289bafa5b0e94b7626f3aebfac15b300ec99e51ec96fc02ebd318b92cae87eb6a27482a5f0873bc8f6727ba58334eba59c25782b0120a6d91cb",,"2025-01-23T14:00:00.000","30","NO CONTROLS","NO CONTROLS","CLEAR","DAYLIGHT","REAR END","OTHER",,"STRAIGHT AND LEVEL","DRY","NO DEFECTS","NOT ON SCENE (DESK REPORT)","NO INJURY / DRIVE AWAY",,"Y",,"OVER $1,500","2025-01-23T14:10:00.000","UNABLE TO DETERMINE","UNABLE TO DETERMINE","1204","E","53RD ST","234",,,,,,,"2","NO INDICATION OF INJURY","0","0","0","0","0","2","0","14","5","1","41.7995689101","-87.5964007498","POINT (-87.596400749828 41.79956891013)"
"573b57747589eea60c92c4fab910688d57c080e610e27f0d934d783fc6b467cb1ce509d16f379330ebd08f0e2fa5d4ca247446c57de07dc525b556524ea1189c",,"2025-01-23T14:00:00.000","35","NO CONTROLS","NO CONTROLS","CLEAR","DAYLIGHT","REAR END","NOT DIVIDED",,"STRAIGHT AND LEVEL","DRY","NO DEFECTS","NOT ON SCENE (DESK REPORT)","NO INJURY / DRIVE AWAY",,,,"OVER $1,500","2025-01-24T09:00:00.000","FOLLOWING TOO CLOSELY","FAILING TO REDUCE SPEED TO AVOID CRASH","3653","W","ADDISON ST","1732",,,,,,,"2","NO INDICATION OF INJURY","0","0","0","0","0","2","0","14","5","1","41.9463654808","-87.7197433017","POINT (-87.719743301749 41.946365480835)"
"b4deb8e97bdaf17f5d70afb711ff23415bccf2139ec6ee292e4f43a4b981ebe0901260d9f5eaaefb69a75571104225bba6944075c5c7c7b1086f8a3b6ccfc210",,"2025-01-23T14:00:00.000","30","NO CONTROLS","NO CONTROLS","CLEAR","DAYLIGHT","PARKED MOTOR VEHICLE","ONE-WAY",,"STRAIGHT AND LEVEL","DRY","NO DEFECTS","NOT ON SCENE (DESK REPORT)","NO INJURY / DRIVE AWAY",,,,"$501 - $1,500","2025-01-23T14:50:00.000","IMPROPER BACKING","IMPROPER BACKING","555","W","MADISON ST","121",,,,,,,"2","NO INDICATION OF INJURY","0","0","0","0","0","2","0","14","5","1","41.8817375162","-87.6418080251","POINT (-87.641808025103 41.881737516212)"
"e33a86f1100ac64be068b90232676e6ea6eeed308428562d9b4a36995068ee19b43240a6afe4b0f2dd96874072b4365f32d1837ac33f971188204497683f757d",,"2025-01-23T14:00:00.000","30","UNKNOWN","UNKNOWN","UNKNOWN","DAYLIGHT","SIDESWIPE SAME DIRECTION","NOT DIVIDED",,"STRAIGHT AND LEVEL","UNKNOWN","UNKNOWN","NOT ON SCENE (DESK REPORT)","NO INJURY / DRIVE AWAY",,,,"OVER $1,500","2025-01-23T17:50:00.000","UNABLE TO DETERMINE","UNABLE TO DETERMINE","660","W","LAKE ST","1214",,,,,,,"2","NO INDICATION OF INJURY","0","0","0","0","0","2","0","14","5","1","41.8858060689","-87.6450875438","POINT (-87.645087543795 41.885806068868)"
"331c0cd2dbc0f1e858210054a5fc2cccd1da91fa663c69f44e37523e22810b0709d107af41ebade809c14e4df8962a3bbe31cb408766165c2fa12cb5879cb9cd",,"2025-01-23T13:55:00.000","30","STOP SIGN/FLASHER","FUNCTIONING PROPERLY","CLEAR","DAYLIGHT","SIDESWIPE SAME DIRECTION","DIVIDED - W/MEDIAN (NOT RAISED)",,"STRAIGHT AND LEVEL","SNOW OR SLUSH","NO DEFECTS","NOT ON SCENE (DESK REPORT)","NO INJURY / DRIVE AWAY",,,,"$500 OR LESS","2025-01-23T14:20:00.000","FOLLOWING TOO CLOSELY","FAILING TO REDUCE SPEED TO AVOID CRASH","3299","S","ARCHER AVE","912",,,,,,,"2","NO INDICATION OF INJURY","0","0","0","0","0","3","0","13","5","1","41.8340262196","-87.671484603","POINT (-87.671484602963 41.834026219573)"
"f8ac0b59dc14d38320e92c4b2c83afe46d22018610d67a62d5874c304f294886c09312f2e735d954220bbf7b760a328ad4b6aaa75df22c5dd4fc570c8d7828fd",,"2025-01-23T13:54:00.000","30","NO CONTROLS","NO CONTROLS","CLEAR","DAYLIGHT","REAR TO FRONT","NOT DIVIDED",,"STRAIGHT AND LEVEL","DRY","NO DEFECTS","ON SCENE","NO INJURY / DRIVE AWAY",,,,"$500 OR LESS","2025-01-23T13:55:00.000","FOLLOWING TOO CLOSELY","DRIVING SKILLS/KNOWLEDGE/EXPERIENCE","120","W","WASHINGTON ST","122",,,,,,,"2","NO INDICATION OF INJURY","0","0","0","0","0","2","0","13","5","1","41.8833203545","-87.6315447005","POINT (-87.631544700496 41.883320354465)"
"9c673761212ea64b185240a778803d038731965d0efb146752bed91126a5b840ac88bce3764471ec8f8a93fdb4ed57a1bcfe6c81d50789cabfbd06d2424aa702",,"2025-01-23T13:50:00.000","30","NO CONTROLS","NO CONTROLS","CLEAR","DAYLIGHT","TURNING","NOT DIVIDED",,"STRAIGHT AND LEVEL","WET","NO DEFECTS","ON SCENE","NO INJURY / DRIVE AWAY",,,,"$501 - $1,500","2025-01-23T13:55:00.000","IMPROPER TURNING/NO SIGNAL","NOT APPLICABLE","1146","S","WABASH AVE","123",,,,,,,"2","NO INDICATION OF INJURY","0","0","0","0","0","2","0","13","5","1","41.8678656455","-87.6259805358","POINT (-87.625980535794 41.86786564545)"
"a90e0132223df53b2c02da69716e36ba97b302e4aadb7dbd1d2ed131d7615cc36fedf6482a48003e93af1930efbef964a367a134ef883a05c3a6acafe93b5507",,"2025-01-23T13:48:00.000","30","STOP SIGN/FLASHER","FUNCTIONING PROPERLY","SNOW","DAYLIGHT","TURNING","FOUR WAY",,"STRAIGHT AND LEVEL","SNOW OR SLUSH","UNKNOWN","ON SCENE","INJURY AND / OR TOW DUE TO CRASH","Y",,,"OVER $1,500","2025-01-23T13:50:00.000","FAILING TO YIELD RIGHT-OF-WAY","UNABLE TO DETERMINE","2459","W","MADISON ST","1125",,,,,,,"2","NONINCAPACITATING INJURY","2","0","0","2","0","0","0","13","5","1","41.8810204918","-87.6886710615","POINT (-87.688671061506 41.881020491797)"
"c0d621ab580f1b20ef1d0954fea3be7ded83af0d458d9275e4ab2b813ba4b111817dd1ad8642aa5fe13d87a1f7330064fb4c67ef34c115b200ec158e871d968f",,"2025-01-23T13:48:00.000","30","OTHER","FUNCTIONING PROPERLY","CLEAR","DAYLIGHT","SIDESWIPE SAME DIRECTION","DIVIDED - W/MEDIAN (NOT RAISED)",,"STRAIGHT AND LEVEL","DRY","OTHER","ON SCENE","NO INJURY / DRIVE AWAY",,,,"OVER $1,500","2025-01-23T13:48:00.000","FAILING TO YIELD RIGHT-OF-WAY","NOT APPLICABLE","6516","W","IRVING PARK RD","1632",,,,,,,"2","NO INDICATION OF INJURY","0","0","0","0","0","3","0","13","5","1","41.9529742451","-87.7896813942","POINT (-87.789681394187 41.952974245135)"
"5ebb1847efe0026fe4c0fd730bffce7c24fcc318e10bac9a73f63005eb12f6caaae2d5870196c8eeaaff124574763b6bc16d8a7755c34e42dcd258324a670fa6",,"2025-01-23T13:37:00.000","30","TRAFFIC SIGNAL","FUNCTIONING PROPERLY","CLEAR","DAYLIGHT","ANGLE","FOUR WAY",,"STRAIGHT AND LEVEL","SNOW OR SLUSH","UNKNOWN","ON SCENE","INJURY AND / OR TOW DUE TO CRASH",,,,"$501 - $1,500","2025-01-23T13:38:00.000","DISREGARDING TRAFFIC SIGNALS","NOT APPLICABLE","660","N","ORLEANS ST","1831",,,,,,,"2","NO INDICATION OF INJURY","0","0","0","0","0","2","0","13","5","1","41.8940614889","-87.6372523399","POINT (-87.63725233994 41.894061488904)"
"3e9f5ca3a7d3e620fcbf3fd191468bb778db03c72224b4506ed4bed31e36e7569d9e692f74af4f3e55e9c859a2a5a7000f47025334562aaebd9f528c67b9a8b1",,"2025-01-23T13:30:00.000","40","NO CONTROLS","NO CONTROLS","CLEAR","DAYLIGHT","SIDESWIPE SAME DIRECTION","DIVIDED - W/MEDIAN BARRIER",,"CURVE, LEVEL","SNOW OR SLUSH","NO DEFECTS","ON SCENE","NO INJURY / DRIVE AWAY",,,,"OVER $1,500","2025-01-23T14:45:00.000","WEATHER","FAILING TO REDUCE SPEED TO AVOID CRASH","1012","N","LAKE SHORE DR SB","1824",,,,,,,"2","NO INDICATION OF INJURY","0","0","0","0","0","2","0","13","5","1","41.9011220419","-87.6210589508","POINT (-87.621058950814 41.901122041942)"
"da03b6a6234c848709a3ba254f654a4448ed74f0df37ef8e360b8a8d5674e1d6f7f63248742b5643c7cc9239cd3ccc07e97178ed0ded989d95f4564fb673c8b9",,"2025-01-23T13:30:00.000","30","NO CONTROLS","NO CONTROLS","CLEAR","DAYLIGHT","SIDESWIPE SAME DIRECTION","NOT DIVIDED",,"STRAIGHT AND LEVEL","WET","NO DEFECTS","NOT ON SCENE (DESK REPORT)","NO INJURY / DRIVE AWAY",,,,"OVER $1,500","2025-01-23T14:00:00.000","UNABLE TO DETERMINE","UNABLE TO DETERMINE","1980","N","MILWAUKEE AVE","1434",,,,,,,"2","NO INDICATION OF INJURY","0","0","0","0","0","2","0","13","5","1","41.9173351018","-87.6884536464","POINT (-87.688453646408 41.917335101776)"
"0e7967ab14f2e666dbb26d91071d6f8c9af4c295704aa396a8893b570c393640362e6fa67592f913f06769235cfe4b4a8f3441ab69d35e7e18b5acc4cbabd94f",,"2025-01-23T13:27:00.000","30","NO CONTROLS","NO CONTROLS","CLEAR","DAYLIGHT","SIDESWIPE SAME DIRECTION","DIVIDED - W/MEDIAN BARRIER",,"STRAIGHT AND LEVEL","SNOW OR SLUSH","NO DEFECTS","ON SCENE","NO INJURY / DRIVE AWAY",,,,"$501 - $1,500","2025-01-23T13:27:00.000","FOLLOWING TOO CLOSELY","FAILING TO REDUCE SPEED TO AVOID CRASH","1998","W","63RD ST","714",,,,,,,"2","NO INDICATION OF INJURY","0","0","0","0","0","2","0","13","5","1","41.7794261429","-87.6738470351","POINT (-87.673847035122 41.779426142946)"
"bfc9dcff66e8ba4f90df4b4d341a3eae00684e92b6a808659fdf071f159dc34fd4eedde75057390e85c50f62267f0c2355e2137dbc755266e38f15408eddc4e3",,"2025-01-23T13:27:00.000","15","NO CONTROLS","NO CONTROLS","CLEAR","DAYLIGHT","ANGLE","PARKING LOT",,"STRAIGHT AND LEVEL","DRY","NO DEFECTS",,"NO INJURY / DRIVE AWAY",,,,"OVER $1,500","2025-01-23T14:05:00.000","NOT APPLICABLE","NOT APPLICABLE","7700","S","KEDZIE AVE","835",,,,,,,"2","NO INDICATION OF INJURY","0","0","0","0","0","3","0","13","5","1","41.75335698","-87.7026425505","POINT (-87.70264255049 41.753356980012)"
"787ebd769d5822dfd789cdcc0b022d907e30b1f15feca2ef4eace420fc2a1c631d6463254b7b3d9af197a110108a5c69b5936ce95036c554215ea7dac711789d",,"2025-01-23T13:25:00.000","30","NO CONTROLS","NO CONTROLS","CLEAR","DAYLIGHT","PARKED MOTOR VEHICLE","NOT DIVIDED",,"STRAIGHT AND LEVEL","DRY","NO DEFECTS","ON SCENE","NO INJURY / DRIVE AWAY",,,,"$501 - $1,500","2025-01-23T13:30:00.000","NOT APPLICABLE","NOT APPLICABLE","4653","N","CAMPBELL AVE","1911",,,,,,,"2","NO INDICATION OF INJURY","0","0","0","0","0","1","0","13","5","1","41.9664205149","-87.6911374671","POINT (-87.69113746709 41.966420514872)"
"66e0f7647fc2a1f14870279d2b8ad99c2e37fda8e3c0f8b8ec76355ddafc658b6dc792fd05c16880edf3a287b698bd3a065d6d682ee996861ed1838abe384193",,"2025-01-23T13:20:00.000","15","NO CONTROLS","NO CONTROLS","CLEAR","DAYLIGHT","ANGLE","PARKING LOT",,"STRAIGHT AND LEVEL","DRY","NO DEFECTS","NOT ON SCENE (DESK REPORT)","NO INJURY / DRIVE AWAY",,,"Y","$501 - $1,500","2025-01-23T13:32:00.000","FAILING TO YIELD RIGHT-OF-WAY","NOT APPLICABLE","5001","N","PULASKI RD","1712",,,,,,,"2","NO INDICATION OF INJURY","0","0","0","0","0","4","0","13","5","1","41.9719812207","-87.7279868979","POINT (-87.727986897856 41.97198122069)"
"f28b7f7dd8fb1a5f45a51183a80240fea055440a75db425f4382ec7175e47cfe56ddcc11a2821681b8c6aa222fb86cbcfc0ef35b6e70a07c771db0ec00006717",,"2025-01-23T13:20:00.000","30","TRAFFIC SIGNAL","FUNCTIONING PROPERLY","UNKNOWN","UNKNOWN","TURNING","DIVIDED - W/MEDIAN (NOT RAISED)",,"STRAIGHT AND LEVEL","UNKNOWN","UNKNOWN","NOT ON SCENE (DESK REPORT)","NO INJURY / DRIVE AWAY","Y",,,"$501 - $1,500","2025-01-23T13:30:00.000","DISTRACTION - FROM OUTSIDE VEHICLE","DISTRACTION - FROM OUTSIDE VEHICLE","3776","W","ROOSEVELT RD","1133",,,,,,,"2","NO INDICATION OF INJURY","0","0","0","0","0","2","0","13","5","1","41.8663498843","-87.720095954","POINT (-87.72009595399 41.866349884342)"
"12fded7b4d2e7644fd36d8816941c857c24dea6cf931519531471a8fc0a1cd9d4dba384bacdd659bd2066bb69eda9aba944d1c981f59e8a680384c96d2c01844",,"2025-01-23T13:00:00.000","30","NO CONTROLS","NO CONTROLS","CLEAR","DAYLIGHT","PARKED MOTOR VEHICLE","ONE-WAY",,"STRAIGHT AND LEVEL","DRY","NO DEFECTS","NOT ON SCENE (DESK REPORT)","NO INJURY / DRIVE AWAY",,,,"$500 OR LESS","2025-01-23T13:30:00.000","UNABLE TO DETERMINE","UNABLE TO DETERMINE","2706","E","96TH ST","431",,,,,,,"2","NO INDICATION OF INJURY","0","0","0","0","0","1","0","13","5","1","41.7209724982","-87.5576266826","POINT (-87.557626682646 41.720972498163)"
"1d97533b5ff0c9d1cc0624f7bb9daced6b147f5a2d6380f630b101425299579b6f0300d721da11788ab7ad65e3bd52257ea31db63c575499fbdaeb2fdfcb5d7e",,"2025-01-23T13:00:00.000","5","NO CONTROLS","NO CONTROLS","CLEAR","DAYLIGHT","REAR END","OTHER",,"STRAIGHT AND LEVEL","WET","NO DEFECTS","NOT ON SCENE (DESK REPORT)","NO INJURY / DRIVE AWAY",,"Y",,"OVER $1,500","2025-01-23T15:10:00.000","NOT APPLICABLE","NOT APPLICABLE","427","E","PERSHING RD","214",,,,,,,"2","NO INDICATION OF INJURY","0","0","0","0","0","2","0","13","5","1","41.8237429989","-87.615686201","POINT (-87.615686200955 41.823742998867)"
"222fd7325433f57ca92798b5a147e9bf27c6768b3ed5001bc5150e58ffbb54ec37c803717d42fe765114f684f8832bc9032916177301e227fe049e4a9a8ad746",,"2025-01-23T13:00:00.000","30","NO CONTROLS","NO CONTROLS","CLEAR","DAYLIGHT","PARKED MOTOR VEHICLE","NOT DIVIDED",,"STRAIGHT AND LEVEL","DRY","NO DEFECTS","NOT ON SCENE (DESK REPORT)","NO INJURY / DRIVE AWAY",,,"Y","OVER $1,500","2025-01-24T12:00:00.000","UNABLE TO DETERMINE","NOT APPLICABLE","7809","S","HERMITAGE AVE","611",,,,,,,"2","NO INDICATION OF INJURY","0","0","0","0","0","1","0","13","5","1","41.7518129635","-87.666970716","POINT (-87.666970715989 41.7518129635)"
"2b467a3092c5740617a6277c2a9173571334debf6d14ce3f0c234a49c8590cbb7bdfac7186eeee3f0f48c185a48943c8cd0cefac3c141487b61bb6bf83c110bd","Y","2025-01-23T13:00:00.000","30","TRAFFIC SIGNAL","FUNCTIONING PROPERLY","SNOW","DAYLIGHT","TURNING","FOUR WAY",,"STRAIGHT AND LEVEL","WET","NO DEFECTS","ON SCENE","INJURY AND / OR TOW DUE TO CRASH","Y",,,"$501 - $1,500","2025-01-23T13:18:00.000","DISREGARDING TRAFFIC SIGNALS","FAILING TO REDUCE SPEED TO AVOID CRASH","4400","W","OGDEN AVE","1013",,,,,,,"2","INCAPACITATING INJURY","2","0","1","1","0","0","0","13","5","1","41.8477775228","-87.7345059687","POINT (-87.734505968748 41.847777522805)"
"5237bc3c78e797243766f38e49d2c9338e5ada9f37037918843db7119e4f31feebbb4fbd2ff9d7d6dc4668b2f4c2fc16b62b01721edb227d366cd93f7df3c018",,"2025-01-23T13:00:00.000","35","UNKNOWN","UNKNOWN","UNKNOWN","UNKNOWN","REAR END","UNKNOWN",,"STRAIGHT AND LEVEL","UNKNOWN","UNKNOWN","NOT ON SCENE (DESK REPORT)","NO INJURY / DRIVE AWAY",,,,"OVER $1,500","2025-01-23T13:45:00.000","UNABLE TO DETERMINE","UNABLE TO DETERMINE","6701","S","CICERO AVE","833",,,,,,,"2","NO INDICATION OF INJURY","0","0","0","0","0","2","0","13","5","1","41.7710448011","-87.7419056317","POINT (-87.741905631651 41.771044801146)"
"688e638b75276e0c2c9649bd12f600bb1f3bc51cf7500576a74bf4923ce36c2685b654192bdae7030b3dc56b5f109758fe3da947b2abd6d06fcfd5bc2526c473",,"2025-01-23T13:00:00.000","30","NO CONTROLS","NO CONTROLS","CLEAR","DAYLIGHT","SIDESWIPE SAME DIRECTION","NOT DIVIDED",,"STRAIGHT AND LEVEL","UNKNOWN","UNKNOWN","NOT ON SCENE (DESK REPORT)","NO INJURY / DRIVE AWAY",,,,"OVER $1,500","2025-01-25T10:25:00.000","UNABLE TO DETERMINE","NOT APPLICABLE","2303","S","CANAL ST","914",,,,,,,"2","NO INDICATION OF INJURY","0","0","0","0","0","2","0","13","5","1","41.8507783661","-87.6383329497","POINT (-87.638332949699 41.850778366051)"
"77f9713b61b2523e3a63cb73db09861a55e235ac94cbca989e3bf80d0093c35431736c5eb1de15789d0226f664dac9e0962c3104155f8d091521b23985acdba4",,"2025-01-23T13:00:00.000","30","NO CONTROLS","NO CONTROLS","CLEAR","DAYLIGHT","TURNING","FOUR WAY",,"STRAIGHT ON GRADE","DRY","NO DEFECTS","NOT ON SCENE (DESK REPORT)","NO INJURY / DRIVE AWAY","Y",,,"$501 - $1,500","2025-01-23T15:00:00.000","IMPROPER TURNING/NO SIGNAL","DRIVING SKILLS/KNOWLEDGE/EXPERIENCE","620","W","18TH ST","1235",,,,,,,"2","NO INDICATION OF INJURY","0","0","0","0","0","2","0","13","5","1","41.8577154275","-87.6428232857","POINT (-87.642823285707 41.857715427536)"
"d98f47e812d9b9425de55f1d3466aa318bd5a4f34c85efb9fff4039335fe4d0fd87b41c0f508d6e8f1e73645155190d95faa0eaf8cc34fd693db26ad213d8e92",,"2025-01-23T12:55:00.000","45","NO CONTROLS","NO CONTROLS","CLEAR","DAYLIGHT","SIDESWIPE SAME DIRECTION","DIVIDED - W/MEDIAN (NOT RAISED)",,"STRAIGHT AND LEVEL","DRY","NO DEFECTS","ON SCENE","INJURY AND / OR TOW DUE TO CRASH",,,,"$501 - $1,500","2025-01-23T13:00:00.000","UNABLE TO DETERMINE","NOT APPLICABLE","10000","W","OHARE ST","1651",,,,,,,"2","NO INDICATION OF INJURY","0","0","0","0","0","2","0","12","5","1","41.976201139","-87.9053091251","POINT (-87.905309125103 41.976201139024)"
"80cb4d85021cc063e553658c4f86212f7ef6c84fcba7d960a2cacb0cb3f376fd21001896ce1bc176b043378897dc12d2df56e07c0241ed085034eeead6b24f5a",,"2025-01-23T12:53:00.000","30","NO CONTROLS","NO CONTROLS","CLEAR","DAYLIGHT","PARKED MOTOR VEHICLE","NOT DIVIDED",,"STRAIGHT AND LEVEL","DRY","UNKNOWN","ON SCENE","INJURY AND / OR TOW DUE TO CRASH",,,"N","OVER $1,500","2025-01-23T16:38:00.000","UNABLE TO DETERMINE","UNABLE TO DETERMINE","7925","S","SOUTH CHICAGO AVE","411",,,,,,,"2","NO INDICATION OF INJURY","0","0","0","0","0","1","0","12","5","1","41.751022446","-87.5847147616","POINT (-87.584714761624 41.75102244596)"
"16b66636e543094048657c73314fe3f1c9bdff2f152203656ced1cd3c0e9e2f78baee4107cb8b10c4ee3f033ced5db8ecdc7bc23ae71c85ab13bc074c701f19a",,"2025-01-23T12:50:00.000","30","NO CONTROLS","NO CONTROLS","CLEAR","DAYLIGHT","REAR END","NOT DIVIDED",,"STRAIGHT AND LEVEL","WET","NO DEFECTS","NOT ON SCENE (DESK REPORT)","NO INJURY / DRIVE AWAY",,,"Y","OVER $1,500","2025-01-23T13:35:00.000","UNABLE TO DETERMINE","UNABLE TO DETERMINE","5265","W","DEVON AVE","1621",,,,,,,"2","NO INDICATION OF INJURY","0","0","0","0","0","2","0","12","5","1","41.9972180671","-87.7605286289","POINT (-87.760528628907 41.997218067085)"
"9c2aba9b4de68cde86e6c96f9bccea830fdec9bfb50664e0d08a81044dc43e39b0f5fbb332d69beb69776be5cdc3b001634b0b51096a0d9bc57637c3dd95b5fd",,"2025-01-23T12:50:00.000","30","TRAFFIC SIGNAL","FUNCTIONING PROPERLY","SNOW","DAYLIGHT","SIDESWIPE SAME DIRECTION","DIVIDED - W/MEDIAN BARRIER",,"STRAIGHT AND LEVEL","WET","NO DEFECTS","ON SCENE","NO INJURY / DRIVE AWAY",,,,"$501 - $1,500","2025-01-23T12:55:00.000","IMPROPER OVERTAKING/PASSING","NOT APPLICABLE","98","S","MICHIGAN AVE","112",,,,,,,"2","NO INDICATION OF INJURY","0","0","0","0","0","2","0","12","5","1","41.8808901186","-87.624483266","POINT (-87.624483266019 41.88089011864)"
"c2425040b25956c96e246574a802ef7360090d89ad57b995bf5fbbc140d355cf63584856758ff03c75974059e09cfbbcb542d1e71fa9d006f031efd51033ff06",,"2025-01-23T12:50:00.000","30","NO CONTROLS","NO CONTROLS","CLEAR","DAYLIGHT","SIDESWIPE SAME DIRECTION","DIVIDED - W/MEDIAN (NOT RAISED)",,"STRAIGHT AND LEVEL","WET","NO DEFECTS","ON SCENE","INJURY AND / OR TOW DUE TO CRASH",,,,"OVER $1,500","2025-01-23T12:51:00.000","IMPROPER OVERTAKING/PASSING","FAILING TO YIELD RIGHT-OF-WAY","7615","S","STONY ISLAND AVE","411",,"Y",,,,,"3","NONINCAPACITATING INJURY","1","0","0","1","0","3","0","12","5","1","41.7564942538","-87.5855352225","POINT (-87.585535222529 41.756494253822)"