"crash_record_id","crash_date_est_i","crash_date","posted_speed_limit","traffic_control_device","device_condition","weather_condition","lighting_condition","first_crash_type","trafficway_type","lane_cnt","alignment","roadway_surface_cond","road_defect","report_type","crash_type","intersection_related_i","private_property_i","hit_and_run_i","damage","date_police_notified","prim_contributory_cause","sec_contributory_cause","street_no","street_direction","street_name","beat_of_occurrence","photos_taken_i","statements_taken_i","dooring_i","work_zone_i","work_zone_type","workers_present_i","num_units","most_severe_injury","injuries_total","injuries_fatal","injuries_incapacitating","injuries_non_incapacitating","injuries_reported_not_evident","injuries_no_indication","injuries_unknown","crash_hour","crash_day_of_week","crash_month","latitude","longitude","location"
"4b91999404927be9e6d5348474cc219ae56d8d9761b4c4e6daf24bae77b9587fe70a94678d9b44232c65cc1cd811597701625075009555854cdd6f7a08bca0e4",,"2025-01-23T12:40:00.000","30","STOP SIGN/FLASHER","FUNCTIONING PROPERLY","CLEAR","DAYLIGHT","ANGLE","FOUR WAY",,"STRAIGHT AND LEVEL","WET","UNKNOWN","ON SCENE","INJURY AND / OR TOW DUE TO CRASH","Y",,,"OVER $1,500","2025-01-23T12:44:00.000","DISREGARDING TRAFFIC SIGNALS","FAILING TO REDUCE SPEED TO AVOID CRASH","1200","S","INDEPENDENCE BLVD","1011",,,,,,,"2","NONINCAPACITATING INJURY","3","0","0","3","0","2","0","12","5","1","41.8661463823","-87.720268041","POINT (-87.720268041003 41.86614638227)"
"82185147bb5c7323415c8773984c0914d16e19ac0a8e26724c5c856bcdd757f4efc2f667a20a1a670a541a9034d22501b67d13bb28208582680b8318fb48290a",,"2025-01-23T12:38:00.000","30","TRAFFIC SIGNAL","FUNCTIONING PROPERLY","CLEAR","DAYLIGHT","TURNING","FOUR WAY",,"STRAIGHT AND LEVEL","DRY","NO DEFECTS","ON SCENE","NO INJURY / DRIVE AWAY","Y",,"Y","OVER $1,500","2025-01-23T12:38:00.000","UNABLE TO DETERMINE","UNABLE TO DETERMINE","3434","S","PULASKI RD","1031",,,,,,,"2","NO INDICATION OF INJURY","0","0","0","0","0","2","0","12","5","1","41.831111788","-87.7243723377","POINT (-87.724372337731 41.831111788038)"
"d2dc0ff9e92eefc83ce9cbf978eb71fbe7140ab300dac9684892cf5c8cc38143ec1159ae4222b8943f7d4cb21455e82762b6148a8c33b47b3bb3d29815495320",,"2025-01-23T12:32:00.000","30","NO CONTROLS","NO CONTROLS","SNOW","DAYLIGHT","PARKED MOTOR VEHICLE","NOT DIVIDED",,"STRAIGHT AND LEVEL","SNOW OR SLUSH","NO DEFECTS","ON SCENE","INJURY AND / OR TOW DUE TO CRASH",,,,"OVER $1,500","2025-01-23T12:32:00.000","PHYSICAL CONDITION OF DRIVER","PHYSICAL CONDITION OF DRIVER","500","E","51ST ST","223",,,,,,,"5","REPORTED, NOT EVIDENT","1","0","0","0","1","0","0","12","5","1","41.8022387098","-87.6139957271","POINT (-87.613995727141 41.802238709769)"
"cf353eb91b9de13365e48df0c6476ec3e794bc1449534d5a8db5fa4a52c8b0c4493bf164d95bbe234f75365b55ce8e51a2e36a4dd8cab4b452281a5816c190aa","Y","2025-01-23T12:27:00.000","30","TRAFFIC SIGNAL","FUNCTIONING PROPERLY","CLEAR","DAYLIGHT","PEDESTRIAN","NOT DIVIDED",,"STRAIGHT AND LEVEL","WET","NO DEFECTS","ON SCENE","INJURY AND / OR TOW DUE TO CRASH","Y",,,"$501 - $1,500","2025-01-23T12:28:00.000","UNABLE TO DETERMINE","UNABLE TO DETERMINE","3100","S","CENTRAL PARK AVE","1032",,,,,,,"2","NONINCAPACITATING INJURY","2","0","0","2","0","0","0","12","5","1","41.8369653642","-87.7147391421","POINT (-87.714739142055 41.836965364198)"
"fb577f06d6accd9c7f58139ada371d63c61232cafd70ca9d6461d64f214d34da779991ba3399dbcdb4cf999146ad6e7a85593916e61fb2c4bc7ad844f13eb50d",,"2025-01-23T12:19:00.000","20","NO CONTROLS","NO CONTROLS","CLEAR","DAYLIGHT","OTHER OBJECT","PARKING LOT",,"STRAIGHT AND LEVEL","WET","NO DEFECTS","ON SCENE","NO INJURY / DRIVE AWAY",,,,"OVER $1,500","2025-01-23T12:35:00.000","RELATED TO BUS STOP","RELATED TO BUS STOP","7130","W","ARCHER AVE","811",,,,,,,"1","NO INDICATION OF INJURY","0","0","0","0","0","1","0","12","5","1","41.7920672141","-87.8001988872","POINT (-87.800198887183 41.792067214057)"
"98363b6139f60828579bc62e8c7fffafd8957daa26a7a55a3c72d3ff38e98996f5a331bb227ef48edd18e85fef417226ce1be343e9788d715bc44f2b75741d9e",,"2025-01-23T12:15:00.000","30","UNKNOWN","UNKNOWN","UNKNOWN","UNKNOWN","ANGLE","NOT DIVIDED",,"STRAIGHT AND LEVEL","UNKNOWN","UNKNOWN","NOT ON SCENE (DESK REPORT)","NO INJURY / DRIVE AWAY",,,,"OVER $1,500","2025-01-23T13:10:00.000","FAILING TO YIELD RIGHT-OF-WAY","UNABLE TO DETERMINE","7455","N","HOYNE AVE","2424",,,,,,,"2","NO INDICATION OF INJURY","0","0","0","0","0","2","0","12","5","1","42.0174702443","-87.6828468274","POINT (-87.682846827369 42.017470244347)"
"add21dcb033aa4644bde64453d063d3afb3a6af87f22faac6f894d607f2a236a86e7b0fcdbd66c544ca0876d20f06be606c3a16cbf0eb219dfb84b47e86a684a",,"2025-01-23T12:15:00.000","30","NO CONTROLS","NO CONTROLS","CLEAR","DAYLIGHT","SIDESWIPE SAME DIRECTION","DIVIDED - W/MEDIAN (NOT RAISED)",,"STRAIGHT AND LEVEL","SNOW OR SLUSH","UNKNOWN","NOT ON SCENE (DESK REPORT)","NO INJURY / DRIVE AWAY",,,,"OVER $1,500","2025-01-23T13:30:00.000","FAILING TO YIELD RIGHT-OF-WAY","FAILING TO REDUCE SPEED TO AVOID CRASH","1500","N","CLYBOURN AVE","1822",,,,,,,"2","NO INDICATION OF INJURY","0","0","0","0","0","2","0","12","5","1","41.9085601354","-87.6464526857","POINT (-87.646452685725 41.908560135368)"
"408968507cf44fd4bac8897a2f91604b1db4efbdda78db89b30cfaf20840ae998c1ba7ab9c004e0411163dc0f3f3b0ce1c198b98bae3d1c24c1d5d5ecc6e5f90",,"2025-01-23T12:14:00.000","30","NO CONTROLS","NO CONTROLS","CLEAR","DAYLIGHT","PARKED MOTOR VEHICLE","NOT DIVIDED",,"STRAIGHT AND LEVEL","WET","NO DEFECTS","ON SCENE","NO INJURY / DRIVE AWAY",,,"Y","$501 - $1,500","2025-01-23T12:20:00.000","UNABLE TO DETERMINE","UNABLE TO DETERMINE","4424","N","ARTESIAN AVE","1911",,,,,,,"2","NO INDICATION OF INJURY","0","0","0","0","0","1","0","12","5","1","41.9620737725","-87.6900759295","POINT (-87.69007592951 41.962073772549)"
"697176291cd85672475f91311770741e79d35c39e74cd78139b935c9485d6d262c379d5ebf590a6e3c7a0a1a78674fe8163a34256070508f8c69065e9e24d843",,"2025-01-23T12:13:00.000","10","NO CONTROLS","NO CONTROLS","CLEAR","DAYLIGHT","ANGLE","PARKING LOT",,"STRAIGHT AND LEVEL","WET","NO DEFECTS",,"NO INJURY / DRIVE AWAY",,,,"OVER $1,500","2025-01-23T12:15:00.000","UNABLE TO DETERMINE","NOT APPLICABLE","4626","W","DIVERSEY AVE","2521",,,,,,,"2","NO INDICATION OF INJURY","0","0","0","0","0","3","0","12","5","1","41.9316889194","-87.7430169468","POINT (-87.743016946831 41.931688919351)"
"f911b543dd6e89aaaebb001a8f0d2a8c874029360ced75c4da685845cffbac33c2ede9297e4f25cb3ecddff0d72a5de5ac148c1835a54fb846b405e937346c0d",,"2025-01-23T12:10:00.000","30","TRAFFIC SIGNAL","NO CONTROLS","CLEAR","DAYLIGHT","REAR TO FRONT","DIVIDED - W/MEDIAN (NOT RAISED)",,"STRAIGHT AND LEVEL","WET","UNKNOWN","ON SCENE","NO INJURY / DRIVE AWAY","Y",,,"OVER $1,500","2025-01-23T12:11:00.000","DISTRACTION - FROM OUTSIDE VEHICLE","NOT APPLICABLE","11","S","STATE ST","112",,,,,,,"2","NO INDICATION OF INJURY","0","0","0","0","0","3","0","12","5","1","41.8817374179","-87.627615319","POINT (-87.62761531896 41.881737417887)"
"72ceccbb6d3ddf687e0add5915d6732a06c7d251db238382b173dd26ea48d99a888ca250407fbab615e6b7b1bbecc1cf630f06b475d3740899c2b133b912f345",,"2025-01-23T12:09:00.000","30","NO CONTROLS","NO CONTROLS","CLEAR","DAYLIGHT","PARKED MOTOR VEHICLE","NOT DIVIDED",,"STRAIGHT AND LEVEL","DRY","NO DEFECTS","ON SCENE","NO INJURY / DRIVE AWAY",,,,"OVER $1,500","2025-01-23T12:10:00.000","UNABLE TO DETERMINE","NOT APPLICABLE","5544","W","MONTROSE AVE","1623",,,,,,,"2","NO INDICATION OF INJURY","0","0","0","0","0","1","0","12","5","1","41.960601424","-87.7665863381","POINT (-87.76658633811 41.960601423983)"
"fba5d504b6d2cf4047f47b3b870e25134f6b2d526cc90a0e47396a56dc44d6d25d7b4a544dc6d38e7220dd81b4b7cfb9c1d51a2b250bde12e93d5ed31a49abad",,"2025-01-23T12:06:00.000","30","NO CONTROLS","NO CONTROLS","CLEAR","DAYLIGHT","FIXED OBJECT","PARKING LOT",,"STRAIGHT AND LEVEL","DRY","UNKNOWN","ON SCENE","NO INJURY / DRIVE AWAY",,,,"OVER $1,500","2025-01-23T12:06:00.000","UNABLE TO DETERMINE","NOT APPLICABLE","1650","E","71ST ST","332",,,,,,,"1","NO INDICATION OF INJURY","0","0","0","0","0","2","0","12","5","1","41.7662735478","-87.5839734806","POINT (-87.583973480565 41.766273547809)"
"0ef68a59e7425497b8e4d307a0794b5129d22c84198f2225d8a7e1d6c58f75ff63a8f671f3b4fd42620d6af63a359237eaca17fbd5874ab2b1b2dca2ff1581cc",,"2025-01-23T12:05:00.000","30","STOP SIGN/FLASHER","FUNCTIONING PROPERLY","OTHER","DAYLIGHT","ANGLE","FOUR WAY",,"STRAIGHT AND LEVEL","WET","NO DEFECTS","ON SCENE","INJURY AND / OR TOW DUE TO CRASH","Y",,,"OVER $1,500","2025-01-23T12:05:00.000","DISREGARDING STOP SIGN","FAILING TO YIELD RIGHT-OF-WAY","2000","N","HOYNE AVE","1432",,,,,,,"3","NONINCAPACITATING INJURY","2","0","0","2","0","1","0","12","5","1","41.9177421207","-87.6802443328","POINT (-87.680244332773 41.917742120744)"
"055c75f39344e68331ea8baf8214ec9527457a873c1268db5a40f92c6570f2d155d2f31508b1a01d497b7a96da5b4f64e068927957c1a8a24ca66becdac643fb",,"2025-01-23T12:00:00.000","30","UNKNOWN","UNKNOWN","CLEAR","DAYLIGHT","SIDESWIPE SAME DIRECTION","NOT DIVIDED",,"STRAIGHT AND LEVEL","SNOW OR SLUSH","UNKNOWN","NOT ON SCENE (DESK REPORT)","NO INJURY / DRIVE AWAY",,,,"OVER $1,500","2025-01-23T13:05:00.000","UNABLE TO DETERMINE","UNABLE TO DETERMINE","2801","W","DEVON AVE","2413",,,,,,,"2","NO INDICATION OF INJURY","0","0","0","0","0","2","0","12","5","1","41.9974500494","-87.6996997862","POINT (-87.69969978623 41.997450049375)"
"d7485ed0b948efa425a465f91c7ec2050f035943c32a3e60e0e0e53d7c2764009f2a2876bab2f9649302c16bf870942bbdacb983ae5411aacc4613a036e03a00",,"2025-01-23T12:00:00.000","30","TRAFFIC SIGNAL","FUNCTIONING PROPERLY","CLEAR","DAYLIGHT","TURNING","DIVIDED - W/MEDIAN (NOT RAISED)",,"STRAIGHT AND LEVEL","DRY","NO DEFECTS","ON SCENE","NO INJURY / DRIVE AWAY",,,"Y","OVER $1,500","2025-01-23T12:05:00.000","UNABLE TO DETERMINE","NOT APPLICABLE","2354","W","FULLERTON AVE","1432",,,,,,,"2","NO INDICATION OF INJURY","0","0","0","0","0","2","0","12","5","1","41.9250121938","-87.687432331","POINT (-87.687432331045 41.925012193801)"
"dba591d7ffe2c83dd309936ae86ba2140f5fbba84c5401dd934a88f8dd0a7b01cadab0f0f079400fd93a03ccf718ec9f9b33d8d94e1aa6787de79660f1896b2e",,"2025-01-23T12:00:00.000","30","NO CONTROLS","NO CONTROLS","CLEAR","DAYLIGHT","PARKED MOTOR VEHICLE","DIVIDED - W/MEDIAN (NOT RAISED)",,"STRAIGHT AND LEVEL","DRY","NO DEFECTS","NOT ON SCENE (DESK REPORT)","NO INJURY / DRIVE AWAY",,,"Y","OVER $1,500","2025-01-23T13:43:00.000","DRIVING SKILLS/KNOWLEDGE/EXPERIENCE","FOLLOWING TOO CLOSELY","3953","N","SHERIDAN RD","1923",,,,,,,"2","NO INDICATION OF INJURY","0","0","0","0","0","1","0","12","5","1","41.9542567969","-87.6543913529","POINT (-87.654391352893 41.954256796889)"
"f95a823050586aecf8fed8789ca0ac2dcdf3c3f24a580018b675c3061692635efb58811355645833318115abd71a8030ac21bad1b469de567d2b6643c76cbe04",,"2025-01-23T12:00:00.000","30","TRAFFIC SIGNAL","UNKNOWN","CLEAR","DAYLIGHT","ANGLE","NOT DIVIDED",,"STRAIGHT AND LEVEL","UNKNOWN","NO DEFECTS","ON SCENE","NO INJURY / DRIVE AWAY","Y",,"Y","OVER $1,500","2025-01-23T14:52:00.000","UNABLE TO DETERMINE","UNABLE TO DETERMINE","8600","S","VINCENNES AVE","622",,,,,,,"2","NO INDICATION OF INJURY","0","0","0","0","0","3","0","12","5","1","41.7385274814","-87.6417013427","POINT (-87.641701342658 41.738527481413)"
"16246b757a1ac68e42b3174e6279236c0b72fca9d7c090b92827d95729daa1645cec2e995a14e0273ac6f85a612a9bc8dc741a61e1b458712925d05891840d19",,"2025-01-23T11:59:00.000","30","TRAFFIC SIGNAL","FUNCTIONING PROPERLY","CLEAR","DAYLIGHT","TURNING","Y-INTERSECTION",,"STRAIGHT AND LEVEL","SNOW OR SLUSH","NO DEFECTS","ON SCENE","INJURY AND / OR TOW DUE TO CRASH","Y",,,"OVER $1,500","2025-01-23T12:10:00.000","IMPROPER TURNING/NO SIGNAL","NOT APPLICABLE","1301","S","WESTERN AVE","1233",,,,,,,"2","NONINCAPACITATING INJURY","3","0","0","1","2","0","0","11","5","1","41.8647450693","-87.6858404547","POINT (-87.685840454681 41.864745069282)"
"d7aa7e892155d46235fe416246cca2dd68a95d69e5f467f8200f64207a1d305a3d9e7774a737b6f3ba83116bd9f488fb735f814636b5205ddb8daf3ece732272","Y","2025-01-23T11:50:00.000","20","TRAFFIC SIGNAL","FUNCTIONING PROPERLY","CLEAR","DAYLIGHT","REAR END","DIVIDED - W/MEDIAN (NOT RAISED)",,"STRAIGHT AND LEVEL","DRY","NO DEFECTS","NOT ON SCENE (DESK REPORT)","NO INJURY / DRIVE AWAY",,,"Y","OVER $1,500","2025-01-23T12:00:00.000","UNABLE TO DETERMINE","UNABLE TO DETERMINE","4835","W","NORTH AVE","2533",,,,,,,"2","NO INDICATION OF INJURY","0","0","0","0","0","2","0","11","5","1","41.9094984334","-87.7474637967","POINT (-87.747463796729 41.909498433411)"
"6cdb0799dacafb4cf1f9a0a3a5789e9a0f7b578faf81cc9b7fcf33ed9cf5d61f864f3e1061fc08f5d5f8cfdf771e3d27884d729527809b39ecb0b53a3e2be678",,"2025-01-23T11:46:00.000","30","UNKNOWN","UNKNOWN","UNKNOWN","DAYLIGHT","REAR END","DIVIDED - W/MEDIAN (NOT RAISED)",,"STRAIGHT AND LEVEL","UNKNOWN","UNKNOWN","NOT ON SCENE (DESK REPORT)","NO INJURY / DRIVE AWAY",,,,"$501 - $1,500","2025-01-23T13:00:00.000","UNABLE TO DETERMINE","NOT APPLICABLE","7431","N","WESTERN AVE","2411",,,,,,,"3","NO INDICATION OF INJURY","0","0","0","0","0","3","0","11","5","1","42.0154947672","-87.6903630464","POINT (-87.690363046433 42.015494767229)"
"ccc9ee46d17c1d194712f7ac8c53001d20a416391c959da8829d4a57076a2104cfd9f3e095748690278f0e598bfb7abc2617ed2b9037f358aef8beecaeddd4d8",,"2025-01-23T11:46:00.000","30","NO CONTROLS","NO CONTROLS","CLEAR","DAYLIGHT","PARKED MOTOR VEHICLE","NOT DIVIDED",,"STRAIGHT AND LEVEL","SNOW OR SLUSH","NO DEFECTS","ON SCENE","INJURY AND / OR TOW DUE TO CRASH",,,,"OVER $1,500","2025-01-23T11:51:00.000","DISTRACTION - FROM INSIDE VEHICLE","NOT APPLICABLE","2095","W","FULTON ST","1223",,,,,,,"2","NO INDICATION OF INJURY","0","0","0","0","0","1","0","11","5","1","41.8866277795","-87.6791102121","POINT (-87.679110212088 41.886627779506)"
"f504ae2741b96657bc97089329cb933606f2fa5abee267ecfe3b76a21ea773e218b2c8e31f9c23342583088638a5270edab01f72deb23e4e325ce9cfbc2da76f",,"2025-01-23T11:45:00.000","30","STOP SIGN/FLASHER","FUNCTIONING PROPERLY","CLEAR","DAYLIGHT","ANGLE","FOUR WAY",,"STRAIGHT AND LEVEL","DRY","NO DEFECTS","NOT ON SCENE (DESK REPORT)","NO INJURY / DRIVE AWAY","Y",,,"$501 - $1,500","2025-01-23T12:15:00.000","FAILING TO YIELD RIGHT-OF-WAY","UNABLE TO DETERMINE","5301","N","KIMBALL AVE","1712",,,,,,,"2","NO INDICATION OF INJURY","0","0","0","0","0","2","0","11","5","1","41.9776202019","-87.7134432619","POINT (-87.713443261925 41.977620201903)"
"f6581e4585c61dbd0d5765e36b436bc294f9d469f51d9ff373dbaf17c283dea1669eb21cd019ecd742a4025854aca189175b4b39e7fc76789095ac63dfb50620",,"2025-01-23T11:45:00.000","30","TRAFFIC SIGNAL","FUNCTIONING PROPERLY","CLEAR","DAYLIGHT","REAR END","NOT DIVIDED",,"STRAIGHT AND LEVEL","UNKNOWN","UNKNOWN","ON SCENE","NO INJURY / DRIVE AWAY",,,,"$501 - $1,500","2025-01-23T11:55:00.000","DISREGARDING TRAFFIC SIGNALS","UNABLE TO DETERMINE","850","N","LAKE SHORE DR","1833",,"Y",,,,,"2","NO INDICATION OF INJURY","0","0","0","0","0","2","0","11","5","1","41.8981058529","-87.6180972157","POINT (-87.618097215676 41.898105852915)"
"e87267a40df0651af82753d1d5e7c56a368ac0d07ac0d1e8ac4d23baf812109bb8a51da8aed22f7e6292acaad15ecee456262f547c1e372fd64d15d5ee355da5",,"2025-01-23T11:36:00.000","30","TRAFFIC SIGNAL","FUNCTIONING PROPERLY","CLEAR","DARKNESS, LIGHTED ROAD","REAR TO FRONT","DIVIDED - W/MEDIAN BARRIER",,"CURVE, LEVEL","WET","UNKNOWN","ON SCENE","INJURY AND / OR TOW DUE TO CRASH",,,,"OVER $1,500","2025-01-23T11:37:00.000","WEATHER","DRIVING SKILLS/KNOWLEDGE/EXPERIENCE","333","W","LOWER WACKER DR","122",,,,,,,"2","NO INDICATION OF INJURY","0","0","0","0","0","2","0","11","5","1","41.8860148679","-87.6362578413","POINT (-87.636257841347 41.886014867871)"
"6d5494d9f9fdd4ffadf3a67a1aef918cefdc252561c3836f4d9e3f336933df916d9e1a9a4d4a8bcf09a8b03c3742b1b1a9bfa62e116984e8f4d73397e36317a5",,"2025-01-23T11:35:00.000","30","NO CONTROLS","NO CONTROLS","SNOW","DAYLIGHT","SIDESWIPE SAME DIRECTION","NOT DIVIDED",,"STRAIGHT AND LEVEL","ICE","NO DEFECTS","ON SCENE","INJURY AND / OR TOW DUE TO CRASH",,,,"$501 - $1,500","2025-01-23T11:35:00.000","PHYSICAL CONDITION OF DRIVER","UNABLE TO DETERMINE","2345","N","CLIFTON AVE","1811",,,,,,,"3","NO INDICATION OF INJURY","0","0","0","0","0","2","0","11","5","1","41.9248297663","-87.6570821519","POINT (-87.657082151932 41.924829766254)"
"6ff709a7ae29bd976f58c29c00546bfaa2d5037dd8b96e3565354bfd5f2714ab1771df418cc65f9487d577acdb49bf1038051794003014be39e9bb1e4942d49a",,"2025-01-23T11:30:00.000","10","NO CONTROLS","NO CONTROLS","CLEAR","DAYLIGHT","PARKED MOTOR VEHICLE","ALLEY",,"STRAIGHT AND LEVEL","SNOW OR SLUSH","UNKNOWN","ON SCENE","NO INJURY / DRIVE AWAY",,,,"OVER $1,500","2025-01-23T11:32:00.000","IMPROPER BACKING","NOT APPLICABLE","60","E","MONROE ST","112",,,,,,,"2","NO INDICATION OF INJURY","0","0","0","0","0","1","0","11","5","1","41.880910681","-87.6255091057","POINT (-87.62550910573 41.880910681031)"
"934041db2323b2afb3e745e9e2cd78daab6420a639f316a13299390f5918990f8b79949791f0721be4116ecbcf1016cc608aa0455d56f16f5cea7786c688f523",,"2025-01-23T11:30:00.000","15","NO CONTROLS","NO CONTROLS","CLEAR","DAYLIGHT","SIDESWIPE SAME DIRECTION","PARKING LOT",,"STRAIGHT AND LEVEL","DRY","NO DEFECTS",,"NO INJURY / DRIVE AWAY",,,,"OVER $1,500","2025-01-23T11:45:00.000","UNABLE TO DETERMINE","NOT APPLICABLE","524","W","OHARE ST","1654",,,,,,,"2","NO INDICATION OF INJURY","0","0","0","0","0","2","0","11","5","1",,,
"97ea90e08995f0a4d10e02b9ccc2bd14a59218b6f69dbdb95f28e2789ee57cba303716298afb4c0dd9320ed3f9ed0497ec8e6b0828564520549522ed219a83e1",,"2025-01-23T11:30:00.000","30","TRAFFIC SIGNAL","FUNCTIONING PROPERLY","OTHER","DAYLIGHT","TURNING","NOT DIVIDED",,"STRAIGHT AND LEVEL","OTHER","UNKNOWN","NOT ON SCENE (DESK REPORT)","NO INJURY / DRIVE AWAY","Y",,"Y","$501 - $1,500","2025-01-23T12:30:00.000","UNABLE TO DETERMINE","NOT APPLICABLE","6900","S","WESTERN AVE","832",,,,,,,"2","NO INDICATION OF INJURY","0","0","0","0","0","2","0","11","5","1","41.7682384769","-87.6834869571","POINT (-87.68348695709 41.76823847692)"
"4c806ee18aa19a407a14678c20819f7a0ce7740531e22686d0a39174226d7c14d48be2988cc4afd121eb1a74409a2a0700146187ed2436517ebcc79228946d8a",,"2025-01-23T11:22:00.000","30","TRAFFIC SIGNAL","FUNCTIONING PROPERLY","CLEAR","DAYLIGHT","TURNING","NOT DIVIDED",,"STRAIGHT AND LEVEL","DRY","NO DEFECTS","NOT ON SCENE (DESK REPORT)","NO INJURY / DRIVE AWAY","Y",,,"OVER $1,500","2025-01-23T12:20:00.000","IMPROPER TURNING/NO SIGNAL","NOT APPLICABLE","1464","E","47TH DR","222",,,,,,,"2","NO INDICATION OF INJURY","0","0","0","0","0","3","0","11","5","1","41.8104565245","-87.5903548775","POINT (-87.590354877461 41.810456524492)"
"4959162451c011c285329e7424edf09bd2c46179c7bdfa3b1037b08ab151bedb46a861396cd8c910c80ac9b515661f186e3a605ef8742fa1b242ee727775bffe",,"2025-01-23T11:10:00.000","30","TRAFFIC SIGNAL","FUNCTIONING PROPERLY","CLEAR","DAYLIGHT","TURNING","NOT DIVIDED",,"STRAIGHT AND LEVEL","WET","NO DEFECTS","NOT ON SCENE (DESK REPORT)","NO INJURY / DRIVE AWAY",,,"Y","OVER $1,500","2025-01-23T11:35:00.000","FAILING TO YIELD RIGHT-OF-WAY","FAILING TO YIELD RIGHT-OF-WAY","2900","S","ASHLAND AVE","912",,,,,,,"2","NO INDICATION OF INJURY","0","0","0","0","0","2","0","11","5","1","41.8394101642","-87.6659381981","POINT (-87.665938198129 41.839410164155)"
"631504e10552f2f432cb77c13931ea5707cb6e197ca7ed4dd0e69f91883aa9c4b7ec0e86ebe6b135ef1961cccaf9f26d56b3c4035ac214912516d3ed213beb23",,"2025-01-23T11:05:00.000","30","NO CONTROLS","NO CONTROLS","CLEAR","DAYLIGHT","PARKED MOTOR VEHICLE","FOUR WAY",,"STRAIGHT AND LEVEL","DRY","NO DEFECTS","ON SCENE","NO INJURY / DRIVE AWAY","Y",,,"OVER $1,500","2025-01-23T11:07:00.000","DRIVING SKILLS/KNOWLEDGE/EXPERIENCE","NOT APPLICABLE","1101","S","CANAL ST","124",,,,,,,"2","NO INDICATION OF INJURY","0","0","0","0","0","2","0","11","5","1","41.8688897111","-87.6390989281","POINT (-87.639098928088 41.868889711112)"
"856990766bf40f1cc95943da8d2a4b18f1a6fa95be62344a3b6dd3d97c9be4f4074ea1ff18960339dd27ee9fdd455dc4c849f2a220e7242ad0822f1e5b2bbb4d",,"2025-01-23T11:05:00.000","30","TRAFFIC SIGNAL","FUNCTIONING PROPERLY","CLEAR","DAYLIGHT","REAR END","NOT DIVIDED",,"STRAIGHT AND LEVEL","UNKNOWN","UNKNOWN","NOT ON SCENE (DESK REPORT)","NO INJURY / DRIVE AWAY",,,"Y","OVER $1,500","2025-01-23T13:20:00.000","FOLLOWING TOO CLOSELY","NOT APPLICABLE","901","S","ASHLAND AVE","1231",,,,,,,"2","NO INDICATION OF INJURY","0","0","0","0","0","2","0","11","5","1","41.8703861611","-87.6663406639","POINT (-87.666340663907 41.870386161123)"
"0e4bb41012d8e075e5d89c97b483f2e45e5b6edb58e9fd87f73981535169414a6f06a92809e0c631e6d80e106c9bf613a8b2890a5815d049b267bb36b7aac790",,"2025-01-23T11:00:00.000","30","TRAFFIC SIGNAL","FUNCTIONING PROPERLY","CLEAR","DAYLIGHT","REAR END","DIVIDED - W/MEDIAN (NOT RAISED)",,"STRAIGHT AND LEVEL","DRY","NO DEFECTS","NOT ON SCENE (DESK REPORT)","NO INJURY / DRIVE AWAY",,,,"OVER $1,500","2025-01-27T13:35:00.000","FOLLOWING TOO CLOSELY","FAILING TO REDUCE SPEED TO AVOID CRASH","2100","S","MICHIGAN AVE","131",,,,,,,"2","NO INDICATION OF INJURY","0","0","0","0","0","2","0","11","5","1","41.8542114485","-87.6239964943","POINT (-87.623996494321 41.854211448485)"
"6955f73b3683c600785af170923ddba0614c8a75b9f90f34a513943d5fe43efa196670cff9f27d4220fd351c9de9b4d5aafb446b84033a8bb192e9cff2674466",,"2025-01-23T11:00:00.000","20","NO CONTROLS","NO CONTROLS","CLEAR","DAYLIGHT","TURNING","NOT DIVIDED",,"STRAIGHT AND LEVEL","DRY","NO DEFECTS","NOT ON SCENE (DESK REPORT)","NO INJURY / DRIVE AWAY","Y",,,"OVER $1,500","2025-01-27T15:15:00.000","UNABLE TO DETERMINE","NOT APPLICABLE","1800","W","31ST PL","912",,,,,,,"2","NO INDICATION OF INJURY","0","0","0","0","0","2","0","11","5","1","41.8369293458","-87.6706896482","POINT (-87.670689648232 41.836929345775)"
"9698798ed6494b85d9e2bfe55598f544926111607c408204c3b76df085ae225aa71c6909c35c483a7d2142fd3300879d642f1e0aab362f4ed81ccdb7b1a08483",,"2025-01-23T11:00:00.000","20","STOP SIGN/FLASHER","FUNCTIONING PROPERLY","UNKNOWN","UNKNOWN","TURNING","OTHER",,"STRAIGHT AND LEVEL","UNKNOWN","UNKNOWN","NOT ON SCENE (DESK REPORT)","NO INJURY / DRIVE AWAY","Y",,,"$501 - $1,500","2025-01-25T21:00:00.000","UNABLE TO DETERMINE","UNABLE TO DETERMINE","4200","W","WABANSIA AVE","2534",,,,,,,"2","NO INDICATION OF INJURY","0","0","0","0","0","2","0","11","5","1","41.9117511458","-87.7313347725","POINT (-87.731334772477 41.91175114577)"
"ebcfaf52da571931a8f3a57da671ac7f45a861205f353da2073589ed3176a14a649d74c96211332899715596d5b0486bf6f1681f171078ca3d01f2dd4a8f222b",,"2025-01-23T11:00:00.000","35","TRAFFIC SIGNAL","FUNCTIONING PROPERLY","CLEAR","DAYLIGHT","REAR END","NOT DIVIDED",,"STRAIGHT AND LEVEL","DRY","NO DEFECTS","NOT ON SCENE (DESK REPORT)","NO INJURY / DRIVE AWAY",,,"Y","OVER $1,500","2025-01-23T11:45:00.000","FAILING TO REDUCE SPEED TO AVOID CRASH","FOLLOWING TOO CLOSELY","4932","W","FOSTER AVE","1621",,,,,,,"2","NO INDICATION OF INJURY","0","0","0","0","0","6","0","11","5","1","41.975394608","-87.7517465989","POINT (-87.75174659886 41.975394608046)"