"crash_record_id","crash_date_est_i","crash_date","posted_speed_limit","traffic_control_device","device_condition","weather_condition","lighting_condition","first_crash_type","trafficway_type","lane_cnt","alignment","roadway_surface_cond","road_defect","report_type","crash_type","intersection_related_i","private_property_i","hit_and_run_i","damage","date_police_notified","prim_contributory_cause","sec_contributory_cause","street_no","street_direction","street_name","beat_of_occurrence","photos_taken_i","statements_taken_i","dooring_i","work_zone_i","work_zone_type","workers_present_i","num_units","most_severe_injury","injuries_total","injuries_fatal","injuries_incapacitating","injuries_non_incapacitating","injuries_reported_not_evident","injuries_no_indication","injuries_unknown","crash_hour","crash_day_of_week","crash_month","latitude","longitude","location"
"f03d2ca8a431cafeba931814b23449020bffb71b9bf28b9b984ea78f4aed9457d381310e7d447fd7c51266536eba30cc574a1f4e6271e74b0e6e5dc4b2b459e1",,"2025-01-23T11:00:00.000","25","NO CONTROLS","NO CONTROLS","UNKNOWN","UNKNOWN","PARKED MOTOR VEHICLE","NOT DIVIDED",,"STRAIGHT AND LEVEL","UNKNOWN","UNKNOWN","NOT ON SCENE (DESK REPORT)","NO INJURY / DRIVE AWAY",,,"Y","OVER $1,500","2025-01-23T16:15:00.000","UNABLE TO DETERMINE","NOT APPLICABLE","12233","S","NORMAL AVE","523",,,,,,,"2","NO INDICATION OF INJURY","0","0","0","0","0","1","0","11","5","1","41.6714409799","-87.6343368361","POINT (-87.634336836071 41.671440979915)"
"f06fdf026ee140a700f549b03ea199c7aff66056137594b04975b1fe282dcd7fb7da2bfa6243c92d518a08658027a12508ab5180d0113fa794dbcea8eed4841c","Y","2025-01-23T11:00:00.000","15","NO CONTROLS","NO CONTROLS","CLEAR","DAYLIGHT","SIDESWIPE OPPOSITE DIRECTION","RAMP",,"STRAIGHT AND LEVEL","DRY","NO DEFECTS","NOT ON SCENE (DESK REPORT)","NO INJURY / DRIVE AWAY",,,,"OVER $1,500","2025-01-24T11:30:00.000","UNABLE TO DETERMINE","UNABLE TO DETERMINE","5215","N","CALIFORNIA AVE","2011",,,,,,,"2","NO INDICATION OF INJURY","0","0","0","0","0","2","0","11","5","1","41.9763462148","-87.698794423","POINT (-87.698794423049 41.976346214824)"
"f29fb41084073ca724752b68fcede4859cf232638b38c17f9189f8d31a7bc93b6338260eaa2c9ac85588a6d56b7d72fffbb3bd14254090afef44b56f49616614","Y","2025-01-23T11:00:00.000","30","NO CONTROLS","NO CONTROLS","UNKNOWN","DAYLIGHT","PARKED MOTOR VEHICLE","NOT DIVIDED",,"STRAIGHT AND LEVEL","DRY","NO DEFECTS","NOT ON SCENE (DESK REPORT)","NO INJURY / DRIVE AWAY",,,"Y","$501 - $1,500","2025-02-04T17:12:00.000","UNABLE TO DETERMINE","UNABLE TO DETERMINE","8435","S","HOYNE AVE","614",,,,,,,"2","NO INDICATION OF INJURY","0","0","0","0","0","1","0","11","5","1","41.7400392842","-87.6751775857","POINT (-87.675177585697 41.740039284156)"
"71a5bd8e1e3a6bb872839c42218dcaadc0d495d248836e7373f80f3a72fcdb07839293488274ff2ae32e1ed573b18e06d8032d88a04393645b45711f39057e66",,"2025-01-23T10:45:00.000","25","FLASHING CONTROL SIGNAL","FUNCTIONING PROPERLY","SNOW","DAYLIGHT","SIDESWIPE SAME DIRECTION","DIVIDED - W/MEDIAN BARRIER",,"CURVE, LEVEL","WET","NO DEFECTS","ON SCENE","INJURY AND / OR TOW DUE TO CRASH",,,,"OVER $1,500","2025-01-23T10:55:00.000","UNABLE TO DETERMINE","NOT APPLICABLE","1000","N","LAKE SHORE DR NB","1824",,,,,,,"3","NONINCAPACITATING INJURY","2","0","0","1","1","2","0","10","5","1","41.9009589191","-87.6199281737","POINT (-87.619928173678 41.900958919109)"
"74786a03f3aaba57c43f5ff31095968ace379456640541dac5ce636dae0d5a28c1501b7039fe927583686d9cfcb3db5b734e14cb37685d2d44c3c8506669367e",,"2025-01-23T10:45:00.000","30","TRAFFIC SIGNAL","FUNCTIONING PROPERLY","CLEAR","DAYLIGHT","SIDESWIPE SAME DIRECTION","FOUR WAY",,"STRAIGHT AND LEVEL","DRY","NO DEFECTS","ON SCENE","NO INJURY / DRIVE AWAY","Y",,,"$501 - $1,500","2025-01-23T11:16:00.000","IMPROPER OVERTAKING/PASSING","DISTRACTION - FROM INSIDE VEHICLE","8410","W","BRYN MAWR AVE","1614",,,,,,,"2","NO INDICATION OF INJURY","0","0","0","0","0","2","0","10","5","1","41.9811983912","-87.837238725","POINT (-87.837238724969 41.981198391229)"
"ceb142a13eed7d25606b2ec28c8928e2d7f49060535303404b1c2749c6ced722698236d235f7358b3a38f0ef4bc70941647beddc139dbf424a5b41632ee0b59f",,"2025-01-23T10:45:00.000","30","NO CONTROLS","NO CONTROLS","CLEAR","DAYLIGHT","REAR END","NOT DIVIDED",,"STRAIGHT AND LEVEL","UNKNOWN","UNKNOWN","NOT ON SCENE (DESK REPORT)","NO INJURY / DRIVE AWAY",,,,"OVER $1,500","2025-01-23T11:25:00.000","UNABLE TO DETERMINE","UNABLE TO DETERMINE","4861","N","MILWAUKEE AVE","1623",,,,,,,"2","NO INDICATION OF INJURY","0","0","0","0","0","3","0","10","5","1","41.969433711","-87.761920631","POINT (-87.761920630954 41.969433710973)"
"b1f84fefa5b4bc1631a41d992d4e69d8eae4435b873bc3a16ba99c5979508f08a4cd59e96906a1ddea1f86d0ff8bb378b9edf86ac59f32f3373c7462080ed00b",,"2025-01-23T10:34:00.000","25","OTHER","UNKNOWN","SNOW","DAYLIGHT","PARKED MOTOR VEHICLE","OTHER",,"STRAIGHT AND LEVEL","SNOW OR SLUSH","NO DEFECTS","NOT ON SCENE (DESK REPORT)","NO INJURY / DRIVE AWAY",,,"Y","OVER $1,500","2025-01-23T12:15:00.000","FOLLOWING TOO CLOSELY","FOLLOWING TOO CLOSELY","5252","S","CORNELL AVE","234",,,,,,,"2","NO INDICATION OF INJURY","0","0","0","0","0","1","0","10","5","1","41.7996465449","-87.5856589034","POINT (-87.585658903353 41.799646544922)"
"1c4d328bf87cf39a5f62c1741bde5638680a3a057bc6ecca0f794277a6f66ee3bbf26328c98c980e1cb39ff75f9f5e4641f6ca391c9ba8518eca7a0a07250440",,"2025-01-23T10:30:00.000","30","NO CONTROLS","NO CONTROLS","CLEAR","DAYLIGHT","REAR TO SIDE","ONE-WAY",,"STRAIGHT AND LEVEL","SNOW OR SLUSH","NO DEFECTS","NOT ON SCENE (DESK REPORT)","NO INJURY / DRIVE AWAY",,,,"$501 - $1,500","2025-01-23T11:15:00.000","FAILING TO YIELD RIGHT-OF-WAY","NOT APPLICABLE","5512","W","ALTGELD ST","2515",,,,,,,"2","NO INDICATION OF INJURY","0","0","0","0","0","2","0","10","5","1","41.9259382912","-87.7641321703","POINT (-87.764132170275 41.925938291246)"
"62822e49a906fcbbf06289e13cc843474094641dc91fc5a7052c2b5b189a4eb7300d5aa5f32184c3f31ca84fce92a364e98da52358f4af1c8cad5ced1c702609",,"2025-01-23T10:30:00.000","30","NO CONTROLS","NO CONTROLS","CLEAR","DAYLIGHT","PARKED MOTOR VEHICLE","ONE-WAY",,"STRAIGHT AND LEVEL","DRY","NO DEFECTS","NOT ON SCENE (DESK REPORT)","NO INJURY / DRIVE AWAY",,,,"OVER $1,500","2025-01-23T11:20:00.000","UNABLE TO DETERMINE","UNABLE TO DETERMINE","243","N","PARKSIDE AVE","1512",,,,,,,"2","NO INDICATION OF INJURY","0","0","0","0","0","4","0","10","5","1","41.8855060007","-87.7665515681","POINT (-87.766551568063 41.885506000712)"
"6d9189eee90248474da9c0689de4c3f17ac23d084cf2ea961370b9bdb4e0c935089ef74f3689a70138bb0cea4c8f7496d66894a85e301478258b76863357aaf2",,"2025-01-23T10:25:00.000","15","NO CONTROLS","NO CONTROLS","CLEAR","DAYLIGHT","ANGLE","OTHER",,"STRAIGHT AND LEVEL","WET","NO DEFECTS","ON SCENE","NO INJURY / DRIVE AWAY",,,,"OVER $1,500","2025-01-23T10:41:00.000","IMPROPER BACKING","NOT APPLICABLE","2999","S","ROCKWELL ST","1034",,,,,,,"2","NO INDICATION OF INJURY","0","0","0","0","0","2","0","10","5","1","41.8385354478","-87.6894497567","POINT (-87.689449756688 41.83853544776)"
"c9db6c5a05878fb19d5d287cd4790beef11bc8386b045d560e62a8594b9a086275143fffe12a0f585cfec39b5d556bee11ed6aebd4410d054df35abcd304a077",,"2025-01-23T10:21:00.000","40","NO CONTROLS","NO CONTROLS","UNKNOWN","DAYLIGHT","FIXED OBJECT","DIVIDED - W/MEDIAN BARRIER",,"STRAIGHT ON GRADE","UNKNOWN","NO DEFECTS","NOT ON SCENE (DESK REPORT)","NO INJURY / DRIVE AWAY",,,,"OVER $1,500","2025-02-01T12:30:00.000","UNABLE TO DETERMINE","NOT APPLICABLE","3800","N","LAKE SHORE DR","1925",,,,,,,"1","NO INDICATION OF INJURY","0","0","0","0","0","1","0","10","5","1","41.9523639277","-87.6451789503","POINT (-87.645178950338 41.95236392767)"
"87ac439d3e548dc47252efbcea906a721378ef31aab0d96a36b0dbc1f9e452c246152f59a2c8913a0b20e8493a6046a76130e64875a2fcef414d5ae529dd04d6",,"2025-01-23T10:20:00.000","45","TRAFFIC SIGNAL","FUNCTIONING PROPERLY","CLEAR","DAYLIGHT","REAR END","DIVIDED - W/MEDIAN BARRIER",,"STRAIGHT AND LEVEL","WET","NO DEFECTS","NOT ON SCENE (DESK REPORT)","NO INJURY / DRIVE AWAY",,,,"$501 - $1,500","2025-01-23T11:45:00.000","WEATHER","NOT APPLICABLE","800","N","LAKE SHORE DR NB","1833",,,,,,,"2","NO INDICATION OF INJURY","0","0","0","0","0","2","0","10","5","1","41.8968049724","-87.6170274232","POINT (-87.617027423234 41.896804972416)"
"eae54b2f212143c5fa66c51d82cff86fc2aa56b273dade1a4dbb1757df008226a3b6799bf2c3a5014c44892a67c947de8b7d0aa22c052912a93926538fa843ac",,"2025-01-23T10:20:00.000","30","TRAFFIC SIGNAL","FUNCTIONING PROPERLY","CLEAR","DAYLIGHT","TURNING","NOT DIVIDED",,"STRAIGHT AND LEVEL","WET","NO DEFECTS","NOT ON SCENE (DESK REPORT)","NO INJURY / DRIVE AWAY","Y",,,"OVER $1,500","2025-01-23T11:00:00.000","IMPROPER TURNING/NO SIGNAL","IMPROPER OVERTAKING/PASSING","3000","W","TOUHY AVE","2411",,,,,,,"2","NO INDICATION OF INJURY","0","0","0","0","0","2","0","10","5","1","42.012071408","-87.7045758448","POINT (-87.70457584485 42.012071408002)"
"6654a6354538c9e465e2b37022ab40c7976d5dea413257e5bfccc22d2936cfac84be29b3d18373bdb1986ffb308d9978d74c88f26617b0bedac16a066792e1c8",,"2025-01-23T10:09:00.000","30","NO CONTROLS","NO CONTROLS","CLEAR","DAYLIGHT","REAR TO FRONT","ONE-WAY",,"STRAIGHT AND LEVEL","DRY","UNKNOWN",,"NO INJURY / DRIVE AWAY",,,,"OVER $1,500","2025-01-23T10:35:00.000","UNABLE TO DETERMINE","UNABLE TO DETERMINE","2321","S","MILLARD AVE","1013",,,,,,,"2","NO INDICATION OF INJURY","0","0","0","0","0","3","0","10","5","1","41.849184055","-87.7159991015","POINT (-87.71599910154 41.849184055041)"
"83cb46e14e7a1ba4934630010f2a4c2499bfdc1c76a7644493951e97db683f77aebbcade3b3c8380c2250b72f23e4a745fbfd3cbdfaeef2e92698528b08b591d",,"2025-01-23T10:01:00.000","30","NO CONTROLS","NO CONTROLS","CLOUDY/OVERCAST","DAYLIGHT","TURNING","PARKING LOT",,"STRAIGHT ON GRADE","SNOW OR SLUSH","NO DEFECTS","ON SCENE","NO INJURY / DRIVE AWAY",,,,"$500 OR LESS","2025-01-23T10:01:00.000","UNABLE TO DETERMINE","NOT APPLICABLE","1458","W","47TH ST","924",,,,,,,"2","NO INDICATION OF INJURY","0","0","0","0","0","2","0","10","5","1","41.8087472988","-87.6624751795","POINT (-87.662475179511 41.808747298819)"
"4beaf6bf641b7836fc22415d96487db53de193c8b0e7e2428717a8a5cbec3359ccdfd482aff33df304688726e4a2cb47b093ec188d7ef345e108e309a819c115",,"2025-01-23T10:00:00.000","30","NO CONTROLS","NO CONTROLS","UNKNOWN","UNKNOWN","PARKED MOTOR VEHICLE","DIVIDED - W/MEDIAN (NOT RAISED)",,"STRAIGHT AND LEVEL","UNKNOWN","UNKNOWN","NOT ON SCENE (DESK REPORT)","NO INJURY / DRIVE AWAY",,,"Y","$501 - $1,500","2025-01-23T16:30:00.000","UNABLE TO DETERMINE","UNABLE TO DETERMINE","5257","S","PRAIRIE AVE","231",,,,,,,"2","NO INDICATION OF INJURY","0","0","0","0","0","1","0","10","5","1","41.7985519872","-87.6191760997","POINT (-87.619176099723 41.798551987224)"
"0080d27450b2fbea8bc8f38f6e78df852d339591eb99ed80a42eb8cc742f36257b5feda2e7bae885d373f2c84b996b081db4331980db58ffa077c2887590e1da",,"2025-01-23T09:54:00.000","30","TRAFFIC SIGNAL","FUNCTIONING PROPERLY","CLEAR","DAYLIGHT","SIDESWIPE SAME DIRECTION","DIVIDED - W/MEDIAN (NOT RAISED)",,"STRAIGHT AND LEVEL","WET","NO DEFECTS","ON SCENE","INJURY AND / OR TOW DUE TO CRASH",,,,"OVER $1,500","2025-01-23T10:00:00.000","FAILING TO YIELD RIGHT-OF-WAY","UNABLE TO DETERMINE","5205","N","NAGLE AVE","1622",,,,,,,"2","REPORTED, NOT EVIDENT","1","0","0","0","1","1","0","9","5","1","41.9759110646","-87.7877227201","POINT (-87.787722720107 41.975911064634)"
"8db43aba5b1b4318124df925afc510bb74abbbd360a1049e1821c0bcb904425daedd4a4f842ace2de2101e76f61a83159543be84b342b8bfa4cef78053ce45c0",,"2025-01-23T09:53:00.000","30","NO CONTROLS","NO CONTROLS","CLEAR","DAYLIGHT","SIDESWIPE SAME DIRECTION","NOT DIVIDED",,"STRAIGHT AND LEVEL","WET","NO DEFECTS","NOT ON SCENE (DESK REPORT)","NO INJURY / DRIVE AWAY",,,"Y","OVER $1,500","2025-01-23T10:45:00.000","UNABLE TO DETERMINE","NOT APPLICABLE","159","W","NORTH AVE","1821",,,,,,,"2","NO INDICATION OF INJURY","0","0","0","0","0","2","0","9","5","1","41.9110520332","-87.6340185006","POINT (-87.634018500573 41.911052033181)"
"b795566326d35562c9f560cdc521de38b99140ad162c8623224483490f7b876a9b9ae9f6223c8ab72ef67b43ae0ae1b6a9abc0927895ea99033362de09505bd4",,"2025-01-23T09:45:00.000","35","NO CONTROLS","NO CONTROLS","SNOW","DAYLIGHT","TURNING","NOT DIVIDED",,"STRAIGHT AND LEVEL","SNOW OR SLUSH","NO DEFECTS","ON SCENE","NO INJURY / DRIVE AWAY",,,,"OVER $1,500","2025-01-23T09:49:00.000","FAILING TO YIELD RIGHT-OF-WAY","NOT APPLICABLE","3341","W","111TH ST","2211",,,,,,,"2","NO INDICATION OF INJURY","0","0","0","0","0","2","0","9","5","1","41.6913960868","-87.7049627851","POINT (-87.704962785097 41.691396086784)"
"4c36a02a156ee1197f341d97612a234846f1de9cacb7df9f57853b20360312cfbd7511f33798e31f5758c8e170e5cdf2dbbe262a106803e50d11d0b6aa2330ee",,"2025-01-23T09:40:00.000","30","STOP SIGN/FLASHER","FUNCTIONING PROPERLY","CLEAR","DAYLIGHT","ANGLE","FOUR WAY",,"STRAIGHT AND LEVEL","WET","NO DEFECTS","ON SCENE","INJURY AND / OR TOW DUE TO CRASH","Y",,,"OVER $1,500","2025-01-23T09:45:00.000","FAILING TO YIELD RIGHT-OF-WAY","NOT APPLICABLE","200","E","42ND ST","213","N",,,,,,"2","REPORTED, NOT EVIDENT","1","0","0","0","1","2","0","9","5","1","41.81847709","-87.6213796563","POINT (-87.621379656323 41.818477089986)"
"c345a88641fc1dd3f43363f56ea70358154e825e3a7308aa35c88fcbcbed223ac502f94771fd6f1c09e4c00463f884883c13eaceb80f8cddb3a04632af33b5b9",,"2025-01-23T09:36:00.000","20","NO CONTROLS","NO CONTROLS","CLEAR","DAYLIGHT","PARKED MOTOR VEHICLE","NOT DIVIDED",,"STRAIGHT AND LEVEL","SNOW OR SLUSH","NO DEFECTS","ON SCENE","NO INJURY / DRIVE AWAY",,,"Y","OVER $1,500","2025-01-23T18:35:00.000","UNABLE TO DETERMINE","UNABLE TO DETERMINE","7153","S","WOOD ST","735",,,,,,,"2","NO INDICATION OF INJURY","0","0","0","0","0","1","0","9","5","1","41.7632989461","-87.6684837673","POINT (-87.668483767325 41.763298946114)"
"f54333d47873dc050415bdce591f6fcbd5ecba18c157e5459306bd8ab96e23c4ad0e67a43c5ba551c4c9da3d427609e218cace7b075952af51c159d1fa2fc2fc",,"2025-01-23T09:35:00.000","30","UNKNOWN","UNKNOWN","SNOW","DAYLIGHT","REAR END","DIVIDED - W/MEDIAN (NOT RAISED)",,"STRAIGHT AND LEVEL","SNOW OR SLUSH","UNKNOWN","NOT ON SCENE (DESK REPORT)","NO INJURY / DRIVE AWAY",,,"Y","OVER $1,500","2025-01-23T10:15:00.000","FOLLOWING TOO CLOSELY","FOLLOWING TOO CLOSELY","6300","S","ASHLAND AVE","725",,,,,,,"2","NO INDICATION OF INJURY","0","0","0","0","0","2","0","9","5","1","41.7793722205","-87.6643653474","POINT (-87.664365347416 41.779372220485)"
"fdd6472f0f52e121aebdd8e2959bf63f0e63966f767c159af51fd71c4a7522096eb9799acf45a8b71c1c964e42543e84dc78b264fca6774e16f618115edd5bda",,"2025-01-23T09:30:00.000","30","NO CONTROLS","NO CONTROLS","CLEAR","DAYLIGHT","PARKED MOTOR VEHICLE","NOT DIVIDED",,"STRAIGHT AND LEVEL","DRY","NO DEFECTS","NOT ON SCENE (DESK REPORT)","NO INJURY / DRIVE AWAY",,,,"OVER $1,500","2025-01-23T11:45:00.000","NOT APPLICABLE","NOT APPLICABLE","7529","S","SOUTH SHORE DR","421",,,,,,,"2","NO INDICATION OF INJURY","0","0","0","0","0","3","0","9","5","1","41.7598861304","-87.5563037538","POINT (-87.556303753837 41.759886130448)"
"33d47a897609881ebeb28e3bcdc3c01d2da982aad289150fb86bfeb61086135ae841bf6b253762d36a6f01b21ce7bda3c50a8839bf703daebdc1f04f53b424b1",,"2025-01-23T09:25:00.000","30","NO CONTROLS","NO CONTROLS","SNOW","DAYLIGHT","REAR TO FRONT","T-INTERSECTION",,"STRAIGHT AND LEVEL","SNOW OR SLUSH","NO DEFECTS","ON SCENE","NO INJURY / DRIVE AWAY",,,,"$501 - $1,500","2025-01-23T09:30:00.000","UNABLE TO DETERMINE","UNABLE TO DETERMINE","99","E","113TH PL","531",,"Y",,,,,"2","NO INDICATION OF INJURY","0","0","0","0","0","3","0","9","5","1","41.6879664712","-87.6210940596","POINT (-87.621094059583 41.687966471243)"
"d4d9c01b0bb291910586ffe2471891a7d6e8bf24c139f2d8fbbdb93315f54016bf7294c4cb752ef7be29269a541b626702b6ca6740f052e487606fe984c2facc",,"2025-01-23T09:25:00.000","25","NO CONTROLS","NO CONTROLS","CLEAR","DAYLIGHT","PARKED MOTOR VEHICLE","ONE-WAY",,"STRAIGHT AND LEVEL","ICE","UNKNOWN","ON SCENE","NO INJURY / DRIVE AWAY",,,"Y","OVER $1,500","2025-01-23T09:30:00.000","OPERATING VEHICLE IN ERRATIC, RECKLESS, CARELESS, NEGLIGENT OR AGGRESSIVE MANNER","WEATHER","3567","W","SHAKESPEARE AVE","1413",,,,,,,"5","NO INDICATION OF INJURY","0","0","0","0","0","1","0","9","5","1","41.9199263607","-87.7162627793","POINT (-87.716262779252 41.919926360743)"
"18e989ad5e85233ad620528ec56f17bea8c4764164ac8b0559d6b88d788b9781c97a53c8206b40c90a3ffdd46cd52d3f52a5a5302f8211f611bb896fab4f37de",,"2025-01-23T09:20:00.000","30","TRAFFIC SIGNAL","FUNCTIONING PROPERLY","CLEAR","DARKNESS, LIGHTED ROAD","REAR END","DIVIDED - W/MEDIAN BARRIER",,"STRAIGHT AND LEVEL","DRY","UNKNOWN","NOT ON SCENE (DESK REPORT)","NO INJURY / DRIVE AWAY",,,,"$501 - $1,500","2025-02-01T00:01:00.000","UNABLE TO DETERMINE","NOT APPLICABLE","10000","W","OHARE ST","1651",,,,,,,"2","NO INDICATION OF INJURY","0","0","0","0","0","2","0","9","5","1","41.976201139","-87.9053091251","POINT (-87.905309125103 41.976201139024)"
"97052aa1f4347c4b937c4a8fcdcb5d17a30dd9a2132bd6b4344a08cc78e85e337a8cd14fd84e123387f061b672df4490fac7ee0fcf2137c0805371f3b4699359",,"2025-01-23T09:20:00.000","30","STOP SIGN/FLASHER","NO CONTROLS","CLEAR","DAYLIGHT","ANGLE","ONE-WAY",,"STRAIGHT AND LEVEL","DRY","NO DEFECTS","NOT ON SCENE (DESK REPORT)","NO INJURY / DRIVE AWAY",,,,"OVER $1,500","2025-01-23T11:30:00.000","UNABLE TO DETERMINE","NOT APPLICABLE","1100","N","HARDING AVE","1112",,,,,,,"2","NO INDICATION OF INJURY","0","0","0","0","0","2","0","9","5","1","41.900945982","-87.7251769883","POINT (-87.72517698834 41.900945982031)"
"8680e3c0fad005b5c2c367f566e6fa7e2cc9fe47526b8216883321b37c401ffb3807702cf79a3f5c7fac383ffabeaf54be81b44151cd8012977b21fe77db504d",,"2025-01-23T09:15:00.000","30","NO CONTROLS","NO CONTROLS","UNKNOWN","DAYLIGHT","PARKED MOTOR VEHICLE","DIVIDED - W/MEDIAN (NOT RAISED)",,"STRAIGHT AND LEVEL","UNKNOWN","UNKNOWN","ON SCENE","INJURY AND / OR TOW DUE TO CRASH",,,,"OVER $1,500","2025-01-23T09:28:00.000","PHYSICAL CONDITION OF DRIVER","PHYSICAL CONDITION OF DRIVER","8153","S","EXCHANGE AVE","422",,,,,,,"2","NO INDICATION OF INJURY","0","0","0","0","0","1","0","9","5","1","41.7466880569","-87.5526516891","POINT (-87.552651689098 41.746688056903)"
"b5b2adb0cf8db25b1c5aa9af1d03583e8966e5b03efd7d02c690325f9c364d360ccd14949ca9cb49855d482eced074f03b8dbf27bd5ad9763b987dc679fb1e3e",,"2025-01-23T09:10:00.000","35","TRAFFIC SIGNAL","FUNCTIONING PROPERLY","CLEAR","DAYLIGHT","TURNING","NOT DIVIDED",,"STRAIGHT AND LEVEL","SNOW OR SLUSH","UNKNOWN","ON SCENE","INJURY AND / OR TOW DUE TO CRASH","Y",,,"OVER $1,500","2025-01-23T09:13:00.000","IMPROPER TURNING/NO SIGNAL","IMPROPER TURNING/NO SIGNAL","2000","E","89TH ST","412",,,,,,,"2","NONINCAPACITATING INJURY","3","0","0","3","0","0","0","9","5","1","41.7335202246","-87.575572352","POINT (-87.575572351978 41.73352022465)"
"7d982da23658df99e99966173db7a9a84eb56aff8f61367f4e413f4ebf7e03ba7782e7b0ab4f0d4bf859ae794c28e5e9e35373c5f48f5ac662874a36422a700d",,"2025-01-23T09:07:00.000","30","NO CONTROLS","NO CONTROLS","SNOW","DAYLIGHT","PARKED MOTOR VEHICLE","NOT DIVIDED",,"STRAIGHT AND LEVEL","WET","NO DEFECTS","ON SCENE","NO INJURY / DRIVE AWAY",,,,"$500 OR LESS","2025-01-23T09:29:00.000","UNABLE TO DETERMINE","UNABLE TO DETERMINE","2320","W","WILSON AVE","1911",,,,,,,"2","NO INDICATION OF INJURY","0","0","0","0","0","1","0","9","5","1","41.9650050169","-87.6871530534","POINT (-87.687153053425 41.965005016893)"
"da3f30a0cfd9f49c910724ded45c61098af4e44c95e2480de6f6c024fdcb0fcd3baeef471d1e2e3c398185ec5ce6cc4daa6961da8a8fee4e14f6ca79592dc743",,"2025-01-23T09:05:00.000","30","NO CONTROLS","NO CONTROLS","SNOW","DAYLIGHT","PARKED MOTOR VEHICLE","NOT DIVIDED",,"STRAIGHT AND LEVEL","WET","NO DEFECTS","NOT ON SCENE (DESK REPORT)","NO INJURY / DRIVE AWAY",,,,"OVER $1,500","2025-01-23T20:22:00.000","IMPROPER OVERTAKING/PASSING","IMPROPER OVERTAKING/PASSING","7511","S","SOUTH SHORE DR","421",,,,,,,"2","NO INDICATION OF INJURY","0","0","0","0","0","1","0","9","5","1","41.7603243474","-87.5567362735","POINT (-87.556736273536 41.760324347394)"
"f56dc2261ad88d01342aa6d064cc858b91b6f7f075de1986aae58beba3e5af2d92f068df096dd49e06d40f7f8c29d6460402b689d86bcbacfca5b0a64609833a",,"2025-01-23T09:03:00.000","30","NO CONTROLS","NO CONTROLS","CLEAR","DAYLIGHT","ANGLE","NOT DIVIDED",,"STRAIGHT AND LEVEL","SNOW OR SLUSH","NO DEFECTS","ON SCENE","INJURY AND / OR TOW DUE TO CRASH",,,,"OVER $1,500","2025-01-23T09:03:00.000","WEATHER","UNABLE TO DETERMINE","3231","W","OGDEN AVE","1022","Y","Y",,,,,"2","NO INDICATION OF INJURY","0","0","0","0","0","4","0","9","5","1","41.8573458197","-87.7065090188","POINT (-87.706509018844 41.857345819655)"
"80a2a075065769c09f48eee3224c0b85fd7a6d612c7146369ec2bde15a59caa195538b7fc18f7616260f1ca048ea8ba2a7a8a095966f3f552d4102de3148155f",,"2025-01-23T09:00:00.000","30","TRAFFIC SIGNAL","FUNCTIONING PROPERLY","SNOW","DAYLIGHT","REAR END","NOT DIVIDED",,"STRAIGHT AND LEVEL","SNOW OR SLUSH","UNKNOWN","ON SCENE","INJURY AND / OR TOW DUE TO CRASH",,,,"OVER $1,500","2025-01-23T09:06:00.000","WEATHER","NOT APPLICABLE","4003","W","FIFTH AVE","1132",,,,,,,"2","NO INDICATION OF INJURY","0","0","0","0","0","2","0","9","5","1","41.872838995","-87.725545816","POINT (-87.725545815957 41.87283899497)"
"836fea6a8aaf03fbc5afe62c5ce64cde5c23a5732be850e1dfbc03fa3b1d278456eceecfd9084e4d400a4fe93bd62aeb35baa4980325562df0cdd5ea0b8726b8",,"2025-01-23T09:00:00.000","15","NO CONTROLS","NO CONTROLS","CLEAR","DAYLIGHT","SIDESWIPE OPPOSITE DIRECTION","PARKING LOT",,"STRAIGHT AND LEVEL","ICE","NO DEFECTS","NOT ON SCENE (DESK REPORT)","NO INJURY / DRIVE AWAY",,,,"OVER $1,500","2025-01-23T10:15:00.000","WEATHER","WEATHER","4628","S","DAMEN AVE","924",,,,,,,"2","NO INDICATION OF INJURY","0","0","0","0","0","2","0","9","5","1","41.8094427085","-87.675108361","POINT (-87.675108360962 41.809442708535)"
"c189f0787a570c9b321e68ac2037e4fdfbf59b5a7f355dd915be157969010693640941dbc6173be00e658a1dc455052d446b7958975fce12f97348821b699baf",,"2025-01-23T09:00:00.000","15","NO CONTROLS","NO CONTROLS","CLEAR","DAYLIGHT","PARKED MOTOR VEHICLE","DIVIDED - W/MEDIAN (NOT RAISED)",,"STRAIGHT AND LEVEL","UNKNOWN","UNKNOWN","NOT ON SCENE (DESK REPORT)","NO INJURY / DRIVE AWAY",,,,"$501 - $1,500","2025-01-23T16:40:00.000","UNABLE TO DETERMINE","UNABLE TO DETERMINE","2452","W","ALTGELD ST","1431",,,,,,,"2","NO INDICATION OF INJURY","0","0","0","0","0","1","0","9","5","1","41.9268073684","-87.6898467587","POINT (-87.68984675866 41.92680736845)"
"cb7309d0284e90dc03fb088a9ace3a0fa8d6b242f6a5c9c6ada594e96fdc365a0fbb37f3644215f98801676ddc491c5c614ae6d918a0c957fa181173351b1338",,"2025-01-23T09:00:00.000","10","NO CONTROLS","NO CONTROLS","CLEAR","DAYLIGHT","PARKED MOTOR VEHICLE","PARKING LOT",,"STRAIGHT AND LEVEL","DRY","NO DEFECTS","NOT ON SCENE (DESK REPORT)","NO INJURY / DRIVE AWAY",,,"Y","OVER $1,500","2025-01-24T08:20:00.000","UNABLE TO DETERMINE","UNABLE TO DETERMINE","708","W","WAYMAN ST","1214",,,,,,,"2","NO INDICATION OF INJURY","0","0","0","0","0","1","0","9","5","1","41.8875810301","-87.6461563038","POINT (-87.646156303757 41.887581030104)"