"crash_record_id","crash_date_est_i","crash_date","posted_speed_limit","traffic_control_device","device_condition","weather_condition","lighting_condition","first_crash_type","trafficway_type","lane_cnt","alignment","roadway_surface_cond","road_defect","report_type","crash_type","intersection_related_i","private_property_i","hit_and_run_i","damage","date_police_notified","prim_contributory_cause","sec_contributory_cause","street_no","street_direction","street_name","beat_of_occurrence","photos_taken_i","statements_taken_i","dooring_i","work_zone_i","work_zone_type","workers_present_i","num_units","most_severe_injury","injuries_total","injuries_fatal","injuries_incapacitating","injuries_non_incapacitating","injuries_reported_not_evident","injuries_no_indication","injuries_unknown","crash_hour","crash_day_of_week","crash_month","latitude","longitude","location"
"ae7c418d43483e0d00bcf6412824f4beaffb8a8ff608603f76865ae21da17d4a269c3765fae1e958423b302a80b0f0faf137956f30a330777096072747e7933e",,"2025-01-23T08:53:00.000","30","TRAFFIC SIGNAL","FUNCTIONING PROPERLY","SNOW","DAYLIGHT","REAR END","DIVIDED - W/MEDIAN (NOT RAISED)",,"STRAIGHT AND LEVEL","WET","NO DEFECTS","ON SCENE","NO INJURY / DRIVE AWAY",,,,"$501 - $1,500","2025-01-23T09:00:00.000","FOLLOWING TOO CLOSELY","UNABLE TO DETERMINE","150","N","MICHIGAN AVE","111",,,,,,,"2","NO INDICATION OF INJURY","0","0","0","0","0","2","0","8","5","1","41.8845309638","-87.6246020446","POINT (-87.624602044601 41.884530963783)"
"5f38e128223ad9d15974db945ebd603955217661a245d64163e01d284b77877208966342d7415fc42cc3ddd77264d762cf379cf2c9db908902e54b5e6b375fc2",,"2025-01-23T08:45:00.000","30","TRAFFIC SIGNAL","FUNCTIONING PROPERLY","SNOW","DAYLIGHT","PEDESTRIAN","ONE-WAY",,"STRAIGHT AND LEVEL","SNOW OR SLUSH","NO DEFECTS","ON SCENE","NO INJURY / DRIVE AWAY","Y",,,"$501 - $1,500","2025-01-23T08:57:00.000","IMPROPER TURNING/NO SIGNAL","NOT APPLICABLE","77","W","JACKSON BLVD","113",,,,,,,"2","NO INDICATION OF INJURY","0","0","0","0","0","2","0","8","5","1","41.8780410038","-87.6304934491","POINT (-87.630493449112 41.878041003756)"
"83eb1c4dc31716e1390b53a84f33d452e31b303da9b9c8b1c4071e5cfbc895500909016a67d0f8ae498924eb5d8863abf9c6110ef0b8c70fe74ea6c6b76e89ba",,"2025-01-23T08:45:00.000","30","NO CONTROLS","NO CONTROLS","CLEAR","DAYLIGHT","SIDESWIPE SAME DIRECTION","ONE-WAY",,"STRAIGHT AND LEVEL","DRY","NO DEFECTS","NOT ON SCENE (DESK REPORT)","NO INJURY / DRIVE AWAY",,,"Y","OVER $1,500","2025-01-23T18:06:00.000","FAILING TO YIELD RIGHT-OF-WAY","UNABLE TO DETERMINE","2230","W","DICKENS AVE","1432",,,,,,,"2","NO INDICATION OF INJURY","0","0","0","0","0","5","0","8","5","1","41.9192698961","-87.6838267522","POINT (-87.683826752248 41.919269896124)"
"8a128f8248df74e0db8c912035944e862d8052f7a728cf0eae44c4467b9a9a6c42d105bd8c9c61d5545b5627bac1e28f0c889b3a17855253b2312e39ad509de7",,"2025-01-23T08:45:00.000","30","NO CONTROLS","NO CONTROLS","SNOW","DAYLIGHT","SIDESWIPE SAME DIRECTION","NOT DIVIDED",,"STRAIGHT AND LEVEL","WET","NO DEFECTS","NOT ON SCENE (DESK REPORT)","NO INJURY / DRIVE AWAY",,,,"OVER $1,500","2025-01-23T09:35:00.000","UNABLE TO DETERMINE","NOT APPLICABLE","1417","W","TAYLOR ST","1231",,,,,,,"2","NO INDICATION OF INJURY","0","0","0","0","0","3","0","8","5","1","41.8692192467","-87.6623354075","POINT (-87.662335407454 41.869219246746)"
"0f55cf42a8d510242900168cb7a762a0b2d24c90968630c66b6d081c55829c4a15d8aaf4be7d844fb75b42144af72fa870a953a0a810ebc1875a680289eadc54",,"2025-01-23T08:40:00.000","30","NO CONTROLS","NO CONTROLS","CLEAR","DAYLIGHT","ANGLE","DIVIDED - W/MEDIAN (NOT RAISED)",,"STRAIGHT AND LEVEL","DRY","NO DEFECTS","NOT ON SCENE (DESK REPORT)","NO INJURY / DRIVE AWAY",,,,"OVER $1,500","2025-01-23T09:09:00.000","UNABLE TO DETERMINE","UNABLE TO DETERMINE","5601","W","BRYN MAWR AVE","1622",,,,,,,"2","NO INDICATION OF INJURY","0","0","0","0","0","2","0","8","5","1","41.9828295086","-87.7684038812","POINT (-87.768403881227 41.982829508569)"
"384f6c38762edf8abdbfde87b906b0a22510ee8de41ab19c01b73fb8d905568aa9cb9b75441dfaffdd5fc3cd71f71f4577b9d2441a3960e54c1be46fd613134f","Y","2025-01-23T08:30:00.000","10","NO CONTROLS","NO CONTROLS","CLEAR","DARKNESS","PARKED MOTOR VEHICLE","PARKING LOT",,"STRAIGHT AND LEVEL","OTHER","NO DEFECTS","NOT ON SCENE (DESK REPORT)","NO INJURY / DRIVE AWAY",,,"Y","$501 - $1,500","2025-01-23T13:10:00.000","UNABLE TO DETERMINE","UNABLE TO DETERMINE","6616","S","STEWART AVE","722",,,,,,,"2","NO INDICATION OF INJURY","0","0","0","0","0","1","0","8","5","1","41.7738884362","-87.6350354428","POINT (-87.635035442815 41.773888436211)"
"770036e8fe16637515de3bfebd26cfa16b84dd8690a5dcd668484857915bd02af6ef543a2e6ed5d7a6df5869f9bc6bdfb816860acdaac27c61c569c57a9ded84",,"2025-01-23T08:30:00.000","30","NO CONTROLS","NO CONTROLS","SNOW","DAYLIGHT","SIDESWIPE SAME DIRECTION","NOT DIVIDED",,"STRAIGHT AND LEVEL","SNOW OR SLUSH","NO DEFECTS","ON SCENE","NO INJURY / DRIVE AWAY",,,,"OVER $1,500","2025-01-23T08:43:00.000","IMPROPER LANE USAGE","IMPROPER LANE USAGE","4027","W","MONTROSE AVE","1722",,,,,,,"2","NO INDICATION OF INJURY","0","0","0","0","0","2","0","8","5","1","41.9608244802","-87.7289758796","POINT (-87.728975879622 41.960824480211)"
"7e386037b2838e029e129cee68af34cc39d7eff705d9d2367299d65361bdae34303026cf97536885b56629150f659358f627cd5669c6d3c4bc4ccd19ee435601",,"2025-01-23T08:30:00.000","30","TRAFFIC SIGNAL","FUNCTIONING PROPERLY","CLOUDY/OVERCAST","DAYLIGHT","ANGLE","FOUR WAY",,"STRAIGHT AND LEVEL","WET","NO DEFECTS","NOT ON SCENE (DESK REPORT)","NO INJURY / DRIVE AWAY",,,,"OVER $1,500","2025-01-23T09:05:00.000","UNABLE TO DETERMINE","UNABLE TO DETERMINE","3301","N","ASHLAND AVE","1922",,,,,,,"2","NO INDICATION OF INJURY","0","0","0","0","0","2","0","8","5","1","41.9415706874","-87.6685664337","POINT (-87.668566433651 41.941570687405)"
"fa7e579304caa3ea94ce34c08d2812d052b0791d1b9b03826f84072d796ddab1bc4ac6c7066976f4b8fd731c75ff9fe4743962c13ba3b431d4190d87f7c04210",,"2025-01-23T08:30:00.000","30","NO CONTROLS","NO CONTROLS","SNOW","DAYLIGHT","REAR END","NOT DIVIDED",,"STRAIGHT AND LEVEL","SNOW OR SLUSH","NO DEFECTS","ON SCENE","NO INJURY / DRIVE AWAY",,,,"OVER $1,500","2025-01-23T08:40:00.000","FOLLOWING TOO CLOSELY","WEATHER","3821","S","ARCHER AVE","911",,,,,,,"2","NO INDICATION OF INJURY","0","0","0","0","0","2","0","8","5","1","41.8239519883","-87.6879343353","POINT (-87.687934335282 41.823951988264)"
"d121410c9a7c5f466d60c40e4bc9e4f6a84ea0e5cb5aaba3819b75c4d277a4fa5198a7ceeee17efbefda4135294a0abf3713d8242cbb9397d775cf771235ee4c",,"2025-01-23T08:25:00.000","10","NO CONTROLS","NO CONTROLS","CLEAR","DAYLIGHT","ANGLE","ALLEY",,"STRAIGHT AND LEVEL","WET","NO DEFECTS","NOT ON SCENE (DESK REPORT)","NO INJURY / DRIVE AWAY",,,,"OVER $1,500","2025-01-23T08:55:00.000","FAILING TO YIELD RIGHT-OF-WAY","UNABLE TO DETERMINE","1326","S","MICHIGAN AVE","131",,,,,,,"2","NO INDICATION OF INJURY","0","0","0","0","0","2","0","8","5","1","41.8649995335","-87.6242430055","POINT (-87.624243005511 41.864999533491)"
"8e98ff9885d0d2c2bb93ed851d13dc9991340ba25b9b0b29d1817ab49cc951a0376832e80cfdac3d053e09bbc54ebaa9af956bf6299ca9d28813e989bc94c06d",,"2025-01-23T08:18:00.000","30","STOP SIGN/FLASHER","FUNCTIONING PROPERLY","SNOW","DAYLIGHT","FIXED OBJECT","NOT DIVIDED",,"STRAIGHT AND LEVEL","SNOW OR SLUSH","UNKNOWN","ON SCENE","INJURY AND / OR TOW DUE TO CRASH","Y",,,"OVER $1,500","2025-01-23T08:18:00.000","WEATHER","UNABLE TO DETERMINE","3201","S","SHIELDS AVE","915",,,,,,,"1","NO INDICATION OF INJURY","0","0","0","0","0","1","0","8","5","1","41.8362776917","-87.6351255474","POINT (-87.635125547411 41.836277691687)"
"fc1751abc162dea10be0a04d3fdf996b6e68719654c9d8bde94998f94c7f0b83be3bc81daf677fe963a6d1e51b7d967308290859273290770171016899738522",,"2025-01-23T08:15:00.000","30","TRAFFIC SIGNAL","FUNCTIONING PROPERLY","SNOW","DAYLIGHT","TURNING","FOUR WAY",,"STRAIGHT AND LEVEL","WET","NO DEFECTS","NOT ON SCENE (DESK REPORT)","NO INJURY / DRIVE AWAY","Y",,,"OVER $1,500","2025-01-23T10:45:00.000","FOLLOWING TOO CLOSELY","FOLLOWING TOO CLOSELY","1558","W","35TH ST","912",,,,,,,"2","NO INDICATION OF INJURY","0","0","0","0","0","2","0","8","5","1","41.8306118786","-87.6655072051","POINT (-87.665507205089 41.83061187865)"
"b239c249682d64bd58c4b4a1f996a686c69c0a4f8a819008b5edef78cdfde4c0ac588a4666c46b64547de5e9ce929b3bbeeab02056ab9ab999442411a29c0b55",,"2025-01-23T08:10:00.000","30","UNKNOWN","UNKNOWN","UNKNOWN","UNKNOWN","REAR END","UNKNOWN",,"STRAIGHT AND LEVEL","UNKNOWN","UNKNOWN","NOT ON SCENE (DESK REPORT)","NO INJURY / DRIVE AWAY",,,,"$500 OR LESS","2025-01-23T16:44:00.000","UNABLE TO DETERMINE","UNABLE TO DETERMINE","1212","W","BALMORAL AVE","2013",,,,,,,"2","NO INDICATION OF INJURY","0","0","0","0","0","2","0","8","5","1","41.9800715013","-87.6606089161","POINT (-87.660608916089 41.980071501278)"
"b9c5ea79401c730e8e497ae51432651bff4db217e019fedf5c7d9ca2f25e994df1725567a4d972ff7d12116d6b3530e0130254a9a5d10b1ea08792875c2310ad",,"2025-01-23T08:10:00.000","30","NO CONTROLS","NO CONTROLS","SNOW","DAYLIGHT","PARKED MOTOR VEHICLE","ONE-WAY",,"STRAIGHT AND LEVEL","SNOW OR SLUSH","UNKNOWN","NOT ON SCENE (DESK REPORT)","NO INJURY / DRIVE AWAY",,,,"OVER $1,500","2025-01-23T08:50:00.000","WEATHER","WEATHER","5100","N","NEWCASTLE AVE","1613",,"Y",,,,,"2","NO INDICATION OF INJURY","0","0","0","0","0","1","0","8","5","1","41.9738515066","-87.79775021","POINT (-87.797750210048 41.973851506624)"
"a5183bfd7f45816ef24055e2f7d125be63c35c50a0f4b12351f4380a099d677a60b9dc4eb905ba10399fb731b1e40347f83a57a17d1b4faab822281b1255e16c",,"2025-01-23T08:07:00.000","20","NO CONTROLS","NO CONTROLS","SNOW","DAYLIGHT","PARKED MOTOR VEHICLE","NOT DIVIDED",,"STRAIGHT AND LEVEL","SNOW OR SLUSH","UNKNOWN","ON SCENE","INJURY AND / OR TOW DUE TO CRASH",,,,"OVER $1,500","2025-01-23T08:08:00.000","FAILING TO REDUCE SPEED TO AVOID CRASH","UNABLE TO DETERMINE","4815","N","CENTRAL PARK AVE","1712",,,,,,,"3","NO INDICATION OF INJURY","0","0","0","0","0","5","0","8","5","1","41.9688368203","-87.7181208207","POINT (-87.718120820664 41.968836820321)"
"efded50752ca09ac06fffdbe45015068da3f7f619d2d76cb3175ca00b48ca8c5cad177d14c8c4b94608c82b2a5b270606e5fa5e81f3d0ef8e12ced4bb8179652",,"2025-01-23T08:05:00.000","30","NO CONTROLS","NO CONTROLS","SNOW","DAYLIGHT","SIDESWIPE SAME DIRECTION","NOT DIVIDED",,"STRAIGHT AND LEVEL","WET","NO DEFECTS","NOT ON SCENE (DESK REPORT)","NO INJURY / DRIVE AWAY",,,,"OVER $1,500","2025-01-23T08:45:00.000","IMPROPER LANE USAGE","NOT APPLICABLE","2373","S","BLUE ISLAND AVE","1034",,,,,,,"2","NO INDICATION OF INJURY","0","0","0","0","0","2","0","8","5","1","41.8490466974","-87.6741037248","POINT (-87.6741037248 41.84904669736)"
"a7db3f136ead09f080404a7212d141daa7bb266d35c5436a49eca20a7561eee905665ea1429bf39b04b03841e1dfa62d3331f62916fff1cccad3cfc40c07d3f9",,"2025-01-23T08:04:00.000","30","NO CONTROLS","NO CONTROLS","CLEAR","DAYLIGHT","SIDESWIPE SAME DIRECTION","CENTER TURN LANE",,"STRAIGHT AND LEVEL","DRY","NO DEFECTS",,"NO INJURY / DRIVE AWAY",,,,"OVER $1,500","2025-01-23T11:15:00.000","UNABLE TO DETERMINE","NOT APPLICABLE","6414","S","COTTAGE GROVE AVE","312",,,,,,,"2","NO INDICATION OF INJURY","0","0","0","0","0","2","0","8","5","1","41.7781067208","-87.6060262669","POINT (-87.606026266891 41.778106720776)"
"206207b7dda8cb36ad5d6df7e35e89b055d3a6978b78c49037a48d28ee574256f53b51703599f64f92e954a3fedebf57a1e14a422792874daf4e464e6d9445db",,"2025-01-23T08:00:00.000","30","TRAFFIC SIGNAL","FUNCTIONING PROPERLY","SNOW","UNKNOWN","PEDESTRIAN","NOT DIVIDED",,"STRAIGHT AND LEVEL","SNOW OR SLUSH","UNKNOWN","NOT ON SCENE (DESK REPORT)","INJURY AND / OR TOW DUE TO CRASH","Y",,,"$501 - $1,500","2025-01-23T08:40:00.000","UNABLE TO DETERMINE","UNABLE TO DETERMINE","6658","S","ROCKWELL ST","831",,,,,,,"2","REPORTED, NOT EVIDENT","1","0","0","0","1","1","0","8","5","1","41.7719899823","-87.6884814856","POINT (-87.688481485588 41.771989982296)"
"6b7f9ab4d98f39d155d7e93ade8718ebfca3978a315bf08b156a102775d24acd948b118ad5bf9f179b4336c7d09e423139069fb0de264992f40b26d579cc4028",,"2025-01-23T07:50:00.000","30","TRAFFIC SIGNAL","FUNCTIONING PROPERLY","CLEAR","DAYLIGHT","TURNING","NOT DIVIDED",,"STRAIGHT AND LEVEL","WET","NO DEFECTS",,"INJURY AND / OR TOW DUE TO CRASH","Y",,,"OVER $1,500","2025-01-23T07:52:00.000","FAILING TO YIELD RIGHT-OF-WAY","UNABLE TO DETERMINE","5900","S","KEDZIE AVE","822",,,,,,,"3","NONINCAPACITATING INJURY","2","0","0","1","1","1","0","7","5","1","41.7861553079","-87.7034931406","POINT (-87.703493140571 41.786155307863)"
"e943f8dc020169863ebb9419529487a4a38c3b902cb50b2d82594a2409f59551a1f8c36bcee17bee2af140a3e50a3fc79f977ad62b935f8861223daf173dbd11",,"2025-01-23T07:50:00.000","30","NO CONTROLS","NO CONTROLS","CLEAR","DAYLIGHT","PARKED MOTOR VEHICLE","NOT DIVIDED",,"STRAIGHT AND LEVEL","DRY","NO DEFECTS","NOT ON SCENE (DESK REPORT)","NO INJURY / DRIVE AWAY",,,,"$501 - $1,500","2025-01-23T09:00:00.000","UNABLE TO DETERMINE","UNABLE TO DETERMINE","4951","S","ARCHER AVE","821",,,,,,,"2","NO INDICATION OF INJURY","0","0","0","0","0","2","0","7","5","1","41.803189945","-87.7217733463","POINT (-87.721773346279 41.803189945002)"
"f60c037a32ba1f940e8d2a17eabef62ff90312d8cb75edfb7394a69ff58a4115767e6cea5f82423cead03bc19747578cfb7a3b87a18d2be43dbe1487e2479fdd",,"2025-01-23T07:50:00.000","10","NO CONTROLS","NO CONTROLS","SNOW","DAYLIGHT","FIXED OBJECT","NOT DIVIDED",,"STRAIGHT AND LEVEL","SNOW OR SLUSH","UNKNOWN","ON SCENE","INJURY AND / OR TOW DUE TO CRASH",,"Y",,"OVER $1,500","2025-01-23T07:52:00.000","UNABLE TO DETERMINE","NOT APPLICABLE","1839","N","MAJOR AVE","2531",,,,,,,"1","NO INDICATION OF INJURY","0","0","0","0","0","1","0","7","5","1","41.9136414136","-87.7679189148","POINT (-87.767918914843 41.913641413604)"
"3b308857e855faee2ce50b163b33f29ba0122b04d2a77d001e78cbb5b87d55c2d05f8f249f2fd8a5b5f3b6b16af6c5d58051e8b976c9db6c049e246585866012",,"2025-01-23T07:48:00.000","30","NO CONTROLS","NO CONTROLS","SNOW","DAYLIGHT","FIXED OBJECT","DIVIDED - W/MEDIAN (NOT RAISED)",,"STRAIGHT ON GRADE","SNOW OR SLUSH","NO DEFECTS","ON SCENE","INJURY AND / OR TOW DUE TO CRASH",,,,"OVER $1,500","2025-01-23T07:48:00.000","UNABLE TO DETERMINE","UNABLE TO DETERMINE","7530","S","WESTERN AVE","835",,,,,,,"1","NONINCAPACITATING INJURY","1","0","0","1","0","0","0","7","5","1","41.7564151107","-87.683161463","POINT (-87.683161462952 41.756415110661)"
"107ca8e0e108df2b46ce53e882add98f9c4f13b84874501e18a70a4480d18ce4dee48c76ba2544bc146fc15c97b027a75b3c95118c5baa2821d1bdab77937301","Y","2025-01-23T07:42:00.000","30","TRAFFIC SIGNAL","FUNCTIONING PROPERLY","CLEAR","DAYLIGHT","TURNING","NOT DIVIDED",,"STRAIGHT AND LEVEL","SNOW OR SLUSH","UNKNOWN","NOT ON SCENE (DESK REPORT)","INJURY AND / OR TOW DUE TO CRASH","Y",,"Y","OVER $1,500","2025-01-23T08:30:00.000","UNABLE TO DETERMINE","WEATHER","7899","S","SOUTH CHICAGO AVE","411",,,,,,,"2","REPORTED, NOT EVIDENT","1","0","0","0","1","1","0","7","5","1","41.7515751796","-87.5855452131","POINT (-87.585545213095 41.751575179562)"
"4b51a2222ac6194d9225423c9cf782878f2fe5540b3135ef24dea1682b13001db5cb275ab9049b886dd27623899917f027e9ff00e9193e060461c8b29e98a3e5",,"2025-01-23T07:30:00.000","30","UNKNOWN","UNKNOWN","SNOW","DAYLIGHT","REAR END","NOT DIVIDED",,"STRAIGHT AND LEVEL","SNOW OR SLUSH","UNKNOWN","NOT ON SCENE (DESK REPORT)","NO INJURY / DRIVE AWAY",,,"Y","OVER $1,500","2025-01-23T07:45:00.000","FOLLOWING TOO CLOSELY","FOLLOWING TOO CLOSELY","1437","W","69TH ST","734",,,,,,,"2","NO INDICATION OF INJURY","0","0","0","0","0","2","0","7","5","1","41.7684917513","-87.6605039952","POINT (-87.660503995211 41.768491751292)"
"4c2080fa37cc0c019036d9009500831fdfae944f2fabb878412b449a7c66d877835ee8cfbca2df933a5966f1b2b28bf59d4aa74131504c3f646415888e198eeb",,"2025-01-23T07:30:00.000","30","STOP SIGN/FLASHER","NO CONTROLS","CLEAR","DAYLIGHT","ANGLE","NOT DIVIDED",,"STRAIGHT AND LEVEL","SNOW OR SLUSH","NO DEFECTS","NOT ON SCENE (DESK REPORT)","NO INJURY / DRIVE AWAY",,,,"$500 OR LESS","2025-01-23T19:35:00.000","FAILING TO YIELD RIGHT-OF-WAY","NOT APPLICABLE","8300","S","HOMAN AVE","834",,,,,,,"2","NO INDICATION OF INJURY","0","0","0","0","0","3","0","7","5","1","41.7423705898","-87.707213521","POINT (-87.707213521023 41.742370589776)"
"a4f304221a54bef5ba04c64dcad9300635cf3aaba8970cb3f1cd5096adff2b56db4c462f0511149294419794a4b682b2bf8e41a5d0a79ae2762bb58073b51961",,"2025-01-23T07:30:00.000","30","STOP SIGN/FLASHER","FUNCTIONING PROPERLY","CLEAR","DAYLIGHT","REAR END","NOT DIVIDED",,"STRAIGHT AND LEVEL","DRY","NO DEFECTS","NOT ON SCENE (DESK REPORT)","NO INJURY / DRIVE AWAY",,,,"OVER $1,500","2025-01-23T13:05:00.000","FOLLOWING TOO CLOSELY","NOT APPLICABLE","637","W","BUENA AVE","1915",,,,,,,"2","NO INDICATION OF INJURY","0","0","0","0","0","3","0","7","5","1","41.9584181676","-87.6465841","POINT (-87.646584100003 41.95841816762)"
"3b75f0ee10a7de7d0fe1c76bf6d10e0dd201d8721d8c964e8cf40856b62a22932d75737bf914f354b84e42b99b90fe3f5263d30a13dd941d83bc0f51f5bd12d8",,"2025-01-23T07:23:00.000","20","NO CONTROLS","NO CONTROLS","SNOW","DAYLIGHT","ANGLE","ONE-WAY",,"STRAIGHT AND LEVEL","SNOW OR SLUSH","NO DEFECTS","ON SCENE","NO INJURY / DRIVE AWAY","Y",,,"$500 OR LESS","2025-01-23T07:23:00.000","FAILING TO YIELD RIGHT-OF-WAY","UNABLE TO DETERMINE","2545","N","LINDER AVE","2515",,,,,,,"2","NO INDICATION OF INJURY","0","0","0","0","0","4","0","7","5","1","41.9271749613","-87.763494528","POINT (-87.763494527956 41.927174961282)"
"03889ea249b93e1aaf6bd85b75324d98a8f80a570e1a56eff6bda06c07b20cb856cd0d3b0ea6fb9188a581eaeca2f11b7b41ebd1b3678e2febe8e2e7695ee359",,"2025-01-23T07:16:00.000","30","NO CONTROLS","NO CONTROLS","CLEAR","DAYLIGHT","PARKED MOTOR VEHICLE","FOUR WAY",,"STRAIGHT AND LEVEL","UNKNOWN","UNKNOWN","NOT ON SCENE (DESK REPORT)","NO INJURY / DRIVE AWAY","Y",,,"OVER $1,500","2025-01-23T13:40:00.000","UNABLE TO DETERMINE","UNABLE TO DETERMINE","7600","S","CORNELL AVE","411",,,,,,,"2","NO INDICATION OF INJURY","0","0","0","0","0","1","0","7","5","1","41.756868368","-87.5846865381","POINT (-87.584686538118 41.756868367996)"
"122ca5c95f3134fd42b1934ba909c6829613d93fc6402ca2e76c0f369705933a778ff125ec77a3b5fa747046bc475e0181b70f087807e817970a2e0851596171",,"2025-01-23T07:15:00.000","30","NO CONTROLS","NO CONTROLS","SNOW","DARKNESS, LIGHTED ROAD","FIXED OBJECT","NOT DIVIDED",,"STRAIGHT AND LEVEL","SNOW OR SLUSH","NO DEFECTS","ON SCENE","INJURY AND / OR TOW DUE TO CRASH",,,,"OVER $1,500","2025-01-23T08:42:00.000","WEATHER","UNABLE TO DETERMINE","75","W","43RD ST","215",,,,,,,"1","NO INDICATION OF INJURY","0","0","0","0","0","1","0","7","5","1","41.8163484187","-87.6285594589","POINT (-87.628559458903 41.816348418729)"
"856bdd7171de643c878ce36f19eb9b84c750804e67906e800239c673b5ca9b1b420b46d1d35286adc8e2af11b8dc6b34297ee7ada83b96e3cdf797aed3bdf34a",,"2025-01-23T07:15:00.000","30","NO CONTROLS","NO CONTROLS","CLEAR","DAYLIGHT","ANGLE","NOT DIVIDED",,"STRAIGHT AND LEVEL","SNOW OR SLUSH","NO DEFECTS","NOT ON SCENE (DESK REPORT)","NO INJURY / DRIVE AWAY",,,,"$500 OR LESS","2025-02-04T12:15:00.000","UNABLE TO DETERMINE","NOT APPLICABLE","3554","W","OHIO ST","1121",,,,,,,"2","NO INDICATION OF INJURY","0","0","0","0","0","2","0","7","5","1","41.8919075104","-87.7159646599","POINT (-87.715964659852 41.891907510418)"
"0bf9f82b2c9a5c823a7a42d98bb6a8496364d27367219a47dd07e9b727a1943c9afa9b8b4dba1cc9ef81a0fbfaa570cc7bcc42051adc304bb38dc37854d9e582",,"2025-01-23T07:10:00.000","30","TRAFFIC SIGNAL","FUNCTIONING PROPERLY","CLEAR","DAYLIGHT","TURNING","NOT DIVIDED",,"STRAIGHT AND LEVEL","DRY","NO DEFECTS","NOT ON SCENE (DESK REPORT)","INJURY AND / OR TOW DUE TO CRASH",,,,"OVER $1,500","2025-01-23T08:45:00.000","UNABLE TO DETERMINE","NOT APPLICABLE","4000","W","DIVISION ST","2534",,,,,,,"2","NO INDICATION OF INJURY","0","0","0","0","0","2","0","7","5","1","41.9027796711","-87.7263690269","POINT (-87.726369026893 41.902779671123)"
"e6d1e13f4c7a723450ced22b1ed33f0c6cde0e5e5ee53d1c8bbac7ccd9a3cf91ad08cd07c63a5fd77c7ae1f86b654fe4583d263b3f14f81ca47aa39e955b5a58",,"2025-01-23T07:10:00.000","10","NO CONTROLS","NO CONTROLS","SNOW","DAYLIGHT","TURNING","DIVIDED - W/MEDIAN (NOT RAISED)",,"STRAIGHT AND LEVEL","SNOW OR SLUSH","UNKNOWN","ON SCENE","NO INJURY / DRIVE AWAY","Y",,,"$500 OR LESS","2025-01-23T07:18:00.000","DISTRACTION - FROM OUTSIDE VEHICLE","NOT APPLICABLE","3300","E","CHELTENHAM DR","421",,,,,,,"2","NO INDICATION OF INJURY","0","0","0","0","0","2","0","7","5","1","41.7548480861","-87.5452739441","POINT (-87.545273944128 41.754848086147)"
"fc9430389a45aa80d6b8a997d4bdeaa703ee97f6dfdae9f9a652da743508c7f7185aa0a7b5d5af0bc170e28cc44011b3f80c30e2bc70924906e63398e1bcddef","N","2025-01-23T07:10:00.000","15","NO CONTROLS","NO CONTROLS","UNKNOWN","DARKNESS, LIGHTED ROAD","PARKED MOTOR VEHICLE","ONE-WAY",,"STRAIGHT AND LEVEL","UNKNOWN","UNKNOWN","NOT ON SCENE (DESK REPORT)","INJURY AND / OR TOW DUE TO CRASH",,,"Y","OVER $1,500","2025-01-23T13:30:00.000","UNABLE TO DETERMINE","NOT APPLICABLE","3045","W","FILLMORE ST","1134",,,,,,,"2","NO INDICATION OF INJURY","0","0","0","0","0","1","0","7","5","1","41.8681505639","-87.7025805994","POINT (-87.702580599391 41.868150563862)"
"64d13b3a35357df1d5f4ec74c965e5a56bcc010da57555528fb480f949622811f684c9e783af3687d8ae7f14cd0cd3d0a9bb685da58df3cfeeb8322234612214","Y","2025-01-23T07:00:00.000","30","NO CONTROLS","NO CONTROLS","SNOW","DAYLIGHT","PARKED MOTOR VEHICLE","NOT DIVIDED",,"STRAIGHT AND LEVEL","SNOW OR SLUSH","NO DEFECTS","ON SCENE","NO INJURY / DRIVE AWAY",,,"Y","OVER $1,500","2025-01-23T07:17:00.000","IMPROPER OVERTAKING/PASSING","NOT APPLICABLE","458","E","33RD PL","211",,,,,,,"4","NO INDICATION OF INJURY","0","0","0","0","0","1","0","7","5","1","41.8337640741","-87.6145583082","POINT (-87.61455830825 41.833764074086)"
"823d6fca0ae89f2466bc5241ef0867474ba753bc5fd63705e53e183f31efb19ca9ba40889cfd428557e6f7c2b45ed138cc6f2b78b0cc917f61939956a28df4e2",,"2025-01-23T07:00:00.000","30","TRAFFIC SIGNAL","UNKNOWN","UNKNOWN","UNKNOWN","REAR TO FRONT","NOT DIVIDED",,"STRAIGHT AND LEVEL","UNKNOWN","UNKNOWN","NOT ON SCENE (DESK REPORT)","NO INJURY / DRIVE AWAY",,,,"$501 - $1,500","2025-01-23T17:15:00.000","UNABLE TO DETERMINE","NOT APPLICABLE","2401","W","99TH ST","2211",,,,,,,"2","NO INDICATION OF INJURY","0","0","0","0","0","2","0","7","5","1","41.7135538566","-87.681911224","POINT (-87.681911223985 41.713553856607)"
"c9291bbdf8f36e536b90517ec981696663b32be2bdb18149c80f0512fcffd3efb973677740d2f40e77535b1c942d23130d17288929142bf2e1ff80f09c36bac6",,"2025-01-23T06:55:00.000","30","TRAFFIC SIGNAL","FUNCTIONING PROPERLY","SNOW","DAYLIGHT","PEDALCYCLIST","FOUR WAY",,"STRAIGHT AND LEVEL","SNOW OR SLUSH","NO DEFECTS","NOT ON SCENE (DESK REPORT)","NO INJURY / DRIVE AWAY","Y",,,"$500 OR LESS","2025-01-23T08:10:00.000","UNABLE TO DETERMINE","UNABLE TO DETERMINE","4700","S","CALIFORNIA AVE","922",,,,,,,"2","NO INDICATION OF INJURY","0","0","0","0","0","2","0","6","5","1","41.8082170512","-87.6943500349","POINT (-87.694350034906 41.808217051245)"