"crash_record_id","crash_date_est_i","crash_date","posted_speed_limit","traffic_control_device","device_condition","weather_condition","lighting_condition","first_crash_type","trafficway_type","lane_cnt","alignment","roadway_surface_cond","road_defect","report_type","crash_type","intersection_related_i","private_property_i","hit_and_run_i","damage","date_police_notified","prim_contributory_cause","sec_contributory_cause","street_no","street_direction","street_name","beat_of_occurrence","photos_taken_i","statements_taken_i","dooring_i","work_zone_i","work_zone_type","workers_present_i","num_units","most_severe_injury","injuries_total","injuries_fatal","injuries_incapacitating","injuries_non_incapacitating","injuries_reported_not_evident","injuries_no_indication","injuries_unknown","crash_hour","crash_day_of_week","crash_month","latitude","longitude","location"
"c2cfaacff8a1a7f362951e48f266417ce41c740cfe9e3152ec101c7a2b9577d11e921035b46478a382f3950289bbd7d2ce8fcb17f1d37a1fa58feaed44765bc6",,"2025-01-23T06:53:00.000","30","TRAFFIC SIGNAL","FUNCTIONING PROPERLY","SNOW","DAYLIGHT","SIDESWIPE SAME DIRECTION","NOT DIVIDED",,"STRAIGHT AND LEVEL","WET","NO DEFECTS","NOT ON SCENE (DESK REPORT)","NO INJURY / DRIVE AWAY",,,,"$501 - $1,500","2025-01-23T09:30:00.000","UNABLE TO DETERMINE","NOT APPLICABLE","9511","S","EWING AVE","432",,,,,,,"2","NO INDICATION OF INJURY","0","0","0","0","0","3","0","6","5","1","41.722673899","-87.5361525647","POINT (-87.536152564733 41.722673898957)"
"69a5d700347201d84586102b84eac5eefbd90ed9021b5c95592d1eb53b81ac787eab68b9cc057ea3d209ba73e507837119359c1742bbea6f6240203e18e2148c",,"2025-01-23T06:45:00.000","30","NO CONTROLS","NO CONTROLS","SNOW","DAYLIGHT","PEDESTRIAN","DIVIDED - W/MEDIAN (NOT RAISED)",,"STRAIGHT AND LEVEL","SNOW OR SLUSH","NO DEFECTS","NOT ON SCENE (DESK REPORT)","INJURY AND / OR TOW DUE TO CRASH",,,,"$501 - $1,500","2025-01-23T07:07:00.000","UNABLE TO DETERMINE","UNABLE TO DETERMINE","3927","W","LAWRENCE AVE","1723",,,,,,,"2","NONINCAPACITATING INJURY","1","0","0","1","0","1","0","6","5","1","41.9681446145","-87.7267513842","POINT (-87.726751384218 41.96814461455)"
"bd31b0ed7d6915679ed265dd500b87b78360cf8b5c15faa15ba64ebc81a0b427f96c8041f56fae312d2b33a2ca3d3ee63817b1ff469d411ed934001c55501abb",,"2025-01-23T06:45:00.000","30","STOP SIGN/FLASHER","FUNCTIONING PROPERLY","SNOW","DAYLIGHT","ANGLE","NOT DIVIDED",,"STRAIGHT AND LEVEL","SNOW OR SLUSH","NO DEFECTS","ON SCENE","INJURY AND / OR TOW DUE TO CRASH","Y",,,"$501 - $1,500","2025-01-23T06:50:00.000","WEATHER","WEATHER","7600","S","SPRINGFIELD AVE","833",,,,,,,"2","NO INDICATION OF INJURY","0","0","0","0","0","2","0","6","5","1","41.7549324845","-87.72059655","POINT (-87.720596549982 41.754932484504)"
"c6e9d7243a79967d1db54a8e530c800b5920fb0bf363f47546680b1c01e1a1f81eb5167a6c5e4ffcd604f4c3c33121f9ec05929bb3c5bb7aa2b962678006499e",,"2025-01-23T06:33:00.000","30","UNKNOWN","UNKNOWN","SNOW","UNKNOWN","REAR END","NOT DIVIDED",,"STRAIGHT AND LEVEL","SNOW OR SLUSH","UNKNOWN","NOT ON SCENE (DESK REPORT)","INJURY AND / OR TOW DUE TO CRASH",,,"Y","$501 - $1,500","2025-01-23T07:26:00.000","UNABLE TO DETERMINE","WEATHER","4612","W","59TH ST","813",,,,,,,"2","REPORTED, NOT EVIDENT","1","0","0","0","1","1","0","6","5","1","41.7857328077","-87.7384383227","POINT (-87.738438322686 41.785732807652)"
"58c1be537d4e1caaaf200407e8777bd52dd796dde67f103a1b626d6444bce85877fe97be2477bf7168e6bd330e2a97a69cc81237c832364b3d1a5d8c7fd3b3ba",,"2025-01-23T06:30:00.000","20","STOP SIGN/FLASHER","FUNCTIONING PROPERLY","SNOW","DUSK","REAR END","ONE-WAY",,"STRAIGHT AND LEVEL","SNOW OR SLUSH","NO DEFECTS","NOT ON SCENE (DESK REPORT)","NO INJURY / DRIVE AWAY","Y",,,"$501 - $1,500","2025-01-23T06:45:00.000","WEATHER","NOT APPLICABLE","4002","N","HARDING AVE","1723",,,,,,,"2","NO INDICATION OF INJURY","0","0","0","0","0","2","0","6","5","1","41.9538116078","-87.7265456399","POINT (-87.72654563988 41.953811607754)"
"6b5e90b76185b8120ab8fb282c3c9ab5ee11f2fcc8a7fd384f3e41d57e6dc9856ab338034497a1714d140da41ae8d51b1562f3f1f4f2fe50158b0e4fdfccae6a",,"2025-01-23T06:30:00.000","30","TRAFFIC SIGNAL","FUNCTIONING PROPERLY","SNOW","DARKNESS, LIGHTED ROAD","REAR END","FOUR WAY",,"STRAIGHT AND LEVEL","SNOW OR SLUSH","NO DEFECTS","ON SCENE","NO INJURY / DRIVE AWAY","Y",,,"OVER $1,500","2025-01-23T06:33:00.000","FOLLOWING TOO CLOSELY","NOT APPLICABLE","799","E","51ST ST","233",,,,,,,"2","NO INDICATION OF INJURY","0","0","0","0","0","2","0","6","5","1","41.8021391618","-87.6064749172","POINT (-87.606474917183 41.802139161752)"
"782bd86d8e84d3d520ad4752fe7d059fb206b634f554e57c5008d9ec9425c200390d4a0b0b51d33982bb7be9c8ba4d6cb84b0abb21943acc674d8158a0d359f2",,"2025-01-23T06:30:00.000","30","UNKNOWN","UNKNOWN","UNKNOWN","UNKNOWN","TURNING","FOUR WAY",,"STRAIGHT AND LEVEL","UNKNOWN","UNKNOWN","NOT ON SCENE (DESK REPORT)","NO INJURY / DRIVE AWAY","Y",,"Y","OVER $1,500","2025-01-24T17:45:00.000","UNABLE TO DETERMINE","NOT APPLICABLE","2401","N","LARAMIE AVE","2521",,,,,,,"2","NO INDICATION OF INJURY","0","0","0","0","0","2","0","6","5","1","41.9241575584","-87.7560007971","POINT (-87.75600079715 41.924157558366)"
"afdc53de3b5b17078e2f7a05a5e1c5b48d00645c11bd068429c197614d22f12bea59e8fe0ab8ac4c837d39c02d96d3a3afca8a30f358a81f8da8301dfcefdb54",,"2025-01-23T06:30:00.000","30","STOP SIGN/FLASHER","FUNCTIONING PROPERLY","UNKNOWN","DAWN","PARKED MOTOR VEHICLE","T-INTERSECTION",,"STRAIGHT AND LEVEL","UNKNOWN","UNKNOWN","NOT ON SCENE (DESK REPORT)","INJURY AND / OR TOW DUE TO CRASH",,,"Y","OVER $1,500","2025-01-24T14:32:00.000","FAILING TO REDUCE SPEED TO AVOID CRASH","NOT APPLICABLE","5400","S","SHORE DR","234",,,,,,,"2","NO INDICATION OF INJURY","0","0","0","0","0","1","0","6","5","1","41.7976776793","-87.5808641651","POINT (-87.580864165117 41.797677679263)"
"2d59d4ec712565f9bf6981fc3d1d2fec5ace03c1af2253d46705d713d61b64c916e05e1ac760b36bb355f0ec615d856b1fb87f42afa602493e12532f87c5068b",,"2025-01-23T06:20:00.000","30","TRAFFIC SIGNAL","FUNCTIONING PROPERLY","SNOW","DARKNESS, LIGHTED ROAD","TURNING","NOT DIVIDED",,"STRAIGHT AND LEVEL","WET","NO DEFECTS","NOT ON SCENE (DESK REPORT)","NO INJURY / DRIVE AWAY",,,,"$501 - $1,500","2025-01-23T06:30:00.000","UNABLE TO DETERMINE","UNABLE TO DETERMINE","2000","N","LARAMIE AVE","2515",,,,,,,"2","NO INDICATION OF INJURY","0","0","0","0","0","2","0","6","5","1","41.9170173669","-87.7560873395","POINT (-87.756087339467 41.917017366937)"
"2488b32ffcc2edbdd6e9d3198760bd9df40bd3686a295d1c8e4fa27f8559b1ec09f6555bc34c1e63f75ce055d15e463c3a920046f230cd74b976ec83a336bef8",,"2025-01-23T05:45:00.000","10","NO CONTROLS","NO CONTROLS","SNOW","DARKNESS, LIGHTED ROAD","TURNING","ALLEY",,"STRAIGHT AND LEVEL","WET","NO DEFECTS","NOT ON SCENE (DESK REPORT)","NO INJURY / DRIVE AWAY",,,"Y","OVER $1,500","2025-01-23T15:27:00.000","UNABLE TO DETERMINE","NOT APPLICABLE","2168","S","TROY ST","1022",,,,,,,"2","NO INDICATION OF INJURY","0","0","0","0","0","2","0","5","5","1","41.8518430001","-87.7041848882","POINT (-87.704184888232 41.851843000147)"
"3cb24b95dddf8cddedd04041944d5b384d31914b43f7bcca34a5143a24da103a0f17454636ababd787710e5b9bee22783e6cd1f60f35455e18938c4dfbfd2337",,"2025-01-23T05:26:00.000","30","NO CONTROLS","NO CONTROLS","SNOW","DARKNESS","SIDESWIPE SAME DIRECTION","OTHER",,"STRAIGHT AND LEVEL","SNOW OR SLUSH","NO DEFECTS","ON SCENE","NO INJURY / DRIVE AWAY",,,,"$501 - $1,500","2025-01-23T05:49:00.000","IMPROPER OVERTAKING/PASSING","UNABLE TO DETERMINE","1719","W","PETERSON AVE","2012",,"Y",,,,,"2","NO INDICATION OF INJURY","0","0","0","0","0","2","0","5","5","1","41.9906829113","-87.6723932994","POINT (-87.672393299423 41.990682911319)"
"265b3fc6c96db383d0d26242d315263bc8b567d5fed7a28cb6aed9d5a18767bf6a43eb1e6a8ce65b3caaa9632cf47fb723fa185a8169106b9964f045db22912f","Y","2025-01-23T04:58:00.000","30","TRAFFIC SIGNAL","FUNCTIONING PROPERLY","BLOWING SNOW","DARKNESS, LIGHTED ROAD","TURNING","FOUR WAY",,"STRAIGHT AND LEVEL","SNOW OR SLUSH","NO DEFECTS","ON SCENE","INJURY AND / OR TOW DUE TO CRASH","Y",,"Y","OVER $1,500","2025-01-23T04:59:00.000","DISREGARDING TRAFFIC SIGNALS","FAILING TO REDUCE SPEED TO AVOID CRASH","2100","S","ASHLAND AVE","1234",,,,,,,"2","NO INDICATION OF INJURY","0","0","0","0","0","2","0","4","5","1","41.8541165001","-87.6661959393","POINT (-87.666195939254 41.854116500052)"
"3320d5926e0bf4600a3242f82f4bcf393441ec42b2978315c1fe04eb1865ed9c07ff61002c22efb0b84e1615b72b2289324070447b6989559f238515080af071",,"2025-01-23T04:37:00.000","30","NO CONTROLS","NO CONTROLS","SNOW","DARKNESS","FIXED OBJECT","NOT DIVIDED",,"STRAIGHT AND LEVEL","WET","NO DEFECTS","NOT ON SCENE (DESK REPORT)","NO INJURY / DRIVE AWAY",,,,"OVER $1,500","2025-01-23T05:20:00.000","UNABLE TO DETERMINE","UNABLE TO DETERMINE","3154","S","CALIFORNIA AVE","1033",,,,,,,"1","NO INDICATION OF INJURY","0","0","0","0","0","1","0","4","5","1","41.8350648292","-87.6951102396","POINT (-87.695110239557 41.835064829219)"
"42d620788ffdabc3df5ddf5a3f946e3f6543976249e41cea78cde725dbd9a731920108f172a0bb75b0987fed9d289e22af9e6eaaa266d9124571d7aeeb03bb80","Y","2025-01-23T04:30:00.000","30","NO CONTROLS","NO CONTROLS","SNOW","DARKNESS, LIGHTED ROAD","PARKED MOTOR VEHICLE","NOT DIVIDED",,"STRAIGHT AND LEVEL","SNOW OR SLUSH","NO DEFECTS","ON SCENE","NO INJURY / DRIVE AWAY",,,"Y","$501 - $1,500","2025-01-23T04:56:00.000","UNABLE TO DETERMINE","UNABLE TO DETERMINE","2803","N","LAWNDALE AVE","2523",,,,,,,"2","NO INDICATION OF INJURY","0","0","0","0","0","1","0","4","5","1","41.931985444","-87.7194893433","POINT (-87.719489343294 41.931985444012)"
"884adb70807263d7eee39824320a5f741791eb36c874eb6de968518f2f42b097348722a7c26600b9eedd4596bab02381f07d73f3981f0b62fc415e2790358576","Y","2025-01-23T04:00:00.000","30","NO CONTROLS","NO CONTROLS","SNOW","DUSK","PARKED MOTOR VEHICLE","ONE-WAY",,"STRAIGHT AND LEVEL","SNOW OR SLUSH","UNKNOWN","ON SCENE","NO INJURY / DRIVE AWAY",,,"Y","OVER $1,500","2025-01-23T06:57:00.000","NOT APPLICABLE","NOT APPLICABLE","7224","S","LAFAYETTE AVE","731","Y",,,,,,"8","NO INDICATION OF INJURY","0","0","0","0","0","1","0","4","5","1","41.7628960225","-87.6266556799","POINT (-87.626655679917 41.762896022523)"
"b850ea446f8b7806eddd6088e3228a1f0f6f9234b01c468f7220e652ade7c1887e2e2a47fd4845efc34e3a5889db8ef90711d0a216b07a7b1e1cd4b2015a0f0c",,"2025-01-23T03:55:00.000","30","TRAFFIC SIGNAL","FUNCTIONING PROPERLY","SNOW","DARKNESS","TURNING","NOT DIVIDED",,"STRAIGHT AND LEVEL","SNOW OR SLUSH","NO DEFECTS","ON SCENE","INJURY AND / OR TOW DUE TO CRASH","Y",,,"OVER $1,500","2025-01-23T04:00:00.000","IMPROPER TURNING/NO SIGNAL","NOT APPLICABLE","5311","S","LAKE PARK AVE","234",,,,,,,"2","REPORTED, NOT EVIDENT","1","0","0","0","1","1","0","3","5","1","41.79919761","-87.5871240872","POINT (-87.587124087243 41.799197609982)"
"9c91ce07eb7a4647e10512fe9e1780e579764846c4f138d06ff453c00df76ee4866d41f49caf3b8969b351d37d0d1b277402aa41ab087a6c2baf9d17e3b25ba5",,"2025-01-23T02:57:00.000","30","OTHER","OTHER","SNOW","DARKNESS, LIGHTED ROAD","REAR END","NOT DIVIDED",,"STRAIGHT AND LEVEL","WET","NO DEFECTS","ON SCENE","NO INJURY / DRIVE AWAY",,,,"OVER $1,500","2025-01-23T03:00:00.000","OPERATING VEHICLE IN ERRATIC, RECKLESS, CARELESS, NEGLIGENT OR AGGRESSIVE MANNER","NOT APPLICABLE","2159","S","STATE ST","131",,,,,,,"2","NO INDICATION OF INJURY","0","0","0","0","0","2","0","2","5","1","41.8529403933","-87.6269427345","POINT (-87.626942734485 41.852940393303)"
"87fce081f3d758969b97a920d89107e35516eae85e0e6927c054b928aac5fde00e4bd734dbd5f2c20f19cbb5378607ce378cbd5c8fea20f2d0cab0dc8a3b8fbf",,"2025-01-23T02:20:00.000","30","NO CONTROLS","NO CONTROLS","SNOW","DARKNESS, LIGHTED ROAD","FIXED OBJECT","ONE-WAY",,"STRAIGHT AND LEVEL","SNOW OR SLUSH","UNKNOWN","ON SCENE","NO INJURY / DRIVE AWAY",,,,"OVER $1,500","2025-01-23T02:30:00.000","FAILING TO REDUCE SPEED TO AVOID CRASH","NOT APPLICABLE","926","W","65TH ST","723",,,,,,,"1","NO INDICATION OF INJURY","0","0","0","0","0","1","0","2","5","1","41.7761681185","-87.6482778804","POINT (-87.648277880378 41.776168118538)"
"9b9ece4f3df4af4935d454158a76bf04142d4b7d2032846da0862fbb45b5fc79327a746823c9d0e767acad4f288eef60909c39cb512f0d4c5016fce1e7f3d99b",,"2025-01-23T01:00:00.000","30","NO CONTROLS","NO CONTROLS","SNOW","DARKNESS, LIGHTED ROAD","REAR END","DIVIDED - W/MEDIAN (NOT RAISED)",,"STRAIGHT AND LEVEL","SNOW OR SLUSH","NO DEFECTS","NOT ON SCENE (DESK REPORT)","INJURY AND / OR TOW DUE TO CRASH",,,"Y","OVER $1,500","2025-01-23T23:15:00.000","FOLLOWING TOO CLOSELY","UNABLE TO DETERMINE","7400","S","LOWE AVE","732",,,,,,,"2","NO INDICATION OF INJURY","0","0","0","0","0","2","0","1","5","1","41.7597539897","-87.6407647937","POINT (-87.640764793735 41.759753989655)"
"d577d2ae7b21ba5eb11fc415c1bec88e2ab030a5ecfafdf0421c6bf4585ac0595fc5204a2c8ea48b14af49e03ac2eabd73c0248d9a758b3aef4ac1b1a17a4473",,"2025-01-23T01:00:00.000","30","NO CONTROLS","NO CONTROLS","SNOW","DARKNESS, LIGHTED ROAD","PARKED MOTOR VEHICLE","NOT DIVIDED",,"STRAIGHT AND LEVEL","SNOW OR SLUSH","NO DEFECTS","ON SCENE","NO INJURY / DRIVE AWAY","Y",,"Y","OVER $1,500","2025-01-23T07:54:00.000","UNABLE TO DETERMINE","UNABLE TO DETERMINE","3429","W","31ST ST","1032",,,,,,,"3","NO INDICATION OF INJURY","0","0","0","0","0","1","0","1","5","1","41.8370151395","-87.7108648564","POINT (-87.710864856416 41.837015139502)"
"f0584edcecaac73a038f655a6c6e8509acd017f36b068a400d51c5b95389def6efef27957d2fc9ac5b0933efa7a6af99cd07ad96ac29580454809403f41de3c0",,"2025-01-23T00:43:00.000","30","NO CONTROLS","NO CONTROLS","SNOW","DARKNESS, LIGHTED ROAD","REAR END","NOT DIVIDED",,"STRAIGHT AND LEVEL","SNOW OR SLUSH","NO DEFECTS","ON SCENE","INJURY AND / OR TOW DUE TO CRASH",,,"N","OVER $1,500","2025-01-23T00:43:00.000","FAILING TO REDUCE SPEED TO AVOID CRASH","WEATHER","4801","N","WESTERN AVE","2031",,,,,,,"2","NONINCAPACITATING INJURY","1","0","0","1","0","2","0","0","5","1","41.9686442619","-87.6887601134","POINT (-87.688760113404 41.96864426189)"
"378ff4b7a88d8ebccd98b17224abfadadba159c81a5b819c6e9e283eaaf24e993461af29bb8e542e9a28d09937b2b77ba5492797a5e10ed91f7d1710adb148a1",,"2025-01-23T00:28:00.000","30","TRAFFIC SIGNAL","FUNCTIONING PROPERLY","SNOW","DARKNESS, LIGHTED ROAD","REAR END","FOUR WAY",,"STRAIGHT AND LEVEL","SNOW OR SLUSH","NO DEFECTS","ON SCENE","NO INJURY / DRIVE AWAY","Y",,,"OVER $1,500","2025-01-23T00:29:00.000","FAILING TO REDUCE SPEED TO AVOID CRASH","NOT APPLICABLE","1601","W","CHICAGO AVE","1215",,"Y",,,,,"2","NO INDICATION OF INJURY","0","0","0","0","0","2","0","0","5","1","41.89596285","-87.6673492997","POINT (-87.667349299733 41.895962849999)"
"8fef12bc860430dba8baebb6f764ec5b8128c73416d62a9ca888b164cbe83f5a885d09e9b0df5ba02ff783dce2a1ff250e9b37b30eda5126c0308b41d9d9b254",,"2025-01-23T00:04:00.000","30","NO CONTROLS","NO CONTROLS","SNOW","DARKNESS, LIGHTED ROAD","PARKED MOTOR VEHICLE","NOT DIVIDED",,"STRAIGHT AND LEVEL","SNOW OR SLUSH","NO DEFECTS","ON SCENE","INJURY AND / OR TOW DUE TO CRASH",,,,"OVER $1,500","2025-01-23T00:09:00.000","FAILING TO REDUCE SPEED TO AVOID CRASH","NOT APPLICABLE","2944","N","ELSTON AVE","1411",,,,,,,"3","NONINCAPACITATING INJURY","1","0","0","1","0","0","0","0","5","1","41.9348740731","-87.6919590714","POINT (-87.691959071429 41.934874073082)"
"7604dc7c8acaa3032e95359709b75b1d860324e3e0388ee6f0bb13ec952b6a1522e5c2e5fac02012f5d2dc5a04e7e01b8c4c5c2d766c9f209cccd6543fb7da8c",,"2025-01-23T00:03:00.000","30","TRAFFIC SIGNAL","OTHER","SNOW","DARKNESS, LIGHTED ROAD","FIXED OBJECT","T-INTERSECTION",,"STRAIGHT AND LEVEL","SNOW OR SLUSH","NO DEFECTS","ON SCENE","INJURY AND / OR TOW DUE TO CRASH",,,"Y","$500 OR LESS","2025-01-23T00:12:00.000","UNABLE TO DETERMINE","UNABLE TO DETERMINE","2804","N","CENTRAL AVE","2514",,,,,,,"1","NO INDICATION OF INJURY","0","0","0","0","0","1","0","0","5","1","41.9314785167","-87.7664006652","POINT (-87.766400665176 41.931478516697)"
"858b3024af86b62b6bf671905b6885f904255f5b25f0dcd98c2bf054c56ccee125725994271cf6c062fb4c1720c35054c9d911de452e1d624bf93164e00e7c0d",,"2025-01-22T23:58:00.000","35","NO CONTROLS","NO CONTROLS","SNOW","DARKNESS, LIGHTED ROAD","REAR END","ONE-WAY",,"STRAIGHT AND LEVEL","SNOW OR SLUSH","NO DEFECTS",,"INJURY AND / OR TOW DUE TO CRASH",,,,"OVER $1,500","2025-01-23T00:00:00.000","FAILING TO REDUCE SPEED TO AVOID CRASH","WEATHER","444","E","ONTARIO ST","1834",,,,,,,"2","NONINCAPACITATING INJURY","2","0","0","2","0","0","0","23","4","1","41.8935707198","-87.6160191636","POINT (-87.61601916364 41.893570719823)"
"426d317ffdbb5c5baa991e2e1ac13a282adda20715a203c2e3dcfc8ddcf8d0e56f12ddbb3a591c9d6f4a34c2c993401aec52cdaa5c8cbdf87b7c1f939e522019",,"2025-01-22T23:55:00.000","30","STOP SIGN/FLASHER","NO CONTROLS","SNOW","DARKNESS","REAR END","NOT DIVIDED",,"STRAIGHT AND LEVEL","SNOW OR SLUSH","NO DEFECTS","ON SCENE","NO INJURY / DRIVE AWAY",,,"Y","OVER $1,500","2025-01-22T23:58:00.000","NOT APPLICABLE","NOT APPLICABLE","838","W","79TH ST","621",,,,,,,"2","NO INDICATION OF INJURY","0","0","0","0","0","3","0","23","4","1","41.7507295105","-87.6455710336","POINT (-87.645571033594 41.750729510516)"
"8b70ec68b4def69a0460c33fa66bde82f14656a8c31312831b2229342a36754c91226e9a321677782f89fc33f9e8e149bf57863da948ab9bbba2387a55aa40bd",,"2025-01-22T23:33:00.000","30","NO CONTROLS","NO CONTROLS","SNOW","DARKNESS, LIGHTED ROAD","OTHER OBJECT","NOT DIVIDED",,"STRAIGHT AND LEVEL","SNOW OR SLUSH","NO DEFECTS","ON SCENE","INJURY AND / OR TOW DUE TO CRASH",,,,"OVER $1,500","2025-01-23T00:07:00.000","UNABLE TO DETERMINE","NOT APPLICABLE","4400","S","CICERO AVE","814",,,,,,,"1","NONINCAPACITATING INJURY","1","0","0","1","0","0","0","23","4","1","41.8130030396","-87.7434499256","POINT (-87.74344992557 41.813003039629)"
"fceca9b3a17407fc0ca92fddb3b5f8fe9f222d83fdacd5b967f48e7c70e95721740bc0e501c6aad51255588e9dbd5fd10ab92a7833d14b01c80af2b88096e1ef",,"2025-01-22T23:16:00.000","30","UNKNOWN","UNKNOWN","SNOW","DARKNESS, LIGHTED ROAD","PARKED MOTOR VEHICLE","OTHER",,"STRAIGHT AND LEVEL","SNOW OR SLUSH","UNKNOWN","NOT ON SCENE (DESK REPORT)","NO INJURY / DRIVE AWAY",,,"Y","OVER $1,500","2025-01-23T14:00:00.000","UNABLE TO DETERMINE","UNABLE TO DETERMINE","469","N","PAULINA ST","1215",,,,,,,"2","NO INDICATION OF INJURY","0","0","0","0","0","1","0","23","4","1","41.8908384313","-87.6694275321","POINT (-87.66942753212 41.89083843131)"
"891ca530832d2736cf1e476f237c8c37d73c095cd0fc28babf98e61661de9860dc5dee402c1e46300a1664a017e5603756f2081d34ccd28cbd2fd37d7478acbb",,"2025-01-22T23:10:00.000","30","TRAFFIC SIGNAL","FUNCTIONING PROPERLY","SNOW","DARKNESS, LIGHTED ROAD","TURNING","FOUR WAY",,"STRAIGHT AND LEVEL","SNOW OR SLUSH","UNKNOWN","ON SCENE","INJURY AND / OR TOW DUE TO CRASH","Y",,"Y","OVER $1,500","2025-01-22T23:10:00.000","DISREGARDING TRAFFIC SIGNALS","NOT APPLICABLE","3600","W","CHICAGO AVE","1112",,,,,,,"2","NONINCAPACITATING INJURY","1","0","0","1","0","2","0","23","4","1","41.8955700101","-87.7163770693","POINT (-87.716377069262 41.895570010057)"
"9f8b844291da049fd40e6c0c66ff5bb46da1008e08c1ae504cbab92671feac038a27ad7cd77f57b00b698566567ea6feef194076fc4aa4c8d01778da7d1ba525",,"2025-01-22T23:00:00.000","30","NO CONTROLS","NO CONTROLS","SNOW","UNKNOWN","PARKED MOTOR VEHICLE","ONE-WAY",,"STRAIGHT AND LEVEL","SNOW OR SLUSH","NO DEFECTS","NOT ON SCENE (DESK REPORT)","NO INJURY / DRIVE AWAY",,,"Y","OVER $1,500","2025-01-23T15:45:00.000","NOT APPLICABLE","NOT APPLICABLE","2630","W","61ST ST","825",,,,,,,"2","NO INDICATION OF INJURY","0","0","0","0","0","1","0","23","4","1","41.7829278626","-87.6897837838","POINT (-87.689783783801 41.782927862645)"
"3d860f30c6f2fc6fc35f4d41c6af5c00413249ff552e08204532bc88a494974f95a4cb0e56eb0bd6b144e1046caceb67dff29f061274358ac7bd0f2ff4a4e88c",,"2025-01-22T22:52:00.000","30","STOP SIGN/FLASHER","FUNCTIONING PROPERLY","SNOW","DARKNESS, LIGHTED ROAD","REAR TO FRONT","ONE-WAY",,"STRAIGHT AND LEVEL","SNOW OR SLUSH","UNKNOWN","NOT ON SCENE (DESK REPORT)","NO INJURY / DRIVE AWAY",,,,"OVER $1,500","2025-01-22T23:55:00.000","IMPROPER BACKING","UNABLE TO DETERMINE","400","E","48TH ST","223",,,,,,,"2","NO INDICATION OF INJURY","0","0","0","0","0","4","0","22","4","1","41.8076789944","-87.616159915","POINT (-87.616159915037 41.807678994448)"
"2ef50b41d3564538c3a71c63e721c7ad9a8a3b28b84ceb0cb6191c592ab4e3af080a81f61fe534a887633fa42f0e1de0e0d0e8179f516863a54bb2835c883a8b",,"2025-01-22T22:45:00.000","25","STOP SIGN/FLASHER","FUNCTIONING PROPERLY","SNOW","DARKNESS, LIGHTED ROAD","FIXED OBJECT","DIVIDED - W/MEDIAN BARRIER",,"CURVE, LEVEL","WET","NO DEFECTS","ON SCENE","INJURY AND / OR TOW DUE TO CRASH",,,,"OVER $1,500","2025-01-22T22:55:00.000","DRIVING SKILLS/KNOWLEDGE/EXPERIENCE","NOT APPLICABLE","1000","N","LAKE SHORE DR NB","1824",,,,,,,"1","NO INDICATION OF INJURY","0","0","0","0","0","1","0","22","4","1","41.9009589191","-87.6199281737","POINT (-87.619928173678 41.900958919109)"
"6e55cae3628aa2f5b9f41f93b5b55cd4afc22226daf57fd275c24797306afedadb6f64ecfbb70d793c6d3de6801ae60e796be6510fc51f7bf2d98570eeba2370",,"2025-01-22T22:35:00.000","20","NO CONTROLS","NO CONTROLS","FREEZING RAIN/DRIZZLE","DARKNESS, LIGHTED ROAD","REAR END","PARKING LOT",,"STRAIGHT AND LEVEL","SNOW OR SLUSH","NO DEFECTS","ON SCENE","NO INJURY / DRIVE AWAY",,,,"$501 - $1,500","2025-01-22T22:59:00.000","DRIVING SKILLS/KNOWLEDGE/EXPERIENCE","DRIVING SKILLS/KNOWLEDGE/EXPERIENCE","502","W","OHARE ST","1653",,"Y",,,,,"2","NO INDICATION OF INJURY","0","0","0","0","0","2","0","22","4","1",,,
"251fa1c8f511a7c6e61611ad37dd7b30c4d08a5092c5ba4dce1c966a6908d961e5ab1f8f41ab9d55c36c0e7dd484f50fac2000237de7fd607a8c4f729e7d6657",,"2025-01-22T22:30:00.000","30","TRAFFIC SIGNAL","FUNCTIONING PROPERLY","SNOW","DARKNESS","REAR END","ONE-WAY",,"STRAIGHT AND LEVEL","WET","NO DEFECTS","NOT ON SCENE (DESK REPORT)","NO INJURY / DRIVE AWAY",,,"Y","OVER $1,500","2025-01-25T14:30:00.000","UNABLE TO DETERMINE","NOT APPLICABLE","7600","S","STATE ST","623","Y",,,,,,"3","NO INDICATION OF INJURY","0","0","0","0","0","3","0","22","4","1","41.7564004067","-87.6248696859","POINT (-87.624869685896 41.756400406673)"
"5dc8214352253775836356cfe7c808c3f660149db56a0e3dac058b1a5eaa0a06b409a723ee10f21ce5db517552fbd34b051c53c76d86fa1e8070ac4be381e496",,"2025-01-22T22:30:00.000","30","NO CONTROLS","NO CONTROLS","SNOW","DARKNESS, LIGHTED ROAD","FIXED OBJECT","NOT DIVIDED",,"STRAIGHT AND LEVEL","SNOW OR SLUSH","NO DEFECTS","NOT ON SCENE (DESK REPORT)","NO INJURY / DRIVE AWAY",,,,"OVER $1,500","2025-01-29T13:45:00.000","WEATHER","NOT APPLICABLE","2676","S","CALIFORNIA BLVD","1034",,,,,,,"1","NO INDICATION OF INJURY","0","0","0","0","0","1","0","22","4","1","41.842964765","-87.6947569716","POINT (-87.694756971635 41.842964765034)"