"crash_record_id","crash_date_est_i","crash_date","posted_speed_limit","traffic_control_device","device_condition","weather_condition","lighting_condition","first_crash_type","trafficway_type","lane_cnt","alignment","roadway_surface_cond","road_defect","report_type","crash_type","intersection_related_i","private_property_i","hit_and_run_i","damage","date_police_notified","prim_contributory_cause","sec_contributory_cause","street_no","street_direction","street_name","beat_of_occurrence","photos_taken_i","statements_taken_i","dooring_i","work_zone_i","work_zone_type","workers_present_i","num_units","most_severe_injury","injuries_total","injuries_fatal","injuries_incapacitating","injuries_non_incapacitating","injuries_reported_not_evident","injuries_no_indication","injuries_unknown","crash_hour","crash_day_of_week","crash_month","latitude","longitude","location"
"13e3ebfbbd8487f3ff2e509fed832d742cb0ef86475171e4e28336bb7df725ae4b54df2448259bb3a918607a60342782f2f3d837be74e19c19f54d6c66dcbb8d",,"2025-01-22T22:02:00.000","30","TRAFFIC SIGNAL","FUNCTIONING PROPERLY","SNOW","DARKNESS, LIGHTED ROAD","ANGLE","FOUR WAY",,"STRAIGHT AND LEVEL","SNOW OR SLUSH","NO DEFECTS","ON SCENE","INJURY AND / OR TOW DUE TO CRASH","Y",,,"OVER $1,500","2025-01-22T22:02:00.000","WEATHER","FAILING TO REDUCE SPEED TO AVOID CRASH","2200","S","HALSTED ST","1235",,,,,,,"2","NO INDICATION OF INJURY","0","0","0","0","0","3","0","22","4","1","41.8524944505","-87.6466382406","POINT (-87.646638240616 41.852494450547)"
"87e7f311be1d94fc884f7e9a88e2abe1ff7162c63b4a74c9dc500576acb9858dbc027100b330afbad77c6ea9930063e2a45dc48d7adb1309bb9a7b07c30d7859",,"2025-01-22T22:00:00.000","30","UNKNOWN","UNKNOWN","UNKNOWN","UNKNOWN","PARKED MOTOR VEHICLE","UNKNOWN",,"STRAIGHT AND LEVEL","UNKNOWN","UNKNOWN","NOT ON SCENE (DESK REPORT)","NO INJURY / DRIVE AWAY",,,"Y","OVER $1,500","2025-01-23T15:00:00.000","UNABLE TO DETERMINE","UNABLE TO DETERMINE","4838","N","SACRAMENTO AVE","1713",,,,,,,"2","NO INDICATION OF INJURY","0","0","0","0","0","1","0","22","4","1","41.9696963689","-87.7037904062","POINT (-87.703790406215 41.969696368922)"
"49082d5f0c915bf11f77c068bddaf5a2c023237809af6f527f38f75a6a3adf760188995dcd582dd1e9f35cf588fba8f8a9ea77360ba2e24b04d0cf4e1f8073e8",,"2025-01-22T21:45:00.000","30","UNKNOWN","UNKNOWN","SNOW","DARKNESS","SIDESWIPE SAME DIRECTION","ONE-WAY",,"STRAIGHT AND LEVEL","SNOW OR SLUSH","UNKNOWN",,"NO INJURY / DRIVE AWAY",,,"N","OVER $1,500","2025-01-22T22:08:00.000","IMPROPER OVERTAKING/PASSING","IMPROPER OVERTAKING/PASSING","127","W","HURON ST","1832",,,,,,,"3","NO INDICATION OF INJURY","0","0","0","0","0","4","0","21","4","1","41.8947061837","-87.6324222917","POINT (-87.632422291701 41.894706183704)"
"f2135ece27076c1b15142244803c1be79a5b25e6bc77a3fb973b2a6d88743b9402d1da98cb6ed1f5d0577c50b171ac21408ddb0270c204bf4c8cdac418d8aebf",,"2025-01-22T20:38:00.000","20","STOP SIGN/FLASHER","FUNCTIONING PROPERLY","CLEAR","DARKNESS, LIGHTED ROAD","REAR END","ONE-WAY",,"STRAIGHT AND LEVEL","DRY","NO DEFECTS","NOT ON SCENE (DESK REPORT)","NO INJURY / DRIVE AWAY","Y",,"Y","$501 - $1,500","2025-01-22T21:00:00.000","FAILING TO REDUCE SPEED TO AVOID CRASH","DRIVING SKILLS/KNOWLEDGE/EXPERIENCE","6384","S","YALE AVE","722",,,,,,,"2","NO INDICATION OF INJURY","0","0","0","0","0","2","0","20","4","1","41.7781835346","-87.6319623499","POINT (-87.631962349922 41.778183534578)"
"6e0ea65993629066e658cf164f2f17baae7dec0deaf6ba509eb98f90c05540e1ea95849d4d5a63cc731775211361666825cd4998bab3cf80cd7a71481a503f4d",,"2025-01-22T20:36:00.000","30","TRAFFIC SIGNAL","FUNCTIONING PROPERLY","SNOW","DARKNESS","REAR END","FOUR WAY",,"STRAIGHT AND LEVEL","WET","UNKNOWN","ON SCENE","NO INJURY / DRIVE AWAY","Y",,,"OVER $1,500","2025-01-22T20:47:00.000","FAILING TO REDUCE SPEED TO AVOID CRASH","FOLLOWING TOO CLOSELY","2000","E","73RD ST","333",,,,,,,"2","NO INDICATION OF INJURY","0","0","0","0","0","2","0","20","4","1","41.7626254426","-87.5761638306","POINT (-87.576163830591 41.762625442586)"
"9a13a59bd85b0556b35ffc3d6681fd6d971b7d235dd3853b633757086a15ab15aebe1ff7a523a325a60849b09eae57dae1a14b1d587759796dad9c0bee991761",,"2025-01-22T20:30:00.000","25","TRAFFIC SIGNAL","UNKNOWN","CLEAR","DARKNESS, LIGHTED ROAD","SIDESWIPE SAME DIRECTION","DIVIDED - W/MEDIAN (NOT RAISED)",,"STRAIGHT AND LEVEL","WET","UNKNOWN","NOT ON SCENE (DESK REPORT)","NO INJURY / DRIVE AWAY",,,"Y","OVER $1,500","2025-01-22T21:00:00.000","UNABLE TO DETERMINE","NOT APPLICABLE","2399","W","DEVON AVE","2413",,,,,,,"2","NO INDICATION OF INJURY","0","0","0","0","0","2","0","20","4","1","41.9976214911","-87.689817437","POINT (-87.689817436992 41.997621491136)"
"bca7cf4396764dedfb077c6e70f2df92a56792ea19bf03928e17afec47aa7cf045093de29172187f16d25372e49e674d629e4eb626d1e7ab4badf6a77985039a",,"2025-01-22T20:30:00.000","25","NO CONTROLS","NO CONTROLS","UNKNOWN","UNKNOWN","PARKED MOTOR VEHICLE","NOT DIVIDED",,"STRAIGHT AND LEVEL","UNKNOWN","UNKNOWN","NOT ON SCENE (DESK REPORT)","NO INJURY / DRIVE AWAY",,,"Y","OVER $1,500","2025-01-23T11:35:00.000","UNABLE TO DETERMINE","UNABLE TO DETERMINE","3625","W","OAKDALE AVE","2523",,,,,,,"2","NO INDICATION OF INJURY","0","0","0","0","0","1","0","20","4","1","41.9345275025","-87.7182550543","POINT (-87.718255054272 41.934527502455)"
"efc67380a0292c4714b00643fa17cbbbf960b6f9bf60ae8129712a5c3bd9a9139a686015d41e1e7192400652dbd711631ee008e4f29aa29414a58d160d00bd68",,"2025-01-22T20:27:00.000","25","STOP SIGN/FLASHER","FUNCTIONING PROPERLY","CLEAR","DARKNESS, LIGHTED ROAD","ANGLE","FOUR WAY",,"STRAIGHT AND LEVEL","ICE","NO DEFECTS","ON SCENE","INJURY AND / OR TOW DUE TO CRASH","Y",,"Y","OVER $1,500","2025-01-22T20:40:00.000","FAILING TO YIELD RIGHT-OF-WAY","FAILING TO YIELD RIGHT-OF-WAY","3100","W","WARREN BLVD","1222",,,,,,,"2","NO INDICATION OF INJURY","0","0","0","0","0","3","0","20","4","1","41.8820258539","-87.7038115039","POINT (-87.703811503881 41.882025853852)"
"cd4341d3e089c1587a2692fe05ded77cbc550ed046641708ee47bbb310721f3e25831ab1450e553e2dfba1b058bdf522de9a7188a3a1e37997dd03140b77f0dd",,"2025-01-22T20:14:00.000","30","NO CONTROLS","NO CONTROLS","CLEAR","DARKNESS","REAR END","NOT DIVIDED",,"STRAIGHT AND LEVEL","DRY","NO DEFECTS","NOT ON SCENE (DESK REPORT)","NO INJURY / DRIVE AWAY",,,,"$501 - $1,500","2025-01-23T11:41:00.000","UNABLE TO DETERMINE","UNABLE TO DETERMINE","200","W","87TH ST","622",,,,,,,"2","NO INDICATION OF INJURY","0","0","0","0","0","2","0","20","4","1","41.7362616994","-87.6290647164","POINT (-87.629064716425 41.736261699376)"
"faab22814bbd23ed831294760ffca130cb879fc3ebea9c7417b3e2ece6072e4d730d0278a36a7eceed42f6956c3541d20d6f5b74af69aee94a0d22763cb3914a",,"2025-01-22T20:12:00.000","30","NO CONTROLS","NO CONTROLS","SNOW","DARKNESS, LIGHTED ROAD","PARKED MOTOR VEHICLE","ONE-WAY",,"STRAIGHT AND LEVEL","SNOW OR SLUSH","NO DEFECTS","ON SCENE","NO INJURY / DRIVE AWAY",,,,"$500 OR LESS","2025-01-22T20:24:00.000","NOT APPLICABLE","NOT APPLICABLE","4629","N","CLIFTON AVE","1913",,,,,,,"2","NO INDICATION OF INJURY","0","0","0","0","0","2","0","20","4","1","41.9663294948","-87.6587169092","POINT (-87.658716909183 41.96632949484)"
"488636c35b9566906bf2daab2f9a70e7e67f8e96c710ac944c058490eb04f75ad13ad9e1fc4758630bb93a263c7c09eddbb23ad95ed1b2ff42c398c7cdf18d8a",,"2025-01-22T20:11:00.000","30","TRAFFIC SIGNAL","FUNCTIONING PROPERLY","SNOW","DARKNESS, LIGHTED ROAD","HEAD ON","ROUNDABOUT",,"STRAIGHT AND LEVEL","WET","UNKNOWN","ON SCENE","INJURY AND / OR TOW DUE TO CRASH","Y",,"Y","OVER $1,500","2025-01-22T20:11:00.000","UNABLE TO DETERMINE","NOT APPLICABLE","7900","S","SOUTH SHORE DR","422",,,,,,,"2","REPORTED, NOT EVIDENT","2","0","0","0","2","1","0","20","4","1","41.7518556025","-87.5482503373","POINT (-87.548250337339 41.751855602467)"
"3477bbbad8912b59cda3529b90285ae429edf6ecc17ff9653e41820fc6d472df1c12ad2af17c9d542375a745ea1c7923d28e69e3e3566abe1f41c933e5cac52d",,"2025-01-22T20:00:00.000","30","NO CONTROLS","NO CONTROLS","SNOW","DARKNESS, LIGHTED ROAD","REAR END","DIVIDED - W/MEDIAN (NOT RAISED)",,"STRAIGHT AND LEVEL","WET","UNKNOWN","NOT ON SCENE (DESK REPORT)","NO INJURY / DRIVE AWAY",,,,"$501 - $1,500","2025-01-22T20:30:00.000","UNABLE TO DETERMINE","NOT APPLICABLE","2055","N","DAMEN AVE","1432",,,,,,,"2","NO INDICATION OF INJURY","0","0","0","0","0","3","0","20","4","1","41.9194574983","-87.6775347162","POINT (-87.677534716221 41.91945749835)"
"4d8de3196c2ebeac89d1c1716ff3688985b02db5e2d378f815ae8d2aca26c77b88308d8b3ce588280bf630a003f761dcc54c7233b2c337d8cc6a5b3f4972c942",,"2025-01-22T20:00:00.000","30","TRAFFIC SIGNAL","FUNCTIONING PROPERLY","CLEAR","DARKNESS, LIGHTED ROAD","ANGLE","DIVIDED - W/MEDIAN (NOT RAISED)",,"STRAIGHT AND LEVEL","UNKNOWN","UNKNOWN","NOT ON SCENE (DESK REPORT)","NO INJURY / DRIVE AWAY","Y",,,"OVER $1,500","2025-01-22T20:30:00.000","UNABLE TO DETERMINE","NOT APPLICABLE","4400","W","GRAND AVE","2533",,,,,,,"2","NO INDICATION OF INJURY","0","0","0","0","0","2","0","20","4","1","41.9101814096","-87.7362488704","POINT (-87.736248870407 41.910181409597)"
"f3837ba7eee8af5650bdd40e4259ade8c9d2edecf107b8514ea628145283dd38ebaa52714aa5f2abeaac5dd6a6a3dd5ff43ae7283c3543bd610adc689646bc16",,"2025-01-22T19:51:00.000","30","TRAFFIC SIGNAL","FUNCTIONING IMPROPERLY","CLEAR","DARKNESS, LIGHTED ROAD","PEDESTRIAN","NOT DIVIDED",,"STRAIGHT AND LEVEL","SNOW OR SLUSH","NO DEFECTS","ON SCENE","INJURY AND / OR TOW DUE TO CRASH",,,"Y","OVER $1,500","2025-01-22T19:51:00.000","FAILING TO YIELD RIGHT-OF-WAY","DISREGARDING TRAFFIC SIGNALS","2801","N","KEDZIE AVE","1411",,,,,,,"2","NONINCAPACITATING INJURY","1","0","0","1","0","1","0","19","4","1","41.9321241959","-87.7072829837","POINT (-87.707282983671 41.9321241959)"
"7ccff2b19dac4d1d0af0d7cb9c6ae783022a630533795cdc50e310166156d39b0df3e9f0776fc298b6e8116d3471120ab71e2cdfb079eaa9313bfa6dab120909",,"2025-01-22T19:45:00.000","30","TRAFFIC SIGNAL","FUNCTIONING PROPERLY","CLEAR","DARKNESS, LIGHTED ROAD","REAR END","NOT DIVIDED",,"STRAIGHT AND LEVEL","DRY","NO DEFECTS","NOT ON SCENE (DESK REPORT)","NO INJURY / DRIVE AWAY",,,"Y","OVER $1,500","2025-01-28T12:45:00.000","UNABLE TO DETERMINE","NOT APPLICABLE","10701","S","PULASKI RD","2211",,,,,,,"2","NO INDICATION OF INJURY","0","0","0","0","0","2","0","19","4","1","41.6984396508","-87.7204864951","POINT (-87.720486495063 41.698439650791)"
"1410533f0da6a59a6f8e2666d1502a9be21b5402811934e57f5b3dbcf0f60164f7c68fdee3ead81d89b1164c2506431ac27b756ef8238267d080f29c3df33628",,"2025-01-22T19:40:00.000","10","NO CONTROLS","NO CONTROLS","SNOW","DARKNESS, LIGHTED ROAD","PARKED MOTOR VEHICLE","ALLEY",,"STRAIGHT AND LEVEL","SNOW OR SLUSH","NO DEFECTS",,"NO INJURY / DRIVE AWAY",,,"Y","$500 OR LESS","2025-01-22T19:44:00.000","IMPROPER BACKING","UNABLE TO DETERMINE","927","W","NEWPORT AVE","1924",,,,,,,"2","NO INDICATION OF INJURY","0","0","0","0","0","1","0","19","4","1","41.9443635841","-87.653003285","POINT (-87.653003284957 41.944363584058)"
"e074b94865f6a19807a518fb062c5b07ffa158a976d77e478a9e3caed48bb629d5ac6737285ea97eb5a4ff8e688759cdd9ec0472bb1c821aa8d00c97854507e2",,"2025-01-22T19:37:00.000","30","STOP SIGN/FLASHER","NO CONTROLS","SLEET/HAIL","DARKNESS","PARKED MOTOR VEHICLE","NOT DIVIDED",,"STRAIGHT AND LEVEL","WET","NO DEFECTS","NOT ON SCENE (DESK REPORT)","NO INJURY / DRIVE AWAY",,,,"OVER $1,500","2025-01-22T19:45:00.000","WEATHER","WEATHER","5118","N","LOVEJOY AVE","1623",,,,,,,"2","NO INDICATION OF INJURY","0","0","0","0","0","2","0","19","4","1","41.9737615022","-87.76473979","POINT (-87.764739789971 41.97376150216)"
"8345b1613831aec2142518edc980922ceef6a4f390fb6b31ddb3da5366d235b2378418a847d2c8f6be9c164e9643e63250b13b78fa750ce31fbbbc84cce46d2e",,"2025-01-22T19:33:00.000","30","NO CONTROLS","NO CONTROLS","BLOWING SNOW","DARKNESS, LIGHTED ROAD","PARKED MOTOR VEHICLE","NOT DIVIDED",,"STRAIGHT AND LEVEL","WET","UNKNOWN","ON SCENE","INJURY AND / OR TOW DUE TO CRASH",,,,"OVER $1,500","2025-01-22T19:34:00.000","UNABLE TO DETERMINE","NOT APPLICABLE","2958","W","ADDISON ST","1733",,,,,,,"2","INCAPACITATING INJURY","1","0","1","0","0","0","0","19","4","1","41.9467631666","-87.7028645472","POINT (-87.702864547197 41.9467631666)"
"5410da3b3c43e5d6cfdc2e5e229303ca469f6fa7d03de26b3b46138b5d92db0c34658f497d095ae31fe3f2dd14c7a36a757f793288651538fef21da7c8df10ce",,"2025-01-22T19:30:00.000","30","NO CONTROLS","NO CONTROLS","SNOW","DARKNESS, LIGHTED ROAD","PARKED MOTOR VEHICLE","DIVIDED - W/MEDIAN (NOT RAISED)",,"STRAIGHT AND LEVEL","SNOW OR SLUSH","NO DEFECTS","NOT ON SCENE (DESK REPORT)","NO INJURY / DRIVE AWAY",,,,"OVER $1,500","2025-01-22T21:00:00.000","UNABLE TO DETERMINE","UNABLE TO DETERMINE","7320","N","SHERIDAN RD","2423",,,,,,,"2","NO INDICATION OF INJURY","0","0","0","0","0","1","0","19","4","1","42.0145617555","-87.6645858695","POINT (-87.664585869517 42.014561755465)"
"150baa4c291d8003a6f38bd8eadea815716280d6296709ac3432eb3c133650c9080b5fa3072cfbf2ac96b9797ff5553a983612c908e09824b640ff7c47413c02",,"2025-01-22T19:29:00.000","20","TRAFFIC SIGNAL","FUNCTIONING PROPERLY","CLEAR","DARKNESS, LIGHTED ROAD","REAR END","NOT DIVIDED",,"STRAIGHT AND LEVEL","DRY","NO DEFECTS","ON SCENE","NO INJURY / DRIVE AWAY",,,"Y","OVER $1,500","2025-01-22T19:34:00.000","FOLLOWING TOO CLOSELY","NOT APPLICABLE","8300","S","VINCENNES AVE","622",,,,,,,"2","NO INDICATION OF INJURY","0","0","0","0","0","2","0","19","4","1","41.7435045576","-87.6366627981","POINT (-87.636662798126 41.743504557606)"
"d4a5cbe704779457c7055d582c9ba2c97a4bfd5b4206a2e1de0013b93e9f1e803021e98b61cf3e8d46d025a3032a653246f314a618f8d5d793605f3950e25dee",,"2025-01-22T19:25:00.000","35","STOP SIGN/FLASHER","FUNCTIONING PROPERLY","CLEAR","DARKNESS, LIGHTED ROAD","TURNING","NOT DIVIDED",,"STRAIGHT AND LEVEL","DRY","NO DEFECTS","ON SCENE","NO INJURY / DRIVE AWAY",,,,"OVER $1,500","2025-01-22T19:27:00.000","FOLLOWING TOO CLOSELY","NOT APPLICABLE","3900","S","INDIANA AVE","213",,,,,,,"2","NO INDICATION OF INJURY","0","0","0","0","0","2","0","19","4","1","41.8236853462","-87.6217466015","POINT (-87.621746601467 41.823685346227)"
"e848c5e463ee415b640234555c98a65a8a105a49687900f27b8a6c6cfbe0d520508e2053fcf0977cbc672b708d0a482931aef1de3685c74a23ef9899a47b6bc1",,"2025-01-22T19:24:00.000","30","STOP SIGN/FLASHER","FUNCTIONING PROPERLY","CLEAR","DARKNESS, LIGHTED ROAD","REAR END","OTHER",,"STRAIGHT AND LEVEL","DRY","NO DEFECTS","ON SCENE","INJURY AND / OR TOW DUE TO CRASH","Y",,,"$501 - $1,500","2025-01-22T19:25:00.000","FOLLOWING TOO CLOSELY","NOT APPLICABLE","2624","W","DIVERSEY AVE","1411",,,,,,,"2","REPORTED, NOT EVIDENT","1","0","0","0","1","1","0","19","4","1","41.9322391923","-87.6937065981","POINT (-87.693706598138 41.932239192275)"
"3aceabd27cf9d8521cbc23e0aa1fe2c045361466953b38bdf49121074f5dca20cfa77db92cff9d094e3f1db3f6909342a6245a3702f14877a3125ed8b9187817",,"2025-01-22T19:22:00.000","30","TRAFFIC SIGNAL","FUNCTIONING PROPERLY","CLEAR","DARKNESS, LIGHTED ROAD","ANGLE","FOUR WAY",,"STRAIGHT AND LEVEL","DRY","NO DEFECTS","ON SCENE","INJURY AND / OR TOW DUE TO CRASH","Y",,,"OVER $1,500","2025-01-22T19:22:00.000","FAILING TO YIELD RIGHT-OF-WAY","FAILING TO YIELD RIGHT-OF-WAY","515","S","SACRAMENTO BLVD","1135",,,,,,,"2","NO INDICATION OF INJURY","0","0","0","0","0","2","0","19","4","1",,,
"551395a619529364ddce8633781f17fbb745bdbbe448b78f56ec35809e31c0c03e498cf0b5718d050e5840456c14c3f3c33d702c4bf480970ae5235178f88da7","Y","2025-01-22T19:10:00.000","30","NO CONTROLS","NO CONTROLS","CLEAR","DARKNESS","SIDESWIPE SAME DIRECTION","ONE-WAY",,"STRAIGHT AND LEVEL","DRY","NO DEFECTS","ON SCENE","INJURY AND / OR TOW DUE TO CRASH",,,,"OVER $1,500","2025-01-22T19:12:00.000","DRIVING SKILLS/KNOWLEDGE/EXPERIENCE","IMPROPER LANE USAGE","33","E","75TH ST","623",,,,,,,"2","REPORTED, NOT EVIDENT","1","0","0","0","1","1","0","19","4","1","41.7581510931","-87.6232252723","POINT (-87.623225272321 41.758151093065)"
"184f4800b38a0ef0a22f199eaa447ff85eb6c72cf84f2297fbb45200eba4417c4a40f2198e6fa4bc6a33ab34fb871e5aaa5c64ba46af12a5c9fe55237dc56de2",,"2025-01-22T19:06:00.000","30","TRAFFIC SIGNAL","FUNCTIONING PROPERLY","SNOW","DARKNESS, LIGHTED ROAD","SIDESWIPE SAME DIRECTION","FOUR WAY",,"STRAIGHT AND LEVEL","WET","UNKNOWN","ON SCENE","INJURY AND / OR TOW DUE TO CRASH",,,,"OVER $1,500","2025-01-22T19:14:00.000","IMPROPER OVERTAKING/PASSING","NOT APPLICABLE","1","W","LAKE ST","111",,,,,,,"2","NO INDICATION OF INJURY","0","0","0","0","0","2","0","19","4","1","41.8856397992","-87.6280197438","POINT (-87.628019743803 41.885639799182)"
"8a803520ed6b528e052f197093297dbb93bcea5fe2faa42a45280ed03e062fd3968aa3e43997b04a2e4d592108d9e46fbac61e04c5844399ea7f44ec776d0308",,"2025-01-22T19:00:00.000","30","UNKNOWN","UNKNOWN","UNKNOWN","UNKNOWN","PARKED MOTOR VEHICLE","PARKING LOT",,"STRAIGHT AND LEVEL","UNKNOWN","UNKNOWN","NOT ON SCENE (DESK REPORT)","NO INJURY / DRIVE AWAY","Y",,"Y","OVER $1,500","2025-02-06T16:44:00.000","UNABLE TO DETERMINE","DRIVING SKILLS/KNOWLEDGE/EXPERIENCE","1106","S","CLINTON ST","124",,,,,,,"2","NO INDICATION OF INJURY","0","0","0","0","0","1","0","19","4","1","41.8687888223","-87.6409169224","POINT (-87.640916922355 41.868788822285)"
"1482876b45356d2535c459c9f180498af858adc701cd69225fa1b8c725badda67e7701d0d03301616fac25842d71aa7cc506cbea60252a9c9eebc823fb8e7418",,"2025-01-22T18:40:00.000","30","STOP SIGN/FLASHER","FUNCTIONING PROPERLY","CLEAR","DARKNESS, LIGHTED ROAD","PEDESTRIAN","FOUR WAY",,"STRAIGHT AND LEVEL","WET","UNKNOWN","ON SCENE","INJURY AND / OR TOW DUE TO CRASH","Y",,,"$500 OR LESS","2025-01-22T18:42:00.000","FAILING TO YIELD RIGHT-OF-WAY","NOT APPLICABLE","2300","W","LUNT AVE","2411",,,,,,,"2","NONINCAPACITATING INJURY","1","0","0","1","0","1","0","18","4","1","42.0087974111","-87.6882069885","POINT (-87.688206988455 42.008797411087)"
"1a6f98fe998d07a32bf8f77ac7405d71791df51c58eb7b7abc1ca7e6713b09cd7656c5f744a356878fa626966ea28b516e3baf5897596b48b20cb7c8625970ec",,"2025-01-22T18:30:00.000","30","UNKNOWN","UNKNOWN","CLEAR","DARKNESS","REAR END","NOT DIVIDED",,"STRAIGHT AND LEVEL","UNKNOWN","UNKNOWN","NOT ON SCENE (DESK REPORT)","NO INJURY / DRIVE AWAY",,,,"OVER $1,500","2025-01-22T19:11:00.000","UNABLE TO DETERMINE","NOT APPLICABLE","118","E","83RD ST","631",,,,,,,"2","NO INDICATION OF INJURY","0","0","0","0","0","3","0","18","4","1","41.7438306321","-87.6202899876","POINT (-87.620289987595 41.743830632069)"
"59f34428f4c04e54bcb7960371d564d4d958bb7407cd62887a84271ba24810feb3b1ddd2fe1934d6cdfe2c90ac14bbaad66a42a6d3dc3a6bd99a2653b40b191b",,"2025-01-22T18:30:00.000","30","TRAFFIC SIGNAL","FUNCTIONING PROPERLY","CLEAR","DARKNESS, LIGHTED ROAD","ANGLE","FOUR WAY",,"STRAIGHT AND LEVEL","WET","NO DEFECTS","NOT ON SCENE (DESK REPORT)","NO INJURY / DRIVE AWAY","Y",,,"$501 - $1,500","2025-01-23T12:00:00.000","DISREGARDING TRAFFIC SIGNALS","NOT APPLICABLE","1559","N","KOSTNER AVE","2534",,,,,,,"2","NO INDICATION OF INJURY","0","0","0","0","0","2","0","18","4","1","41.909365261","-87.7361789559","POINT (-87.73617895594 41.909365261015)"
"b41f1e1c282ec97bef8ae79bf1e2b4a43a8912206d05ee5c37865249c3c38157125449cdde42b3d0f9d3d673f6c99c8fe5fa3ee41d6b16fd0d0a34541853540c",,"2025-01-22T18:29:00.000","30","STOP SIGN/FLASHER","NO CONTROLS","CLEAR","DARKNESS, LIGHTED ROAD","ANGLE","OTHER",,"STRAIGHT AND LEVEL","DRY","UNKNOWN","ON SCENE","INJURY AND / OR TOW DUE TO CRASH","Y",,,"OVER $1,500","2025-01-22T18:30:00.000","DRIVING ON WRONG SIDE/WRONG WAY","NOT APPLICABLE","3800","W","18TH ST","1014",,,,,,,"2","NO INDICATION OF INJURY","0","0","0","0","0","2","0","18","4","1","41.8572037968","-87.7200610553","POINT (-87.720061055262 41.857203796829)"
"aae09310c78130a57e8d5af68597c82a080d30068d440c5a0a2f5a2e0ce4a0640b945787f6d1744a18a0533fe66e75483dbeade4243981eae709ac57c965b049",,"2025-01-22T18:26:00.000","30","NO CONTROLS","NO CONTROLS","OTHER","DARKNESS","SIDESWIPE SAME DIRECTION","DIVIDED - W/MEDIAN (NOT RAISED)",,"STRAIGHT AND LEVEL","SNOW OR SLUSH","UNKNOWN","ON SCENE","NO INJURY / DRIVE AWAY",,,"Y","$500 OR LESS","2025-01-22T18:43:00.000","NOT APPLICABLE","NOT APPLICABLE","12997","S","HALSTED ST","523",,,,,,,"2","NO INDICATION OF INJURY","0","0","0","0","0","3","0","18","4","1","41.658117628","-87.6410991825","POINT (-87.641099182465 41.658117628017)"
"1a5ebcc54b2f97f5d68c54b9ff95f57504880c1440df46aefed27fd7141ca70e6d72c815a5459289c2cc8dd10f4e475f464cb039a0c9536bc44f43853a75926f","N","2025-01-22T18:20:00.000","30","STOP SIGN/FLASHER","FUNCTIONING PROPERLY","SNOW","DARKNESS","ANGLE","T-INTERSECTION",,"STRAIGHT AND LEVEL","SNOW OR SLUSH","NO DEFECTS","NOT ON SCENE (DESK REPORT)","NO INJURY / DRIVE AWAY","Y",,,"$501 - $1,500","2025-01-22T18:23:00.000","FAILING TO YIELD RIGHT-OF-WAY","NOT APPLICABLE","7100","W","TALCOTT AVE","1612","Y",,,,,,"2","NO INDICATION OF INJURY","0","0","0","0","0","2","0","18","4","1","41.9846903572","-87.8041137613","POINT (-87.804113761255 41.984690357183)"
"239832965544879a4c97e5901e1ae62d0083248fadd49c35f21c5d4dfefe91ee5b6b7a717ccee1dad127a9bc68cf61c034743043fa094c00e74fc64359914314",,"2025-01-22T18:20:00.000","30","NO CONTROLS","NO CONTROLS","CLEAR","DARKNESS, LIGHTED ROAD","PARKED MOTOR VEHICLE","DIVIDED - W/MEDIAN (NOT RAISED)",,"STRAIGHT AND LEVEL","UNKNOWN","UNKNOWN","NOT ON SCENE (DESK REPORT)","NO INJURY / DRIVE AWAY",,,,"OVER $1,500","2025-01-23T16:05:00.000","UNABLE TO DETERMINE","NOT APPLICABLE","4900","W","GRAND AVE","2533",,,,,,,"2","NO INDICATION OF INJURY","0","0","0","0","0","2","0","18","4","1","41.9153883085","-87.7494085797","POINT (-87.749408579737 41.915388308486)"
"6828e7faee9e1f05ed0453eb979534b7b81f1baf301e44f2bc2facf162d770b56ae1177b88fdec969d106d68317abc5735891bf444380ea7a6d2173cd2e8e071",,"2025-01-22T18:20:00.000","30","NO CONTROLS","NO CONTROLS","CLOUDY/OVERCAST","DARKNESS, LIGHTED ROAD","TURNING","DIVIDED - W/MEDIAN (NOT RAISED)",,"STRAIGHT AND LEVEL","WET","NO DEFECTS","ON SCENE","INJURY AND / OR TOW DUE TO CRASH",,,,"OVER $1,500","2025-01-22T18:37:00.000","FAILING TO YIELD RIGHT-OF-WAY","IMPROPER TURNING/NO SIGNAL","4573","N","ELSTON AVE","1722",,,,,,,"2","NO INDICATION OF INJURY","0","0","0","0","0","4","0","18","4","1","41.964088036","-87.7340671865","POINT (-87.734067186538 41.964088036019)"
"b9a15ab340e909e24bd8e3641ec723c619aa930bd4b6b99204d4370a3b95ab59528d7595b202960c1c0073c81516729f581ff25061ac3a0c9347b547c4374635","Y","2025-01-22T18:20:00.000","25","NO CONTROLS","NO CONTROLS","SNOW","DARKNESS","PARKED MOTOR VEHICLE","NOT DIVIDED",,"STRAIGHT AND LEVEL","SNOW OR SLUSH","UNKNOWN","ON SCENE","NO INJURY / DRIVE AWAY",,,"Y","$501 - $1,500","2025-01-22T18:41:00.000","UNABLE TO DETERMINE","UNABLE TO DETERMINE","1927","N","HUDSON AVE","1813",,,,,,,"2","NO INDICATION OF INJURY","0","0","0","0","0","1","0","18","4","1","41.9173163391","-87.6398526418","POINT (-87.639852641772 41.917316339129)"
"82c037420d4d015583577253f20a594f326dfac2592e2d2f4807b0ded0a0a696ed7274d724489db96cee7774df6a1fe67feacd712bcee20f53708e17b5296596",,"2025-01-22T18:19:00.000","30","TRAFFIC SIGNAL","FUNCTIONING PROPERLY","CLEAR","DARKNESS, LIGHTED ROAD","PEDESTRIAN","FOUR WAY",,"STRAIGHT AND LEVEL","WET","UNKNOWN","ON SCENE","INJURY AND / OR TOW DUE TO CRASH","Y",,,"$501 - $1,500","2025-01-22T18:21:00.000","FAILING TO YIELD RIGHT-OF-WAY","NOT APPLICABLE","2599","S","CALIFORNIA AVE","1034",,,,,,,"2","NONINCAPACITATING INJURY","1","0","0","1","0","2","0","18","4","1",,,