"crash_record_id","crash_date_est_i","crash_date","posted_speed_limit","traffic_control_device","device_condition","weather_condition","lighting_condition","first_crash_type","trafficway_type","lane_cnt","alignment","roadway_surface_cond","road_defect","report_type","crash_type","intersection_related_i","private_property_i","hit_and_run_i","damage","date_police_notified","prim_contributory_cause","sec_contributory_cause","street_no","street_direction","street_name","beat_of_occurrence","photos_taken_i","statements_taken_i","dooring_i","work_zone_i","work_zone_type","workers_present_i","num_units","most_severe_injury","injuries_total","injuries_fatal","injuries_incapacitating","injuries_non_incapacitating","injuries_reported_not_evident","injuries_no_indication","injuries_unknown","crash_hour","crash_day_of_week","crash_month","latitude","longitude","location"
"823606b70dc87fb92c2a0f58ce599605bfe881ed97e9251b7975ee96e4e945d193cf8f989e708f16d85a201ac8104ca668a5c35f7d323fa23b331f91719abf53",,"2025-01-22T18:16:00.000","30","TRAFFIC SIGNAL","FUNCTIONING PROPERLY","OTHER","DUSK","ANGLE","FIVE POINT, OR MORE",,"STRAIGHT AND LEVEL","WET","NO DEFECTS","ON SCENE","INJURY AND / OR TOW DUE TO CRASH","Y",,,"OVER $1,500","2025-01-22T18:20:00.000","NOT APPLICABLE","NOT APPLICABLE","1200","S","WESTERN AVE","1023",,,,,,,"3","REPORTED, NOT EVIDENT","8","0","0","0","8","1","0","18","4","1","41.8665500635","-87.6861832896","POINT (-87.686183289643 41.866550063499)"
"15117be2853795c5cdd6dbe123374b418ccf00dfa228ac10ab183e4da1024954c0727fd67ace19691c3704feec9e1abc0ef8890c6cc7a04d33d12dc33d6bd02a",,"2025-01-22T18:15:00.000","35","TRAFFIC SIGNAL","FUNCTIONING PROPERLY","CLEAR","DARKNESS, LIGHTED ROAD","SIDESWIPE SAME DIRECTION","FOUR WAY",,"STRAIGHT AND LEVEL","SNOW OR SLUSH","NO DEFECTS","NOT ON SCENE (DESK REPORT)","NO INJURY / DRIVE AWAY",,,"Y","OVER $1,500","2025-01-22T20:30:00.000","UNABLE TO DETERMINE","UNABLE TO DETERMINE","8301","S","STATE ST","632",,,,,,,"2","NO INDICATION OF INJURY","0","0","0","0","0","2","0","18","4","1","41.7435662758","-87.6241827275","POINT (-87.624182727532 41.74356627583)"
"ed4e88c20ea3ab7c517c875d959ba6d18fe14d713c19213be0e0649cdc4719a49bb50cc37bebddb4c84227edabe9ee9d39ef560d8f149c07f73eeddd99c1bd50",,"2025-01-22T18:15:00.000","30","NO CONTROLS","NO CONTROLS","CLOUDY/OVERCAST","DARKNESS","FIXED OBJECT","RAMP",,"STRAIGHT AND LEVEL","WET","RUT, HOLES","NOT ON SCENE (DESK REPORT)","INJURY AND / OR TOW DUE TO CRASH",,,,"OVER $1,500","2025-01-24T16:45:00.000","ROAD ENGINEERING/SURFACE/MARKING DEFECTS","ROAD ENGINEERING/SURFACE/MARKING DEFECTS","2400","N","LAKE SHORE DR SB","1935",,,,,,,"1","NO INDICATION OF INJURY","0","0","0","0","0","1","0","18","4","1","41.9261607198","-87.6315146648","POINT (-87.631514664826 41.926160719812)"
"37e4772d7febb534c7c3695fbfc8f158681fc02fe7e23b4497a3616c9821d4d3a64c0b12a31f34ac1b8ef159d479274339490bddf5d1e216a84a87afa139b370",,"2025-01-22T18:00:00.000","30","NO CONTROLS","NO CONTROLS","CLEAR","UNKNOWN","ANGLE","NOT DIVIDED",,"STRAIGHT AND LEVEL","DRY","UNKNOWN","ON SCENE","INJURY AND / OR TOW DUE TO CRASH",,,,"OVER $1,500","2025-01-22T18:07:00.000","FAILING TO YIELD RIGHT-OF-WAY","NOT APPLICABLE","1522","E","53RD ST","234",,,,,,,"3","NO INDICATION OF INJURY","0","0","0","0","0","2","0","18","4","1","41.7996607932","-87.5881982515","POINT (-87.588198251471 41.799660793222)"
"58091a75ed99bbcbf239a58f2a264a1a562adcb63102ce48cd08366a7deec876c4329a438135abdfbc9502a7571eb5f94aadd28444286ff3af5a5edb9711d92e",,"2025-01-22T18:00:00.000","45","UNKNOWN","UNKNOWN","CLEAR","DARKNESS","REAR END","OTHER",,"STRAIGHT AND LEVEL","UNKNOWN","UNKNOWN","NOT ON SCENE (DESK REPORT)","NO INJURY / DRIVE AWAY",,,,"OVER $1,500","2025-01-22T19:20:00.000","UNABLE TO DETERMINE","UNABLE TO DETERMINE","449","N","LAKE SHORE DR NB","1834",,,,,,,"3","NO INDICATION OF INJURY","0","0","0","0","0","3","0","18","4","1","41.8900447778","-87.6138063027","POINT (-87.613806302728 41.890044777816)"
"b9ff80afb31282785c78791b532df4e917b77d081a6e4f514f90292071b0505d99ca97679d66a40cbb018a20007d7bf86a13476a8ff70ea64cae6b72faa7aca2",,"2025-01-22T18:00:00.000","30","UNKNOWN","UNKNOWN","UNKNOWN","UNKNOWN","TURNING","UNKNOWN",,"STRAIGHT AND LEVEL","UNKNOWN","UNKNOWN","NOT ON SCENE (DESK REPORT)","NO INJURY / DRIVE AWAY",,,"Y","OVER $1,500","2025-01-28T18:05:00.000","UNABLE TO DETERMINE","UNABLE TO DETERMINE","5842","N","CENTRAL AVE","1622",,,,,,,"2","NO INDICATION OF INJURY","0","0","0","0","0","4","0","18","4","1","41.9871480761","-87.7683976477","POINT (-87.768397647676 41.987148076116)"
"e00636623c186f5f64282887cfa920f0353908e3820ee7c59154383e63f5fbc9931676f90ba13c0aded922fdd4d79dc572f2657ace122604c361407d5b2a14d5",,"2025-01-22T18:00:00.000","30","TRAFFIC SIGNAL","FUNCTIONING PROPERLY","CLOUDY/OVERCAST","DARKNESS, LIGHTED ROAD","REAR END","NOT DIVIDED",,"STRAIGHT AND LEVEL","DRY","NO DEFECTS","NOT ON SCENE (DESK REPORT)","NO INJURY / DRIVE AWAY",,,,"OVER $1,500","2025-01-22T18:16:00.000","NOT APPLICABLE","NOT APPLICABLE","6258","S","CICERO AVE","813",,,,,,,"2","NO INDICATION OF INJURY","0","0","0","0","0","2","0","18","4","1","41.7785179236","-87.7424421884","POINT (-87.742442188356 41.778517923571)"
"903b497eeb00aedafde78d002fbec3a30f3c778172f742111d1cb53263bd2f656b4daf0d0827dcf03bbc80fc62c2c6aa30cdb0b721dfd567ca5795062dacc53c",,"2025-01-22T17:59:00.000","25","NO CONTROLS","NO CONTROLS","CLOUDY/OVERCAST","DARKNESS, LIGHTED ROAD","PARKED MOTOR VEHICLE","NOT DIVIDED",,"STRAIGHT AND LEVEL","WET","NO DEFECTS","ON SCENE","NO INJURY / DRIVE AWAY",,,,"$501 - $1,500","2025-01-22T17:59:00.000","FAILING TO YIELD RIGHT-OF-WAY","DRIVING SKILLS/KNOWLEDGE/EXPERIENCE","5050","N","BROADWAY","2033",,,,,,,"2","NO INDICATION OF INJURY","0","0","0","0","0","2","0","17","4","1","41.9741295261","-87.6599553012","POINT (-87.659955301163 41.974129526103)"
"d84973d6f24253c1c73b7c17724b53f0a7bba302d3dd833674fed0695a3fd571d21aa13527a2c778b7afde528817c33ade0ce9a906dbf96b654256d98afd22d1",,"2025-01-22T17:54:00.000","30","STOP SIGN/FLASHER","FUNCTIONING PROPERLY","CLOUDY/OVERCAST","DARKNESS, LIGHTED ROAD","ANGLE","FOUR WAY",,"STRAIGHT AND LEVEL","DRY","NO DEFECTS","ON SCENE","INJURY AND / OR TOW DUE TO CRASH","Y",,,"OVER $1,500","2025-01-22T17:56:00.000","VISION OBSCURED (SIGNS, TREE LIMBS, BUILDINGS, ETC.)","NOT APPLICABLE","5900","S","KENNETH AVE","813",,,,,,,"2","NO INDICATION OF INJURY","0","0","0","0","0","2","0","17","4","1","41.7857277362","-87.7341115861","POINT (-87.734111586068 41.785727736212)"
"b7b1e3fee19033da763785ae0a3863cf5f48137896ca51a766f671d1e815de6685e5a0660f86502285750e34fb957c77654ba078c8b77f08c62a5a156cf4c724",,"2025-01-22T17:48:00.000","30","STOP SIGN/FLASHER","NO CONTROLS","RAIN","DARKNESS, LIGHTED ROAD","PEDESTRIAN","FOUR WAY",,"STRAIGHT AND LEVEL","WET","NO DEFECTS","ON SCENE","INJURY AND / OR TOW DUE TO CRASH","Y",,,"OVER $1,500","2025-01-22T17:50:00.000","UNABLE TO DETERMINE","UNABLE TO DETERMINE","2600","W","25TH ST","1034",,,,,,,"2","REPORTED, NOT EVIDENT","1","0","0","0","1","2","0","17","4","1","41.8466242474","-87.69051643","POINT (-87.69051643005 41.846624247384)"
"1deca6a68db0dc78ea25ab31e04fc64984c87c3591c0e7992b16004f64456cfbd4e98263eab1fbd305611577f42baece08fb8b3f991c685595dc388e422fb678",,"2025-01-22T17:45:00.000","20","NO CONTROLS","NO CONTROLS","CLEAR","DARKNESS, LIGHTED ROAD","PARKED MOTOR VEHICLE","ONE-WAY",,"STRAIGHT AND LEVEL","DRY","NO DEFECTS","NOT ON SCENE (DESK REPORT)","NO INJURY / DRIVE AWAY",,,,"$501 - $1,500","2025-01-23T11:30:00.000","IMPROPER LANE USAGE","NOT APPLICABLE","2","W","TERMINAL ST","1652",,,,,,,"2","NO INDICATION OF INJURY","0","0","0","0","0","1","0","17","4","1",,,
"4d927f097cf36f1aaaa252cb45ae02df571065da6f9abcd3fda74c949ac7ad7cd01943121e859f1df43ad2781ba45de9ed678aa5ebf7baf76faa83256e00c2a9",,"2025-01-22T17:45:00.000","30","TRAFFIC SIGNAL","FUNCTIONING PROPERLY","CLEAR","DARKNESS, LIGHTED ROAD","TURNING","T-INTERSECTION",,"STRAIGHT AND LEVEL","WET","NO DEFECTS","ON SCENE","INJURY AND / OR TOW DUE TO CRASH","Y",,,"OVER $1,500","2025-01-22T17:50:00.000","UNABLE TO DETERMINE","UNABLE TO DETERMINE","8000","W","FOSTER AVE","1614",,,,,,,"2","NO INDICATION OF INJURY","0","0","0","0","0","2","0","17","4","1","41.9741405549","-87.8268527736","POINT (-87.826852773601 41.974140554879)"
"9331595471cfe72241c927302d851f4ec46b6e171170f823545918c1959f843a67225cd59e4d40232afe7659ea1ad739a68c38a471da44f97602ba8ab7478767",,"2025-01-22T17:39:00.000","30","TRAFFIC SIGNAL","UNKNOWN","CLEAR","DAWN","PEDESTRIAN","DIVIDED - W/MEDIAN (NOT RAISED)",,"STRAIGHT AND LEVEL","WET","UNKNOWN","ON SCENE","NO INJURY / DRIVE AWAY","Y",,,"OVER $1,500","2025-01-22T17:39:00.000","NOT APPLICABLE","UNABLE TO DETERMINE","3801","W","AUGUSTA BLVD","1112",,,,,,,"2","NO INDICATION OF INJURY","0","0","0","0","0","3","0","17","4","1","41.898953023","-87.721373141","POINT (-87.721373140994 41.898953023039)"
"96019dc1e6b4660622674bc93ec855231ddbfe17c5b352da9a989174abc241e9aaf97ef9a09d355bf08d901ac13e4205fe2685bd66cbd5626270f8c7f8aa054a",,"2025-01-22T17:39:00.000","30","NO CONTROLS","NO CONTROLS","UNKNOWN","DARKNESS, LIGHTED ROAD","REAR END","DIVIDED - W/MEDIAN (NOT RAISED)",,"STRAIGHT AND LEVEL","UNKNOWN","NO DEFECTS",,"NO INJURY / DRIVE AWAY",,,,"OVER $1,500","2025-01-22T18:05:00.000","UNABLE TO DETERMINE","NOT APPLICABLE","401","N","LAKE SHORE DR NB","1834",,,,,,,"2","NO INDICATION OF INJURY","0","0","0","0","0","5","0","17","4","1","41.8891462543","-87.6138431274","POINT (-87.613843127448 41.889146254302)"
"679764bbcb94177f827de3660aec36a0061a006ca7d333d04ae0aa6ef1876b1ac27a75280abed756a1631aad7517b212366aa90e0a48b1d2b0454887ac867b19",,"2025-01-22T17:38:00.000","30","TRAFFIC SIGNAL","FUNCTIONING PROPERLY","CLEAR","DARKNESS","REAR END","ONE-WAY",,"STRAIGHT AND LEVEL","DRY","NO DEFECTS","ON SCENE","NO INJURY / DRIVE AWAY",,,"Y","OVER $1,500","2025-01-22T17:40:00.000","FOLLOWING TOO CLOSELY","FOLLOWING TOO CLOSELY","6398","W","GREGORY ST","1622",,,,,,,"2","NO INDICATION OF INJURY","0","0","0","0","0","2","0","17","4","1","41.9821711731","-87.7876916991","POINT (-87.787691699146 41.982171173088)"
"6c3eb6b2bc8ed304383fd286027399a6845930f5d4a30559bec8a465f0c0e0d959c4cbb539247d28dce6a788cf8c5eac44cf4eb7581974ced013f633973fbb0b",,"2025-01-22T17:30:00.000","40","NO CONTROLS","NO CONTROLS","CLEAR","DUSK","SIDESWIPE SAME DIRECTION","DIVIDED - W/MEDIAN BARRIER",,"STRAIGHT AND LEVEL","DRY","NO DEFECTS","ON SCENE","NO INJURY / DRIVE AWAY",,,,"OVER $1,500","2025-01-22T17:35:00.000","IMPROPER OVERTAKING/PASSING","UNABLE TO DETERMINE","200","S","LAKE SHORE DR NB","114",,,,,,,"2","NO INDICATION OF INJURY","0","0","0","0","0","2","0","17","4","1","41.8795834575","-87.6176071169","POINT (-87.617607116909 41.879583457474)"
"e4138eb97215212b7cd9b898a515b31288c69a3e3d6dac1d78f823fd3f4741734f6c29e580280f6a5009ec225a56d6337c3a85753f4cac871bd704f85497fb29",,"2025-01-22T17:30:00.000","30","TRAFFIC SIGNAL","FUNCTIONING PROPERLY","CLEAR","DAYLIGHT","REAR END","FOUR WAY",,"STRAIGHT ON GRADE","DRY","NO DEFECTS","NOT ON SCENE (DESK REPORT)","INJURY AND / OR TOW DUE TO CRASH","Y",,"Y","OVER $1,500","2025-01-22T19:20:00.000","FAILING TO REDUCE SPEED TO AVOID CRASH","DRIVING SKILLS/KNOWLEDGE/EXPERIENCE","6699","S","STONY ISLAND AVE","331",,,,,,,"2","REPORTED, NOT EVIDENT","1","0","0","0","1","2","0","17","4","1","41.7734384951","-87.5859542451","POINT (-87.585954245052 41.773438495122)"
"06b093f6004ebbbc0d03bab18a64d0c2ef5734fed826a0f47ba16001d7582eab2061e000ac1040e0599c8bfd2e2645a2339e4f9a6c0c8fbcd0a745eaf3b39b8a",,"2025-01-22T17:20:00.000","30","TRAFFIC SIGNAL","FUNCTIONING PROPERLY","CLEAR","DUSK","TURNING","FOUR WAY",,"STRAIGHT AND LEVEL","DRY","NO DEFECTS",,"INJURY AND / OR TOW DUE TO CRASH","Y",,,"OVER $1,500","2025-01-22T17:20:00.000","FAILING TO YIELD RIGHT-OF-WAY","FAILING TO YIELD RIGHT-OF-WAY","3600","W","DIVISION ST","2535",,,,,,,"2","REPORTED, NOT EVIDENT","4","0","0","0","4","0","0","17","4","1","41.9028634001","-87.7166254441","POINT (-87.716625444146 41.902863400118)"
"e4d4fced7af01d20a5354c02d624f7a530705b654f7c4dba4cc4dc5a14df853946b7af75201875b18e721ed43e9c305bbe57be7b4cfb7b0a00816ca21c560a03",,"2025-01-22T17:20:00.000","30","STOP SIGN/FLASHER","FUNCTIONING PROPERLY","CLOUDY/OVERCAST","DARKNESS, LIGHTED ROAD","TURNING","NOT DIVIDED",,"STRAIGHT AND LEVEL","DRY","NO DEFECTS","NOT ON SCENE (DESK REPORT)","NO INJURY / DRIVE AWAY",,,,"OVER $1,500","2025-01-22T17:45:00.000","NOT APPLICABLE","NOT APPLICABLE","5320","S","ARCHER AVE","815",,,,,,,"2","NO INDICATION OF INJURY","0","0","0","0","0","2","0","17","4","1","41.7991793146","-87.7404529978","POINT (-87.740452997814 41.799179314645)"
"1c3badf3c5d531a1f7a326d8d0dfe044342b1c7f283359c7aefda00c13a5924438903b4aa79d23f52b2b4f4f18e35016e39172af0c3a4f5aab90f41a9f89d252",,"2025-01-22T17:14:00.000","30","STOP SIGN/FLASHER","UNKNOWN","CLEAR","DARKNESS, LIGHTED ROAD","SIDESWIPE SAME DIRECTION","FOUR WAY",,"STRAIGHT AND LEVEL","WET","UNKNOWN","ON SCENE","INJURY AND / OR TOW DUE TO CRASH","Y",,,"$501 - $1,500","2025-01-22T17:14:00.000","UNABLE TO DETERMINE","UNABLE TO DETERMINE","3600","N","JANSSEN AVE","1922",,,,,,,"2","REPORTED, NOT EVIDENT","2","0","0","0","2","1","0","17","4","1","41.9471373315","-87.6653794845","POINT (-87.66537948451 41.947137331472)"
"45d84f6a90b5bfab6e0ab7cd2d51c74e842fcc14b168a4c58c48e62b91419b42d35ab15ac901af35e5681dd8f1bcec42d6297d8d45e769ab06d78775573755a2",,"2025-01-22T17:14:00.000","35","STOP SIGN/FLASHER","FUNCTIONING PROPERLY","CLEAR","DARKNESS, LIGHTED ROAD","REAR END","NOT DIVIDED",,"STRAIGHT AND LEVEL","WET","NO DEFECTS","ON SCENE","NO INJURY / DRIVE AWAY",,,"Y","OVER $1,500","2025-01-22T17:26:00.000","UNABLE TO DETERMINE","UNABLE TO DETERMINE","31","E","69TH ST","322",,,,,,,"2","NO INDICATION OF INJURY","0","0","0","0","0","2","0","17","4","1","41.7690714846","-87.6235553552","POINT (-87.623555355239 41.769071484646)"
"8783667188b7997c447394b5bbadf350ae6ed5ed3a92a6c93058f84196d3629eb21ab23b4b58080f98f35a24a20a1ae3e7df2a680889114893067ff50bea5755",,"2025-01-22T17:12:00.000","30","TRAFFIC SIGNAL","FUNCTIONING PROPERLY","CLEAR","DAYLIGHT","TURNING","NOT DIVIDED",,"STRAIGHT AND LEVEL","DRY","NO DEFECTS","ON SCENE","INJURY AND / OR TOW DUE TO CRASH","Y",,"Y","OVER $1,500","2025-01-22T17:17:00.000","UNABLE TO DETERMINE","NOT APPLICABLE","3920","S","ARCHER AVE","921",,,,,,,"2","REPORTED, NOT EVIDENT","1","0","0","0","1","2","0","17","4","1","41.8224920808","-87.6907758483","POINT (-87.690775848329 41.822492080817)"
"a477c1e5126dc82d5c741ff91c96802f227673ed8c7e65432c93235927c183e04ee31e09ef6094300b414a6986133a0c9c7611e6cc7b8d4907cc3cb2ebb80520",,"2025-01-22T17:01:00.000","45","TRAFFIC SIGNAL","FUNCTIONING PROPERLY","CLEAR","DUSK","REAR END","FOUR WAY",,"STRAIGHT AND LEVEL","WET","NO DEFECTS","ON SCENE","NO INJURY / DRIVE AWAY","Y",,,"$501 - $1,500","2025-01-22T17:10:00.000","FOLLOWING TOO CLOSELY","DRIVING SKILLS/KNOWLEDGE/EXPERIENCE","10700","W","IRVING PARK RD","1654",,,,,,,"2","NO INDICATION OF INJURY","0","0","0","0","0","4","0","17","4","1","41.95517597","-87.8930788455","POINT (-87.893078845519 41.95517597002)"
"13aa3b4e8e0ac49bc174c2f974c2727e5cab8070b5d9289fb7820e6550286fa7b3444bd48066bbbbc39622a5b0d122ddea4270fb49c31c3d5645d7795d1655bc",,"2025-01-22T17:00:00.000","30","UNKNOWN","UNKNOWN","CLEAR","UNKNOWN","TURNING","NOT DIVIDED",,"STRAIGHT AND LEVEL","UNKNOWN","UNKNOWN","NOT ON SCENE (DESK REPORT)","NO INJURY / DRIVE AWAY",,,,"OVER $1,500","2025-01-22T17:00:00.000","IMPROPER TURNING/NO SIGNAL","UNABLE TO DETERMINE","6141","W","BRYN MAWR AVE","1622",,,,,,,"2","NO INDICATION OF INJURY","0","0","0","0","0","2","0","17","4","1","41.9827951803","-87.7819512501","POINT (-87.781951250061 41.982795180271)"
"46a4e6fa2d0c76743b08794ee36fa398a1f19aa57ef2bae3b813b70eb23e4d1ef9f716cab026d7fb6fec4116138fb818ec7b666f4f47b8975b9e374280427dfe",,"2025-01-22T17:00:00.000","30","NO CONTROLS","NO CONTROLS","CLEAR","DUSK","PARKED MOTOR VEHICLE","NOT DIVIDED",,"STRAIGHT AND LEVEL","DRY","NO DEFECTS","NOT ON SCENE (DESK REPORT)","NO INJURY / DRIVE AWAY",,,"Y","OVER $1,500","2025-01-25T09:50:00.000","UNABLE TO DETERMINE","NOT APPLICABLE","1831","N","HOWE ST","1813",,,,,,,"2","NO INDICATION OF INJURY","0","0","0","0","0","1","0","17","4","1","41.9147689192","-87.6446248453","POINT (-87.644624845282 41.91476891917)"
"96f5f967ca4775a31c9e8be9f7936464d39fc9771af24b9a8d271988d490704283a3b71ac8da35f88e898fefe2a91266c566d23cc842039d1b94b4fd00f0f58a",,"2025-01-22T17:00:00.000","10","OTHER","OTHER","CLEAR","DUSK","OTHER OBJECT","PARKING LOT",,"STRAIGHT ON HILLCREST","DRY","NO DEFECTS","ON SCENE","NO INJURY / DRIVE AWAY",,,,"$501 - $1,500","2025-01-22T17:07:00.000","UNABLE TO DETERMINE","UNABLE TO DETERMINE","728","N","MORGAN ST","1214",,,,,,,"1","NO INDICATION OF INJURY","0","0","0","0","0","1","0","17","4","1","41.8955128867","-87.6527592263","POINT (-87.652759226251 41.895512886743)"
"84d40b6900b7afc7aaecbde0a1855adb6f2a60e69dc5885ce11b820239d9497494cd7fe5e6925d1974b11812b65b893b006481d0abcc4403ca138388221df727",,"2025-01-22T16:45:00.000","30","TRAFFIC SIGNAL","FUNCTIONING PROPERLY","CLEAR","DAYLIGHT","TURNING","FOUR WAY",,"STRAIGHT AND LEVEL","SNOW OR SLUSH","NO DEFECTS","ON SCENE","INJURY AND / OR TOW DUE TO CRASH","Y",,,"OVER $1,500","2025-01-22T16:51:00.000","IMPROPER TURNING/NO SIGNAL","NOT APPLICABLE","430","S","DAMEN AVE","1225",,,,,,,"2","NO INDICATION OF INJURY","0","0","0","0","0","2","0","16","4","1","41.8753537484","-87.6766454542","POINT (-87.676645454184 41.875353748416)"
"def3889805ae39573dda14b2e2d5b761a05d30fdfe4a871fd500911e1f950e3eb0023e642854389f27a0daa37688df3729703b0b9c6f4b8423e88f5a1fa2b7eb",,"2025-01-22T16:45:00.000","30","NO CONTROLS","NO CONTROLS","CLEAR","DARKNESS, LIGHTED ROAD","SIDESWIPE SAME DIRECTION","NOT DIVIDED",,"STRAIGHT AND LEVEL","DRY","NO DEFECTS","NOT ON SCENE (DESK REPORT)","NO INJURY / DRIVE AWAY",,,"Y","OVER $1,500","2025-01-22T18:00:00.000","IMPROPER OVERTAKING/PASSING","NOT APPLICABLE","3700","S","KEDZIE AVE","911",,,,,,,"2","NO INDICATION OF INJURY","0","0","0","0","0","2","0","16","4","1","41.8262216048","-87.7046503143","POINT (-87.704650314326 41.82622160482)"
"4e09e3b29bd3b51d57ca05ead3e22d038985bc89cf8a5b43082122950b96f3450cbd13020cd0fc3850d0ece57e9305073d7e66ae1032cea2dd15990c3e5780f7",,"2025-01-22T16:43:00.000","30","NO CONTROLS","NO CONTROLS","CLEAR","DAWN","PARKED MOTOR VEHICLE","DRIVEWAY",,"STRAIGHT AND LEVEL","DRY","NO DEFECTS","ON SCENE","NO INJURY / DRIVE AWAY",,,"Y","OVER $1,500","2025-01-22T16:43:00.000","OPERATING VEHICLE IN ERRATIC, RECKLESS, CARELESS, NEGLIGENT OR AGGRESSIVE MANNER","IMPROPER BACKING","2959","W","FULTON ST","1222",,,,,,,"2","NO INDICATION OF INJURY","0","0","0","0","0","1","0","16","4","1","41.8863732309","-87.701234307","POINT (-87.701234306969 41.886373230918)"
"2e864218710adc774bd07ac6273ac3d9815e4b917139af0521448c4e75a7a6ca07ece68d703ceb5af6addbf21ccf22b36e65df33b054a7efa92a0bab0fb608d8",,"2025-01-22T16:40:00.000","30","NO CONTROLS","NO CONTROLS","CLEAR","DAYLIGHT","REAR END","NOT DIVIDED",,"STRAIGHT AND LEVEL","DRY","NO DEFECTS","NOT ON SCENE (DESK REPORT)","NO INJURY / DRIVE AWAY",,,"Y","$501 - $1,500","2025-01-22T17:30:00.000","FOLLOWING TOO CLOSELY","NOT APPLICABLE","1059","W","FOSTER AVE","2024",,,,,,,"2","NO INDICATION OF INJURY","0","0","0","0","0","2","0","16","4","1","41.9762505392","-87.6573496606","POINT (-87.65734966056 41.976250539159)"
"30c8a10310225a6d5792baca05685cd5f5a758bae8cb1335413a88cb381f7630edbffb8930d4d1af3dbc0fe9d5d552b77602f921d46d584689f82f6e2381108a",,"2025-01-22T16:39:00.000","30","NO CONTROLS","NO CONTROLS","OTHER","DARKNESS, LIGHTED ROAD","TURNING","NOT DIVIDED",,"STRAIGHT AND LEVEL","WET","UNKNOWN","ON SCENE","NO INJURY / DRIVE AWAY","Y",,,"OVER $1,500","2025-01-22T16:55:00.000","UNABLE TO DETERMINE","UNABLE TO DETERMINE","3100","W","TOUHY AVE","2411",,,,,,,"2","NO INDICATION OF INJURY","0","0","0","0","0","5","0","16","4","1","42.0120157559","-87.7069400985","POINT (-87.706940098509 42.012015755881)"
"141bb5cd6c539ff77e3872b8f71f6f6e5d05cae9fdf8b7761d53362ea341c5da213311dfbe143aa1a5ad10e4a4e82b92997d42a8298fe11b1547dc3325d31e19",,"2025-01-22T16:37:00.000","30","STOP SIGN/FLASHER","FUNCTIONING PROPERLY","CLEAR","DAYLIGHT","ANGLE","FOUR WAY",,"STRAIGHT AND LEVEL","DRY","NO DEFECTS","ON SCENE","INJURY AND / OR TOW DUE TO CRASH","Y",,"Y","OVER $1,500","2025-01-22T16:40:00.000","DISREGARDING STOP SIGN","DISREGARDING STOP SIGN","1254","S","KOLIN AVE","1011",,,,,,,"3","NONINCAPACITATING INJURY","1","0","0","1","0","2","0","16","4","1","41.8644258601","-87.7338326382","POINT (-87.733832638211 41.86442586012)"
"336428c8b7b400e0cc6d14bb4f4e17b0bbde89a35bdb8d309620b9f9a8d27cfb66c47add9be3662582b71455dad1626ece2dfd129a421f1bd430e1d6d51d294f",,"2025-01-22T16:30:00.000","30","STOP SIGN/FLASHER","NO CONTROLS","CLEAR","DAYLIGHT","TURNING","T-INTERSECTION",,"STRAIGHT ON GRADE","DRY","NO DEFECTS","NOT ON SCENE (DESK REPORT)","NO INJURY / DRIVE AWAY","Y",,,"OVER $1,500","2025-01-22T16:50:00.000","FAILING TO YIELD RIGHT-OF-WAY","NOT APPLICABLE","12201","S","ASHLAND AVE","524",,,,,,,"2","NO INDICATION OF INJURY","0","0","0","0","0","2","0","16","4","1","41.672035271","-87.6610608314","POINT (-87.66106083139 41.672035270984)"
"b36c7c48aaf3b9fbf74e050bc364a48ac56c6730129e666a2a9b858ec7ffa7bf4f1d272d1cd8e6e5f572b68cdd6292b36265aae243887ef973c20f7bcb886425",,"2025-01-22T16:30:00.000","30","TRAFFIC SIGNAL","FUNCTIONING PROPERLY","CLEAR","DARKNESS, LIGHTED ROAD","REAR END","NOT DIVIDED",,"STRAIGHT AND LEVEL","DRY","NO DEFECTS","NOT ON SCENE (DESK REPORT)","NO INJURY / DRIVE AWAY","Y",,,"OVER $1,500","2025-01-22T17:35:00.000","FOLLOWING TOO CLOSELY","NOT APPLICABLE","4500","S","WESTERN AVE","922",,,,,,,"2","NO INDICATION OF INJURY","0","0","0","0","0","2","0","16","4","1","41.8120170272","-87.6846769146","POINT (-87.684676914642 41.812017027229)"
"d7935a19fcccaf1e665b602afb420ff9500575120fbe7b17f1a4f00171b42c4e4564d7e734091b838cefbbf13bb1d102394ee01f991f98a04ef80d27bc5464de",,"2025-01-22T16:30:00.000","30","TRAFFIC SIGNAL","FUNCTIONING PROPERLY","UNKNOWN","DAYLIGHT","REAR END","DIVIDED - W/MEDIAN (NOT RAISED)",,"STRAIGHT AND LEVEL","UNKNOWN","UNKNOWN","NOT ON SCENE (DESK REPORT)","NO INJURY / DRIVE AWAY",,,,"OVER $1,500","2025-01-22T18:10:00.000","UNABLE TO DETERMINE","UNABLE TO DETERMINE","5601","W","GRAND AVE","2515",,,,,,,"2","NO INDICATION OF INJURY","0","0","0","0","0","2","0","16","4","1","41.9186567209","-87.7658432801","POINT (-87.765843280146 41.918656720919)"