"crash_record_id","crash_date_est_i","crash_date","posted_speed_limit","traffic_control_device","device_condition","weather_condition","lighting_condition","first_crash_type","trafficway_type","lane_cnt","alignment","roadway_surface_cond","road_defect","report_type","crash_type","intersection_related_i","private_property_i","hit_and_run_i","damage","date_police_notified","prim_contributory_cause","sec_contributory_cause","street_no","street_direction","street_name","beat_of_occurrence","photos_taken_i","statements_taken_i","dooring_i","work_zone_i","work_zone_type","workers_present_i","num_units","most_severe_injury","injuries_total","injuries_fatal","injuries_incapacitating","injuries_non_incapacitating","injuries_reported_not_evident","injuries_no_indication","injuries_unknown","crash_hour","crash_day_of_week","crash_month","latitude","longitude","location"
"ec60c6b68b2d75dfae5030b6fc554fbf3e2bc17a197c3fff323b6fdde5ab715cef02eac4d79b390d41bc5a4e184fcebdcdde70306d6a74d3021f74854f99917d",,"2025-01-22T16:30:00.000","30","UNKNOWN","UNKNOWN","CLEAR","DAYLIGHT","REAR END","NOT DIVIDED",,"STRAIGHT AND LEVEL","UNKNOWN","UNKNOWN","NOT ON SCENE (DESK REPORT)","NO INJURY / DRIVE AWAY",,,,"OVER $1,500","2025-01-22T17:00:00.000","UNABLE TO DETERMINE","UNABLE TO DETERMINE","5699","N","NAGLE AVE","1622",,,,,,,"2","NO INDICATION OF INJURY","0","0","0","0","0","2","0","16","4","1","41.984874268","-87.787555484","POINT (-87.787555484022 41.984874268025)"
"93f36dc43cd98e4e6b9cbab4bed22d72ebbd5a93795b9da49be53ab111dc666be227f1abeed41e5c434ef8d53a01d55ce03866942a78a5c77d9221efc1a2352f",,"2025-01-22T16:21:00.000","35","NO CONTROLS","NO CONTROLS","SNOW","DAYLIGHT","REAR END","DIVIDED - W/MEDIAN BARRIER",,"STRAIGHT AND LEVEL","WET","NO DEFECTS","ON SCENE","INJURY AND / OR TOW DUE TO CRASH",,,,"OVER $1,500","2025-01-22T16:25:00.000","FOLLOWING TOO CLOSELY","FOLLOWING TOO CLOSELY","5132","S","LAKE SHORE DR SB","234",,,,,,,"3","NO INDICATION OF INJURY","0","0","0","0","0","3","0","16","4","1","41.8017554058","-87.5817524019","POINT (-87.581752401851 41.801755405841)"
"00c291f92680525437a06ccea97edc2ce8ff8b58d717b3e4b0e73c2ea6baf53a3930bfedc30e907849917b2e87017ed66a3e9311d23ec66f2558772e2c3e51b5",,"2025-01-22T16:14:00.000","30","NO CONTROLS","NO CONTROLS","CLEAR","DUSK","ANGLE","DIVIDED - W/MEDIAN (NOT RAISED)",,"STRAIGHT AND LEVEL","WET","NO DEFECTS","ON SCENE","INJURY AND / OR TOW DUE TO CRASH",,,,"OVER $1,500","2025-01-22T16:32:00.000","FAILING TO YIELD RIGHT-OF-WAY","FAILING TO YIELD RIGHT-OF-WAY","5105","S","PULASKI RD","822",,,,,,,"2","REPORTED, NOT EVIDENT","1","0","0","0","1","2","0","16","4","1","41.8002418036","-87.723218954","POINT (-87.723218953985 41.80024180359)"
"8fc548e94eb97153c2c7a4c3cd0d84db88b90a609ad2ec57514f73b64354122890561b72ec07c3bef4cabb22ec6ea9a4281c33961fabc45a59ce1ad315f9d2bd",,"2025-01-22T16:10:00.000","30","NO CONTROLS","NO CONTROLS","CLEAR","DAYLIGHT","TURNING","Y-INTERSECTION",,"STRAIGHT AND LEVEL","DRY","NO DEFECTS","NOT ON SCENE (DESK REPORT)","NO INJURY / DRIVE AWAY",,,,"$500 OR LESS","2025-01-27T12:17:00.000","UNABLE TO DETERMINE","UNABLE TO DETERMINE","2238","W","FULLERTON AVE","1432",,,,,,,"2","NO INDICATION OF INJURY","0","0","0","0","0","2","0","16","4","1","41.9250565072","-87.6843415809","POINT (-87.684341580856 41.925056507249)"
"c9e1086a9e477c5b2226a5a37e7f0dfd48fd25632449bba5763a368a0abb27c006416cacf2711f22fcb53d434ced1f8ca6dbdc4daf112e2c0adc2f8a636ca5e2",,"2025-01-22T16:10:00.000","30","NO CONTROLS","NO CONTROLS","CLOUDY/OVERCAST","DAYLIGHT","REAR END","NOT DIVIDED",,"STRAIGHT AND LEVEL","DRY","NO DEFECTS","NOT ON SCENE (DESK REPORT)","NO INJURY / DRIVE AWAY",,,,"OVER $1,500","2025-01-22T16:40:00.000","NOT APPLICABLE","NOT APPLICABLE","5448","S","PULASKI RD","815",,,,,,,"2","NO INDICATION OF INJURY","0","0","0","0","0","2","0","16","4","1","41.7935814777","-87.7233164495","POINT (-87.723316449473 41.793581477747)"
"f8ed3078efebcb09ca846f1571dcd8d434e20e86bbc1b5abfb1ef40a77eabf2358ef78d12b90cb8712a8f1619e0a28ee7cca25e6d330521fbd5aad0ef9841ed5",,"2025-01-22T16:10:00.000","15","NO CONTROLS","NO CONTROLS","UNKNOWN","DAYLIGHT","HEAD ON","ALLEY",,"STRAIGHT AND LEVEL","UNKNOWN","UNKNOWN","NOT ON SCENE (DESK REPORT)","NO INJURY / DRIVE AWAY",,,,"OVER $1,500","2025-01-22T19:10:00.000","UNABLE TO DETERMINE","UNABLE TO DETERMINE","4825","W","DRUMMOND PL","2521",,,,,,,"2","NO INDICATION OF INJURY","0","0","0","0","0","2","0","16","4","1","41.928692746","-87.7475239577","POINT (-87.747523957672 41.928692746032)"
"a000b546dae1da79ca776b8d1d6ee69334d93050d11dea157d9da7cde9b033e523ef88b545eb3acce070a29c46867e0eab2906a0bbe0ba9d70d0b42198e42f2e",,"2025-01-22T16:05:00.000","30","NO CONTROLS","NO CONTROLS","UNKNOWN","UNKNOWN","REAR END","DIVIDED - W/MEDIAN (NOT RAISED)",,"STRAIGHT AND LEVEL","UNKNOWN","UNKNOWN","NOT ON SCENE (DESK REPORT)","NO INJURY / DRIVE AWAY","Y",,,"$501 - $1,500","2025-01-22T16:34:00.000","FOLLOWING TOO CLOSELY","FOLLOWING TOO CLOSELY","3535","W","ARMITAGE AVE","1422",,,,,,,"2","NO INDICATION OF INJURY","0","0","0","0","0","2","0","16","4","1","41.917193565","-87.7149858864","POINT (-87.714985886446 41.917193565044)"
"b1bdce2167d0c80b41ef0eff838a2d4c09ce58614c44ab0518234ff771911e6aa8fc7cb24e771671da39daac903a8137d0da5be639478b37f5a27c07a82dcd06",,"2025-01-22T16:05:00.000","30","TRAFFIC SIGNAL","FUNCTIONING PROPERLY","CLEAR","DAYLIGHT","REAR END","NOT DIVIDED",,"STRAIGHT AND LEVEL","SNOW OR SLUSH","UNKNOWN","ON SCENE","NO INJURY / DRIVE AWAY",,,,"$501 - $1,500","2025-01-22T16:35:00.000","EQUIPMENT - VEHICLE CONDITION","NOT APPLICABLE","4700","W","55TH ST","815",,,,,,,"2","NO INDICATION OF INJURY","0","0","0","0","0","4","0","16","4","1","41.7931632864","-87.7403795818","POINT (-87.740379581785 41.793163286443)"
"24fe208e945861450c4cb2472c16cfc63645ec46b751e1a937e1d022a0682afc06c9b2fd189a9cf6a32aa4c2282eb77ae3c80d25285f4501cb0f7ab7a435fcfb",,"2025-01-22T16:02:00.000","20","TRAFFIC SIGNAL","FUNCTIONING PROPERLY","CLEAR","DAYLIGHT","PEDESTRIAN","NOT DIVIDED",,"STRAIGHT AND LEVEL","DRY","NO DEFECTS","ON SCENE","INJURY AND / OR TOW DUE TO CRASH","Y",,"Y","OVER $1,500","2025-01-22T16:02:00.000","DISREGARDING TRAFFIC SIGNALS","NOT APPLICABLE","7900","S","HALSTED ST","621",,,,,,,"2","NONINCAPACITATING INJURY","1","0","0","1","0","1","0","16","4","1","41.7505495594","-87.6441883678","POINT (-87.644188367841 41.750549559439)"
"1f9dc3fb0eac3570151fcde5c4f34d7584a10dbe557b255575082dc9e8b8e27d22f2876fdfaa13de6d7a58d50750b94ffb301d83c9d39445d69dc5f9ee04ce8e",,"2025-01-22T16:00:00.000","30","TRAFFIC SIGNAL","FUNCTIONING PROPERLY","CLEAR","DARKNESS","REAR END","DIVIDED - W/MEDIAN (NOT RAISED)",,"STRAIGHT AND LEVEL","ICE","NO DEFECTS","NOT ON SCENE (DESK REPORT)","NO INJURY / DRIVE AWAY",,,,"$500 OR LESS","2025-01-22T18:01:00.000","FOLLOWING TOO CLOSELY","NOT APPLICABLE","1798","W","OGDEN AVE","1225",,,,,,,"2","NO INDICATION OF INJURY","0","0","0","0","0","3","0","16","4","1","41.8768865505","-87.6716960357","POINT (-87.671696035699 41.876886550456)"
"c57ee2fff5fc0ca94c2e5de6b48d1942d639936ec3426c921db3d21893130984a5f22f5ced29be8afec98e03af5f6ed7027f15de734eef31f993bdfe1c688af0",,"2025-01-22T16:00:00.000","10","NO CONTROLS","NO CONTROLS","CLEAR","DAYLIGHT","SIDESWIPE OPPOSITE DIRECTION","PARKING LOT",,"STRAIGHT AND LEVEL","UNKNOWN","UNKNOWN","NOT ON SCENE (DESK REPORT)","NO INJURY / DRIVE AWAY",,"Y",,"OVER $1,500","2025-01-22T18:30:00.000","UNABLE TO DETERMINE","NOT APPLICABLE","3820","W","BELMONT AVE","1732",,,,,,,"2","NO INDICATION OF INJURY","0","0","0","0","0","2","0","16","4","1","41.9392533","-87.7232059875","POINT (-87.723205987539 41.939253300022)"
"c6856ae744d4c6d212262a2dcbb123747d154312da1eb7481ce17cb36a5936faeb6c1f1ad76348fafffd94a2c1fe88452eb6b2f41a61692905dbd93108e3f587",,"2025-01-22T16:00:00.000","30","STOP SIGN/FLASHER","UNKNOWN","UNKNOWN","UNKNOWN","PARKED MOTOR VEHICLE","FOUR WAY",,"STRAIGHT AND LEVEL","UNKNOWN","UNKNOWN","NOT ON SCENE (DESK REPORT)","NO INJURY / DRIVE AWAY","Y",,"Y","$501 - $1,500","2025-01-23T16:00:00.000","UNABLE TO DETERMINE","NOT APPLICABLE","1902","W","NORWOOD ST","2413",,,,,,,"3","NO INDICATION OF INJURY","0","0","0","0","0","2","0","16","4","1","41.9920375239","-87.6772658466","POINT (-87.677265846578 41.992037523928)"
"12b4271771e58ce0d47b9b23fb9ba4ab23704251ebc374440082e73eeb183422909f44c9f45cfabcfc44c2bf7e38ea069f835cb6222b075e3b2031b887c70657",,"2025-01-22T15:58:00.000","30","UNKNOWN","UNKNOWN","OTHER","DAWN","REAR TO FRONT","OTHER",,"STRAIGHT AND LEVEL","OTHER","UNKNOWN","ON SCENE","INJURY AND / OR TOW DUE TO CRASH",,,,"OVER $1,500","2025-01-22T16:44:00.000","IMPROPER BACKING","NOT APPLICABLE","7542","S","HARVARD AVE","623",,,,,,,"2","REPORTED, NOT EVIDENT","1","0","0","0","1","2","0","15","4","1","41.7568217917","-87.6329826183","POINT (-87.632982618327 41.756821791675)"
"771bdb254bc3c01f95a3675c594e9198fd62c1f90706e728595eaca295be4ee1ab28962c1bb1ab6a7e7954940b53a516081e31cafc32cb91681390decbfe5b9d",,"2025-01-22T15:48:00.000","30","NO CONTROLS","NO CONTROLS","CLOUDY/OVERCAST","DAYLIGHT","TURNING","NOT DIVIDED",,"STRAIGHT AND LEVEL","WET","UNKNOWN","ON SCENE","NO INJURY / DRIVE AWAY",,,,"OVER $1,500","2025-01-22T15:48:00.000","IMPROPER OVERTAKING/PASSING","UNABLE TO DETERMINE","4836","W","MONTROSE AVE","1623",,,,,,,"2","NO INDICATION OF INJURY","0","0","0","0","0","2","0","15","4","1","41.9608135546","-87.7490530909","POINT (-87.749053090876 41.960813554581)"
"5974c6dd7b972adc0d9ec0099922603f981c66a0a40c86c13a7e9d964487cb08a1e94b48cc1191f66b604380f1ebbc6dc47206151f8a10a79028de9582c23b86",,"2025-01-22T15:42:00.000","35","TRAFFIC SIGNAL","FUNCTIONING PROPERLY","SNOW","DAYLIGHT","REAR END","ONE-WAY",,"STRAIGHT AND LEVEL","SNOW OR SLUSH","UNKNOWN","ON SCENE","NO INJURY / DRIVE AWAY",,,"Y","OVER $1,500","2025-01-22T15:42:00.000","FAILING TO REDUCE SPEED TO AVOID CRASH","NOT APPLICABLE","3300","S","DR MARTIN LUTHER KING JR DR","211",,,,,,,"2","NO INDICATION OF INJURY","0","0","0","0","0","2","0","15","4","1","41.8346627712","-87.6175352738","POINT (-87.617535273793 41.834662771162)"
"16e27731949793fcbf34807cc55c9e43902d5698ed1ab79ee9eca608ad35ff554f8844d1235c9083661f2ae297c7d919849e22290d5187d33b4e7a54b2211b4d",,"2025-01-22T15:40:00.000","35","NO CONTROLS","NO CONTROLS","CLEAR","DAYLIGHT","REAR END","NOT DIVIDED",,"STRAIGHT AND LEVEL","DRY","NO DEFECTS","ON SCENE","INJURY AND / OR TOW DUE TO CRASH",,,"Y","OVER $1,500","2025-01-22T15:55:00.000","FAILING TO REDUCE SPEED TO AVOID CRASH","NOT APPLICABLE","6053","S","HARLEM AVE","812",,,,,,,"2","REPORTED, NOT EVIDENT","2","0","0","0","2","1","0","15","4","1","41.7811827486","-87.8009207451","POINT (-87.800920745077 41.78118274862)"
"238bd9472d49830af09a5e0522385bdcd9935f2c96d9c3d00cd8e7827523ce111a2322eca691ca149d04e9f0f5106b69c7baa25ca4bfa0eb367b574fe97ecbfd",,"2025-01-22T15:40:00.000","30","TRAFFIC SIGNAL","UNKNOWN","CLEAR","DAYLIGHT","TURNING","OTHER",,"STRAIGHT AND LEVEL","UNKNOWN","UNKNOWN",,"NO INJURY / DRIVE AWAY",,,,"$501 - $1,500","2025-01-22T16:50:00.000","FAILING TO YIELD RIGHT-OF-WAY","NOT APPLICABLE","9900","S","GENOA AVE","2232",,,,,,,"3","NO INDICATION OF INJURY","0","0","0","0","0","3","0","15","4","1","41.714050888","-87.6521417474","POINT (-87.652141747427 41.714050888006)"
"08c4eed294a255a88f6fbfb120af129919d9f35ef71acf719e30e20d8ec79237bbfd7731f037669178ec4d1ee9479937ed4c5cfa03f6fc2e9902d67bc5925993",,"2025-01-22T15:30:00.000","30","NO CONTROLS","NO CONTROLS","CLEAR","DAYLIGHT","PARKED MOTOR VEHICLE","NOT DIVIDED",,"STRAIGHT AND LEVEL","WET","UNKNOWN","NOT ON SCENE (DESK REPORT)","NO INJURY / DRIVE AWAY",,,,"$500 OR LESS","2025-01-22T17:30:00.000","DRIVING SKILLS/KNOWLEDGE/EXPERIENCE","DRIVING SKILLS/KNOWLEDGE/EXPERIENCE","7849","S","KOSTNER AVE","834",,,,,,,"2","NO INDICATION OF INJURY","0","0","0","0","0","2","0","15","4","1","41.7500539534","-87.7315096154","POINT (-87.731509615356 41.750053953427)"
"3e522f5618af40ab5f955be07f4f48076583f2818325f932d47088aa8264a96bce1f97d2588dc610e3fada2fba3f29f8d72bcea534eb23eab2977d886b72692c",,"2025-01-22T15:30:00.000","30","NO CONTROLS","UNKNOWN","CLOUDY/OVERCAST","DAYLIGHT","PARKED MOTOR VEHICLE","DRIVEWAY",,"STRAIGHT AND LEVEL","WET","NO DEFECTS","NOT ON SCENE (DESK REPORT)","NO INJURY / DRIVE AWAY",,,"Y","OVER $1,500","2025-01-22T16:20:00.000","UNABLE TO DETERMINE","NOT APPLICABLE","8154","S","MANISTEE AVE","422",,,,,,,"2","NO INDICATION OF INJURY","0","0","0","0","0","1","0","15","4","1","41.7465950214","-87.5578019258","POINT (-87.557801925848 41.746595021446)"
"b06b026e671021a52847426b27994d6a27cb1e623d9997d4f2f33d83e013226ad48876de1f26580d7cfc23077574b7560cc2cbd92c16f29df7a70f4baa6b2db8","Y","2025-01-22T15:30:00.000","30","NO CONTROLS","NO CONTROLS","UNKNOWN","UNKNOWN","PARKED MOTOR VEHICLE","PARKING LOT",,"STRAIGHT AND LEVEL","UNKNOWN","UNKNOWN","NOT ON SCENE (DESK REPORT)","NO INJURY / DRIVE AWAY",,"Y","Y","OVER $1,500","2025-01-25T13:40:00.000","UNABLE TO DETERMINE","UNABLE TO DETERMINE","1735","N","ASHLAND AVE","1433",,,,,,,"2","NO INDICATION OF INJURY","0","0","0","0","0","1","0","15","4","1","41.9135123037","-87.6676252317","POINT (-87.667625231682 41.913512303708)"
"b093b30d05f7fab827388712fed779d3743a942bc2bf2a94140a18589fecea42a5d8bee77d70c939b1f93e97540327e3ca96ef7067c986e675a822fd65b77bec","Y","2025-01-22T15:30:00.000","30","UNKNOWN","UNKNOWN","UNKNOWN","DAYLIGHT","PEDESTRIAN","NOT DIVIDED",,"STRAIGHT AND LEVEL","UNKNOWN","UNKNOWN","NOT ON SCENE (DESK REPORT)","INJURY AND / OR TOW DUE TO CRASH",,,,"OVER $1,500","2025-01-22T16:05:00.000","UNABLE TO DETERMINE","NOT APPLICABLE","7039","S","DR MARTIN LUTHER KING JR DR","322",,,,,,,"2","REPORTED, NOT EVIDENT","1","0","0","0","1","1","0","15","4","1","41.7663727587","-87.6151305265","POINT (-87.615130526474 41.766372758692)"
"cc49034bc2ae89668b050650f52d100273d43ea3add6605b5e8742237047e1202cdb978229b977146162b8ec78855e10bdeffdd480edaebdc28a60ef825098d2",,"2025-01-22T15:29:00.000","25","NO CONTROLS","NO CONTROLS","CLEAR","DAYLIGHT","PEDALCYCLIST","NOT DIVIDED",,"STRAIGHT AND LEVEL","SNOW OR SLUSH","NO DEFECTS","ON SCENE","INJURY AND / OR TOW DUE TO CRASH",,,,"OVER $1,500","2025-01-22T15:32:00.000","FAILING TO YIELD RIGHT-OF-WAY","FAILING TO YIELD RIGHT-OF-WAY","4414","N","CENTRAL PARK AVE","1723","N",,,,,,"2","REPORTED, NOT EVIDENT","1","0","0","0","1","1","0","15","4","1","41.9615524829","-87.7182049643","POINT (-87.718204964323 41.961552482865)"
"9ee87d0cdcd08c2d6005b2ff7dfd0e8c00ce2e547848734f7ad1308118e4ee8a1ef442fb684fb630dc6b827ee3a8cb3722311ccf0e24c3df1ae0022e09a7b804",,"2025-01-22T15:25:00.000","15","NO CONTROLS","NO CONTROLS","UNKNOWN","DAYLIGHT","PARKED MOTOR VEHICLE","ALLEY",,"STRAIGHT AND LEVEL","UNKNOWN","UNKNOWN","NOT ON SCENE (DESK REPORT)","NO INJURY / DRIVE AWAY",,,,"$501 - $1,500","2025-01-22T17:15:00.000","UNABLE TO DETERMINE","UNABLE TO DETERMINE","2859","N","MC VICKER AVE","2511",,,,,,,"2","NO INDICATION OF INJURY","0","0","0","0","0","1","0","15","4","1","41.9328609882","-87.7770916346","POINT (-87.777091634632 41.932860988191)"
"ebf7f70e712c5983da67d7d2b922df41f95826c2f4075dea8fc6666f970e5fbc14f095c953ab4b8a59a38ef88a0c8078bdb07b8b9ed81887bd51227bbb7b1560","Y","2025-01-22T15:25:00.000","30","TRAFFIC SIGNAL","FUNCTIONING PROPERLY","UNKNOWN","DAYLIGHT","PEDESTRIAN","NOT DIVIDED",,"STRAIGHT AND LEVEL","UNKNOWN","UNKNOWN","NOT ON SCENE (DESK REPORT)","INJURY AND / OR TOW DUE TO CRASH",,,"Y","$501 - $1,500","2025-01-22T15:45:00.000","DISREGARDING TRAFFIC SIGNALS","NOT APPLICABLE","601","W","ROOSEVELT RD","124",,,,,,,"2","REPORTED, NOT EVIDENT","1","0","0","0","1","1","0","15","4","1","41.8671088962","-87.6422588014","POINT (-87.642258801375 41.867108896215)"
"68d30007a9836c2072942897018e6ace2357ec329fa7d2f5a799f5bb32a7c911c83a4999c1275bd043d1ce4c75130f2b1de2c874769bb7bd2b31695b7c795bd2",,"2025-01-22T15:20:00.000","30","NO CONTROLS","NO CONTROLS","CLEAR","DAYLIGHT","REAR END","NOT DIVIDED",,"STRAIGHT AND LEVEL","DRY","NO DEFECTS","NOT ON SCENE (DESK REPORT)","NO INJURY / DRIVE AWAY",,,,"OVER $1,500","2025-01-22T15:45:00.000","FOLLOWING TOO CLOSELY","NOT APPLICABLE","3608","W","55TH ST","822",,,,,,,"2","NO INDICATION OF INJURY","0","0","0","0","0","2","0","15","4","1","41.7934592664","-87.7139369239","POINT (-87.713936923906 41.793459266389)"
"0d2dbe299c8cc8825b247abc7710504cb5027da5d7ffd56d44a74d88333df667e3b2be1c2738978d666009c299e5171b3a77fbfd8b733eb363b84d07498b1100",,"2025-01-22T15:19:00.000","30","NO CONTROLS","NO CONTROLS","CLOUDY/OVERCAST","DAYLIGHT","TURNING","NOT DIVIDED",,"STRAIGHT AND LEVEL","WET","UNKNOWN","NOT ON SCENE (DESK REPORT)","NO INJURY / DRIVE AWAY",,,,"OVER $1,500","2025-01-22T19:25:00.000","DISREGARDING ROAD MARKINGS","IMPROPER TURNING/NO SIGNAL","2229","S","ASHLAND AVE","1235",,,,,,,"2","NO INDICATION OF INJURY","0","0","0","0","0","2","0","15","4","1","41.8513451981","-87.6658728843","POINT (-87.665872884302 41.851345198117)"
"b5767e3f4320c89d61fec0f6353b7c79809236dc9c22bbfea4c24b25d110c2e9858f099405f4bc8155b7532ebba80d3dcc7cb2be7bd57884305656fc9ef23896",,"2025-01-22T15:17:00.000","45","NO CONTROLS","NO CONTROLS","CLEAR","DAYLIGHT","SIDESWIPE SAME DIRECTION","NOT DIVIDED",,"STRAIGHT AND LEVEL","DRY","NO DEFECTS","NOT ON SCENE (DESK REPORT)","NO INJURY / DRIVE AWAY",,,,"OVER $1,500","2025-01-22T16:00:00.000","UNABLE TO DETERMINE","UNABLE TO DETERMINE","1212","N","LAKE SHORE DR SB","1824",,,,,,,"2","NO INDICATION OF INJURY","0","0","0","0","0","2","0","15","4","1","41.904396498","-87.6248965855","POINT (-87.624896585475 41.904396497959)"
"2b91ab302c84c4158ea2d22dae4e79d52b2d029800756eccd7544fe938ded91d008b9d7c8fbf465a6fdc0fb78360644444ac0a984ad7f663682b5121b7620241",,"2025-01-22T15:16:00.000","20","NO CONTROLS","NO CONTROLS","CLEAR","DAYLIGHT","REAR TO SIDE","ONE-WAY",,"STRAIGHT AND LEVEL","DRY","NO DEFECTS","ON SCENE","NO INJURY / DRIVE AWAY",,,,"OVER $1,500","2025-01-22T15:17:00.000","UNABLE TO DETERMINE","NOT APPLICABLE","2933","W","BALMORAL AVE","2011",,,,,,,"2","NO INDICATION OF INJURY","0","0","0","0","0","2","0","15","4","1","41.9793379758","-87.7028238405","POINT (-87.702823840451 41.979337975803)"
"beecfb25db47db8611754e2932a67347140f6a896914989712b264fc067fda8c4c4b6de38391962cae3dcfe021607336fb4cfb27ee126b0bd6506899d2c6a718",,"2025-01-22T15:15:00.000","40","NO CONTROLS","NO CONTROLS","CLEAR","DAYLIGHT","SIDESWIPE SAME DIRECTION","DIVIDED - W/MEDIAN BARRIER",,"STRAIGHT AND LEVEL","SNOW OR SLUSH","UNKNOWN","NOT ON SCENE (DESK REPORT)","NO INJURY / DRIVE AWAY",,,,"OVER $1,500","2025-01-22T15:50:00.000","IMPROPER LANE USAGE","FAILING TO REDUCE SPEED TO AVOID CRASH","1100","N","LAKE SHORE DR SB","1824",,,,,,,"2","NO INDICATION OF INJURY","0","0","0","0","0","2","0","15","4","1","41.9024816462","-87.6242210436","POINT (-87.624221043591 41.902481646226)"
"0dcaed70c365e35a377e14d2483890a967a4f657194dc4e73b827508ec3dec44abf1b7d6f6a2e14b949be44b49f5a710d61dc36e8294e73e80401b0dc0f47a20",,"2025-01-22T15:04:00.000","35","TRAFFIC SIGNAL","FUNCTIONING PROPERLY","CLEAR","DAYLIGHT","SIDESWIPE SAME DIRECTION","DIVIDED - W/MEDIAN BARRIER",,"STRAIGHT AND LEVEL","WET","NO DEFECTS","ON SCENE","INJURY AND / OR TOW DUE TO CRASH",,,,"OVER $1,500","2025-01-22T15:04:00.000","NOT APPLICABLE","NOT APPLICABLE","3300","S","DR MARTIN LUTHER KING JR DR","211",,,,,,,"2","NO INDICATION OF INJURY","0","0","0","0","0","2","0","15","4","1","41.8346627712","-87.6175352738","POINT (-87.617535273793 41.834662771162)"
"b8bdb4e74ca58fd175bd84dda88c24d9b30f9bbea905dc3d85e50e395aa1d793beb284036e3c7c67273509bae0376daa548be9396583025e2bb1b353134bf74e",,"2025-01-22T15:03:00.000","30","NO CONTROLS","NO CONTROLS","CLEAR","DAYLIGHT","ANGLE","NOT DIVIDED",,"STRAIGHT AND LEVEL","SNOW OR SLUSH","UNKNOWN","ON SCENE","NO INJURY / DRIVE AWAY",,,"Y","OVER $1,500","2025-01-22T15:04:00.000","FAILING TO YIELD RIGHT-OF-WAY","NOT APPLICABLE","6300","S","ADA ST","724",,,,,,,"2","NO INDICATION OF INJURY","0","0","0","0","0","2","0","15","4","1","41.7794658081","-87.6582967708","POINT (-87.658296770824 41.779465808054)"
"f4415cb820f5d1aafba3b14a42dcf0e09d2914b53dc12a27210cf1aaef57907b0b082a0ba109b2281dd40de6cb9bd298592caf78fadc7e93263e6bd28c23110e",,"2025-01-22T15:03:00.000","30","STOP SIGN/FLASHER","FUNCTIONING PROPERLY","CLEAR","DAYLIGHT","ANGLE","DIVIDED - W/MEDIAN (NOT RAISED)",,"STRAIGHT AND LEVEL","UNKNOWN","UNKNOWN","NOT ON SCENE (DESK REPORT)","NO INJURY / DRIVE AWAY","Y",,,"OVER $1,500","2025-01-22T16:12:00.000","UNABLE TO DETERMINE","UNABLE TO DETERMINE","5200","W","HENDERSON ST","1634",,,,,,,"2","NO INDICATION OF INJURY","0","0","0","0","0","2","0","15","4","1","41.9415459792","-87.7569052542","POINT (-87.756905254212 41.9415459792)"
"4518c22cbbd88a0c2e8abc21a2836bf523193cf7c44eb8f7bd5ede76ccac6c8af706fb894532ac0d6a0cbcd2902c335c720190c041793b8d21c48fca47002fad",,"2025-01-22T15:00:00.000","15","NO CONTROLS","NO CONTROLS","UNKNOWN","DAYLIGHT","FIXED OBJECT","PARKING LOT",,"STRAIGHT AND LEVEL","DRY","NO DEFECTS","NOT ON SCENE (DESK REPORT)","INJURY AND / OR TOW DUE TO CRASH",,,,"OVER $1,500","2025-01-22T15:05:00.000","FAILING TO REDUCE SPEED TO AVOID CRASH","UNABLE TO DETERMINE","668","W","63RD ST","711",,,,,,,"1","NONINCAPACITATING INJURY","1","0","0","1","0","0","0","15","4","1","41.7798931554","-87.6425865685","POINT (-87.642586568509 41.77989315544)"
"ae74421238c40a52a699a777838fd7606c37721e0b820785f5a57c478efcc297a0a1a04a4d2057e0842fcfc9d6cdf03f78418e2d91947bbaf23da2c502bd680e",,"2025-01-22T15:00:00.000","30","UNKNOWN","UNKNOWN","CLOUDY/OVERCAST","DAYLIGHT","TURNING","FOUR WAY",,"STRAIGHT AND LEVEL","UNKNOWN","UNKNOWN","NOT ON SCENE (DESK REPORT)","NO INJURY / DRIVE AWAY","Y",,,"OVER $1,500","2025-01-22T15:40:00.000","UNABLE TO DETERMINE","UNABLE TO DETERMINE","600","N","LA SALLE DR","1832",,,,,,,"2","NO INDICATION OF INJURY","0","0","0","0","0","2","0","15","4","1","41.8924452824","-87.6327553744","POINT (-87.632755374411 41.892445282365)"
"b19f03d982e341a8bbffa4d7910c0519a67bd1abad6453d7028c12c7957b71b3979f3b3894333ff63ce4fb98820d9fb34a5849fc7d1032b6510267f6b9cb2c5a","Y","2025-01-22T15:00:00.000","0","NO CONTROLS","NO CONTROLS","UNKNOWN","UNKNOWN","REAR TO FRONT","PARKING LOT",,"STRAIGHT AND LEVEL","UNKNOWN","UNKNOWN","ON SCENE","NO INJURY / DRIVE AWAY",,,"Y","$500 OR LESS","2025-01-24T15:39:00.000","UNABLE TO DETERMINE","IMPROPER BACKING","207","E","35TH ST","212",,,,,,,"2","NO INDICATION OF INJURY","0","0","0","0","0","2","0","15","4","1","41.8309527893","-87.621449163","POINT (-87.621449163007 41.830952789304)"
"7a8f24844ebeb355b61cd402b0d6d0e275fbe28891ff5d24b95ef76e210ac00e3fcea025bf6212f9e47ad49cb3df95a6b55055b1983eee0b643bc518629f28bd",,"2025-01-22T14:58:00.000","30","NO CONTROLS","UNKNOWN","SNOW","DAYLIGHT","OTHER OBJECT","DIVIDED - W/MEDIAN BARRIER",,"STRAIGHT AND LEVEL","WET","NO DEFECTS","NOT ON SCENE (DESK REPORT)","INJURY AND / OR TOW DUE TO CRASH",,,,"OVER $1,500","2025-01-22T15:05:00.000","UNABLE TO DETERMINE","NOT APPLICABLE","1000","N","LAKE SHORE DR NB","1824",,,,,,,"1","NO INDICATION OF INJURY","0","0","0","0","0","1","0","14","4","1","41.9009589191","-87.6199281737","POINT (-87.619928173678 41.900958919109)"