"crash_record_id","crash_date_est_i","crash_date","posted_speed_limit","traffic_control_device","device_condition","weather_condition","lighting_condition","first_crash_type","trafficway_type","lane_cnt","alignment","roadway_surface_cond","road_defect","report_type","crash_type","intersection_related_i","private_property_i","hit_and_run_i","damage","date_police_notified","prim_contributory_cause","sec_contributory_cause","street_no","street_direction","street_name","beat_of_occurrence","photos_taken_i","statements_taken_i","dooring_i","work_zone_i","work_zone_type","workers_present_i","num_units","most_severe_injury","injuries_total","injuries_fatal","injuries_incapacitating","injuries_non_incapacitating","injuries_reported_not_evident","injuries_no_indication","injuries_unknown","crash_hour","crash_day_of_week","crash_month","latitude","longitude","location"
"fc234573986a715ae9fbb85103c520767446d0acfc1a4e6f301cbbf6af8de3ccdb26a76ad6cd4e260577ab81d87aea9e4018158db220b8d28efc1bd89b0eb128",,"2025-01-22T14:58:00.000","30","NO CONTROLS","NO CONTROLS","CLEAR","DAYLIGHT","REAR END","NOT DIVIDED",,"STRAIGHT AND LEVEL","WET","NO DEFECTS","ON SCENE","NO INJURY / DRIVE AWAY",,,,"OVER $1,500","2025-01-22T15:00:00.000","FOLLOWING TOO CLOSELY","FOLLOWING TOO CLOSELY","1000","N","LAKE SHORE DR","1824",,,,,,,"2","NO INDICATION OF INJURY","0","0","0","0","0","2","0","14","4","1","41.900752974","-87.6242349998","POINT (-87.62423499978 41.900752974042)"
"d78cc06cf94c33e8647a3d6394b166e0279f3ad505232867dc6b8fb672cd341a0c50b5029c40d659faf3c6807bdc653a9739b84a54b17f102cc2dc5f64ad03c2",,"2025-01-22T14:57:00.000","30","TRAFFIC SIGNAL","FUNCTIONING PROPERLY","UNKNOWN","DAYLIGHT","TURNING","DIVIDED - W/MEDIAN (NOT RAISED)",,"STRAIGHT AND LEVEL","UNKNOWN","UNKNOWN","NOT ON SCENE (DESK REPORT)","NO INJURY / DRIVE AWAY",,,,"OVER $1,500","2025-01-22T15:30:00.000","UNABLE TO DETERMINE","NOT APPLICABLE","400","E","PERSHING RD","212",,,,,,,"2","NO INDICATION OF INJURY","0","0","0","0","0","2","0","14","4","1","41.8239488417","-87.616672416","POINT (-87.61667241604 41.823948841721)"
"98ac97524f19a8bca308b418fd46945c2d847b16295b2eafd4bd3aad936cab90f7a7c2cc4d84cd0298a4c377957f59ca69d2b9fd6a7e6b9305aff99b6a0926b9",,"2025-01-22T14:55:00.000","35","TRAFFIC SIGNAL","FUNCTIONING PROPERLY","CLEAR","DAYLIGHT","TURNING","NOT DIVIDED",,"STRAIGHT AND LEVEL","DRY","NO DEFECTS","ON SCENE","INJURY AND / OR TOW DUE TO CRASH","Y",,,"OVER $1,500","2025-01-22T15:00:00.000","FAILING TO YIELD RIGHT-OF-WAY","NOT APPLICABLE","5325","S","CENTRAL AVE","814",,,,,,,"2","NO INDICATION OF INJURY","0","0","0","0","0","2","0","14","4","1","41.795744584","-87.7622622532","POINT (-87.762262253154 41.795744584003)"
"aea43a0f81f415ae7a523fa4908ceed621d7b09f12df3218e90f0936f4d15e4ae124b4e603cdd789fd6705231dedba3a3f45451b6dcef924b42bc93c32083f13",,"2025-01-22T14:54:00.000","15","NO CONTROLS","NO CONTROLS","CLOUDY/OVERCAST","DAYLIGHT","FIXED OBJECT","DRIVEWAY",,"STRAIGHT AND LEVEL","WET","UNKNOWN","NOT ON SCENE (DESK REPORT)","NO INJURY / DRIVE AWAY",,,,"$501 - $1,500","2025-01-22T14:54:00.000","UNABLE TO DETERMINE","UNABLE TO DETERMINE","601","E","43RD ST","221",,,,,,,"1","NO INDICATION OF INJURY","0","0","0","0","0","1","0","14","4","1","41.8166201718","-87.6115763612","POINT (-87.611576361236 41.816620171831)"
"2474052bcdbe1d0acf3d886fdbbabb550af77752514adcdb2b430cd283ff38a1ed7e951cf81c0d8497c865bf59fdd551e7a817c0fd10993974dd2e69fe34c6dd",,"2025-01-22T14:45:00.000","30","NO CONTROLS","NO CONTROLS","CLEAR","DAYLIGHT","REAR END","DIVIDED - W/MEDIAN (NOT RAISED)",,"STRAIGHT AND LEVEL","WET","UNKNOWN","ON SCENE","NO INJURY / DRIVE AWAY","Y",,,"OVER $1,500","2025-01-22T14:51:00.000","UNABLE TO DETERMINE","NOT APPLICABLE","1636","W","ARMITAGE AVE","1432",,,,,,,"2","NO INDICATION OF INJURY","0","0","0","0","0","2","0","14","4","1","41.9180272808","-87.6691112719","POINT (-87.669111271911 41.918027280755)"
"83d34d5d36d0fafb174ef79ec84e36618784cb60172b48db4d483252a3b6a819fd47b25329788bf959b44c77a130673e016a69e22a5c57d1e68af810387477a3",,"2025-01-22T14:30:00.000","30","STOP SIGN/FLASHER","FUNCTIONING PROPERLY","SNOW","DAYLIGHT","SIDESWIPE SAME DIRECTION","T-INTERSECTION",,"STRAIGHT AND LEVEL","SNOW OR SLUSH","NO DEFECTS","ON SCENE","NO INJURY / DRIVE AWAY","Y",,,"OVER $1,500","2025-01-22T14:45:00.000","WEATHER","UNABLE TO DETERMINE","6402","W","DAKIN ST","1632",,,,,,,"3","NO INDICATION OF INJURY","0","0","0","0","0","3","0","14","4","1","41.9518155084","-87.7867081317","POINT (-87.786708131678 41.951815508408)"
"92bce3e173a8604c951e9d27686ed56830ca672a94f02ca8dba95bd12e26121eef247fbe2bcdab3649fd9346bb5865a0aa4c87de92f32d5feb88344bc4099ae3",,"2025-01-22T14:30:00.000","30","STOP SIGN/FLASHER","FUNCTIONING PROPERLY","CLEAR","DAYLIGHT","TURNING","FOUR WAY",,"STRAIGHT AND LEVEL","DRY","NO DEFECTS","NOT ON SCENE (DESK REPORT)","NO INJURY / DRIVE AWAY","Y",,"Y","OVER $1,500","2025-01-25T14:28:00.000","FAILING TO YIELD RIGHT-OF-WAY","NOT APPLICABLE","3498","S","PRAIRIE AVE","211",,,,,,,"2","NO INDICATION OF INJURY","0","0","0","0","0","2","0","14","4","1","41.8311552223","-87.6206990319","POINT (-87.620699031934 41.831155222267)"
"e435576c2a0abdf58c4c270a2de9ac6c77f7c9a1a1342539c707409fa2a1d9183ea63c511cb993c91a0679af3f0379cbe441535960f8b06b6864febb720c55d8",,"2025-01-22T14:30:00.000","30","STOP SIGN/FLASHER","FUNCTIONING PROPERLY","CLEAR","DAYLIGHT","ANGLE","FOUR WAY",,"STRAIGHT AND LEVEL","UNKNOWN","UNKNOWN","NOT ON SCENE (DESK REPORT)","NO INJURY / DRIVE AWAY","Y",,,"OVER $1,500","2025-01-22T15:30:00.000","UNABLE TO DETERMINE","NOT APPLICABLE","2732","N","CENTRAL AVE","2514",,,,,,,"2","NO INDICATION OF INJURY","0","0","0","0","0","2","0","14","4","1","41.93046645","-87.7663639734","POINT (-87.766363973419 41.930466449965)"
"e87850dc09af751d0113d159f9dcfef5e43dcdedbc3d93fcccceae16cdf8fe34a6b57c56ba88fa841004163e08374b22ef8e4f89ebefbc451e9d54784ae7977d",,"2025-01-22T14:30:00.000","30","NO CONTROLS","NO CONTROLS","CLEAR","DAYLIGHT","REAR END","NOT DIVIDED",,"STRAIGHT AND LEVEL","DRY","NO DEFECTS","NOT ON SCENE (DESK REPORT)","NO INJURY / DRIVE AWAY",,,"Y","$501 - $1,500","2025-01-22T15:30:00.000","FOLLOWING TOO CLOSELY","NOT APPLICABLE","6145","N","SHERIDAN RD","2433",,,,,,,"2","NO INDICATION OF INJURY","0","0","0","0","0","2","0","14","4","1","41.9936403023","-87.6553512174","POINT (-87.655351217448 41.993640302333)"
"03c7b2717d3be6b16d05a65a478033b964717266c9888998c8b4a3c5f638285f8a2320b37a28f5e3c06cc342ddf96c9946518d0be3c2df03b54a2910e82a0b26",,"2025-01-22T14:26:00.000","30","NO CONTROLS","NO CONTROLS","CLEAR","DAYLIGHT","PARKED MOTOR VEHICLE","NOT DIVIDED",,"STRAIGHT AND LEVEL","DRY","NO DEFECTS","NOT ON SCENE (DESK REPORT)","NO INJURY / DRIVE AWAY",,,,"$501 - $1,500","2025-01-22T16:10:00.000","UNABLE TO DETERMINE","UNABLE TO DETERMINE","5467","S","WOODLAWN AVE","234",,,,,,,"2","NO INDICATION OF INJURY","0","0","0","0","0","2","0","14","4","1","41.7960239872","-87.5964174971","POINT (-87.596417497127 41.796023987236)"
"1a0f38d0f8fe6a2ea921a6636074ba0172f456dde228b2e7bd0c7dceaf1e2b84535a58728f15766c946ccbd770d9456a203e62bf2de715b326cbc18870c3f829",,"2025-01-22T14:20:00.000","30","UNKNOWN","UNKNOWN","CLOUDY/OVERCAST","DAYLIGHT","REAR END","NOT DIVIDED",,"STRAIGHT AND LEVEL","UNKNOWN","UNKNOWN","NOT ON SCENE (DESK REPORT)","NO INJURY / DRIVE AWAY",,,,"OVER $1,500","2025-01-22T14:40:00.000","UNABLE TO DETERMINE","NOT APPLICABLE","2398","W","ROSCOE ST","1921",,,,,,,"2","NO INDICATION OF INJURY","0","0","0","0","0","2","0","14","4","1","41.9432080113","-87.6880947529","POINT (-87.688094752931 41.943208011313)"
"aec3091db580e55897148220a1a0fc92bc3f018cd0bdf041dd1979d352c5d9334e0dd9a1a980004679c166493c51c14485294b8e95e65341622c5322dc21ce5d",,"2025-01-22T14:20:00.000","15","NO CONTROLS","NO CONTROLS","SNOW","DAYLIGHT","FIXED OBJECT","ALLEY",,"STRAIGHT AND LEVEL","SNOW OR SLUSH","NO DEFECTS","ON SCENE","NO INJURY / DRIVE AWAY",,,,"$500 OR LESS","2025-01-22T14:55:00.000","IMPROPER BACKING","NOT APPLICABLE","6234","S","FRANCISCO AVE","823",,,,,,,"1","NO INDICATION OF INJURY","0","0","0","0","0","2","0","14","4","1","41.7798476688","-87.6959958766","POINT (-87.69599587657 41.779847668793)"
"9d3f4037dbfd56b226f05767e5aec783dd9e0db9f10c747dfe80d9322d7fd079e08f01a0d1a9b889754c94eacba8fd52b819534aa10a463e8410a588252bebdc",,"2025-01-22T14:17:00.000","30","TRAFFIC SIGNAL","FUNCTIONING PROPERLY","SNOW","DAYLIGHT","SIDESWIPE SAME DIRECTION","NOT DIVIDED",,"STRAIGHT AND LEVEL","WET","NO DEFECTS","ON SCENE","INJURY AND / OR TOW DUE TO CRASH",,,,"OVER $1,500","2025-01-22T14:30:00.000","FAILING TO YIELD RIGHT-OF-WAY","IMPROPER LANE USAGE","7140","N","LEHIGH AVE","1621",,,,,,,"2","REPORTED, NOT EVIDENT","1","0","0","0","1","1","0","14","4","1","42.0113244013","-87.7731826164","POINT (-87.773182616398 42.01132440128)"
"4814d916a6f44bd39f11c42fa189f11b4f9b671220f60b1f5a8a3e0aea5878f8519ec9b0c734b6b18ea2875de5180c97c02e5ce2cf0b2928022191dbb0e6f143",,"2025-01-22T14:15:00.000","30","UNKNOWN","UNKNOWN","CLEAR","DAYLIGHT","REAR END","UNKNOWN",,"STRAIGHT AND LEVEL","UNKNOWN","UNKNOWN","NOT ON SCENE (DESK REPORT)","NO INJURY / DRIVE AWAY",,,"Y","OVER $1,500","2025-01-22T14:55:00.000","UNABLE TO DETERMINE","UNABLE TO DETERMINE","2758","N","KIMBALL AVE","1412",,,,,,,"2","NO INDICATION OF INJURY","0","0","0","0","0","2","0","14","4","1","41.9319694473","-87.7124115118","POINT (-87.71241151183 41.93196944727)"
"d41250cc4847038be656d2482b4afcd07ae6f14411f542ff2a27aaa62796645486634859e80f9bbcfd386863fd071b5e9e0690fb9fdeadbed01e25712c69fbea",,"2025-01-22T14:13:00.000","20","NO CONTROLS","NO CONTROLS","CLEAR","DAYLIGHT","ANGLE","OTHER",,"STRAIGHT AND LEVEL","DRY","NO DEFECTS","ON SCENE","NO INJURY / DRIVE AWAY",,,,"OVER $1,500","2025-01-22T14:20:00.000","UNABLE TO DETERMINE","NOT APPLICABLE","2","W","TERMINAL ST","1652",,,,,,,"2","NO INDICATION OF INJURY","0","0","0","0","0","2","0","14","4","1",,,
"625c248cf3f8cafbffd2e8981d1f334b8e094a6d419f8992c8204463cae68e25164bd388b4c55c6ea9ef127b4fffe2a2594754cf9d11016d2ae501b2cf26fd5f",,"2025-01-22T14:10:00.000","30","UNKNOWN","UNKNOWN","UNKNOWN","DAYLIGHT","TURNING","DIVIDED - W/MEDIAN (NOT RAISED)",,"STRAIGHT AND LEVEL","UNKNOWN","UNKNOWN","NOT ON SCENE (DESK REPORT)","NO INJURY / DRIVE AWAY","N",,,"$501 - $1,500","2025-01-22T15:00:00.000","UNABLE TO DETERMINE","NOT APPLICABLE","1159","W","HOLLYWOOD AVE","2022",,,,,,,"2","NO INDICATION OF INJURY","0","0","0","0","0","2","0","14","4","1","41.9853462593","-87.6600364217","POINT (-87.660036421706 41.985346259294)"
"722f8056dee1c6f38c1ab81a5dbcf0f306c09c849e2756f15e86ca78f757ef314abc658369bfd8ce69fa83485726c9de99c318db86a3bf6f94f2e5df6f1f30e8",,"2025-01-22T14:10:00.000","10","UNKNOWN","UNKNOWN","SNOW","DAYLIGHT","PARKED MOTOR VEHICLE","PARKING LOT",,"STRAIGHT AND LEVEL","UNKNOWN","UNKNOWN","NOT ON SCENE (DESK REPORT)","NO INJURY / DRIVE AWAY",,,,"OVER $1,500","2025-01-22T15:00:00.000","UNABLE TO DETERMINE","UNABLE TO DETERMINE","1615","S","CLARK ST","131",,,,,,,"2","NO INDICATION OF INJURY","0","0","0","0","0","1","0","14","4","1","41.8596296773","-87.6301248993","POINT (-87.630124899277 41.859629677313)"
"7e4480fc46f8bd0fc0d3a423fbb0dd32d4dc076dadc75880ba9c2e3a3b319a203eac378c1f7affc2527d8c21e09444e0129b67e1e6a28d0d5087cf61221f35c7",,"2025-01-22T14:09:00.000","25","NO CONTROLS","NO CONTROLS","CLEAR","DAYLIGHT","PARKED MOTOR VEHICLE","NOT DIVIDED",,"STRAIGHT AND LEVEL","DRY","NO DEFECTS","NOT ON SCENE (DESK REPORT)","NO INJURY / DRIVE AWAY","Y",,,"$500 OR LESS","2025-01-22T14:50:00.000","UNABLE TO DETERMINE","UNABLE TO DETERMINE","2139","S","SPAULDING AVE","1022",,,,,,,"2","NO INDICATION OF INJURY","0","0","0","0","0","1","0","14","4","1","41.8525099872","-87.7075640252","POINT (-87.707564025245 41.852509987222)"
"03b450ec3d6c594e4b38742960d9e82fd0d54ceec2d355aaa1965ab21a247be284a60b7fd7ad9cdc98ef47b7aeaaeb70114efa1e6fbe715bae2ba77709b5d6df",,"2025-01-22T14:00:00.000","30","NO CONTROLS","NO CONTROLS","CLEAR","DAYLIGHT","SIDESWIPE SAME DIRECTION","NOT DIVIDED",,"STRAIGHT AND LEVEL","DRY","NO DEFECTS",,"NO INJURY / DRIVE AWAY",,,,"$501 - $1,500","2025-01-27T13:50:00.000","IMPROPER OVERTAKING/PASSING","IMPROPER OVERTAKING/PASSING","5200","N","LARAMIE AVE","1623",,,,,,,"2","NO INDICATION OF INJURY","0","0","0","0","0","2","0","14","4","1","41.975307319","-87.7579249012","POINT (-87.757924901237 41.975307318977)"
"316c1548d8a0210648978f21a2864cc28f25461fa06eb7964ab1e14e8ae7c28e3af8853b583637d075198ca3c7817518bbb1ce33361c36800d6348fe784db18d",,"2025-01-22T14:00:00.000","25","NO CONTROLS","NO CONTROLS","UNKNOWN","UNKNOWN","PARKED MOTOR VEHICLE","NOT DIVIDED",,"STRAIGHT AND LEVEL","WET","NO DEFECTS","NOT ON SCENE (DESK REPORT)","NO INJURY / DRIVE AWAY",,,"Y","OVER $1,500","2025-01-23T10:30:00.000","UNABLE TO DETERMINE","NOT APPLICABLE","1409","S","KEDVALE AVE","1011",,,,,,,"2","NO INDICATION OF INJURY","0","0","0","0","0","1","0","14","4","1","41.8621548868","-87.7285752009","POINT (-87.728575200899 41.862154886848)"
"853790a1a8bd8c06a731e85ed6a0669f59f1c38e6015cd5ad0158adac245b1ea19ae865e2f0efafe66ef490c66af49278a66da4acf9359539dc25306fd0f6c7a",,"2025-01-22T14:00:00.000","30","TRAFFIC SIGNAL","FUNCTIONING PROPERLY","CLEAR","DAYLIGHT","REAR END","DIVIDED - W/MEDIAN BARRIER",,"STRAIGHT AND LEVEL","DRY","NO DEFECTS","NOT ON SCENE (DESK REPORT)","NO INJURY / DRIVE AWAY",,,,"OVER $1,500","2025-01-22T17:01:00.000","FOLLOWING TOO CLOSELY","FOLLOWING TOO CLOSELY","15","W","95TH ST","511",,,,,,,"2","NO INDICATION OF INJURY","0","0","0","0","0","2","0","14","4","1","41.7215149692","-87.6246101656","POINT (-87.624610165642 41.721514969204)"
"bd6cbb53960e26581f34ce93004b6cc18831558fd5430d9ace5c02326d375ca82b2c6ffa44dcf3fb1c0b9f0458faf54b03dab8c37e2189b5c226c548b6cc5f14",,"2025-01-22T14:00:00.000","30","TRAFFIC SIGNAL","FUNCTIONING PROPERLY","CLOUDY/OVERCAST","DAYLIGHT","REAR END","NOT DIVIDED",,"STRAIGHT AND LEVEL","DRY","NO DEFECTS","NOT ON SCENE (DESK REPORT)","NO INJURY / DRIVE AWAY",,,,"OVER $1,500","2025-01-22T15:33:00.000","NOT APPLICABLE","NOT APPLICABLE","7101","S","PULASKI RD","833",,,,,,,"2","NO INDICATION OF INJURY","0","0","0","0","0","2","0","14","4","1","41.7640120044","-87.7222059328","POINT (-87.7222059328 41.764012004448)"
"c389b0f13fafb3db70ba762e611a51b323acc0786e2030c66ee78b6c78ac1fc600eb6d4997b4b1bcc8de5f3f16235597b3e7fc5ea5ed832725c80a3f189dfaca",,"2025-01-22T14:00:00.000","30","NO CONTROLS","NO CONTROLS","CLEAR","DAYLIGHT","PARKED MOTOR VEHICLE","ONE-WAY",,"STRAIGHT AND LEVEL","DRY","NO DEFECTS","NOT ON SCENE (DESK REPORT)","NO INJURY / DRIVE AWAY",,,,"$501 - $1,500","2025-01-23T12:20:00.000","UNABLE TO DETERMINE","DRIVING SKILLS/KNOWLEDGE/EXPERIENCE","22","S","WABASH AVE","112",,,,,,,"2","NO INDICATION OF INJURY","0","0","0","0","0","1","0","14","4","1","41.8815283726","-87.6263425254","POINT (-87.626342525353 41.881528372578)"
"f98a82e4da829bca08adf98fd6e80e3ba2e13f9e8d48af90d0ab260ad3fc16f54dd0311b28eea2bf716f22d4b75dbd196cde4ae19da74bd942f1404aee536244",,"2025-01-22T13:57:00.000","40","NO CONTROLS","NO CONTROLS","SNOW","DAYLIGHT","FIXED OBJECT","DIVIDED - W/MEDIAN BARRIER",,"STRAIGHT AND LEVEL","WET","NO DEFECTS","ON SCENE","INJURY AND / OR TOW DUE TO CRASH",,,,"OVER $1,500","2025-01-22T14:00:00.000","UNABLE TO DETERMINE","UNABLE TO DETERMINE","800","N","LAKE SHORE DR SB","1833",,,,,,,"1","NONINCAPACITATING INJURY","1","0","0","1","0","2","0","13","4","1","41.8968049724","-87.6170274232","POINT (-87.617027423234 41.896804972416)"
"10f4c12756be4e123c753378e792fa1d9b4c9fd4dbb3e230ddd532c2ecef787cd9aff1518fead83774e42eb4c8fe65cab049d72f06096c056afa23c6eb9cb50c",,"2025-01-22T13:55:00.000","25","NO CONTROLS","NO CONTROLS","CLOUDY/OVERCAST","DAYLIGHT","SIDESWIPE SAME DIRECTION","ONE-WAY",,"STRAIGHT AND LEVEL","WET","NO DEFECTS","NOT ON SCENE (DESK REPORT)","NO INJURY / DRIVE AWAY",,,,"OVER $1,500","2025-01-22T21:05:00.000","FAILING TO YIELD RIGHT-OF-WAY","NOT APPLICABLE","3945","N","TRIPP AVE","1731",,,,,,,"2","NO INDICATION OF INJURY","0","0","0","0","0","3","0","13","4","1","41.9530963152","-87.7338087913","POINT (-87.733808791314 41.953096315172)"
"b51496485b75f514d298682fefc4021f292beccfcd80899f7de72ef452d949937928401147f8608a9bec9bc3a7cec8a3db6e6d58686e0b2d2b759a4675f107cc",,"2025-01-22T13:48:00.000","20","NO CONTROLS","NO CONTROLS","UNKNOWN","DAYLIGHT","ANGLE","ONE-WAY",,"STRAIGHT AND LEVEL","UNKNOWN","UNKNOWN",,"NO INJURY / DRIVE AWAY",,,,"OVER $1,500","2025-01-22T13:48:00.000","UNABLE TO DETERMINE","NOT APPLICABLE","648","N","PAULINA ST","1215",,,,,,,"2","NO INDICATION OF INJURY","0","0","0","0","0","2","0","13","4","1","41.8938530397","-87.6698057509","POINT (-87.669805750926 41.893853039709)"
"7700d46856c780e0174ff64c4f11b105509dc72aad0db8b449397d398537c44dd0b6ca3a961c13edb7b3c4bd89a27bc15f533059458c1950d6108a4dfa6ed042",,"2025-01-22T13:40:00.000","30","NO CONTROLS","NO CONTROLS","CLOUDY/OVERCAST","DUSK","SIDESWIPE OPPOSITE DIRECTION","NOT DIVIDED",,"STRAIGHT AND LEVEL","UNKNOWN","UNKNOWN","NOT ON SCENE (DESK REPORT)","INJURY AND / OR TOW DUE TO CRASH",,,,"OVER $1,500","2025-01-22T15:35:00.000","UNABLE TO DETERMINE","UNABLE TO DETERMINE","504","N","CENTRAL AVE","1512",,,,,,,"2","NO INDICATION OF INJURY","0","0","0","0","0","3","0","13","4","1","41.8894898157","-87.7653360031","POINT (-87.765336003136 41.889489815668)"
"4f661c5f0dd5d5c07c39e898ef8076f7d29624981232dcef21da816758a4d290d7f0d07f1219c7a7a0fefec2221019e696d2c6f2036c52307615741dd82bef7e","Y","2025-01-22T13:36:00.000","15","NO CONTROLS","NO CONTROLS","SNOW","DAYLIGHT","FIXED OBJECT","PARKING LOT",,"STRAIGHT AND LEVEL","WET","NO DEFECTS","ON SCENE","NO INJURY / DRIVE AWAY",,"Y",,"OVER $1,500","2025-01-22T15:53:00.000","DISTRACTION - FROM INSIDE VEHICLE","DISTRACTION - FROM OUTSIDE VEHICLE","808","E","61ST ST","235",,,,,,,"1","NO INDICATION OF INJURY","0","0","0","0","0","2","0","13","4","1","41.7841751336","-87.6056075275","POINT (-87.6056075275 41.784175133601)"
"e020f640ace65ef543ccf59b28da898ad038be2ac4de2aa9710fd7d4a2c3ddf998e76ae731d9c002739046adeeb713e4b37b9c6482af264438c0fd19ebc5607c",,"2025-01-22T13:30:00.000","30","NO CONTROLS","NO CONTROLS","UNKNOWN","DAYLIGHT","PARKED MOTOR VEHICLE","PARKING LOT",,"STRAIGHT AND LEVEL","UNKNOWN","UNKNOWN","NOT ON SCENE (DESK REPORT)","NO INJURY / DRIVE AWAY",,,,"OVER $1,500","2025-01-22T17:00:00.000","UNABLE TO DETERMINE","UNABLE TO DETERMINE","7300","N","WESTERN AVE","2411",,,,,,,"2","NO INDICATION OF INJURY","0","0","0","0","0","1","0","13","4","1","42.0141839829","-87.6903783498","POINT (-87.69037834982 42.014183982852)"
"7186860a557adcc95c34dc42884a976a7c48b1f697d0a77c10b95804d6e5de630c36f6c9d35747ddbab684a348049e5e8d5365d287fc6486095024dcc64c4983",,"2025-01-22T13:20:00.000","30","TRAFFIC SIGNAL","FUNCTIONING PROPERLY","SNOW","DAYLIGHT","PEDALCYCLIST","FOUR WAY",,"STRAIGHT AND LEVEL","SNOW OR SLUSH","NO DEFECTS","NOT ON SCENE (DESK REPORT)","NO INJURY / DRIVE AWAY","Y",,,"$500 OR LESS","2025-01-22T14:00:00.000","FAILING TO YIELD RIGHT-OF-WAY","FAILING TO YIELD RIGHT-OF-WAY","6","E","RANDOLPH ST","111",,,,,,,"2","NO INDICATION OF INJURY","0","0","0","0","0","2","0","13","4","1","41.8846016582","-87.6276860285","POINT (-87.627686028457 41.884601658215)"
"9d2f68b6b1e47521d2e13666556aafbe45ac0d4ad95fcb410c9a3de25846646fbe5155e71f2929454cbe0d7315b3df5f185cc9c778a574e90111ae23168bec09",,"2025-01-22T13:16:00.000","30","NO CONTROLS","NO CONTROLS","CLEAR","DAYLIGHT","PARKED MOTOR VEHICLE","ONE-WAY",,"STRAIGHT AND LEVEL","SNOW OR SLUSH","NO DEFECTS",,"NO INJURY / DRIVE AWAY",,,"Y","OVER $1,500","2025-01-25T13:05:00.000","NOT APPLICABLE","NOT APPLICABLE","6206","S","NORMANDY AVE","812",,,,,,,"2","NO INDICATION OF INJURY","0","0","0","0","0","1","0","13","4","1","41.7791347992","-87.7887920194","POINT (-87.788792019447 41.779134799153)"
"274e20fccfa1b2b426acb828c153f2248a2753dcc54b0d99b5e649613ae67226cc854433c4ac4b22257edc78ab218b279fd849ef9f9e0c57c4aa32d345c021d9",,"2025-01-22T13:15:00.000","30","TRAFFIC SIGNAL","FUNCTIONING PROPERLY","CLEAR","DAYLIGHT","TURNING","DIVIDED - W/MEDIAN BARRIER",,"STRAIGHT AND LEVEL","DRY","NO DEFECTS","ON SCENE","INJURY AND / OR TOW DUE TO CRASH","Y",,,"OVER $1,500","2025-01-22T13:15:00.000","IMPROPER TURNING/NO SIGNAL","NOT APPLICABLE","2341","W","PERSHING RD","924",,,,,,,"2","REPORTED, NOT EVIDENT","1","0","0","0","1","1","0","13","4","1","41.8228897975","-87.6841583795","POINT (-87.684158379537 41.822889797459)"
"5ce93f821d44915b45314bf17801c86bc06268a7819db886877c1608d3caf47d024fcffe324c99cdfce57963bf33e64412ccc13c152003d61ee00f5a7cbc1561",,"2025-01-22T13:15:00.000","30","NO CONTROLS","NO CONTROLS","CLEAR","DAYLIGHT","REAR END","NOT DIVIDED",,"STRAIGHT AND LEVEL","SNOW OR SLUSH","NO DEFECTS","NOT ON SCENE (DESK REPORT)","INJURY AND / OR TOW DUE TO CRASH",,,,"OVER $1,500","2025-01-22T13:33:00.000","WEATHER","FOLLOWING TOO CLOSELY","2033","W","DIVISION ST","1212",,,,,,,"2","NO INDICATION OF INJURY","0","0","0","0","0","2","0","13","4","1","41.9030569381","-87.6785888226","POINT (-87.678588822593 41.903056938134)"
"ea71610c582337ddb90b0ae106ec1860872a2e96ad4cb0fa4a5e4b304434f22d88eb656ade0f07e94c52bbf8de108a1b846c6358d1e1eb55aa91333148cc81b5",,"2025-01-22T13:05:00.000","30","TRAFFIC SIGNAL","FUNCTIONING PROPERLY","CLEAR","DAYLIGHT","REAR END","FOUR WAY",,"STRAIGHT AND LEVEL","DRY","NO DEFECTS","NOT ON SCENE (DESK REPORT)","NO INJURY / DRIVE AWAY","Y",,,"OVER $1,500","2025-01-22T14:30:00.000","NOT APPLICABLE","UNABLE TO DETERMINE","1401","W","ADDISON ST","1922",,,,,,,"2","NO INDICATION OF INJURY","0","0","0","0","0","3","0","13","4","1","41.9469571566","-87.6640726561","POINT (-87.664072656142 41.946957156573)"
"3e961fafbd87741702c2041c49a78d811aa9f2f55e47447071cfcc32ea6e9c232dda653526eac2548ca40c6d31cc2eb0a1827d66e70b26cafdb701f8b312d065","Y","2025-01-22T13:00:00.000","30","NO CONTROLS","NO CONTROLS","SNOW","DAYLIGHT","PARKED MOTOR VEHICLE","ONE-WAY",,"STRAIGHT AND LEVEL","SNOW OR SLUSH","UNKNOWN","NOT ON SCENE (DESK REPORT)","NO INJURY / DRIVE AWAY",,,"Y","OVER $1,500","2025-03-28T18:20:00.000","UNABLE TO DETERMINE","NOT APPLICABLE","7659","S","ESSEX AVE","421",,,,,,,"2","NO INDICATION OF INJURY","0","0","0","0","0","1","0","13","4","1","41.755483527","-87.5637315365","POINT (-87.56373153649 41.755483527049)"
"af423552ffabd98712f03902d127586b76ff7ab3d808557a8228176ec210c83ae7f81a665a6c2d59e7cb664bd1f98201a7bb9b4ec5e202c96375aaeb4cebfd8d",,"2025-01-22T13:00:00.000","35","TRAFFIC SIGNAL","FUNCTIONING PROPERLY","SNOW","DAYLIGHT","REAR END","FOUR WAY",,"STRAIGHT AND LEVEL","ICE","NO DEFECTS","ON SCENE","INJURY AND / OR TOW DUE TO CRASH","Y",,,"OVER $1,500","2025-01-22T13:04:00.000","FOLLOWING TOO CLOSELY","FOLLOWING TOO CLOSELY","3401","W","PETERSON AVE","1711",,,,,,,"2","NO INDICATION OF INJURY","0","0","0","0","0","2","0","13","4","1","41.9902123256","-87.7140436153","POINT (-87.714043615307 41.990212325566)"