"crash_record_id","crash_date_est_i","crash_date","posted_speed_limit","traffic_control_device","device_condition","weather_condition","lighting_condition","first_crash_type","trafficway_type","lane_cnt","alignment","roadway_surface_cond","road_defect","report_type","crash_type","intersection_related_i","private_property_i","hit_and_run_i","damage","date_police_notified","prim_contributory_cause","sec_contributory_cause","street_no","street_direction","street_name","beat_of_occurrence","photos_taken_i","statements_taken_i","dooring_i","work_zone_i","work_zone_type","workers_present_i","num_units","most_severe_injury","injuries_total","injuries_fatal","injuries_incapacitating","injuries_non_incapacitating","injuries_reported_not_evident","injuries_no_indication","injuries_unknown","crash_hour","crash_day_of_week","crash_month","latitude","longitude","location"
"d82b6ca9f9fa6f5d0ff6c205f682270d737b7617f7dfaeb8102e73fd557716de9ca4d7068e98055051e33241c400eb4b9ca3847497aca4760d568c6de53ff8b4",,"2025-01-22T13:00:00.000","30","TRAFFIC SIGNAL","FUNCTIONING PROPERLY","CLEAR","DAYLIGHT","TURNING","FOUR WAY",,"STRAIGHT AND LEVEL","DRY","NO DEFECTS","NOT ON SCENE (DESK REPORT)","NO INJURY / DRIVE AWAY","Y",,,"OVER $1,500","2025-01-22T13:30:00.000","UNABLE TO DETERMINE","UNABLE TO DETERMINE","300","W","GARFIELD BLVD","935",,,,,,,"2","NO INDICATION OF INJURY","0","0","0","0","0","2","0","13","4","1","41.794622829","-87.6330637632","POINT (-87.633063763202 41.794622829011)"
"45286e76d1415786d991304a523b4ca5a950ec1f332760fbc1c8463670d344753dd9daff54459b1eae11afc2dd987c77e7d89a3b28804350be69b8b98ef6570d",,"2025-01-22T12:55:00.000","20","NO CONTROLS","NO CONTROLS","SNOW","DAYLIGHT","REAR END","DIVIDED - W/MEDIAN (NOT RAISED)",,"STRAIGHT AND LEVEL","SNOW OR SLUSH","UNKNOWN","ON SCENE","NO INJURY / DRIVE AWAY",,,,"OVER $1,500","2025-01-22T13:01:00.000","UNABLE TO DETERMINE","UNABLE TO DETERMINE","7218","S","SOUTH CHICAGO AVE","323",,,,,,,"2","NO INDICATION OF INJURY","0","0","0","0","0","2","0","12","4","1","41.7639472027","-87.6030977888","POINT (-87.603097788757 41.763947202682)"
"2ac11e9d7b7ac48b700e16ea19352d445b792ca63af4a6387c2ea181fb881e97205f657ee15761aee78873876e4a03bbe1a7e1a096f0fb25aca4733c14ec375a",,"2025-01-22T12:53:00.000","30","NO CONTROLS","NO CONTROLS","SNOW","DAYLIGHT","TURNING","DIVIDED - W/MEDIAN (NOT RAISED)",,"STRAIGHT AND LEVEL","WET","NO DEFECTS","NOT ON SCENE (DESK REPORT)","NO INJURY / DRIVE AWAY",,,"Y","OVER $1,500","2025-01-22T13:45:00.000","IMPROPER TURNING/NO SIGNAL","UNABLE TO DETERMINE","4018","N","KEDZIE AVE","1724",,,,,,,"2","NO INDICATION OF INJURY","0","0","0","0","0","3","0","12","4","1","41.9545156753","-87.7081801805","POINT (-87.70818018048 41.954515675257)"
"234583725eafa3f83ff420a8e0a86660730f2714f87e904762627c75fbae69bc98838ea86219cf806763685151a97e771012bb3f5f7990085edf8835b2867147",,"2025-01-22T12:50:00.000","45","NO CONTROLS","NO CONTROLS","CLEAR","DAYLIGHT","REAR END","DIVIDED - W/MEDIAN BARRIER",,"STRAIGHT AND LEVEL","WET","NO DEFECTS","NOT ON SCENE (DESK REPORT)","NO INJURY / DRIVE AWAY",,,,"$501 - $1,500","2025-01-27T11:00:00.000","DRIVING SKILLS/KNOWLEDGE/EXPERIENCE","DRIVING SKILLS/KNOWLEDGE/EXPERIENCE","731","N","LAKE SHORE DR NB","1833",,,,,,,"2","NO INDICATION OF INJURY","0","0","0","0","0","2","0","12","4","1","41.8958852239","-87.6158620948","POINT (-87.615862094784 41.895885223862)"
"64accb928492ab9c8dacdc5f322cffa84d14690daca6b4cc9cab8e53422ff810c8f75f3e0d5601a6511d44c97eb0b58feb0fc3a8a206a1a8b9c4cd6fcee85f4a",,"2025-01-22T12:48:00.000","40","NO CONTROLS","NO CONTROLS","CLEAR","DAYLIGHT","SIDESWIPE SAME DIRECTION","DIVIDED - W/MEDIAN BARRIER",,"CURVE ON GRADE","WET","UNKNOWN","NOT ON SCENE (DESK REPORT)","INJURY AND / OR TOW DUE TO CRASH",,,,"OVER $1,500","2025-01-22T20:30:00.000","WEATHER","NOT APPLICABLE","1045","N","LAKE SHORE DR NB","1824",,,,,,,"2","NO INDICATION OF INJURY","0","0","0","0","0","2","0","12","4","1","41.9021384559","-87.623252289","POINT (-87.623252288981 41.902138455854)"
"732396905bd61fd0595e4fd5e658666ae6f3798a219694433d26a64479a77740f3115bcd8b0c50995bb28228b7a2ec7bbc44925449152427337845fa289dda60",,"2025-01-22T12:45:00.000","30","NO CONTROLS","NO CONTROLS","SNOW","DAYLIGHT","PARKED MOTOR VEHICLE","NOT DIVIDED",,"STRAIGHT AND LEVEL","SNOW OR SLUSH","NO DEFECTS","NOT ON SCENE (DESK REPORT)","NO INJURY / DRIVE AWAY",,,,"$501 - $1,500","2025-01-24T11:20:00.000","UNABLE TO DETERMINE","NOT APPLICABLE","215","W","CHICAGO AVE","1831",,,,,,,"2","NO INDICATION OF INJURY","0","0","0","0","0","2","0","12","4","1","41.8964758624","-87.6348619796","POINT (-87.634861979606 41.896475862408)"
"decf94f84da0d0765cdf820977303cca8d2a4980650c3e47ae4d6a6f8313619b61d3826034f5535b881f6bdb6a1099b3c170a935e82274b43a49b854965f0931",,"2025-01-22T12:45:00.000","35","UNKNOWN","NO CONTROLS","CLOUDY/OVERCAST","DAYLIGHT","REAR END","CENTER TURN LANE",,"STRAIGHT AND LEVEL","ICE","UNKNOWN","ON SCENE","NO INJURY / DRIVE AWAY",,,"Y","$501 - $1,500","2025-01-22T12:50:00.000","UNABLE TO DETERMINE","UNABLE TO DETERMINE","6858","S","WESTERN AVE","832",,,,,,,"2","NO INDICATION OF INJURY","0","0","0","0","0","2","0","12","4","1","41.7684201181","-87.6834930325","POINT (-87.683493032482 41.768420118063)"
"c8da48dda8534893dc7cf95aacb8c38d2c555ce988baab9f4f4d3177cc9fea79ca73a89351383413b29c9e374c1b0c7ecca6a0dfa21d696d4d0f4887a3f76ca5",,"2025-01-22T12:44:00.000","40","NO CONTROLS","NO CONTROLS","CLEAR","DAYLIGHT","SIDESWIPE SAME DIRECTION","DIVIDED - W/MEDIAN BARRIER",,"STRAIGHT AND LEVEL","DRY","UNKNOWN","ON SCENE","NO INJURY / DRIVE AWAY",,,"Y","$501 - $1,500","2025-01-22T12:52:00.000","UNABLE TO DETERMINE","UNABLE TO DETERMINE","900","N","LAKE SHORE DR NB","1833",,,,,,,"2","NO INDICATION OF INJURY","0","0","0","0","0","2","0","12","4","1","41.8993222788","-87.6187384331","POINT (-87.618738433114 41.899322278833)"
"62e71e36f990ffa5a1f8c5e0efce5edf67690c439edfbe0cd5b0f3c3be0177d70b64b07d5c3063e995bde865a07179410369e774a460e58114138a95ecd0960b",,"2025-01-22T12:43:00.000","40","NO CONTROLS","NO CONTROLS","CLEAR","DAYLIGHT","SIDESWIPE SAME DIRECTION","DIVIDED - W/MEDIAN BARRIER",,"CURVE, LEVEL","DRY","UNKNOWN",,"INJURY AND / OR TOW DUE TO CRASH",,,,"OVER $1,500","2025-01-22T12:46:00.000","UNABLE TO DETERMINE","UNABLE TO DETERMINE","900","N","LAKE SHORE DR NB","1833",,,,,,,"2","NO INDICATION OF INJURY","0","0","0","0","0","3","0","12","4","1","41.8993222788","-87.6187384331","POINT (-87.618738433114 41.899322278833)"
"764371a5010a26acdcfd4a0da41af4fa49ce34286916dce6a5c9bdab742ccf4d1726e68bea62af2b6d3b690310e13186ee0bb24b392eb255e37c12af09383a01",,"2025-01-22T12:30:00.000","10","NO CONTROLS","NO CONTROLS","CLEAR","DAYLIGHT","FIXED OBJECT","OTHER",,"STRAIGHT AND LEVEL","ICE","NO DEFECTS","NOT ON SCENE (DESK REPORT)","NO INJURY / DRIVE AWAY",,,,"$500 OR LESS","2025-01-22T13:30:00.000","IMPROPER BACKING","IMPROPER BACKING","1758","S","CLARK ST","131",,,,,,,"1","NO INDICATION OF INJURY","0","0","0","0","0","1","0","12","4","1","41.8578360645","-87.6303745744","POINT (-87.630374574357 41.857836064476)"
"95e3deab1a7aeda64cb604fe3f3d20e4c15770585dc211db228c1feb6e35b043621af909a19e203ccd929c391cdc42181ec25aedcbd377db1cb67ea87d5b6764",,"2025-01-22T12:28:00.000","30","PEDESTRIAN CROSSING SIGN","FUNCTIONING PROPERLY","CLEAR","DAYLIGHT","REAR END","FOUR WAY",,"STRAIGHT AND LEVEL","DRY","NO DEFECTS","NOT ON SCENE (DESK REPORT)","NO INJURY / DRIVE AWAY",,,,"OVER $1,500","2025-01-22T12:50:00.000","FOLLOWING TOO CLOSELY","NOT APPLICABLE","932","N","WELLS ST","1823",,,,,,,"2","NO INDICATION OF INJURY","0","0","0","0","0","2","0","12","4","1","41.8999282656","-87.6344763074","POINT (-87.634476307409 41.899928265572)"
"f18d3da0c50c88fa3194d73d7420fca5433a2d2420d9d77d5b9c592b1d604994197931fe65f3f31149edbb4dc71eb214b1ea1ff99d50f0bc3a59f2a31901a340",,"2025-01-22T12:25:00.000","30","NO CONTROLS","NO CONTROLS","SNOW","DAYLIGHT","SIDESWIPE SAME DIRECTION","NOT DIVIDED",,"STRAIGHT AND LEVEL","SNOW OR SLUSH","NO DEFECTS","ON SCENE","NO INJURY / DRIVE AWAY","Y",,,"$501 - $1,500","2025-01-22T12:44:00.000","IMPROPER OVERTAKING/PASSING","WEATHER","2604","W","PERSHING RD","911",,,,,,,"2","NO INDICATION OF INJURY","0","0","0","0","0","2","0","12","4","1","41.822977824","-87.6901810329","POINT (-87.690181032914 41.822977824047)"
"22c9d871ea99dcc328a9670775e08e10ae684d012241ca1f3bbe601c85dcb0f9fca0aab3ca3dae84232d19ca42b4c2622462462a1f7ec8aa3559614b11f53b0f",,"2025-01-22T12:21:00.000","30","TRAFFIC SIGNAL","FUNCTIONING PROPERLY","SNOW","DAYLIGHT","REAR END","NOT DIVIDED",,"STRAIGHT AND LEVEL","WET","NO DEFECTS",,"NO INJURY / DRIVE AWAY",,,,"OVER $1,500","2025-01-23T12:55:00.000","UNABLE TO DETERMINE","NOT APPLICABLE","4508","W","MONTROSE AVE","1722",,,,,,,"2","NO INDICATION OF INJURY","0","0","0","0","0","2","0","12","4","1","41.9609045114","-87.7415236484","POINT (-87.741523648431 41.960904511434)"
"6d54b5411786b0e8ef3ffa4d3222155715df4b73248c1ddb4a78a924bb816bb932afe048246073c9692c391999ba91d4a876bb42fcf501daa9c7ddd4a346f4bc",,"2025-01-22T12:15:00.000","30","NO CONTROLS","NO CONTROLS","CLEAR","DAYLIGHT","REAR END","NOT DIVIDED",,"STRAIGHT AND LEVEL","DRY","NO DEFECTS","NOT ON SCENE (DESK REPORT)","INJURY AND / OR TOW DUE TO CRASH",,,,"OVER $1,500","2025-01-22T17:15:00.000","FOLLOWING TOO CLOSELY","FOLLOWING TOO CLOSELY","3900","N","HARLEM AVE","1631",,,,,,,"2","NONINCAPACITATING INJURY","1","0","0","1","0","1","0","12","4","1","41.9507553923","-87.8073471682","POINT (-87.807347168183 41.950755392273)"
"0d448b12c7d7e438daaba9a7afee1aae05baffed53891d6077bb4c4e15db48f4c4cfc61bea1bac934607cc406752ce3b695dca41f7891fb05367daf75f60a825",,"2025-01-22T12:10:00.000","30","NO CONTROLS","NO CONTROLS","CLEAR","DAYLIGHT","SIDESWIPE SAME DIRECTION","NOT DIVIDED",,"STRAIGHT AND LEVEL","UNKNOWN","UNKNOWN","NOT ON SCENE (DESK REPORT)","NO INJURY / DRIVE AWAY",,,,"OVER $1,500","2025-01-22T12:30:00.000","UNABLE TO DETERMINE","UNABLE TO DETERMINE","5242","N","ELSTON AVE","1623",,,,,,,"3","NO INDICATION OF INJURY","0","0","0","0","0","3","0","12","4","1","41.9760339899","-87.7532555236","POINT (-87.753255523643 41.976033989917)"
"bdfa9af0c0824092fc89415e5841918b90e1c6cff00b96713e01d9e710a35df275c744c8a71bd7329fb5fd7ebb76ccca00343a2dd55aa85efd5ec0e656a6a148",,"2025-01-22T12:10:00.000","15","NO CONTROLS","NO CONTROLS","CLEAR","DAYLIGHT","REAR END","PARKING LOT",,"STRAIGHT AND LEVEL","DRY","NO DEFECTS","ON SCENE","NO INJURY / DRIVE AWAY",,"Y",,"$500 OR LESS","2025-01-22T12:20:00.000","FOLLOWING TOO CLOSELY","NOT APPLICABLE","259","E","ERIE ST","1834",,,,,,,"2","NO INDICATION OF INJURY","0","0","0","0","0","3","0","12","4","1","41.8940853807","-87.62040431","POINT (-87.620404310022 41.894085380663)"
"b60b3dbbd63b2e759ff3d71027f8079a18e032e90871ad4a76495a63a758d7057110dc803dab264a7593d2b12b38a25aee764d433b204d8f71b9dc5ee10eb5e0",,"2025-01-22T12:05:00.000","30","TRAFFIC SIGNAL","FUNCTIONING PROPERLY","SNOW","DAYLIGHT","ANGLE","FOUR WAY",,"STRAIGHT AND LEVEL","SNOW OR SLUSH","OTHER","ON SCENE","NO INJURY / DRIVE AWAY","Y",,,"OVER $1,500","2025-01-22T12:13:00.000","WEATHER","WEATHER","6700","S","RACINE AVE","724",,,,,,,"2","NO INDICATION OF INJURY","0","0","0","0","0","3","0","12","4","1","41.7722402787","-87.6544543702","POINT (-87.654454370177 41.77224027873)"
"4fa0dffdc86941ef0899b73f484a6addd0ae657663228a58e5adaec881368f975f7a6ecd20f0f625251ddfc2916dacfb6ee1829eb2f8fc2094b7e6de5d3ae9cb",,"2025-01-22T12:00:00.000","30","TRAFFIC SIGNAL","UNKNOWN","CLOUDY/OVERCAST","DAYLIGHT","TURNING","FOUR WAY",,"STRAIGHT AND LEVEL","SNOW OR SLUSH","UNKNOWN","ON SCENE","INJURY AND / OR TOW DUE TO CRASH","Y",,,"OVER $1,500","2025-01-22T12:06:00.000","FAILING TO YIELD RIGHT-OF-WAY","WEATHER","1100","W","DIVISION ST","1822",,,,,,,"2","REPORTED, NOT EVIDENT","1","0","0","0","1","2","0","12","4","1","41.903639931","-87.65554697","POINT (-87.655546970003 41.903639930952)"
"d9f3b09b35525eb304dcba7cedd7c3240ed17ddc60b9b109205fac7ce5f6900061faeefdce576e3b55c30352bd664f54fcddb3e177be087deac31e90af2e30c3",,"2025-01-22T11:57:00.000","30","UNKNOWN","UNKNOWN","CLEAR","DAYLIGHT","SIDESWIPE SAME DIRECTION","FOUR WAY",,"STRAIGHT AND LEVEL","WET","NO DEFECTS","NOT ON SCENE (DESK REPORT)","NO INJURY / DRIVE AWAY","Y",,,"OVER $1,500","2025-01-22T12:45:00.000","UNABLE TO DETERMINE","DRIVING SKILLS/KNOWLEDGE/EXPERIENCE","9100","S","COMMERCIAL AVE","423",,,,,,,"2","NO INDICATION OF INJURY","0","0","0","0","0","2","0","11","4","1","41.7299824883","-87.551401267","POINT (-87.551401266962 41.729982488298)"
"b3c14e34148f125ce12133fafa41f0d36b449478ce578b73ee38ba71ddcf4e3b16dd946eff8ea3ae0961ad2dc2dd62ced140728ce4872d148369c833aebee300",,"2025-01-22T11:55:00.000","30","NO CONTROLS","NO CONTROLS","SNOW","DAYLIGHT","TURNING","NOT DIVIDED",,"STRAIGHT AND LEVEL","WET","UNKNOWN","ON SCENE","NO INJURY / DRIVE AWAY",,,,"OVER $1,500","2025-01-22T12:10:00.000","WEATHER","UNABLE TO DETERMINE","1215","S","PULASKI RD","1011",,,,,,,"2","NO INDICATION OF INJURY","0","0","0","0","0","3","0","11","4","1","41.8656709722","-87.7250037727","POINT (-87.725003772734 41.865670972158)"
"8be5445cd62d8d31418b24ffa4a7bd9a3efce5697e00694cc073fbfa6ddf360f79611756146669b02119a8bd7008b725c10b26ff5aa59330f53adfc978c48715",,"2025-01-22T11:52:00.000","30","TRAFFIC SIGNAL","FUNCTIONING PROPERLY","SNOW","DAYLIGHT","REAR END","NOT DIVIDED",,"STRAIGHT AND LEVEL","WET","NO DEFECTS","ON SCENE","NO INJURY / DRIVE AWAY","Y",,,"OVER $1,500","2025-01-22T11:52:00.000","FOLLOWING TOO CLOSELY","UNABLE TO DETERMINE","2200","W","ARMITAGE AVE","1432",,,,,,,"2","NO INDICATION OF INJURY","0","0","0","0","0","2","0","11","4","1","41.917766598","-87.6826438419","POINT (-87.682643841915 41.917766598019)"
"09265be28ec1563643c58b75a29b8b86edf72304d888db38991b2a7ae770b8a1c9357b613c5842f84b6d052db072a1fb9c3da59e27c44b8b3a68cbc4fcb86750",,"2025-01-22T11:50:00.000","30","STOP SIGN/FLASHER","FUNCTIONING PROPERLY","SNOW","DAYLIGHT","REAR END","DIVIDED - W/MEDIAN (NOT RAISED)",,"STRAIGHT AND LEVEL","SNOW OR SLUSH","NO DEFECTS","NOT ON SCENE (DESK REPORT)","NO INJURY / DRIVE AWAY",,,,"OVER $1,500","2025-01-22T12:14:00.000","UNABLE TO DETERMINE","UNABLE TO DETERMINE","2043","W","ROSCOE ST","1921",,,,,,,"2","NO INDICATION OF INJURY","0","0","0","0","0","2","0","11","4","1","41.9430874592","-87.6801389559","POINT (-87.680138955852 41.943087459224)"
"60adc1b5b5836d7b31708c96b7bfb1c4b3f6dbf2950159dd7c6cd615c196fe074d332b2eb8eed668119c36454e61337dd73364879c0c5055fb9ec900f29e721e",,"2025-01-22T11:50:00.000","30","TRAFFIC SIGNAL","FUNCTIONING PROPERLY","CLOUDY/OVERCAST","DAYLIGHT","TURNING","ONE-WAY",,"STRAIGHT AND LEVEL","SNOW OR SLUSH","NO DEFECTS","ON SCENE","NO INJURY / DRIVE AWAY","Y",,,"OVER $1,500","2025-01-22T12:09:00.000","UNABLE TO DETERMINE","UNABLE TO DETERMINE","2000","W","WARREN BLVD","1223",,,,,,,"2","NO INDICATION OF INJURY","0","0","0","0","0","2","0","11","4","1","41.8823398593","-87.676787988","POINT (-87.676787987969 41.882339859326)"
"319f533892d4db59df483010ab234d72236286eeabd58aca54ab04bc6f881ea7176bdc964a644a036e78b2df5bb1c145eedda33b3627e9ab9e506b3a1bfcb10d",,"2025-01-22T11:30:00.000","30","NO CONTROLS","NO CONTROLS","SNOW","DAYLIGHT","REAR END","DIVIDED - W/MEDIAN (NOT RAISED)",,"STRAIGHT AND LEVEL","SNOW OR SLUSH","NO DEFECTS","NOT ON SCENE (DESK REPORT)","NO INJURY / DRIVE AWAY",,,"Y","$500 OR LESS","2025-01-22T15:00:00.000","FAILING TO REDUCE SPEED TO AVOID CRASH","FAILING TO REDUCE SPEED TO AVOID CRASH","5253","S","ASHLAND AVE","934",,,,,,,"2","NO INDICATION OF INJURY","0","0","0","0","0","2","0","11","4","1","41.7979365027","-87.6645405259","POINT (-87.664540525923 41.797936502703)"
"17e86865a36d9b4df3bbadd3b2a06181b8e5f4bd0a6e32ad046362a0e9d101ab96a0bb52d89391cf436576d2cee2e60fcd8ca6b95612bfa0dff7e96fb5872e14",,"2025-01-22T11:28:00.000","30","TRAFFIC SIGNAL","FUNCTIONING PROPERLY","SNOW","DAYLIGHT","REAR END","NOT DIVIDED",,"STRAIGHT AND LEVEL","SNOW OR SLUSH","NO DEFECTS","ON SCENE","NO INJURY / DRIVE AWAY","Y",,,"$501 - $1,500","2025-01-22T11:28:00.000","DISREGARDING TRAFFIC SIGNALS","FAILING TO REDUCE SPEED TO AVOID CRASH","2950","W","DEVON AVE","2412",,,,,,,"2","NO INDICATION OF INJURY","0","0","0","0","0","2","0","11","4","1","41.9975915966","-87.7041185318","POINT (-87.704118531835 41.997591596581)"
"f95413298c1a0bda1f60988487062df5975f356fadc2b5b1037d886fb666c87b794a8ab462d25fbaf410d6e2c2af1402320a5b21cda65ec948b92579e5514bc2",,"2025-01-22T11:25:00.000","30","TRAFFIC SIGNAL","FUNCTIONING PROPERLY","SNOW","DAYLIGHT","FIXED OBJECT","FOUR WAY",,"STRAIGHT AND LEVEL","SNOW OR SLUSH","NO DEFECTS","ON SCENE","INJURY AND / OR TOW DUE TO CRASH","Y",,,"OVER $1,500","2025-01-22T11:33:00.000","WEATHER","UNABLE TO DETERMINE","8300","S","DAMEN AVE","614",,,,,,,"1","NO INDICATION OF INJURY","0","0","0","0","0","1","0","11","4","1","41.7428499806","-87.673107363","POINT (-87.673107362988 41.742849980643)"
"70f3ade18d31300a367a44acf9fa703998d0af76e544a1314b6c7ae7b50a95f99808b272eac68b3315e78946e9bf0a8b07bed26515c528df0b4648386ec663a6",,"2025-01-22T11:20:00.000","35","NO CONTROLS","NO CONTROLS","SNOW","DAYLIGHT","REAR END","DIVIDED - W/MEDIAN BARRIER",,"STRAIGHT AND LEVEL","SNOW OR SLUSH","NO DEFECTS","ON SCENE","NO INJURY / DRIVE AWAY",,,,"$501 - $1,500","2025-01-22T11:21:00.000","WEATHER","NOT APPLICABLE","5615","S","HARLEM AVE","811",,,,,,,"2","NO INDICATION OF INJURY","0","0","0","0","0","2","0","11","4","1","41.7896473265","-87.8012858227","POINT (-87.801285822745 41.789647326498)"
"e5d13617827229e748c0ac7f85255a60c098df955ca5e62f9e9eec37ec631de8256500598787b1b251bc3c4269608517f460f6c02cde9a36d073ded5d38c514c",,"2025-01-22T11:20:00.000","30","NO CONTROLS","NO CONTROLS","BLOWING SNOW","DAYLIGHT","REAR END","NOT DIVIDED",,"STRAIGHT AND LEVEL","SNOW OR SLUSH","NO DEFECTS","ON SCENE","INJURY AND / OR TOW DUE TO CRASH",,,,"OVER $1,500","2025-01-22T11:30:00.000","WEATHER","NOT APPLICABLE","3606","N","LINCOLN AVE","1922",,,,,,,"2","REPORTED, NOT EVIDENT","1","0","0","0","1","1","0","11","4","1","41.947218237","-87.6740991557","POINT (-87.674099155665 41.947218237007)"
"b505a0869917f77c533de3426fe6eda90e3c6c523d3c176f85cb121b04971f11a95232678e06573ea48735a9f4884408627505e8fcad0dde6946fb97c0144b25",,"2025-01-22T11:18:00.000","30","PEDESTRIAN CROSSING SIGN","FUNCTIONING PROPERLY","SNOW","DAYLIGHT","PEDESTRIAN","OTHER",,"STRAIGHT AND LEVEL","SNOW OR SLUSH","UNKNOWN","ON SCENE","INJURY AND / OR TOW DUE TO CRASH",,,,"OVER $1,500","2025-01-22T11:21:00.000","DISREGARDING OTHER TRAFFIC SIGNS","WEATHER","3202","S","STATE ST","211",,,,,,,"2","NONINCAPACITATING INJURY","2","0","0","1","1","3","0","11","4","1","41.8363060018","-87.6268845663","POINT (-87.62688456633 41.836306001799)"
"f62334e2bb762a8b0f0ae9063b4bc016e7a151ba0534415bb957885e8266dd296be7100a0357991a8aade0a6a1703e3ac4ed30c6246a9ee93b274e8f6e7c16eb",,"2025-01-22T11:18:00.000","30","TRAFFIC SIGNAL","FUNCTIONING PROPERLY","SNOW","DAYLIGHT","REAR END","NOT DIVIDED",,"STRAIGHT ON GRADE","SNOW OR SLUSH","NO DEFECTS","NOT ON SCENE (DESK REPORT)","INJURY AND / OR TOW DUE TO CRASH",,,,"OVER $1,500","2025-01-22T11:30:00.000","FOLLOWING TOO CLOSELY","FOLLOWING TOO CLOSELY","8700","S","HOLLAND RD","634",,,,,,,"2","REPORTED, NOT EVIDENT","1","0","0","0","1","1","0","11","4","1","41.7358672646","-87.6327948012","POINT (-87.632794801154 41.735867264645)"
"b55f380595b97fe9211cdf4e95f68a25cebd33cf4beb624c178b58daa8202bbac4ff25062a69ad78cd8b3a601dbb2335eb59994210f8d8889cb212f7b54453f9",,"2025-01-22T11:15:00.000","30","TRAFFIC SIGNAL","FUNCTIONING PROPERLY","SNOW","DAYLIGHT","FIXED OBJECT","ONE-WAY",,"STRAIGHT AND LEVEL","SNOW OR SLUSH","NO DEFECTS","ON SCENE","INJURY AND / OR TOW DUE TO CRASH",,,,"OVER $1,500","2025-01-22T11:24:00.000","UNABLE TO DETERMINE","UNABLE TO DETERMINE","4300","S","LA SALLE ST","215",,,,,,,"1","NO INDICATION OF INJURY","0","0","0","0","0","1","0","11","4","1","41.8164388049","-87.6295865961","POINT (-87.629586596136 41.816438804918)"
"96905161a590841f62ed2d647538cb81ee7f2f32be5f503878dbbc0cf6738e7ea92360983127ae440a245ebf6117148c675bba69fa3a26dffaa491e4d1767910",,"2025-01-22T11:10:00.000","0","UNKNOWN","UNKNOWN","UNKNOWN","DAYLIGHT","PARKED MOTOR VEHICLE","NOT DIVIDED",,"STRAIGHT AND LEVEL","UNKNOWN","UNKNOWN","NOT ON SCENE (DESK REPORT)","NO INJURY / DRIVE AWAY",,,,"OVER $1,500","2025-01-22T11:40:00.000","FOLLOWING TOO CLOSELY","NOT APPLICABLE","1554","E","55TH ST","234",,,,,,,"2","NO INDICATION OF INJURY","0","0","0","0","0","1","0","11","4","1","41.7952973181","-87.5878225555","POINT (-87.587822555467 41.79529731814)"
"6bbd006174051e7152e275fa7ea8396c599e42d0e47295180cd77d731db47eb9ac90ba1b5d7c9766f9ec2edfb01b91161fcf94ac284c8423e9494eacd8623676",,"2025-01-22T11:03:00.000","30","NO CONTROLS","NO CONTROLS","SNOW","DAYLIGHT","REAR END","NOT DIVIDED",,"STRAIGHT AND LEVEL","WET","NO DEFECTS","ON SCENE","NO INJURY / DRIVE AWAY",,,,"$500 OR LESS","2025-01-22T11:03:00.000","WEATHER","NOT APPLICABLE","11300","S","WENTWORTH AVE","522",,,,,,,"2","NO INDICATION OF INJURY","0","0","0","0","0","2","0","11","4","1","41.6888459803","-87.6279443482","POINT (-87.627944348178 41.688845980259)"
"e4a017637a00ee40b3565d88451c4ea5f5eec8928f378a64150e321ab78b9a8cb22195f05f8882aead3c577abb9ab86ce4de5ab628a30b672b5aeb7b5a674379",,"2025-01-22T11:02:00.000","30","NO CONTROLS","OTHER","SLEET/HAIL","DAYLIGHT","PEDESTRIAN","T-INTERSECTION",,"STRAIGHT AND LEVEL","SNOW OR SLUSH","NO DEFECTS","ON SCENE","INJURY AND / OR TOW DUE TO CRASH",,,"Y","OVER $1,500","2025-01-22T11:05:00.000","FAILING TO YIELD RIGHT-OF-WAY","UNABLE TO DETERMINE","5129","W","NORTH AVE","2533",,,,,,,"2","REPORTED, NOT EVIDENT","1","0","0","0","1","1","0","11","4","1","41.9094062645","-87.7546486685","POINT (-87.754648668493 41.909406264493)"
"15e845dd9a916a0129d32a3df8f9fe6da5cef66351b7add980093055f9092600866750752f447add93d99ea9bf8b2e7413cca756550219c9889e462089d95eba",,"2025-01-22T11:00:00.000","0","STOP SIGN/FLASHER","FUNCTIONING PROPERLY","CLEAR","DAYLIGHT","REAR END","DIVIDED - W/MEDIAN (NOT RAISED)",,"STRAIGHT AND LEVEL","SNOW OR SLUSH","NO DEFECTS","NOT ON SCENE (DESK REPORT)","NO INJURY / DRIVE AWAY",,,,"OVER $1,500","2025-01-22T11:00:00.000","WEATHER","NOT APPLICABLE","6901","S","COTTAGE GROVE AVE","321",,,,,,,"2","NO INDICATION OF INJURY","0","0","0","0","0","3","0","11","4","1","41.7694548714","-87.6055370072","POINT (-87.605537007247 41.769454871398)"
"45a1b61455f67922061caea0debdd096439465db102c17d617e1e1889ae4359446c18fc1e3ab1634e9ef7052a0d800bad5a5743b227ea85365995ed5527a72d9",,"2025-01-22T11:00:00.000","30","UNKNOWN","UNKNOWN","UNKNOWN","UNKNOWN","REAR END","NOT DIVIDED",,"STRAIGHT AND LEVEL","UNKNOWN","UNKNOWN","NOT ON SCENE (DESK REPORT)","NO INJURY / DRIVE AWAY",,,,"OVER $1,500","2025-01-22T12:00:00.000","UNABLE TO DETERMINE","UNABLE TO DETERMINE","4958","S","ASHLAND AVE","931",,,,,,,"2","NO INDICATION OF INJURY","0","0","0","0","0","3","0","11","4","1","41.8032186639","-87.6649737981","POINT (-87.664973798142 41.803218663925)"