"crash_record_id","crash_date_est_i","crash_date","posted_speed_limit","traffic_control_device","device_condition","weather_condition","lighting_condition","first_crash_type","trafficway_type","lane_cnt","alignment","roadway_surface_cond","road_defect","report_type","crash_type","intersection_related_i","private_property_i","hit_and_run_i","damage","date_police_notified","prim_contributory_cause","sec_contributory_cause","street_no","street_direction","street_name","beat_of_occurrence","photos_taken_i","statements_taken_i","dooring_i","work_zone_i","work_zone_type","workers_present_i","num_units","most_severe_injury","injuries_total","injuries_fatal","injuries_incapacitating","injuries_non_incapacitating","injuries_reported_not_evident","injuries_no_indication","injuries_unknown","crash_hour","crash_day_of_week","crash_month","latitude","longitude","location"
"46b9e666fd9e2fc0d306c01b0935c3e616cb7127abbe5aac3dec6a87e135e0282b1c6c1440c317da516e5a4b7bb29ab90d4fe6be6c77400e58a86c95f4098ab4",,"2025-01-22T11:00:00.000","10","NO CONTROLS","NO CONTROLS","CLEAR","DAYLIGHT","PARKED MOTOR VEHICLE","NOT DIVIDED",,"STRAIGHT AND LEVEL","DRY","NO DEFECTS","NOT ON SCENE (DESK REPORT)","NO INJURY / DRIVE AWAY",,,"Y","OVER $1,500","2025-01-23T14:20:00.000","UNABLE TO DETERMINE","UNABLE TO DETERMINE","5401","S","SHORE DR","234",,,,,,,"3","NO INDICATION OF INJURY","0","0","0","0","0","1","0","11","4","1","41.7981515533","-87.5820587653","POINT (-87.582058765324 41.798151553312)"
"8c99b469474fa4902f0f3bf5bf63c43538b7a52e99689637189e1d154dc71085c6ee35800acb737fd49469b0b2146cdb6ab55253e2464f65238e4159eb297dc4",,"2025-01-22T11:00:00.000","30","TRAFFIC SIGNAL","NO CONTROLS","SNOW","DAYLIGHT","REAR END","FOUR WAY",,"STRAIGHT AND LEVEL","WET","NO DEFECTS","NOT ON SCENE (DESK REPORT)","NO INJURY / DRIVE AWAY",,,,"$500 OR LESS","2025-01-22T11:30:00.000","FOLLOWING TOO CLOSELY","UNABLE TO DETERMINE","8701","S","COTTAGE GROVE AVE","632",,,,,,,"2","NO INDICATION OF INJURY","0","0","0","0","0","3","0","11","4","1","41.736606078","-87.6046750609","POINT (-87.604675060925 41.736606078032)"
"e0febb92965236ebce0396a88c451ab9750ea4a1628fac9613f3e572bbf8bc1fbcb7c08d96bd8b1b06387824e8b441190d0de13256182c5dc47ff80f78504db0",,"2025-01-22T10:59:00.000","30","NO CONTROLS","NO CONTROLS","SNOW","DAYLIGHT","FIXED OBJECT","NOT DIVIDED",,"STRAIGHT ON GRADE","SNOW OR SLUSH","NO DEFECTS","ON SCENE","INJURY AND / OR TOW DUE TO CRASH",,,,"OVER $1,500","2025-01-22T10:59:00.000","WEATHER","NOT APPLICABLE","3853","S","WESTERN AVE","911",,,,,,,"1","INCAPACITATING INJURY","1","0","1","0","0","0","0","10","4","1","41.8232152464","-87.6847450893","POINT (-87.684745089304 41.823215246421)"
"a6b11069baaa83f9df6e2e41d3bf617ad1ad4d0d55ed9c09df722f8a9be2bdf428150af236855e839e0a965fcca2ebb79a3ab1c34210a82b7f397fe048af0994",,"2025-01-22T10:53:00.000","30","TRAFFIC SIGNAL","FUNCTIONING PROPERLY","SNOW","DAYLIGHT","REAR END","DIVIDED - W/MEDIAN (NOT RAISED)",,"STRAIGHT AND LEVEL","SNOW OR SLUSH","UNKNOWN","ON SCENE","NO INJURY / DRIVE AWAY",,,,"OVER $1,500","2025-01-22T10:57:00.000","UNABLE TO DETERMINE","UNABLE TO DETERMINE","3142","W","79TH ST","835",,,,,,,"2","NO INDICATION OF INJURY","0","0","0","0","0","5","0","10","4","1","41.7499510641","-87.7017080264","POINT (-87.701708026354 41.749951064143)"
"7e01fc2d019d4756a953b98337c1a3e7081c5d5dfec66c95e60816fb0fab5aedf8eaa748a72b3c266511e062b7f1c55c4b30d051bb8f283dd262f6f7138ca49b",,"2025-01-22T10:50:00.000","30","TRAFFIC SIGNAL","FUNCTIONING PROPERLY","SNOW","DAYLIGHT","FIXED OBJECT","DIVIDED - W/MEDIAN (NOT RAISED)",,"STRAIGHT AND LEVEL","ICE","OTHER","ON SCENE","INJURY AND / OR TOW DUE TO CRASH",,,,"OVER $1,500","2025-01-22T10:50:00.000","WEATHER","DRIVING SKILLS/KNOWLEDGE/EXPERIENCE","1600","E","95TH ST","413",,,,,,,"1","REPORTED, NOT EVIDENT","1","0","0","0","1","0","0","10","4","1","41.722449457","-87.5850035691","POINT (-87.585003569109 41.722449457011)"
"e1bf6280906bbe175e8295cc7559a7f6149e6b7206331c3bb259097fbd871d705950efca5b3677d7f3d5f45ffb179b708b98ed2ed0173f6844e561b03836d1b2",,"2025-01-22T10:48:00.000","30","STOP SIGN/FLASHER","FUNCTIONING PROPERLY","SNOW","DAYLIGHT","TURNING","T-INTERSECTION",,"STRAIGHT AND LEVEL","SNOW OR SLUSH","UNKNOWN","ON SCENE","INJURY AND / OR TOW DUE TO CRASH","Y",,,"OVER $1,500","2025-01-22T10:50:00.000","FAILING TO YIELD RIGHT-OF-WAY","NOT APPLICABLE","5324","N","ELSTON AVE","1623",,,,,,,"2","NO INDICATION OF INJURY","0","0","0","0","0","2","0","10","4","1","41.9779058264","-87.7563012621","POINT (-87.756301262075 41.977905826391)"
"c6f114827d209df15118ea2e6f1576ad53c03746c96edb76cc799199c5be53d9d8099c8e833a20826047724ea252e7a1fe1d4c52adc21750631226ec1bc9af92",,"2025-01-22T10:45:00.000","30","TRAFFIC SIGNAL","FUNCTIONING PROPERLY","SNOW","DAYLIGHT","REAR END","DIVIDED - W/MEDIAN BARRIER",,"STRAIGHT AND LEVEL","SNOW OR SLUSH","NO DEFECTS","NOT ON SCENE (DESK REPORT)","NO INJURY / DRIVE AWAY","Y",,,"OVER $1,500","2025-01-22T11:02:00.000","WEATHER","NOT APPLICABLE","511","S","LOWER WACKER DR","123",,,,,,,"2","NO INDICATION OF INJURY","0","0","0","0","0","2","0","10","4","1","41.8754127252","-87.6355508123","POINT (-87.635550812321 41.875412725199)"
"e9f16a1ae7794d66fb6885222d67791e2d18150d13b0c30b6efc0894c4479b5155888e834e85e280b7f306046ea426ce8c2e88a491c657c00e36fc8a51f34145",,"2025-01-22T10:45:00.000","30","NO CONTROLS","NO CONTROLS","SNOW","DAYLIGHT","HEAD ON","NOT DIVIDED",,"STRAIGHT AND LEVEL","WET","NO DEFECTS","ON SCENE","NO INJURY / DRIVE AWAY",,,,"$500 OR LESS","2025-01-22T11:11:00.000","IMPROPER LANE USAGE","PHYSICAL CONDITION OF DRIVER","2451","N","ASHLAND AVE","1932",,,,,,,"2","NO INDICATION OF INJURY","0","0","0","0","0","2","0","10","4","1","41.9266700746","-87.6680515725","POINT (-87.668051572501 41.926670074574)"
"ee3dc779b6b204322e76ad674fe15f1d53195f9eae9fae09f3938895ad7735fcf6b6dc2141f665b8f4284f5b65e938cd37044b6cfa377f52a0d47d57403169f5",,"2025-01-22T10:45:00.000","30","NO CONTROLS","NO CONTROLS","SNOW","DAYLIGHT","REAR END","DIVIDED - W/MEDIAN (NOT RAISED)",,"STRAIGHT AND LEVEL","SNOW OR SLUSH","NO DEFECTS","NOT ON SCENE (DESK REPORT)","NO INJURY / DRIVE AWAY",,,,"OVER $1,500","2025-01-22T15:44:00.000","FOLLOWING TOO CLOSELY","NOT APPLICABLE","2260","S","BLUE ISLAND AVE","1034",,,,,,,"2","NO INDICATION OF INJURY","0","0","0","0","0","2","0","10","4","1","41.8511656488","-87.6692442704","POINT (-87.669244270351 41.851165648769)"
"c7ac3d736148c157199031dc2baa53d9804d0f7ee7a3b6088ad19561b4d7fa6eafe0d96d1920e63ea45dc1c25766efddaa115a7fdeb69ee9c8986a85ea3f3871",,"2025-01-22T10:40:00.000","30","NO CONTROLS","NO CONTROLS","SNOW","DAYLIGHT","PARKED MOTOR VEHICLE","NOT DIVIDED",,"STRAIGHT AND LEVEL","SNOW OR SLUSH","UNKNOWN","ON SCENE","NO INJURY / DRIVE AWAY",,,,"OVER $1,500","2025-01-23T09:40:00.000","WEATHER","WEATHER","2347","S","KOSTNER AVE","1013",,,,,,,"2","NO INDICATION OF INJURY","0","0","0","0","0","1","0","10","4","1","41.8480849879","-87.7342543247","POINT (-87.734254324678 41.848084987914)"
"0c13a7abe654137ad20a4db4b9efb8525c50517cb6e987ab2804e3860403d8c554aa96829f8f477fe8e52235993ba3a9c152816f9c9bd55a27490f875002494f",,"2025-01-22T10:35:00.000","30","UNKNOWN","UNKNOWN","CLEAR","DAYLIGHT","SIDESWIPE SAME DIRECTION","FOUR WAY",,"STRAIGHT AND LEVEL","UNKNOWN","UNKNOWN","NOT ON SCENE (DESK REPORT)","NO INJURY / DRIVE AWAY","Y",,,"OVER $1,500","2025-01-22T19:10:00.000","UNABLE TO DETERMINE","UNABLE TO DETERMINE","34","W","ERIE ST","1832",,,,,,,"2","NO INDICATION OF INJURY","0","0","0","0","0","2","0","10","4","1","41.894163421","-87.6295560003","POINT (-87.629556000277 41.894163421044)"
"5e36afcc35285dbc9b378a1a2bd55cee0ab909af47906b6897f77aed170d7d914350fbfc063c992848048507bad22428bb35a5fd0cb5b6399b90ed877b5fbe0a",,"2025-01-22T10:35:00.000","30","TRAFFIC SIGNAL","FUNCTIONING PROPERLY","SNOW","DAYLIGHT","TURNING","ONE-WAY",,"STRAIGHT AND LEVEL","WET","UNKNOWN","NOT ON SCENE (DESK REPORT)","NO INJURY / DRIVE AWAY",,,,"OVER $1,500","2025-01-22T12:40:00.000","IMPROPER OVERTAKING/PASSING","IMPROPER LANE USAGE","35","W","ERIE ST","1832",,,,,,,"2","NO INDICATION OF INJURY","0","0","0","0","0","3","0","10","4","1","41.8939431267","-87.629636121","POINT (-87.629636121002 41.893943126653)"
"12c085e05eec8e51177fbdeca5e8c50e37b45727e738a95327c7fea7d85698986304fcb4ff5e1cfaa51b82aecf56a5b12d689aa3796388f4f96a2d858be1935f",,"2025-01-22T10:30:00.000","30","TRAFFIC SIGNAL","FUNCTIONING PROPERLY","SNOW","DAYLIGHT","TURNING","L-INTERSECTION",,"STRAIGHT AND LEVEL","SNOW OR SLUSH","NO DEFECTS","NOT ON SCENE (DESK REPORT)","NO INJURY / DRIVE AWAY","Y",,,"OVER $1,500","2025-01-22T12:00:00.000","WEATHER","DRIVING SKILLS/KNOWLEDGE/EXPERIENCE","2600","S","HALSTED ST","913",,,,,,,"2","NO INDICATION OF INJURY","0","0","0","0","0","2","0","10","4","1","41.8452853968","-87.6465950786","POINT (-87.646595078608 41.845285396803)"
"346d5bfd43829ead912bb507853a910fafee505bb3e9dd60e0d28e777f012a26d7df23314f7f4c89d191fc0ade86563421db7bf12c307470fdaa9fab457a3f58",,"2025-01-22T10:30:00.000","30","TRAFFIC SIGNAL","FUNCTIONING PROPERLY","SNOW","DAYLIGHT","TURNING","FOUR WAY",,"STRAIGHT AND LEVEL","SNOW OR SLUSH","NO DEFECTS","ON SCENE","NO INJURY / DRIVE AWAY",,,,"OVER $1,500","2025-01-22T11:50:00.000","HAD BEEN DRINKING (USE WHEN ARREST IS NOT MADE)","NOT APPLICABLE","6900","S","WESTERN AVE","832",,,,,,,"2","NO INDICATION OF INJURY","0","0","0","0","0","2","0","10","4","1","41.7682384769","-87.6834869571","POINT (-87.68348695709 41.76823847692)"
"3692c71ac6bb5b6d32a24d2fc6cbca6829700073a49581928f59b62072df074ebd7d16d37ed496dd3d85a27db6164fcfa5de4b9343c9b949671ecec166589952",,"2025-01-22T10:30:00.000","30","TRAFFIC SIGNAL","FUNCTIONING PROPERLY","SNOW","DAYLIGHT","REAR END","NOT DIVIDED",,"STRAIGHT AND LEVEL","SNOW OR SLUSH","NO DEFECTS","NOT ON SCENE (DESK REPORT)","NO INJURY / DRIVE AWAY",,,"Y","$501 - $1,500","2025-01-22T14:40:00.000","UNABLE TO DETERMINE","NOT APPLICABLE","3400","W","GRAND AVE","1121",,,,,,,"2","NO INDICATION OF INJURY","0","0","0","0","0","2","0","10","4","1","41.8998219477","-87.7114386571","POINT (-87.711438657065 41.899821947712)"
"3d57f83af74b66ca5e508cdcebd4a5273070364a2e31c156a1036ac94faafea450596a1e2220c914c07582fc12e255bdd8f80b293ce72cc0b6b186d6593a1d83",,"2025-01-22T10:30:00.000","10","NO CONTROLS","NO CONTROLS","SNOW","DAYLIGHT","PARKED MOTOR VEHICLE","PARKING LOT",,"STRAIGHT AND LEVEL","WET","NO DEFECTS","NOT ON SCENE (DESK REPORT)","NO INJURY / DRIVE AWAY",,,"Y","OVER $1,500","2025-01-22T11:30:00.000","UNABLE TO DETERMINE","UNABLE TO DETERMINE","5635","S","ARCHER AVE","814",,,,,,,"2","NO INDICATION OF INJURY","0","0","0","0","0","1","0","10","4","1","41.7972837983","-87.7514669357","POINT (-87.751466935729 41.797283798329)"
"b5af9d044416acaa82e91d205afbe49abd290aefc6dd28350af7f16745a187d1534d024420077260919de4f80755a8c508c4be1fef1c044b30d6d03f0d7aa85e",,"2025-01-22T10:30:00.000","30","TRAFFIC SIGNAL","FUNCTIONING PROPERLY","CLEAR","DAYLIGHT","REAR END","DIVIDED - W/MEDIAN (NOT RAISED)",,"STRAIGHT AND LEVEL","WET","NO DEFECTS","NOT ON SCENE (DESK REPORT)","NO INJURY / DRIVE AWAY",,,,"OVER $1,500","2025-01-22T10:30:00.000","FOLLOWING TOO CLOSELY","NOT APPLICABLE","2600","W","TOUHY AVE","2411",,,,,,,"2","NO INDICATION OF INJURY","0","0","0","0","0","2","0","10","4","1","42.012283159","-87.6951084664","POINT (-87.695108466364 42.012283158999)"
"b8a10cd560dd86cce542dfb05c4ee9564f18e162060ac9b6831e941e17ef91bef0de6023c8322e6415871efc704590ccdabb2912473c323c406e720286b47fd8",,"2025-01-22T10:30:00.000","15","NO CONTROLS","NO CONTROLS","SNOW","DAYLIGHT","PARKED MOTOR VEHICLE","PARKING LOT",,"STRAIGHT AND LEVEL","WET","NO DEFECTS","NOT ON SCENE (DESK REPORT)","NO INJURY / DRIVE AWAY",,"Y",,"$501 - $1,500","2025-01-22T15:40:00.000","FOLLOWING TOO CLOSELY","UNABLE TO DETERMINE","825","W","SHERIDAN RD","1923",,,,,,,"2","NO INDICATION OF INJURY","0","0","0","0","0","1","0","10","4","1","41.9526213022","-87.65067083","POINT (-87.650670830029 41.952621302247)"
"dfe9b2fb4aad0758b02f80ba9c25694dae1314ef31ef475f386f9e7f65d2c47fdf7619afebd9cd69f53c4cf95f11e403bd5e35dc8c94de43b1df79750b58ee8e",,"2025-01-22T10:30:00.000","30","NO CONTROLS","NO CONTROLS","SNOW","DAYLIGHT","REAR TO SIDE","PARKING LOT",,"STRAIGHT AND LEVEL","SNOW OR SLUSH","NO DEFECTS","NOT ON SCENE (DESK REPORT)","INJURY AND / OR TOW DUE TO CRASH",,"Y",,"OVER $1,500","2025-01-22T10:59:00.000","FAILING TO YIELD RIGHT-OF-WAY","IMPROPER BACKING","3348","S","PULASKI RD","1031",,,,,,,"2","NO INDICATION OF INJURY","0","0","0","0","0","2","0","10","4","1","41.8321440313","-87.7243959235","POINT (-87.724395923478 41.832144031294)"
"e732d62403f5848c05421c0e692f3f5ed61f827195d31eac37850df2f6484a87f511aff548b6c25683a3e07b7216f63443e799386aa500101cb36bf814354db4",,"2025-01-22T10:28:00.000","30","NO CONTROLS","NO CONTROLS","SNOW","DAYLIGHT","ANGLE","NOT DIVIDED",,"STRAIGHT AND LEVEL","SNOW OR SLUSH","NO DEFECTS","ON SCENE","INJURY AND / OR TOW DUE TO CRASH",,,"Y","OVER $1,500","2025-01-22T10:28:00.000","UNABLE TO DETERMINE","NOT APPLICABLE","4835","S","ASHLAND AVE","933",,,,,,,"2","NO INDICATION OF INJURY","0","0","0","0","0","2","0","10","4","1","41.8057339282","-87.664745668","POINT (-87.664745668046 41.80573392824)"
"2af3f74047f10996bb6cc6bf5ab9cbd56f80c21e578c95cc378e3bda9e68ae3f6ff2a4cc176118d8a13308464f6ba8b727902ec4b335d06d9e5eb9fb8d0b6588",,"2025-01-22T10:26:00.000","15","NO CONTROLS","NO CONTROLS","SNOW","DAYLIGHT","REAR TO FRONT","PARKING LOT",,"STRAIGHT ON HILLCREST","SNOW OR SLUSH","NO DEFECTS","ON SCENE","NO INJURY / DRIVE AWAY",,"Y","Y","$501 - $1,500","2025-01-22T10:27:00.000","IMPROPER BACKING","NOT APPLICABLE","200","E","HURON ST","1834",,,,,,,"2","NO INDICATION OF INJURY","0","0","0","0","0","2","0","10","4","1","41.8950856049","-87.622648044","POINT (-87.622648044026 41.895085604868)"
"f7f9c9be4be276307f8be0434670290e673bd273f5af553bbe956e96a3b4536bf6fb4b5306be54736f416e6c08ec20f30ad9702ca0027058f38ec45e93a7b682",,"2025-01-22T10:25:00.000","30","NO CONTROLS","NO CONTROLS","SNOW","DAYLIGHT","TURNING","T-INTERSECTION",,"STRAIGHT AND LEVEL","ICE","UNKNOWN","ON SCENE","NO INJURY / DRIVE AWAY","Y",,,"OVER $1,500","2025-01-22T10:30:00.000","UNABLE TO DETERMINE","UNABLE TO DETERMINE","6314","S","FRANCISCO AVE","823",,,,,,,"2","NO INDICATION OF INJURY","0","0","0","0","0","3","0","10","4","1","41.7785917553","-87.6959630325","POINT (-87.695963032487 41.778591755346)"
"95dfe5716bbb377de18bc72e929531c8af8e5eaa702d2ca152be0dc6c4ae8e969898a74b3667111fccd35bfa72ec546a9380c37ae0df6613ba74e03b9a3d6d7f",,"2025-01-22T10:20:00.000","25","NO CONTROLS","NO CONTROLS","SNOW","DAYLIGHT","PARKED MOTOR VEHICLE","NOT DIVIDED",,"STRAIGHT AND LEVEL","SNOW OR SLUSH","NO DEFECTS","ON SCENE","NO INJURY / DRIVE AWAY",,,,"$500 OR LESS","2025-01-22T10:28:00.000","UNABLE TO DETERMINE","NOT APPLICABLE","2242","S","PRINCETON AVE","914",,,,,,,"2","NO INDICATION OF INJURY","0","0","0","0","0","1","0","10","4","1","41.8515779431","-87.6349203447","POINT (-87.63492034466 41.851577943096)"
"2b3f9fc59ca979b6b6153626e18916ca4f8daaaea0b92b6344027fa2e8d08fa54d54f3f0d493f691e158a36507b11e32cce19a5f53da77f7b318013742d42e06",,"2025-01-22T10:15:00.000","30","NO CONTROLS","NO CONTROLS","CLEAR","DAYLIGHT","SIDESWIPE SAME DIRECTION","ONE-WAY",,"STRAIGHT AND LEVEL","WET","UNKNOWN","NOT ON SCENE (DESK REPORT)","NO INJURY / DRIVE AWAY",,,,"OVER $1,500","2025-01-22T10:50:00.000","FAILING TO YIELD RIGHT-OF-WAY","UNABLE TO DETERMINE","215","W","OHIO ST","1831",,,,,,,"2","NO INDICATION OF INJURY","0","0","0","0","0","2","0","10","4","1","41.8922707326","-87.6347550031","POINT (-87.634755003073 41.892270732599)"
"5d7c7aa6eccebadfa8211bb7b2787fc2bf89e6b2d02b48f5e50542d742efe19344f09e57d2ed9a5fb10a0c7d579c118c908458bcb923785994bfe6dbe1ef6677",,"2025-01-22T10:15:00.000","30","NO CONTROLS","NO CONTROLS","CLEAR","DAYLIGHT","PARKED MOTOR VEHICLE","NOT DIVIDED",,"STRAIGHT AND LEVEL","DRY","NO DEFECTS","NOT ON SCENE (DESK REPORT)","NO INJURY / DRIVE AWAY",,,"Y","OVER $1,500","2025-01-23T10:45:00.000","UNABLE TO DETERMINE","UNABLE TO DETERMINE","5513","W","AUGUSTA BLVD","1524",,,,,,,"2","NO INDICATION OF INJURY","0","0","0","0","0","1","0","10","4","1","41.8983978504","-87.7642785743","POINT (-87.764278574333 41.898397850421)"
"94b670f615b283f85c4aebf10677c321a892da123b9b49fe00318a2a5a85ee984dd7439d95589ee9f5937c8ac9c58b7e1d691a061fe15bc6f4d14d3809605579",,"2025-01-22T10:12:00.000","30","STOP SIGN/FLASHER","NO CONTROLS","BLOWING SNOW","DAYLIGHT","ANGLE","FOUR WAY",,"STRAIGHT AND LEVEL","SNOW OR SLUSH","UNKNOWN","ON SCENE","INJURY AND / OR TOW DUE TO CRASH","Y",,,"OVER $1,500","2025-01-22T10:12:00.000","FAILING TO YIELD RIGHT-OF-WAY","FAILING TO YIELD RIGHT-OF-WAY","7500","S","GREENWOOD AVE","624",,,,,,,"2","NO INDICATION OF INJURY","0","0","0","0","0","2","0","10","4","1","41.7585019006","-87.5982253688","POINT (-87.598225368754 41.758501900583)"
"10d87ca25c583b87f64483cda97321cb48b5e6715ce1d779c24147b5edc9c7c5b8f62acbf2d9184e48ed1201dd8d25fc3319edfce1038bff80dc7eaf6d7d27ad",,"2025-01-22T10:10:00.000","45","NO CONTROLS","NO CONTROLS","SNOW","DAYLIGHT","REAR END","DIVIDED - W/MEDIAN BARRIER",,"STRAIGHT AND LEVEL","ICE","UNKNOWN","ON SCENE","INJURY AND / OR TOW DUE TO CRASH",,,,"OVER $1,500","2025-01-22T10:30:00.000","WEATHER","WEATHER","4800","S","LAKE SHORE DR NB","222",,,,,,,"3","REPORTED, NOT EVIDENT","1","0","0","0","1","6","0","10","4","1","41.808674172","-87.5877170824","POINT (-87.587717082408 41.80867417199)"
"d466dc76c55b29fb23003eb016dc0cb401f82d4c6f374657fd0364feb784c762e931ff366bb2fea9b6072e9cb98169cdc9b07c07215935d00d5416b6a683de96",,"2025-01-22T10:09:00.000","30","NO CONTROLS","NO CONTROLS","SNOW","DAYLIGHT","REAR END","NOT DIVIDED",,"STRAIGHT AND LEVEL","SNOW OR SLUSH","NO DEFECTS","ON SCENE","INJURY AND / OR TOW DUE TO CRASH",,,"Y","OVER $1,500","2025-01-22T10:09:00.000","DISTRACTION - OTHER ELECTRONIC DEVICE (NAVIGATION DEVICE, DVD PLAYER, ETC.)","FOLLOWING TOO CLOSELY","19","S","AUSTIN BLVD","1513",,,,,,,"2","NONINCAPACITATING INJURY","1","0","0","1","0","2","0","10","4","1","41.879460095","-87.774488458","POINT (-87.774488457981 41.879460095023)"
"1120b16246269c6b3c9c867d97d4eeb6d08b451e43c7da07f62fcc66f61549cadfe75bd86e76ce5e515d139bc6b44ec71b4b7cb253a75765e46889f5f7772431",,"2025-01-22T10:07:00.000","30","TRAFFIC SIGNAL","FUNCTIONING PROPERLY","SNOW","DAYLIGHT","FIXED OBJECT","DIVIDED - W/MEDIAN (NOT RAISED)",,"STRAIGHT AND LEVEL","SNOW OR SLUSH","NO DEFECTS","ON SCENE","INJURY AND / OR TOW DUE TO CRASH","Y",,,"OVER $1,500","2025-01-22T10:09:00.000","WEATHER","UNABLE TO DETERMINE","849","W","87TH ST","2222",,,,,,,"1","NO INDICATION OF INJURY","0","0","0","0","0","1","0","10","4","1","41.7359376145","-87.6454510788","POINT (-87.64545107881 41.735937614506)"
"1076314b109aa9e0e02a53616ad6b5dd18974ad01723995e6502beb709d8d60156448cc6aed7a5ec6e6c7c76647576dbe91b42a670ebfde250dee02d6cab239b",,"2025-01-22T10:00:00.000","10","NO CONTROLS","NO CONTROLS","SNOW","DAYLIGHT","REAR END","OTHER",,"STRAIGHT AND LEVEL","UNKNOWN","UNKNOWN","NOT ON SCENE (DESK REPORT)","NO INJURY / DRIVE AWAY",,,,"OVER $1,500","2025-01-22T10:38:00.000","UNABLE TO DETERMINE","UNABLE TO DETERMINE","1743","W","LAWRENCE AVE","1912",,,,,,,"2","NO INDICATION OF INJURY","0","0","0","0","0","2","0","10","4","1","41.9687307336","-87.6726720328","POINT (-87.672672032757 41.968730733567)"
"1fe989b4a3af4c01634d29daf5b34484c41a5563222517ae3aae8771857a821fafd7de8b4d38bafacec3b3f05f4cdbe962601de561dacfa9486a5011110fdd80",,"2025-01-22T10:00:00.000","30","NO CONTROLS","NO CONTROLS","UNKNOWN","DARKNESS","PARKED MOTOR VEHICLE","ONE-WAY",,"STRAIGHT AND LEVEL","UNKNOWN","UNKNOWN","NOT ON SCENE (DESK REPORT)","INJURY AND / OR TOW DUE TO CRASH",,,"Y","OVER $1,500","2025-01-22T13:15:00.000","UNABLE TO DETERMINE","UNABLE TO DETERMINE","1145","S","MASON AVE","1513",,,,,,,"2","NO INDICATION OF INJURY","0","0","0","0","0","1","0","10","4","1","41.8659697165","-87.7727713687","POINT (-87.772771368729 41.865969716526)"
"6c46fbb2e0b63516337ef89c21584e52a9359bf9dff065350a7f27819af16c93c59812e2897fc77e64eda3a6bea0fd205932fcb70337eaf0d1e28db92c436e93",,"2025-01-22T10:00:00.000","35","NO CONTROLS","NO CONTROLS","SNOW","DAYLIGHT","REAR END","NOT DIVIDED",,"STRAIGHT AND LEVEL","SNOW OR SLUSH","NO DEFECTS","ON SCENE","NO INJURY / DRIVE AWAY",,,"Y","OVER $1,500","2025-01-22T10:10:00.000","FAILING TO REDUCE SPEED TO AVOID CRASH","WEATHER","2531","W","59TH ST","824",,,,,,,"2","NO INDICATION OF INJURY","0","0","0","0","0","5","0","10","4","1","41.7863954495","-87.6874336749","POINT (-87.687433674885 41.786395449484)"
"9da9c35faf53b47dfa6c8e8174f3070ecafa7e93f274fa95db11ad7ae7c5f63282d59c4185a975042084f663050b0a77a5274337b16e968cc02721d7b63cf834",,"2025-01-22T10:00:00.000","30","NO CONTROLS","NO CONTROLS","SNOW","DAYLIGHT","FIXED OBJECT","DIVIDED - W/MEDIAN (NOT RAISED)",,"STRAIGHT AND LEVEL","ICE","NO DEFECTS","ON SCENE","NO INJURY / DRIVE AWAY",,,,"OVER $1,500","2025-01-22T12:06:00.000","UNABLE TO DETERMINE","UNABLE TO DETERMINE","4153","W","76TH ST","833",,,,,,,"1","NO INDICATION OF INJURY","0","0","0","0","0","1","0","10","4","1","41.7549106571","-87.7261966653","POINT (-87.726196665337 41.754910657076)"
"ac3adbeeb7b3317eb6399513f67ff616ff0e6403774ebf8e9a670e017d1d5f67e557f5d7c0104c31a7bf92c20c705faafc913ef0df064eac8d852ee7dc22d2fa",,"2025-01-22T10:00:00.000","30","TRAFFIC SIGNAL","UNKNOWN","CLEAR","DAYLIGHT","TURNING","NOT DIVIDED",,"STRAIGHT AND LEVEL","SNOW OR SLUSH","UNKNOWN","NOT ON SCENE (DESK REPORT)","NO INJURY / DRIVE AWAY",,,,"$501 - $1,500","2025-01-22T14:55:00.000","UNABLE TO DETERMINE","NOT APPLICABLE","10300","S","KEDZIE AVE","2211",,,,,,,"2","NO INDICATION OF INJURY","0","0","0","0","0","2","0","10","4","1","41.7060829595","-87.7014667184","POINT (-87.701466718439 41.706082959543)"
"b059db6cc2cf05fa202c43341759baeb8334cdd5ae63ab2ff07c610ee36fb91b53844954408ab2bcaec7beeb5053ee032d16457e492eb5a84e1432c45150516a",,"2025-01-22T10:00:00.000","45","NO CONTROLS","NO CONTROLS","SNOW","DAYLIGHT","REAR END","DIVIDED - W/MEDIAN BARRIER",,"CURVE, LEVEL","SNOW OR SLUSH","NO DEFECTS","ON SCENE","INJURY AND / OR TOW DUE TO CRASH",,,,"OVER $1,500","2025-01-22T10:00:00.000","UNABLE TO DETERMINE","UNABLE TO DETERMINE","4401","S","LAKE SHORE DR NB","222",,,,,,,"2","NO INDICATION OF INJURY","0","0","0","0","0","3","0","10","4","1","41.8151289219","-87.5932546755","POINT (-87.593254675452 41.815128921852)"
"cb28f74f21879203669406645522d09f54ba3c15677822b7cca4f298a8ea68b74d90251dc0dc38f8d70dd1c134f6199e14124675a385386a0b71d100b41fa106",,"2025-01-22T09:57:00.000","30","TRAFFIC SIGNAL","FUNCTIONING PROPERLY","SNOW","DAYLIGHT","ANGLE","TRAFFIC ROUTE",,"STRAIGHT AND LEVEL","SNOW OR SLUSH","NO DEFECTS","ON SCENE","INJURY AND / OR TOW DUE TO CRASH","Y",,,"OVER $1,500","2025-01-22T10:00:00.000","DISREGARDING TRAFFIC SIGNALS","UNABLE TO DETERMINE","500","S","CALIFORNIA AVE","1135",,,,,,,"3","NO INDICATION OF INJURY","0","0","0","0","0","4","0","9","4","1","41.8748397676","-87.6962715652","POINT (-87.696271565241 41.874839767646)"