"crash_record_id","crash_date_est_i","crash_date","posted_speed_limit","traffic_control_device","device_condition","weather_condition","lighting_condition","first_crash_type","trafficway_type","lane_cnt","alignment","roadway_surface_cond","road_defect","report_type","crash_type","intersection_related_i","private_property_i","hit_and_run_i","damage","date_police_notified","prim_contributory_cause","sec_contributory_cause","street_no","street_direction","street_name","beat_of_occurrence","photos_taken_i","statements_taken_i","dooring_i","work_zone_i","work_zone_type","workers_present_i","num_units","most_severe_injury","injuries_total","injuries_fatal","injuries_incapacitating","injuries_non_incapacitating","injuries_reported_not_evident","injuries_no_indication","injuries_unknown","crash_hour","crash_day_of_week","crash_month","latitude","longitude","location"
"440f661a0e1049401630c7351c033f3262c4f193594a3b0d11380d1a0e039c539304fb78c50af7c8d06827e0a2745b640035ba75840fb6653c91d91a21029d0d",,"2025-01-22T09:55:00.000","30","NO CONTROLS","NO CONTROLS","SNOW","DAYLIGHT","REAR END","NOT DIVIDED",,"STRAIGHT AND LEVEL","SNOW OR SLUSH","NO DEFECTS","ON SCENE","NO INJURY / DRIVE AWAY",,,,"OVER $1,500","2025-01-22T09:57:00.000","FAILING TO REDUCE SPEED TO AVOID CRASH","NOT APPLICABLE","4734","W","DIVERSEY AVE","2521",,,,,,,"3","NO INDICATION OF INJURY","0","0","0","0","0","3","0","9","4","1","41.9316569444","-87.7455603593","POINT (-87.745560359259 41.931656944443)"
"d0d61ffbc465827297394ead9fd3594fab028936bed48ec6fd82981a7aaa7d450c37903a0bdc96436c11915c59ca46ddbfc2f950be7d3470522a7502442f24d1",,"2025-01-22T09:45:00.000","30","TRAFFIC SIGNAL","FUNCTIONING PROPERLY","SNOW","DAYLIGHT","TURNING","NOT DIVIDED",,"STRAIGHT AND LEVEL","SNOW OR SLUSH","NO DEFECTS","NOT ON SCENE (DESK REPORT)","NO INJURY / DRIVE AWAY","Y",,,"$501 - $1,500","2025-01-22T13:00:00.000","WEATHER","NOT APPLICABLE","10300","S","KEDZIE AVE","2211",,,,,,,"2","NO INDICATION OF INJURY","0","0","0","0","0","2","0","9","4","1","41.7060829595","-87.7014667184","POINT (-87.701466718439 41.706082959543)"
"15db2f0f4ea7b9abe33a91fd2a68751aeca7545b8b76712d214a6b188432478159804f68a82c9e9ed2bd9f97ee278f60da93243f41159e3f49a4e7313a9fc2a0",,"2025-01-22T09:44:00.000","30","TRAFFIC SIGNAL","FUNCTIONING PROPERLY","SNOW","DAYLIGHT","REAR END","DIVIDED - W/MEDIAN (NOT RAISED)",,"STRAIGHT AND LEVEL","SNOW OR SLUSH","NO DEFECTS","ON SCENE","NO INJURY / DRIVE AWAY","Y",,"Y","$501 - $1,500","2025-01-22T09:50:00.000","FOLLOWING TOO CLOSELY","WEATHER","6907","S","ASHLAND AVE","734",,,,,,,"2","NO INDICATION OF INJURY","0","0","0","0","0","2","0","9","4","1","41.7682937076","-87.66373737","POINT (-87.663737370005 41.768293707601)"
"c7eafb96e31809ca69b5fa9a0f92e3b2a890424e717bb932ceea81acd5802834a515bc0f7599497a957c6044685bf57cf1545cd0abcd1f1fd136b1ba7d1917c8",,"2025-01-22T09:40:00.000","25","UNKNOWN","UNKNOWN","CLEAR","DAYLIGHT","REAR END","DIVIDED - W/MEDIAN (NOT RAISED)",,"STRAIGHT AND LEVEL","UNKNOWN","NO DEFECTS","NOT ON SCENE (DESK REPORT)","NO INJURY / DRIVE AWAY",,,"Y","OVER $1,500","2025-01-22T10:30:00.000","UNABLE TO DETERMINE","UNABLE TO DETERMINE","1608","W","WEBSTER AVE","1432",,,,,,,"2","NO INDICATION OF INJURY","0","0","0","0","0","2","0","9","4","1","41.9216632673","-87.6686992355","POINT (-87.668699235527 41.921663267293)"
"fdf632d0ee2526a4f8aaf4a2d939a3a4d56adb074ef548635dfaebf7a57069a60f4044e92e553135a8e594ef47985c339236b7bdedd02cf7abf13ab8b5b88bfe",,"2025-01-22T09:40:00.000","30","NO CONTROLS","NO CONTROLS","SNOW","DAYLIGHT","ANGLE","ONE-WAY",,"STRAIGHT AND LEVEL","SNOW OR SLUSH","NO DEFECTS","ON SCENE","INJURY AND / OR TOW DUE TO CRASH",,,,"OVER $1,500","2025-01-22T09:44:00.000","FAILING TO YIELD RIGHT-OF-WAY","UNABLE TO DETERMINE","3220","W","27TH ST","1032",,,,,,,"2","NO INDICATION OF INJURY","0","0","0","0","0","3","0","9","4","1","41.842791256","-87.705962347","POINT (-87.705962347027 41.842791256027)"
"413c37a7e2146809af294bd6598c8c39ba100ee67b8fb91a2eeccd599ec9acc3e38f3f8c1269faf439c4fd89eed5e8e911b8ea418d629ee2be662d3482800d2b",,"2025-01-22T09:38:00.000","30","NO CONTROLS","NO CONTROLS","SNOW","DAYLIGHT","SIDESWIPE SAME DIRECTION","NOT DIVIDED",,"STRAIGHT AND LEVEL","SNOW OR SLUSH","NO DEFECTS","NOT ON SCENE (DESK REPORT)","NO INJURY / DRIVE AWAY","Y",,,"OVER $1,500","2025-01-22T10:00:00.000","UNABLE TO DETERMINE","NOT APPLICABLE","358","W","43RD ST","925",,,,,,,"2","NO INDICATION OF INJURY","0","0","0","0","0","3","0","9","4","1","41.8164610796","-87.6358618487","POINT (-87.635861848667 41.816461079552)"
"57a0a335b819a8005db12c164c60148a464e23c9a977e56627419a8161aa8e1b6d0eb9607a2ef93482fa3c774fe5954fa8b8b95eabb6fab4812cfaed6bcd2789",,"2025-01-22T09:30:00.000","30","TRAFFIC SIGNAL","FUNCTIONING PROPERLY","UNKNOWN","DAYLIGHT","SIDESWIPE SAME DIRECTION","NOT DIVIDED",,"STRAIGHT AND LEVEL","UNKNOWN","UNKNOWN","NOT ON SCENE (DESK REPORT)","NO INJURY / DRIVE AWAY",,,,"$501 - $1,500","2025-01-22T13:15:00.000","IMPROPER OVERTAKING/PASSING","NOT APPLICABLE","115","W","HARRISON ST","123",,,,,,,"2","NO INDICATION OF INJURY","0","0","0","0","0","2","0","9","4","1","41.8744045412","-87.6311807616","POINT (-87.63118076163 41.874404541244)"
"6a55d031c5983ddf7a65d6b133983a5bf6c06499331c81301c80a20da087c5d8679936767c0cad0f511620034066e964f13012676fdfdb15b3a943cb33678239",,"2025-01-22T09:30:00.000","15","NO CONTROLS","NO CONTROLS","SNOW","DAYLIGHT","FIXED OBJECT","PARKING LOT",,"STRAIGHT AND LEVEL","SNOW OR SLUSH","NO DEFECTS","ON SCENE","NO INJURY / DRIVE AWAY",,"Y",,"$501 - $1,500","2025-01-22T10:36:00.000","DRIVING SKILLS/KNOWLEDGE/EXPERIENCE","WEATHER","1111","W","PERSHING RD","925",,,,,,,"1","NO INDICATION OF INJURY","0","0","0","0","0","1","0","9","4","1","41.8232533337","-87.653582356","POINT (-87.653582356013 41.823253333658)"
"6fea4655532e6e6f256936fe1a853bf1ff7a415f03ae58b3e83ceac6de33391e1504122cfe7e0d863be4792a607140844c00e5776f71fe0f65c030a47a64c0cc",,"2025-01-22T09:30:00.000","20","NO CONTROLS","NO CONTROLS","SNOW","DAYLIGHT","OTHER OBJECT","PARKING LOT",,"STRAIGHT AND LEVEL","WET","NO DEFECTS","NOT ON SCENE (DESK REPORT)","NO INJURY / DRIVE AWAY",,"Y",,"OVER $1,500","2025-01-22T09:45:00.000","UNABLE TO DETERMINE","UNABLE TO DETERMINE","3857","W","111TH ST","2211",,,,,,,"1","NO INDICATION OF INJURY","0","0","0","0","0","1","0","9","4","1","41.6911938843","-87.7177386306","POINT (-87.717738630591 41.691193884267)"
"d7c6e6ab5b6b032288eeb1ce2a0d59c6b7e9a684c801a8ca3e870ccc6556617c69bdf156a0b2de0981a7fbddae4021a4ea77355caf30f926ef0ca1192dfa6ecf",,"2025-01-22T09:30:00.000","30","NO CONTROLS","NO CONTROLS","CLOUDY/OVERCAST","DAYLIGHT","TURNING","DIVIDED - W/MEDIAN (NOT RAISED)",,"STRAIGHT AND LEVEL","DRY","NO DEFECTS","ON SCENE","INJURY AND / OR TOW DUE TO CRASH",,,,"OVER $1,500","2025-01-22T09:38:00.000","FAILING TO YIELD RIGHT-OF-WAY","FAILING TO YIELD RIGHT-OF-WAY","6630","S","PULASKI RD","833",,,,,,,"2","NO INDICATION OF INJURY","0","0","0","0","0","3","0","9","4","1","41.772230615","-87.7227428047","POINT (-87.722742804678 41.772230615009)"
"e4a142433dbdc0f29259e1b65322d0242698ff642f01d45b98ede4470e8d6bcc2c0c2a495a1c55b4a3f5b16022a414db88ca742404650282898a653bf8a0d5da",,"2025-01-22T09:24:00.000","30","NO CONTROLS","NO CONTROLS","SNOW","DAYLIGHT","REAR END","NOT DIVIDED",,"STRAIGHT AND LEVEL","SNOW OR SLUSH","NO DEFECTS","ON SCENE","NO INJURY / DRIVE AWAY",,,,"$501 - $1,500","2025-01-22T09:37:00.000","DRIVING SKILLS/KNOWLEDGE/EXPERIENCE","DRIVING SKILLS/KNOWLEDGE/EXPERIENCE","7117","N","PAULINA ST","2423",,,,,,,"2","NO INDICATION OF INJURY","0","0","0","0","0","2","0","9","4","1","42.0120046981","-87.6721965566","POINT (-87.672196556616 42.012004698148)"
"b22a5657d640f8c9c9270ac0a86016c4df5c4d760faa73c651b7684c4fea82020524063eb9e6d6f57cb8d8ea7fde9873bf2d611809549604f6a851306df9bbfa",,"2025-01-22T09:20:00.000","30","TRAFFIC SIGNAL","UNKNOWN","CLEAR","DAYLIGHT","REAR END","DIVIDED - W/MEDIAN (NOT RAISED)",,"STRAIGHT AND LEVEL","DRY","NO DEFECTS","NOT ON SCENE (DESK REPORT)","NO INJURY / DRIVE AWAY",,,"Y","OVER $1,500","2025-01-22T09:45:00.000","FOLLOWING TOO CLOSELY","FOLLOWING TOO CLOSELY","6659","S","ASHLAND AVE","725",,,,,,,"2","NO INDICATION OF INJURY","0","0","0","0","0","2","0","9","4","1","41.7722858326","-87.6638776402","POINT (-87.663877640247 41.772285832645)"
"09dbc09e3d5d9b8037de05a00c9428792d1f6729d613542479aeb1f1a2e36ef878eccbe7605236c954fe14834324e46a60a024f7d46619d96ea330fd82bb4dfa",,"2025-01-22T09:05:00.000","30","TRAFFIC SIGNAL","FUNCTIONING PROPERLY","SNOW","DAYLIGHT","TURNING","FOUR WAY",,"STRAIGHT AND LEVEL","DRY","NO DEFECTS","NOT ON SCENE (DESK REPORT)","NO INJURY / DRIVE AWAY","Y",,"Y","$501 - $1,500","2025-01-22T10:20:00.000","IMPROPER TURNING/NO SIGNAL","UNABLE TO DETERMINE","6398","W","GREGORY ST","1622",,,,,,,"2","NO INDICATION OF INJURY","0","0","0","0","0","2","0","9","4","1","41.9821711731","-87.7876916991","POINT (-87.787691699146 41.982171173088)"
"e51e41f48637ef29ceb3abf4bc2cdb54bafd164dd50cdd50d903e26fe9e697ad9560767c0ca1ba2abe368e01a8e7223136abcddfdf3d1fbc9318e5704480734b",,"2025-01-22T09:04:00.000","30","TRAFFIC SIGNAL","FUNCTIONING PROPERLY","CLEAR","DAYLIGHT","TURNING","FOUR WAY",,"STRAIGHT AND LEVEL","WET","NO DEFECTS","NOT ON SCENE (DESK REPORT)","NO INJURY / DRIVE AWAY","Y",,,"OVER $1,500","2025-01-27T15:10:00.000","IMPROPER LANE USAGE","NOT APPLICABLE","1507","W","NORTH AVE","1433",,,,,,,"2","NO INDICATION OF INJURY","0","0","0","0","0","3","0","9","4","1","41.9105503057","-87.6655253989","POINT (-87.665525398858 41.910550305733)"
"10aa30e8846734493c84aaa6641859115876f4fbf8efe7579d39f8d25815ab8870854cacb96a73b0bbd3f3b9a38f93ac6dacab7bd1786183db4e3e7ff6bf5027",,"2025-01-22T09:00:00.000","30","NO CONTROLS","NO CONTROLS","CLEAR","DAYLIGHT","PARKED MOTOR VEHICLE","ONE-WAY",,"STRAIGHT AND LEVEL","DRY","NO DEFECTS","NOT ON SCENE (DESK REPORT)","NO INJURY / DRIVE AWAY",,,"Y","OVER $1,500","2025-01-28T19:27:00.000","UNABLE TO DETERMINE","UNABLE TO DETERMINE","6201","S","MELVINA AVE","812",,,,,,,"2","NO INDICATION OF INJURY","0","0","0","0","0","1","0","9","4","1","41.7795149391","-87.7762983585","POINT (-87.77629835849 41.779514939073)"
"40c4413903518df6dfbfd25c40c255d1fe25bb52a2f03f55ef6ce5c6dc10d1158fa7554167595659c935eaf8f3b7f1e67e07d50e68e7acf180c9c87be27e6caa",,"2025-01-22T09:00:00.000","30","STOP SIGN/FLASHER","FUNCTIONING PROPERLY","CLOUDY/OVERCAST","DAYLIGHT","REAR END","NOT DIVIDED",,"STRAIGHT AND LEVEL","DRY","NO DEFECTS","NOT ON SCENE (DESK REPORT)","NO INJURY / DRIVE AWAY","Y",,,"OVER $1,500","2025-01-22T09:20:00.000","FOLLOWING TOO CLOSELY","NOT APPLICABLE","1000","N","LARRABEE ST","1822",,,,,,,"2","NO INDICATION OF INJURY","0","0","0","0","0","2","0","9","4","1","41.9004627479","-87.6432411685","POINT (-87.643241168536 41.900462747857)"
"df18a0eca01cd599e5101ca36f880a85ed3bd8a4c1a9b452bae7de752231fbb92c38199a6dab0c397ec23f3e3a632517d6114391583cc42c8ab1ebe9132743cc","Y","2025-01-22T09:00:00.000","25","NO CONTROLS","NO CONTROLS","CLEAR","DAYLIGHT","PARKED MOTOR VEHICLE","ONE-WAY",,"STRAIGHT AND LEVEL","DRY","NO DEFECTS","NOT ON SCENE (DESK REPORT)","NO INJURY / DRIVE AWAY",,,"Y","OVER $1,500","2025-01-22T18:10:00.000","NOT APPLICABLE","NOT APPLICABLE","2710","N","ARTESIAN AVE","1411",,,,,,,"2","NO INDICATION OF INJURY","0","0","0","0","0","1","0","9","4","1","41.9307095779","-87.6892237852","POINT (-87.689223785194 41.930709577853)"
"ff4572f9c97188bf5cf76d553135ea2c2ddaab72a7b0d71b2c5507f1deba5d98391c48797fd9ebcad772b80af70b3d2b3a44400531e9067d59eef0cec9242905",,"2025-01-22T08:58:00.000","20","NO CONTROLS","NO CONTROLS","CLEAR","DAYLIGHT","SIDESWIPE SAME DIRECTION","NOT DIVIDED",,"STRAIGHT AND LEVEL","DRY","UNKNOWN","NOT ON SCENE (DESK REPORT)","NO INJURY / DRIVE AWAY",,,,"OVER $1,500","2025-01-22T09:15:00.000","UNABLE TO DETERMINE","NOT APPLICABLE","2","W","125TH ST","523",,,,,,,"2","NO INDICATION OF INJURY","0","0","0","0","0","4","0","8","4","1","41.667222553","-87.6223898815","POINT (-87.62238988155 41.667222553038)"
"ea7b83c8a31cf3992d3cd2cb7b36ecad4a6d51c0b15e2635543eb222aee1d2e80e8d4dc4cfa67f501774fb3716a6b2d7991926d786253112729ee9a8c925b7fa",,"2025-01-22T08:50:00.000","30","STOP SIGN/FLASHER","NO CONTROLS","OTHER","DAYLIGHT","SIDESWIPE SAME DIRECTION","NOT DIVIDED",,"STRAIGHT AND LEVEL","OTHER","UNKNOWN","NOT ON SCENE (DESK REPORT)","NO INJURY / DRIVE AWAY",,,,"OVER $1,500","2025-01-22T09:15:00.000","UNABLE TO DETERMINE","UNABLE TO DETERMINE","4050","S","PULASKI RD","815",,,,,,,"2","NO INDICATION OF INJURY","0","0","0","0","0","2","0","8","4","1","41.8190524663","-87.7241127025","POINT (-87.7241127025 41.819052466282)"
"2ed64df9f4671ae0d4cf153f071653ced82f43154c49790792218f7298a6ec1157d65692ef89944cf92eecdc6e73ecb39315dd7f1c0fc48d8f94b8cdb0507ce2",,"2025-01-22T08:45:00.000","20","TRAFFIC SIGNAL","FUNCTIONING PROPERLY","CLEAR","DAYLIGHT","REAR TO SIDE","FOUR WAY",,"STRAIGHT AND LEVEL","WET","NO DEFECTS","NOT ON SCENE (DESK REPORT)","NO INJURY / DRIVE AWAY","Y",,,"OVER $1,500","2025-01-22T08:55:00.000","FOLLOWING TOO CLOSELY","FOLLOWING TOO CLOSELY","11102","S","LANGLEY AVE","531",,,,,,,"2","NO INDICATION OF INJURY","0","0","0","0","0","2","0","8","4","1","41.6926669513","-87.606139107","POINT (-87.60613910705 41.69266695134)"
"5d51a7db0e14185e283153890596f27c86ceb44b3957a3b3d89d56f84a2394b20a77a7d602ddce762d48643c3972737691339c0713991a6c149b9ac6a509ef72",,"2025-01-22T08:45:00.000","30","TRAFFIC SIGNAL","FUNCTIONING PROPERLY","SNOW","DAYLIGHT","REAR END","NOT DIVIDED",,"STRAIGHT AND LEVEL","DRY","NO DEFECTS","ON SCENE","INJURY AND / OR TOW DUE TO CRASH","Y",,,"OVER $1,500","2025-01-22T08:50:00.000","FOLLOWING TOO CLOSELY","NOT APPLICABLE","410","E","95TH ST","633",,,,,,,"2","NO INDICATION OF INJURY","0","0","0","0","0","2","0","8","4","1","41.7220098271","-87.6136667201","POINT (-87.613666720123 41.722009827082)"
"864a122aeff7e610891e73db29b7711820c215ea86afd81650dfbdba9da893af1edc795aafc59284ce227bb0a7f83b91c3256d1d556b2573e8ad994b76aecb78",,"2025-01-22T08:45:00.000","30","TRAFFIC SIGNAL","FUNCTIONING PROPERLY","CLEAR","DAYLIGHT","REAR END","NOT DIVIDED",,"STRAIGHT AND LEVEL","DRY","NO DEFECTS","NOT ON SCENE (DESK REPORT)","NO INJURY / DRIVE AWAY",,,,"$501 - $1,500","2025-01-22T09:35:00.000","FOLLOWING TOO CLOSELY","FOLLOWING TOO CLOSELY","500","W","VAN BUREN ST","121",,,,,,,"2","NO INDICATION OF INJURY","0","0","0","0","0","2","0","8","4","1","41.8768807268","-87.6396363852","POINT (-87.639636385215 41.876880726785)"
"b4e33a8f590118a576a8ac131680bde2e0b331567f46f9b3fc48d25d7372cf2b42a3920e5a64d7fdbab1591fd755cee60caeb73abfb1a9d63b5aa9a0b5411492",,"2025-01-22T08:40:00.000","30","NO CONTROLS","NO CONTROLS","SNOW","DAYLIGHT","REAR END","NOT DIVIDED",,"STRAIGHT AND LEVEL","SNOW OR SLUSH","UNKNOWN","ON SCENE","INJURY AND / OR TOW DUE TO CRASH","N",,"Y","OVER $1,500","2025-01-22T08:41:00.000","FOLLOWING TOO CLOSELY","FOLLOWING TOO CLOSELY","5385","W","DIVISION ST","1524",,,,,,,"3","NONINCAPACITATING INJURY","2","0","0","2","0","1","0","8","4","1","41.902082792","-87.760864427","POINT (-87.760864427018 41.902082791979)"
"2c1b124a0b6d314368ab32dfbe92fa8415666f610f51958714f28d7e030935cd168e4f399c3460990d0ee718af19c993a76d82023e2b9282c115bbde6d1602e7",,"2025-01-22T08:38:00.000","30","NO CONTROLS","NO CONTROLS","SNOW","DAYLIGHT","PARKED MOTOR VEHICLE","ONE-WAY",,"STRAIGHT AND LEVEL","WET","NO DEFECTS","ON SCENE","NO INJURY / DRIVE AWAY",,,,"OVER $1,500","2025-01-22T09:00:00.000","UNABLE TO DETERMINE","UNABLE TO DETERMINE","460","W","OHARE ST","1654",,,,,,,"2","NO INDICATION OF INJURY","0","0","0","0","0","1","0","8","4","1",,,
"08b12937e8dc0cfa7ae54a580447cd7986244d72ce6df98a12f447fab5989518541891404e00287565064a784430ba4289c3758bdd2c85a281e859da510d9f00",,"2025-01-22T08:30:00.000","30","STOP SIGN/FLASHER","FUNCTIONING PROPERLY","CLEAR","DARKNESS, LIGHTED ROAD","PARKED MOTOR VEHICLE","NOT DIVIDED",,"STRAIGHT AND LEVEL","DRY","NO DEFECTS","NOT ON SCENE (DESK REPORT)","NO INJURY / DRIVE AWAY",,,"Y","OVER $1,500","2025-01-22T09:35:00.000","UNABLE TO DETERMINE","NOT APPLICABLE","2203","S","LEAVITT ST","1034",,,,,,,"2","NO INDICATION OF INJURY","0","0","0","0","0","1","0","8","4","1","41.851987021","-87.6805932972","POINT (-87.680593297225 41.851987021031)"
"23a07d75a83b09770d01c28a47118eec8a32e61456bd98c838f49ace427c7124b66726897681e7d59d13f06552546749c37fc94b34c364df032caee3bb287ac6",,"2025-01-22T08:30:00.000","30","TRAFFIC SIGNAL","FUNCTIONING PROPERLY","SNOW","DAYLIGHT","REAR END","DIVIDED - W/MEDIAN (NOT RAISED)",,"STRAIGHT AND LEVEL","SNOW OR SLUSH","NO DEFECTS","ON SCENE","NO INJURY / DRIVE AWAY",,,,"OVER $1,500","2025-01-22T08:40:00.000","UNABLE TO DETERMINE","NOT APPLICABLE","908","N","WESTERN AVE","1212",,,,,,,"2","NO INDICATION OF INJURY","0","0","0","0","0","2","0","8","4","1","41.8978778081","-87.6870439218","POINT (-87.687043921818 41.897877808059)"
"49cbc1a7d054d4411742fc663523ac12d645fa280d8c6a586aea68b3bb2d2d950269bb3ae575fdceea467a15d781eefab9f4a14010e1fcf1484cc7dc9970f0d6",,"2025-01-22T08:30:00.000","30","NO CONTROLS","NO CONTROLS","SNOW","DAYLIGHT","PARKED MOTOR VEHICLE","DIVIDED - W/MEDIAN (NOT RAISED)",,"STRAIGHT AND LEVEL","WET","NO DEFECTS","NOT ON SCENE (DESK REPORT)","NO INJURY / DRIVE AWAY",,,"Y","$500 OR LESS","2025-01-22T16:30:00.000","UNABLE TO DETERMINE","UNABLE TO DETERMINE","6515","S","CALIFORNIA AVE","831",,,,,,,"2","NO INDICATION OF INJURY","0","0","0","0","0","1","0","8","4","1","41.7749664451","-87.6931386955","POINT (-87.693138695545 41.774966445085)"
"b96ea8583e5c25d277974f818ea9aad9046b34a7281219c2473655b840833b5170c0f4fc4a90de76d102532aac9f981f5435dc038a78a3d867deb412e94afa90",,"2025-01-22T08:30:00.000","30","TRAFFIC SIGNAL","FUNCTIONING PROPERLY","CLOUDY/OVERCAST","DAYLIGHT","REAR END","NOT DIVIDED",,"STRAIGHT AND LEVEL","DRY","UNKNOWN","ON SCENE","NO INJURY / DRIVE AWAY",,,,"OVER $1,500","2025-01-22T08:31:00.000","FAILING TO REDUCE SPEED TO AVOID CRASH","EQUIPMENT - VEHICLE CONDITION","999","W","MONTROSE AVE","1915",,,,,,,"3","NO INDICATION OF INJURY","0","0","0","0","0","4","0","8","4","1","41.9616712617","-87.6546237757","POINT (-87.654623775718 41.961671261682)"
"17657ad4f739e928f1e59e459f04a0de64863f8d522e53402b87fac75d783c36b866c517c9ea9036208fde5872553c41e53d51985b1ce292e2c1f411f96ef99d",,"2025-01-22T08:20:00.000","30","NO CONTROLS","NO CONTROLS","CLEAR","DAYLIGHT","SIDESWIPE SAME DIRECTION","DIVIDED - W/MEDIAN (NOT RAISED)",,"STRAIGHT AND LEVEL","DRY","NO DEFECTS","NOT ON SCENE (DESK REPORT)","NO INJURY / DRIVE AWAY",,,,"OVER $1,500","2025-01-22T10:00:00.000","DISREGARDING ROAD MARKINGS","FAILING TO REDUCE SPEED TO AVOID CRASH","6385","W","55TH ST","811",,,,,,,"2","NO INDICATION OF INJURY","0","0","0","0","0","2","0","8","4","1",,,
"ea42e2a1f80c9a2897b2be0d4d775c3fe8e85c309a5f6647f2ff624fcdf3e2f677aca69cb792ae1ceaaa432daa10a568bd02f1eef624225f4d005440fe86459d",,"2025-01-22T08:20:00.000","30","NO CONTROLS","NO CONTROLS","CLOUDY/OVERCAST","DAYLIGHT","ANGLE","ONE-WAY",,"STRAIGHT AND LEVEL","UNKNOWN","UNKNOWN","ON SCENE","INJURY AND / OR TOW DUE TO CRASH",,,,"OVER $1,500","2025-01-22T08:40:00.000","FAILING TO YIELD RIGHT-OF-WAY","UNABLE TO DETERMINE","3411","W","24TH ST","1024",,,,,,,"2","REPORTED, NOT EVIDENT","1","0","0","0","1","2","0","8","4","1","41.8479607434","-87.7105328393","POINT (-87.710532839261 41.847960743438)"
"fd2c881ed3a9bb32dc2be425afa91014433891d9811ed5114360c978cdfea4ab6ea829ddeb42726bea0a702b52363a292028c47d44fcd8aa0959da7a3d5259a4",,"2025-01-22T08:20:00.000","30","TRAFFIC SIGNAL","FUNCTIONING PROPERLY","CLEAR","DAYLIGHT","SIDESWIPE SAME DIRECTION","CENTER TURN LANE",,"STRAIGHT AND LEVEL","DRY","UNKNOWN",,"NO INJURY / DRIVE AWAY","Y",,"Y","$501 - $1,500","2025-01-22T08:40:00.000","IMPROPER OVERTAKING/PASSING","IMPROPER LANE USAGE","1346","W","AUGUSTA BLVD","1213",,,,,,,"2","NO INDICATION OF INJURY","0","0","0","0","0","2","0","8","4","1","41.8999060279","-87.6619343612","POINT (-87.661934361155 41.899906027867)"
"e25c66257a7de3ad699e33e420adf94c667e5ada26fbd48fc9eebfacb3497be9900bfae46c0e0a5e518c5a76904eb9ddb0875b80973635170e0f13e598abc981",,"2025-01-22T08:15:00.000","30","TRAFFIC SIGNAL","FUNCTIONING PROPERLY","CLOUDY/OVERCAST","DAYLIGHT","REAR END","NOT DIVIDED",,"STRAIGHT AND LEVEL","DRY","NO DEFECTS","NOT ON SCENE (DESK REPORT)","NO INJURY / DRIVE AWAY",,,"Y","$501 - $1,500","2025-01-22T09:00:00.000","DISREGARDING TRAFFIC SIGNALS","NOT APPLICABLE","500","N","LA SALLE DR","1831",,,,,,,"2","NO INDICATION OF INJURY","0","0","0","0","0","2","0","8","4","1","41.8908414572","-87.6327062777","POINT (-87.632706277654 41.890841457198)"
"50c062a401aaa0fbe11cfc55b7eda0a6a05bd22da08da02617d3e7195b58a8aac7cd3b96fe10224c274f04bbda00475dd3068c6289e23fc1966f6bf6ab86f853","Y","2025-01-22T08:10:00.000","30","STOP SIGN/FLASHER","FUNCTIONING PROPERLY","CLEAR","DAYLIGHT","PARKED MOTOR VEHICLE","NOT DIVIDED",,"STRAIGHT AND LEVEL","DRY","NO DEFECTS","ON SCENE","NO INJURY / DRIVE AWAY",,,"Y","$501 - $1,500","2025-01-22T08:19:00.000","UNABLE TO DETERMINE","NOT APPLICABLE","5328","N","ROCKWELL ST","2011",,,,,,,"2","NO INDICATION OF INJURY","0","0","0","0","0","1","0","8","4","1","41.9785404609","-87.6942887235","POINT (-87.694288723471 41.978540460852)"
"b3521fe7afc1d29852caf6651f7ac5f479376f5830c576a959dc8597a77eb42f9d5d73a71dbef642290b737c56a0f6fc3f37b72b6baaf9391c1c1d84a6936faa",,"2025-01-22T08:05:00.000","30","TRAFFIC SIGNAL","FUNCTIONING PROPERLY","CLEAR","DAYLIGHT","TURNING","FOUR WAY",,"STRAIGHT AND LEVEL","DRY","NO DEFECTS","ON SCENE","INJURY AND / OR TOW DUE TO CRASH","Y",,,"OVER $1,500","2025-01-22T08:05:00.000","UNABLE TO DETERMINE","UNABLE TO DETERMINE","4301","S","PULASKI RD","821",,,,,,,"2","NO INDICATION OF INJURY","0","0","0","0","0","2","0","8","4","1","41.8151070072","-87.7237118795","POINT (-87.723711879533 41.815107007217)"
"b1c323e6c2b75fcf94c3f3fd8113d5b1b4a804ae06b23c226bbe3224c30c7335d059623ca6175f548a52d3edd84814738f114b661bd1c03ad3f546fb210fe646",,"2025-01-22T08:04:00.000","30","TRAFFIC SIGNAL","FUNCTIONING PROPERLY","CLEAR","DAYLIGHT","TURNING","FOUR WAY",,"STRAIGHT AND LEVEL","DRY","NO DEFECTS","ON SCENE","NO INJURY / DRIVE AWAY","Y",,,"OVER $1,500","2025-01-22T08:07:00.000","FAILING TO YIELD RIGHT-OF-WAY","DRIVING SKILLS/KNOWLEDGE/EXPERIENCE","2801","W","DIVISION ST","1211",,,,,,,"2","NO INDICATION OF INJURY","0","0","0","0","0","2","0","8","4","1","41.9028152913","-87.6969387034","POINT (-87.696938703372 41.902815291275)"
"10176412ca15e8bb022a6a3ed19ee1da738614e56b7d24378adc0c307fd7e404844e0d36e0a99ba408bb5c5c0257d0767d9d3fd1c76336c39f3e2daef7f0a533",,"2025-01-22T08:00:00.000","30","NO CONTROLS","NO CONTROLS","CLEAR","DAYLIGHT","SIDESWIPE SAME DIRECTION","NOT DIVIDED",,"STRAIGHT AND LEVEL","UNKNOWN","UNKNOWN","NOT ON SCENE (DESK REPORT)","NO INJURY / DRIVE AWAY",,,,"OVER $1,500","2025-01-22T08:20:00.000","UNABLE TO DETERMINE","UNABLE TO DETERMINE","6244","W","BRYN MAWR AVE","1622",,,,,,,"2","NO INDICATION OF INJURY","0","0","0","0","0","2","0","8","4","1","41.9830090961","-87.7844041793","POINT (-87.784404179255 41.983009096056)"