"crash_record_id","crash_date_est_i","crash_date","posted_speed_limit","traffic_control_device","device_condition","weather_condition","lighting_condition","first_crash_type","trafficway_type","lane_cnt","alignment","roadway_surface_cond","road_defect","report_type","crash_type","intersection_related_i","private_property_i","hit_and_run_i","damage","date_police_notified","prim_contributory_cause","sec_contributory_cause","street_no","street_direction","street_name","beat_of_occurrence","photos_taken_i","statements_taken_i","dooring_i","work_zone_i","work_zone_type","workers_present_i","num_units","most_severe_injury","injuries_total","injuries_fatal","injuries_incapacitating","injuries_non_incapacitating","injuries_reported_not_evident","injuries_no_indication","injuries_unknown","crash_hour","crash_day_of_week","crash_month","latitude","longitude","location"
"3bd1e5e61f31ac5b1a5216776be34812a981e44ad2012f01d377bac33700acae960001cb05115b5d856743441d0cf6f050c30027e5955a856297fbd0e21aa824",,"2025-01-22T08:00:00.000","25","NO CONTROLS","NO CONTROLS","CLOUDY/OVERCAST","DAYLIGHT","PARKED MOTOR VEHICLE","NOT DIVIDED",,"STRAIGHT AND LEVEL","DRY","NO DEFECTS","NOT ON SCENE (DESK REPORT)","NO INJURY / DRIVE AWAY",,,,"OVER $1,500","2025-01-22T08:06:00.000","UNABLE TO DETERMINE","NOT APPLICABLE","5140","W","CARMEN AVE","1623",,,,,,,"2","NO INDICATION OF INJURY","0","0","0","0","0","1","0","8","4","1","41.9735199489","-87.756842589","POINT (-87.756842589028 41.973519948865)"
"73e2ab7e33c252a03547adc2456747b7744554cc78d077d682b81482c43cdb1f8867b2eeafc69ff7564bc941ba65e1e0903d0e3a548fcf89f32504a3e17183a4",,"2025-01-22T08:00:00.000","30","NO CONTROLS","NO CONTROLS","CLEAR","DAYLIGHT","ANGLE","OTHER",,"STRAIGHT AND LEVEL","DRY","NO DEFECTS","NOT ON SCENE (DESK REPORT)","NO INJURY / DRIVE AWAY",,,,"$501 - $1,500","2025-01-22T08:30:00.000","FAILING TO YIELD RIGHT-OF-WAY","NOT APPLICABLE","1707","W","PRATT BLVD","2432",,,,,,,"2","NO INDICATION OF INJURY","0","0","0","0","0","3","0","8","4","1","42.0052164096","-87.6734184696","POINT (-87.673418469574 42.005216409551)"
"f19b5f68fd15fb260f578683999c943ce67d4d989a89dbbbe127074fdd698377f447e51e9652892405bc9e6af822954f9a069baad0c8bfe0351fc7b4057a20d6",,"2025-01-22T08:00:00.000","30","NO CONTROLS","NO CONTROLS","CLEAR","DAYLIGHT","SIDESWIPE SAME DIRECTION","NOT DIVIDED",,"STRAIGHT AND LEVEL","DRY","NO DEFECTS","NOT ON SCENE (DESK REPORT)","NO INJURY / DRIVE AWAY",,,,"OVER $1,500","2025-01-22T10:26:00.000","UNABLE TO DETERMINE","UNABLE TO DETERMINE","6350","S","ARCHER AVE","811",,,,,,,"2","NO INDICATION OF INJURY","0","0","0","0","0","2","0","8","4","1","41.7928948034","-87.7802115008","POINT (-87.78021150084 41.792894803374)"
"0a1c3c50f32266684d6ac5421947352bc31ff29455fdeb72b40619537f3b201218a7c47901a125752a31ed11b41778b9b8cef83f2456d1823ab2c4b4b0b873e5",,"2025-01-22T07:50:00.000","30","NO CONTROLS","NO CONTROLS","CLEAR","DAYLIGHT","SIDESWIPE SAME DIRECTION","NOT DIVIDED",,"STRAIGHT AND LEVEL","ICE","UNKNOWN","NOT ON SCENE (DESK REPORT)","NO INJURY / DRIVE AWAY",,,,"OVER $1,500","2025-01-22T16:28:00.000","UNABLE TO DETERMINE","UNABLE TO DETERMINE","6432","W","BRYN MAWR AVE","1612",,,,,,,"2","NO INDICATION OF INJURY","0","0","0","0","0","2","0","7","4","1","41.9830026422","-87.7891155772","POINT (-87.789115577237 41.983002642248)"
"f91aaf89a6c1294939c34cc7bd5ef94390c4d6c3101531467a2e1c1a3350ec894cb9f70c2f6e901fcaec7f2b20216684ece95475f5767301720445991ad073fc",,"2025-01-22T07:50:00.000","30","TRAFFIC SIGNAL","FUNCTIONING PROPERLY","CLEAR","DAYLIGHT","REAR END","DIVIDED - W/MEDIAN (NOT RAISED)",,"STRAIGHT AND LEVEL","DRY","NO DEFECTS","NOT ON SCENE (DESK REPORT)","NO INJURY / DRIVE AWAY",,,,"OVER $1,500","2025-01-22T09:30:00.000","FAILING TO YIELD RIGHT-OF-WAY","FOLLOWING TOO CLOSELY","6701","W","FOREST PRESERVE AVE","1632",,,,,,,"2","NO INDICATION OF INJURY","0","0","0","0","0","2","0","7","4","1","41.9599501856","-87.7940912316","POINT (-87.794091231646 41.959950185559)"
"1e7beb2b33b27c27ff971b46a89256fa95d6afe27c92aa3feba7f07ee1d019fc6f16cab541f99df243cc5955c2aeffb6eba7d505ef9cc08447544a779b21a3d4",,"2025-01-22T07:46:00.000","30","TRAFFIC SIGNAL","FUNCTIONING PROPERLY","CLEAR","DAYLIGHT","ANGLE","NOT DIVIDED",,"STRAIGHT AND LEVEL","WET","NO DEFECTS","ON SCENE","INJURY AND / OR TOW DUE TO CRASH","Y",,"Y","OVER $1,500","2025-01-22T08:11:00.000","FAILING TO YIELD RIGHT-OF-WAY","NOT APPLICABLE","11500","S","WENTWORTH AVE","522",,,,,,,"3","NONINCAPACITATING INJURY","3","0","0","3","0","1","0","7","4","1","41.6851692166","-87.6278337937","POINT (-87.627833793667 41.68516921663)"
"dda95a21ccdf3c9ea70444251e4d15290d98d765d2af9657766247ffc8f89ddaf979dbbca44e9f48c33ff602666f918906fb66f207e3a98042677b6072d0bea4",,"2025-01-22T07:46:00.000","30","TRAFFIC SIGNAL","FUNCTIONING PROPERLY","CLEAR","DAYLIGHT","TURNING","CENTER TURN LANE",,"STRAIGHT AND LEVEL","DRY","NO DEFECTS","ON SCENE","INJURY AND / OR TOW DUE TO CRASH","Y",,,"OVER $1,500","2025-01-22T07:46:00.000","FAILING TO YIELD RIGHT-OF-WAY","IMPROPER TURNING/NO SIGNAL","2001","W","63RD ST","726",,,,,,,"2","NO INDICATION OF INJURY","0","0","0","0","0","2","0","7","4","1","41.7792051555","-87.6739634289","POINT (-87.673963428892 41.779205155483)"
"43b335237302c8713d1e0b327132a04c3f5326bd65a4555f1952a7355d66478f9a97ab8afecb2eacb830eef9ec84161c536c4d888e5b77d33b6bc5d471862973",,"2025-01-22T07:45:00.000","30","TRAFFIC SIGNAL","FUNCTIONING PROPERLY","CLEAR","DAYLIGHT","ANGLE","FOUR WAY",,"STRAIGHT AND LEVEL","DRY","NO DEFECTS","ON SCENE","INJURY AND / OR TOW DUE TO CRASH","Y",,,"OVER $1,500","2025-01-22T08:00:00.000","DISREGARDING TRAFFIC SIGNALS","NOT APPLICABLE","2426","N","ELSTON AVE","1432",,"Y",,,,,"2","NO INDICATION OF INJURY","0","0","0","0","0","2","0","7","4","1","41.9257002846","-87.6780501448","POINT (-87.678050144778 41.925700284561)"
"a9eb3e6d9d53913fdd7e8174e60186f0eaaa75c9095ce6b7c29c8359f03fd77bf8c490f46aab9673fde358d949e95ede5f78592188151f821e634f148d7cc6fc",,"2025-01-22T07:45:00.000","35","NO CONTROLS","NO CONTROLS","CLEAR","DAYLIGHT","SIDESWIPE SAME DIRECTION","NOT DIVIDED",,"STRAIGHT AND LEVEL","DRY","NO DEFECTS","NOT ON SCENE (DESK REPORT)","NO INJURY / DRIVE AWAY",,,"Y","OVER $1,500","2025-01-22T09:00:00.000","DRIVING SKILLS/KNOWLEDGE/EXPERIENCE","UNABLE TO DETERMINE","6200","S","LAKE SHORE DR","331",,,,,,,"2","NO INDICATION OF INJURY","0","0","0","0","0","2","0","7","4","1","41.7824286294","-87.5758922137","POINT (-87.575892213744 41.782428629351)"
"e04640d25948d464852625ae2b502c7ba62419fd739a44a80d1e53f02d1e2dc30a4bdd84f547478b6fa1f4ab4536cd1d98438a6779c78fcdc5437b513eebce19",,"2025-01-22T07:45:00.000","30","NO CONTROLS","NO CONTROLS","CLEAR","DAYLIGHT","HEAD ON","NOT DIVIDED",,"STRAIGHT AND LEVEL","DRY","NO DEFECTS","ON SCENE","INJURY AND / OR TOW DUE TO CRASH",,,,"OVER $1,500","2025-01-22T08:00:00.000","UNABLE TO DETERMINE","UNABLE TO DETERMINE","1115","S","CICERO AVE","1131",,,,,,,"2","REPORTED, NOT EVIDENT","1","0","0","0","1","2","0","7","4","1","41.8669139059","-87.7446397526","POINT (-87.744639752634 41.866913905868)"
"ec60f3a8f03a6c4651144013d62c280ab4da328ae293ea897cca70a0db9fb8edf7ce4811a46f07551a79bfe1e17f93d8a04a5db8cd3f7bd15c25073a7a669b18",,"2025-01-22T07:45:00.000","15","NO CONTROLS","NO CONTROLS","CLOUDY/OVERCAST","DAYLIGHT","REAR END","ALLEY",,"STRAIGHT AND LEVEL","DRY","NO DEFECTS","NOT ON SCENE (DESK REPORT)","NO INJURY / DRIVE AWAY",,,"Y","OVER $1,500","2025-01-22T09:00:00.000","UNABLE TO DETERMINE","UNABLE TO DETERMINE","3201","S","PULASKI RD","1031",,,,,,,"2","NO INDICATION OF INJURY","0","0","0","0","0","2","0","7","4","1","41.8349759175","-87.7241612528","POINT (-87.724161252848 41.834975917455)"
"80c3ea25fe2f30d1a5aad39554e7bcb3221b5f0991296ff00242151eb6fda34b5167efbce9bf6be05ab12d5c9296b50408e15cda0a2a1c0d772f995ab263213e",,"2025-01-22T07:39:00.000","25","UNKNOWN","OTHER","CLEAR","DAYLIGHT","REAR END","NOT DIVIDED",,"STRAIGHT AND LEVEL","DRY","UNKNOWN","NOT ON SCENE (DESK REPORT)","NO INJURY / DRIVE AWAY",,,,"OVER $1,500","2025-01-22T07:49:00.000","FOLLOWING TOO CLOSELY","FOLLOWING TOO CLOSELY","3600","N","HARLEM AVE","1631",,,,,,,"2","NO INDICATION OF INJURY","0","0","0","0","0","2","0","7","4","1","41.9453384125","-87.8071547691","POINT (-87.80715476912 41.945338412466)"
"5b601247eb2143ca6bdd9d9ffeb3ed5019ad8d67e793c48addfbbce94a499e2a61b7a65e3215eb894cf2bf21317a8506c18f0d5c7beba981d43f35a0402015c3",,"2025-01-22T07:38:00.000","30","NO CONTROLS","NO CONTROLS","CLEAR","DAYLIGHT","ANGLE","NOT DIVIDED",,"STRAIGHT AND LEVEL","DRY","NO DEFECTS","ON SCENE","INJURY AND / OR TOW DUE TO CRASH","Y",,"Y","OVER $1,500","2025-01-22T07:40:00.000","DISREGARDING STOP SIGN","DISREGARDING STOP SIGN","1633","W","43RD ST","924",,,,,,,"2","NO INDICATION OF INJURY","0","0","0","0","0","1","0","7","4","1","41.8157472802","-87.666437387","POINT (-87.666437386966 41.815747280153)"
"47892efdc91edabe344d6b9768df040f3b4df17971a52cab476399c5f188900e04269e10fedcbc3c263c688a1bfe977888c0aa2e70116f6d71270f3893f186f4",,"2025-01-22T07:25:00.000","30","NO CONTROLS","NO CONTROLS","CLEAR","DAWN","TURNING","NOT DIVIDED",,"STRAIGHT AND LEVEL","DRY","NO DEFECTS","ON SCENE","INJURY AND / OR TOW DUE TO CRASH",,,,"OVER $1,500","2025-01-22T07:29:00.000","IMPROPER TURNING/NO SIGNAL","NOT APPLICABLE","4734","W","FULLERTON AVE","2521",,,,,,,"2","NO INDICATION OF INJURY","0","0","0","0","0","2","0","7","4","1","41.9243629364","-87.7452978969","POINT (-87.745297896938 41.924362936417)"
"c41fea4ded46688687e05ad804826ca24b142f38c1c4e554a8f0c55ef67446d28f42cdc93b97e6b30f5005158d8e036a86901dc75732e5baec58fd6c39f63a98",,"2025-01-22T07:24:00.000","30","NO CONTROLS","FUNCTIONING PROPERLY","CLEAR","DAYLIGHT","SIDESWIPE SAME DIRECTION","DIVIDED - W/MEDIAN BARRIER",,"STRAIGHT AND LEVEL","DRY","NO DEFECTS","ON SCENE","INJURY AND / OR TOW DUE TO CRASH",,,"Y","OVER $1,500","2025-01-22T07:50:00.000","IMPROPER LANE USAGE","IMPROPER OVERTAKING/PASSING","1800","E","130TH ST","434",,,,,,,"2","NO INDICATION OF INJURY","0","0","0","0","0","2","0","7","4","1","41.6595443936","-87.5830824316","POINT (-87.583082431589 41.659544393583)"
"24db0ed9ca83ab367dd3bb9998dd27e3dbbf846c119d9026b135fd01e71bc939fd83b275c308d7e1acb23a12fa66698e8da88a025afdf89c3b3cfe48e3da38a6","Y","2025-01-22T07:20:00.000","30","STOP SIGN/FLASHER","FUNCTIONING PROPERLY","CLEAR","DAYLIGHT","ANGLE","NOT DIVIDED",,"STRAIGHT AND LEVEL","DRY","NO DEFECTS","ON SCENE","NO INJURY / DRIVE AWAY","Y",,,"OVER $1,500","2025-01-22T07:36:00.000","UNABLE TO DETERMINE","NOT APPLICABLE","5200","S","CALIFORNIA AVE","923",,,,,,,"2","NO INDICATION OF INJURY","0","0","0","0","0","2","0","7","4","1","41.799069631","-87.6940941033","POINT (-87.694094103269 41.799069630971)"
"c58ff062cd709a91e7293927c33bf1e5ae06c6b74554603c72997e0f2d41c3c36a70c2ed1a4f90dadc883997c2881cca4dd5b3b8f4798847d652961a32232874",,"2025-01-22T07:20:00.000","30","UNKNOWN","UNKNOWN","UNKNOWN","UNKNOWN","ANGLE","ONE-WAY",,"STRAIGHT AND LEVEL","UNKNOWN","UNKNOWN","NOT ON SCENE (DESK REPORT)","NO INJURY / DRIVE AWAY",,,,"OVER $1,500","2025-01-23T18:10:00.000","UNABLE TO DETERMINE","UNABLE TO DETERMINE","4036","N","PAULINA ST","1912",,,,,,,"2","NO INDICATION OF INJURY","0","0","0","0","0","3","0","7","4","1","41.95538817","-87.6708019163","POINT (-87.670801916289 41.955388169962)"
"f3c429a3c0ce18809a18aec75e7eb7e24ded032c51312079340a93c418d3d5b156c02790dcbec5cf0155c7c619cc77c1e234940559dc43b83af1b20fe0385bd6","N","2025-01-22T07:20:00.000","30","TRAFFIC SIGNAL","FUNCTIONING PROPERLY","CLEAR","DAYLIGHT","PEDESTRIAN","DIVIDED - W/MEDIAN BARRIER",,"STRAIGHT AND LEVEL","UNKNOWN","UNKNOWN","ON SCENE","INJURY AND / OR TOW DUE TO CRASH",,,,"$500 OR LESS","2025-01-22T07:28:00.000","UNABLE TO DETERMINE","UNABLE TO DETERMINE","1600","W","JACKSON BLVD","1231",,,,,,,"2","NONINCAPACITATING INJURY","1","0","0","1","0","1","0","7","4","1","41.8777322185","-87.6668159506","POINT (-87.666815950554 41.877732218454)"
"f963c51cd09d3f32a7f84a7b4e384b2f7f19b6b33412c9fdeaf45d29709f41a4abafd0d1d2cf3c356e578b20f76c1370817004c8b6787d9a076d0bbcff0465c7",,"2025-01-22T07:20:00.000","30","TRAFFIC SIGNAL","FUNCTIONING PROPERLY","CLEAR","DAYLIGHT","REAR END","FOUR WAY",,"STRAIGHT AND LEVEL","DRY","NO DEFECTS","NOT ON SCENE (DESK REPORT)","NO INJURY / DRIVE AWAY","Y",,,"OVER $1,500","2025-01-22T08:15:00.000","UNABLE TO DETERMINE","UNABLE TO DETERMINE","258","S","HAMLIN BLVD","1122",,,,,,,"2","NO INDICATION OF INJURY","0","0","0","0","0","3","0","7","4","1","41.8771932856","-87.7207774116","POINT (-87.720777411596 41.877193285593)"
"6a86daabbeefb9905ac2ebd8f33adcf1482dc1506d1c9ceaa406a25ef807307b9550072e81a82efca8750c52c90c79003fc82147a2bcd9d7a5ae5f69ab96c4cc",,"2025-01-22T07:15:00.000","30","NO CONTROLS","FUNCTIONING PROPERLY","CLEAR","DAWN","FIXED OBJECT","NOT DIVIDED",,"STRAIGHT ON GRADE","DRY","NO DEFECTS","ON SCENE","INJURY AND / OR TOW DUE TO CRASH",,,,"OVER $1,500","2025-01-22T07:33:00.000","UNABLE TO DETERMINE","NOT APPLICABLE","2107","W","103RD ST","2212",,"Y",,,,,"1","REPORTED, NOT EVIDENT","1","0","0","0","1","0","0","7","4","1","41.7063823693","-87.674665845","POINT (-87.674665845048 41.706382369297)"
"92233590b1c24f5e2b355948cf56a3b8886a91ced30f3b0ccd11228cd5dbdd5a482744866548d68e57ffbd1d44ee407b0c7e4a133bb71fa9877dbcc3864a022e",,"2025-01-22T07:15:00.000","30","NO CONTROLS","NO CONTROLS","CLEAR","DAYLIGHT","SIDESWIPE SAME DIRECTION","NOT DIVIDED",,"STRAIGHT AND LEVEL","DRY","NO DEFECTS","NOT ON SCENE (DESK REPORT)","NO INJURY / DRIVE AWAY",,,,"OVER $1,500","2025-01-22T07:45:00.000","IMPROPER OVERTAKING/PASSING","IMPROPER OVERTAKING/PASSING","5836","N","BROADWAY","2013",,,,,,,"3","NO INDICATION OF INJURY","0","0","0","0","0","2","0","7","4","1","41.9881106656","-87.6603537612","POINT (-87.660353761241 41.988110665578)"
"24fbd13cfef0acaa180feae1e7cea190a6315bdb35f2a9fa150c2fb3c7763965cb1a44623742579810f2061e260805283610c3f0c5ee4c7de5883f5253651378",,"2025-01-22T07:00:00.000","30","TRAFFIC SIGNAL","UNKNOWN","CLEAR","DAWN","REAR END","FOUR WAY",,"STRAIGHT AND LEVEL","UNKNOWN","UNKNOWN","NOT ON SCENE (DESK REPORT)","NO INJURY / DRIVE AWAY",,,"Y","OVER $1,500","2025-01-22T07:19:00.000","FOLLOWING TOO CLOSELY","UNABLE TO DETERMINE","1800","W","GARFIELD BLVD","932",,,,,,,"2","NO INDICATION OF INJURY","0","0","0","0","0","2","0","7","4","1","41.7940773096","-87.6695075339","POINT (-87.66950753394 41.794077309585)"
"937137b0c110733be14bbf7618761b78be107ccf2fc5fd8f5699dcde22886fba901761276dfe0f7df90f77b2b9cd29c8745d58c2cc10ea2495a023aaf0e87475",,"2025-01-22T07:00:00.000","25","STOP SIGN/FLASHER","FUNCTIONING PROPERLY","CLEAR","DAYLIGHT","TURNING","NOT DIVIDED",,"STRAIGHT AND LEVEL","DRY","NO DEFECTS",,"NO INJURY / DRIVE AWAY","Y",,,"OVER $1,500","2025-01-22T08:10:00.000","FAILING TO YIELD RIGHT-OF-WAY","NOT APPLICABLE","2098","N","MOBILE AVE","2512",,,,,,,"2","NO INDICATION OF INJURY","0","0","0","0","0","3","0","7","4","1","41.9181754641","-87.7829793372","POINT (-87.782979337208 41.918175464093)"
"46abfe4b62e028ac3cec94fe52d8a01944642076f66dbafb760fcffd020c9b87413280b872e6c8b79c141103102fe6c5647e10ad9b390e08d7bdd8c0aa3ae9df",,"2025-01-22T06:30:00.000","30","NO CONTROLS","NO CONTROLS","CLEAR","DARKNESS, LIGHTED ROAD","FIXED OBJECT","PARKING LOT",,"CURVE, LEVEL","DRY","NO DEFECTS","ON SCENE","INJURY AND / OR TOW DUE TO CRASH",,"Y",,"OVER $1,500","2025-01-22T06:50:00.000","UNABLE TO DETERMINE","NOT APPLICABLE","440","N","WABASH AVE","1834",,,,,,,"1","NO INDICATION OF INJURY","0","0","0","0","0","1","0","6","4","1","41.8904864444","-87.6268244603","POINT (-87.626824460289 41.890486444372)"
"f00026b75f5a2397166e7e4405c50b7d7e5d23b0d65cc009a66c1abbe41ccd18952e5f93977b2af843c188efd6db381977e3ad282c17aff2867dad523cdb6bf8",,"2025-01-22T06:19:00.000","30","NO CONTROLS","NO CONTROLS","CLEAR","DARKNESS, LIGHTED ROAD","SIDESWIPE SAME DIRECTION","DIVIDED - W/MEDIAN (NOT RAISED)",,"STRAIGHT AND LEVEL","DRY","NO DEFECTS","NOT ON SCENE (DESK REPORT)","NO INJURY / DRIVE AWAY",,,,"$500 OR LESS","2025-01-22T11:45:00.000","UNABLE TO DETERMINE","UNABLE TO DETERMINE","51","W","91ST ST","634",,,,,,,"2","NO INDICATION OF INJURY","0","0","0","0","0","2","0","6","4","1","41.7289025204","-87.6260872179","POINT (-87.626087217927 41.728902520357)"
"1eea9d953a1ad5a8725d4f2353e3f77c704df178313ea94da9d42912db0bb54d636bc271b2cdc182d14b68348d3f6303742295204302e9f7e6e529cc3764aa86",,"2025-01-22T06:00:00.000","30","TRAFFIC SIGNAL","FUNCTIONING PROPERLY","CLEAR","DARKNESS, LIGHTED ROAD","REAR END","NOT DIVIDED",,"STRAIGHT AND LEVEL","DRY","UNKNOWN","NOT ON SCENE (DESK REPORT)","NO INJURY / DRIVE AWAY",,,,"OVER $1,500","2025-01-22T19:30:00.000","FOLLOWING TOO CLOSELY","UNABLE TO DETERMINE","1554","W","HARRISON ST","1231",,,,,,,"2","NO INDICATION OF INJURY","0","0","0","0","0","2","0","6","4","1","41.8743118586","-87.6664836719","POINT (-87.666483671868 41.874311858635)"
"262e8555278cac7a8399bdaccb702784bf9c2cd3c032f340fdea437acf407bb88428dbca20019855afe5b3c2577094d5fa907080f30f02a6f2eab2c1b318b582",,"2025-01-22T05:45:00.000","30","TRAFFIC SIGNAL","FUNCTIONING PROPERLY","CLEAR","DARKNESS, LIGHTED ROAD","SIDESWIPE SAME DIRECTION","NOT DIVIDED",,"STRAIGHT AND LEVEL","DRY","NO DEFECTS","ON SCENE","INJURY AND / OR TOW DUE TO CRASH",,,,"OVER $1,500","2025-01-22T05:48:00.000","UNABLE TO DETERMINE","UNABLE TO DETERMINE","3163","W","OGDEN AVE","1022","Y","Y",,,,,"2","NONINCAPACITATING INJURY","1","0","0","1","0","1","0","5","4","1","41.8578462276","-87.7050877002","POINT (-87.705087700224 41.857846227605)"
"c1284ce6ea1e579360036337e45a7e8db33c6e85cd006fe7780ee43b5f9681503e4a71483dd6e332d2df628e87e2a6edc6f5fb90ce2f0e9485464b72674597f0",,"2025-01-22T05:42:00.000","30","NO CONTROLS","NO CONTROLS","CLEAR","DARKNESS","FIXED OBJECT","NOT DIVIDED",,"STRAIGHT AND LEVEL","DRY","NO DEFECTS","ON SCENE","INJURY AND / OR TOW DUE TO CRASH",,,,"OVER $1,500","2025-01-22T05:42:00.000","DISTRACTION - FROM INSIDE VEHICLE","NOT APPLICABLE","3700","W","LAKE ST","1122",,,,,,,"1","NONINCAPACITATING INJURY","1","0","0","1","0","0","0","5","4","1","41.8851797227","-87.7186139645","POINT (-87.718613964493 41.885179722738)"
"e9f29aed5b16c7c028cf0e84d9a622dbe88d154cb2bc7d197d027ba0e0c100cdbf3694e8e1116499bce399cff6ecf6c14706ed65f2210243355eee77855cfddc",,"2025-01-22T05:40:00.000","30","TRAFFIC SIGNAL","FUNCTIONING PROPERLY","CLEAR","DARKNESS, LIGHTED ROAD","ANGLE","NOT DIVIDED",,"STRAIGHT AND LEVEL","UNKNOWN","UNKNOWN","NOT ON SCENE (DESK REPORT)","NO INJURY / DRIVE AWAY","Y",,"N","OVER $1,500","2025-01-22T13:00:00.000","UNABLE TO DETERMINE","NOT APPLICABLE","1201","N","AUSTIN BLVD","2531",,,,,,,"2","NO INDICATION OF INJURY","0","0","0","0","0","2","0","5","4","1","41.9020912382","-87.775217894","POINT (-87.77521789397 41.902091238174)"
"93eeb1e22105417d0faa8838b330e1b0add3753ca80327f5d0b759763832e1870ea2803d4b09e288651fd774e5c1d57bb3677a2b2138b46e61a205c2d45a0e0f",,"2025-01-22T05:23:00.000","30","NO CONTROLS","UNKNOWN","CLEAR","DARKNESS, LIGHTED ROAD","PARKED MOTOR VEHICLE","DIVIDED - W/MEDIAN (NOT RAISED)",,"STRAIGHT AND LEVEL","DRY","NO DEFECTS","ON SCENE","INJURY AND / OR TOW DUE TO CRASH",,,,"OVER $1,500","2025-01-22T05:26:00.000","FAILING TO REDUCE SPEED TO AVOID CRASH","UNABLE TO DETERMINE","3651","W","DIVERSEY AVE","2524",,,,,,,"2","NO INDICATION OF INJURY","0","0","0","0","0","1","0","5","4","1","41.9317740585","-87.7192596114","POINT (-87.719259611363 41.93177405848)"
"adbfb1de20f2f4e4c6a7d6603b51d6d92b23a2ee6c19a0c99a67b9d201da172204b7433e1c23aadd1db40626435e1f6e978bab1eabca57e5ecfd1070522c94f8",,"2025-01-22T05:03:00.000","30","NO CONTROLS","NO CONTROLS","CLEAR","DARKNESS, LIGHTED ROAD","PARKED MOTOR VEHICLE","ONE-WAY",,"STRAIGHT AND LEVEL","DRY","UNKNOWN","NOT ON SCENE (DESK REPORT)","NO INJURY / DRIVE AWAY",,,,"OVER $1,500","2025-01-22T05:45:00.000","IMPROPER BACKING","NOT APPLICABLE","215","N","MENARD AVE","1512",,,,,,,"2","NO INDICATION OF INJURY","0","0","0","0","0","1","0","5","4","1","41.8846276022","-87.7697634298","POINT (-87.769763429813 41.884627602222)"
"9f08c2ecb6abae1720f951adba2adcbc2f6a15000cd5a4f3ea25b95db93dcd8f9ffde6d4d18ca1136c37b577c3770bd3060e6b9e282523edafb2cda34abdf539",,"2025-01-22T05:00:00.000","30","TRAFFIC SIGNAL","FUNCTIONING PROPERLY","CLEAR","DARKNESS, LIGHTED ROAD","TURNING","FOUR WAY",,"STRAIGHT AND LEVEL","WET","NO DEFECTS","NOT ON SCENE (DESK REPORT)","NO INJURY / DRIVE AWAY","Y",,"Y","OVER $1,500","2025-01-22T10:00:00.000","FAILING TO YIELD RIGHT-OF-WAY","NOT APPLICABLE","7200","N","WESTERN AVE","2411",,,,,,,"2","NO INDICATION OF INJURY","0","0","0","0","0","2","0","5","4","1","42.0123713348","-87.6903939174","POINT (-87.690393917379 42.012371334792)"
"91f05d74b752f0e39022630f50979aba3300d156f5bf0e2daead55dde457ebf2c486fd4731801e09ce69f43cb0f7b45b45de1f1f70a3f8a81882dae6d4587226","Y","2025-01-22T04:24:00.000","30","NO CONTROLS","NO CONTROLS","CLEAR","DARKNESS","FIXED OBJECT","DIVIDED - W/MEDIAN BARRIER",,"STRAIGHT AND LEVEL","DRY","NO DEFECTS","ON SCENE","NO INJURY / DRIVE AWAY",,,,"OVER $1,500","2025-01-22T04:31:00.000","EQUIPMENT - VEHICLE CONDITION","NOT APPLICABLE","4900","W","LAWRENCE AVE","1623",,,,,,,"1","NO INDICATION OF INJURY","0","0","0","0","0","1","0","4","4","1","41.9681066172","-87.7502657017","POINT (-87.750265701712 41.968106617206)"
"72b8d0569ad8a27f3f5f29f5714644fb26a4e4815f97594c0773df348c6e7cd5a9add0c51879cbf7202d0b78a564ba41dc599c8d971934dbf5fb3ac50e1ffc0a",,"2025-01-22T04:00:00.000","20","NO CONTROLS","NO CONTROLS","CLEAR","DARKNESS, LIGHTED ROAD","PARKED MOTOR VEHICLE","NOT DIVIDED",,"STRAIGHT AND LEVEL","DRY","NO DEFECTS","ON SCENE","NO INJURY / DRIVE AWAY",,,"Y","$501 - $1,500","2025-01-22T06:50:00.000","UNABLE TO DETERMINE","NOT APPLICABLE","3252","S","CANAL ST","915",,,,,,,"3","NO INDICATION OF INJURY","0","0","0","0","0","1","0","4","4","1","41.8347720222","-87.6378181308","POINT (-87.637818130802 41.834772022181)"
"5d5c76bf0733f4d8262bbcb0cedaa3161ac4d00884ee05303ec61cd2be6c7c214880c3c76f19aa8319f32a8f5786c3216ad6201037a8ec28ac731a8701bc68fc",,"2025-01-22T03:51:00.000","30","TRAFFIC SIGNAL","UNKNOWN","CLEAR","DARKNESS, LIGHTED ROAD","TURNING","FOUR WAY",,"STRAIGHT AND LEVEL","DRY","UNKNOWN","ON SCENE","INJURY AND / OR TOW DUE TO CRASH",,,"Y","OVER $1,500","2025-01-22T03:51:00.000","IMPROPER LANE USAGE","UNABLE TO DETERMINE","526","S","SACRAMENTO BLVD","1134",,,,,,,"2","NO INDICATION OF INJURY","0","0","0","0","0","3","0","3","4","1","41.8740078981","-87.7011671596","POINT (-87.701167159617 41.874007898122)"
"63c898b15ac6fd36577b0b39993d41412375cf2bb33dbab0420fe1017edd0e75f83e6ecac1715cec129a065d1b946e4cb26810f965be55b688c5fe248f52c110",,"2025-01-22T02:15:00.000","30","UNKNOWN","UNKNOWN","UNKNOWN","UNKNOWN","REAR END","ONE-WAY",,"STRAIGHT AND LEVEL","UNKNOWN","UNKNOWN","NOT ON SCENE (DESK REPORT)","NO INJURY / DRIVE AWAY",,,,"OVER $1,500","2025-01-22T09:20:00.000","UNABLE TO DETERMINE","UNABLE TO DETERMINE","4719","S","WENTWORTH AVE","224",,,,,,,"2","NO INDICATION OF INJURY","0","0","0","0","0","2","0","2","4","1","41.8085854038","-87.6307470426","POINT (-87.630747042603 41.8085854038)"