"crash_record_id","crash_date_est_i","crash_date","posted_speed_limit","traffic_control_device","device_condition","weather_condition","lighting_condition","first_crash_type","trafficway_type","lane_cnt","alignment","roadway_surface_cond","road_defect","report_type","crash_type","intersection_related_i","private_property_i","hit_and_run_i","damage","date_police_notified","prim_contributory_cause","sec_contributory_cause","street_no","street_direction","street_name","beat_of_occurrence","photos_taken_i","statements_taken_i","dooring_i","work_zone_i","work_zone_type","workers_present_i","num_units","most_severe_injury","injuries_total","injuries_fatal","injuries_incapacitating","injuries_non_incapacitating","injuries_reported_not_evident","injuries_no_indication","injuries_unknown","crash_hour","crash_day_of_week","crash_month","latitude","longitude","location"
"4f22cebdc39a2b50925e4bea305f3c7a31161c46fc063d70aa54a4a21cd5eba0d008573af23d9511c31466a3724f6f266cb7d38f51c506d3476da2d20012f4e3",,"2025-01-22T01:00:00.000","30","NO CONTROLS","NO CONTROLS","CLEAR","DARKNESS, LIGHTED ROAD","PARKED MOTOR VEHICLE","NOT DIVIDED",,"STRAIGHT AND LEVEL","DRY","NO DEFECTS","ON SCENE","INJURY AND / OR TOW DUE TO CRASH",,,,"OVER $1,500","2025-01-22T01:10:00.000","UNABLE TO DETERMINE","UNABLE TO DETERMINE","10707","S","EWING AVE","432",,,,,,,"2","NO INDICATION OF INJURY","0","0","0","0","0","1","0","1","4","1","41.7006619292","-87.5351350522","POINT (-87.535135052183 41.700661929227)"
"c357be4085e6806b7b30049fae65b31814499b89a7f18c414fbf081205265954c2477ba7d64758736d6e0b99cfa75e19fa4da0853a1604a4ee876ba6391b85a6",,"2025-01-21T22:50:00.000","30","TRAFFIC SIGNAL","FUNCTIONING PROPERLY","UNKNOWN","DARKNESS, LIGHTED ROAD","ANGLE","FOUR WAY",,"STRAIGHT AND LEVEL","UNKNOWN","UNKNOWN","ON SCENE","INJURY AND / OR TOW DUE TO CRASH","Y",,"Y","OVER $1,500","2025-01-21T22:52:00.000","UNABLE TO DETERMINE","UNABLE TO DETERMINE","8300","S","RACINE AVE","613",,,,,,,"4","REPORTED, NOT EVIDENT","1","0","0","0","1","3","0","22","3","1","41.7431240501","-87.6536844125","POINT (-87.653684412547 41.743124050063)"
"f53dd660fe2b90f6a9c39bbc36d926f1fc214e70a86721c1f3cfd6a59714bd7f2f05512c6984f94db516b5afbd56821145a1491914e52b8343ee30901290579c",,"2025-01-21T22:50:00.000","30","TRAFFIC SIGNAL","FUNCTIONING PROPERLY","CLEAR","DARKNESS, LIGHTED ROAD","PEDESTRIAN","FOUR WAY",,"STRAIGHT AND LEVEL","DRY","NO DEFECTS","ON SCENE","INJURY AND / OR TOW DUE TO CRASH","Y",,"Y","$500 OR LESS","2025-01-21T23:00:00.000","FAILING TO YIELD RIGHT-OF-WAY","FAILING TO REDUCE SPEED TO AVOID CRASH","3200","N","LAKE SHORE DR","1925",,,,,,,"2","REPORTED, NOT EVIDENT","1","0","0","0","1","1","0","22","3","1","41.9409091633","-87.63936916","POINT (-87.639369159955 41.940909163268)"
"40ecbc263755d210a1f978da5981b67814b41dd0beba4c94f7e6203c16f72af16a11efdbcbb91cd5440a7a56b0284d8748cb9673544f801588ef6b371947ca8b",,"2025-01-21T22:30:00.000","30","NO CONTROLS","NO CONTROLS","CLEAR","DARKNESS, LIGHTED ROAD","PARKED MOTOR VEHICLE","NOT DIVIDED",,"STRAIGHT AND LEVEL","UNKNOWN","UNKNOWN","NOT ON SCENE (DESK REPORT)","NO INJURY / DRIVE AWAY",,,"Y","OVER $1,500","2025-01-22T14:00:00.000","UNABLE TO DETERMINE","NOT APPLICABLE","2757","N","KOSTNER AVE","2524",,,,,,,"2","NO INDICATION OF INJURY","0","0","0","0","0","1","0","22","3","1","41.9315509647","-87.7366703345","POINT (-87.736670334481 41.931550964703)"
"ce71eb9e1b292cf1f6d5f1fc628c376bd249327fe9a4ec5933dbef2783ac717ab9091975b779aaf506f3e8dbb9a686275a8d7b8e106fc84e715609eb29962ede",,"2025-01-21T22:25:00.000","30","NO CONTROLS","NO CONTROLS","CLEAR","DARKNESS, LIGHTED ROAD","REAR END","NOT DIVIDED",,"STRAIGHT AND LEVEL","DRY","NO DEFECTS","ON SCENE","INJURY AND / OR TOW DUE TO CRASH",,,"Y","OVER $1,500","2025-01-21T22:25:00.000","UNABLE TO DETERMINE","NOT APPLICABLE","5620","W","FULLERTON AVE","2515",,,,,,,"2","NO INDICATION OF INJURY","0","0","0","0","0","2","0","22","3","1","41.9240763002","-87.7669667167","POINT (-87.766966716717 41.924076300181)"
"43208028910dff4766f3833d15bb3fc337ef4cdb418283a81c55fca09db383446c836421fc7e41abe0874665eab07412eea003440f25e9eac2afedd3167208eb",,"2025-01-21T22:23:00.000","30","NO CONTROLS","NO CONTROLS","CLEAR","DARKNESS, LIGHTED ROAD","FIXED OBJECT","NOT DIVIDED",,"STRAIGHT AND LEVEL","DRY","NO DEFECTS","ON SCENE","INJURY AND / OR TOW DUE TO CRASH",,,"Y","OVER $1,500","2025-01-21T22:23:00.000","UNABLE TO DETERMINE","NOT APPLICABLE","4020","W","63RD ST","813",,,,,,,"1","NO INDICATION OF INJURY","0","0","0","0","0","1","0","22","3","1","41.7787538925","-87.7237429532","POINT (-87.723742953177 41.778753892469)"
"80e4f4ed565a12d9eefa966c50633214c50e92e239762de379e41789cc04903adedf0d8c6cf071649de0032a58453b1209601c96dfb5d3cbfb1b2389d466d41a",,"2025-01-21T21:55:00.000","30","STOP SIGN/FLASHER","FUNCTIONING PROPERLY","CLEAR","DARKNESS, LIGHTED ROAD","PEDALCYCLIST","FOUR WAY",,"STRAIGHT AND LEVEL","DRY","NO DEFECTS","ON SCENE","INJURY AND / OR TOW DUE TO CRASH","Y",,,"OVER $1,500","2025-01-21T21:56:00.000","UNABLE TO DETERMINE","UNABLE TO DETERMINE","4498","W","JACKSON BLVD","1113",,,,,,,"2","NONINCAPACITATING INJURY","1","0","0","1","0","1","0","21","3","1","41.8770475303","-87.7376769007","POINT (-87.737676900747 41.877047530346)"
"413db7471b9d9224fc66cc3f13895223475f7c5d9bc5d3eb99c1b4f4f4c8cef86f35f40fdd0b3609899c2ce68dc2e32503f210bd426db45cf1d08989610ccc13",,"2025-01-21T21:30:00.000","30","NO CONTROLS","NO CONTROLS","CLEAR","DARKNESS","PARKED MOTOR VEHICLE","ONE-WAY",,"STRAIGHT AND LEVEL","ICE","NO DEFECTS","NOT ON SCENE (DESK REPORT)","NO INJURY / DRIVE AWAY",,,,"OVER $1,500","2025-01-22T22:16:00.000","ROAD ENGINEERING/SURFACE/MARKING DEFECTS","WEATHER","9100","S","HARPER AVE","413",,,,,,,"2","NO INDICATION OF INJURY","0","0","0","0","0","1","0","21","3","1","41.7294908864","-87.5869024766","POINT (-87.586902476615 41.72949088636)"
"4be2e3d7390b83fe981e493e8a69b62451336aaf52e805e168a6fee9e6ab7bf05d037b753e251720e2fe662285b54a062d6df837b816120d3b6ee7697a30d25e",,"2025-01-21T21:03:00.000","30","NO CONTROLS","NO CONTROLS","UNKNOWN","DUSK","PARKED MOTOR VEHICLE","ONE-WAY",,"STRAIGHT AND LEVEL","UNKNOWN","NO DEFECTS","ON SCENE","NO INJURY / DRIVE AWAY",,,"Y","OVER $1,500","2025-01-22T08:30:00.000","UNABLE TO DETERMINE","UNABLE TO DETERMINE","6843","S","PERRY AVE","722",,,,,,,"2","NO INDICATION OF INJURY","0","0","0","0","0","1","0","21","3","1","41.769638034","-87.628129518","POINT (-87.628129517997 41.769638033968)"
"90cf9f32b91721105b7ca6266bf9debc250d0be342e314f52727604f9e40cd5502c749eb0cc0659f7a7235b32963ccd7c3b2382234cdc4ec44d699883d8ce05e",,"2025-01-21T21:00:00.000","30","NO CONTROLS","NO CONTROLS","CLEAR","DAYLIGHT","PARKED MOTOR VEHICLE","DIVIDED - W/MEDIAN (NOT RAISED)",,"STRAIGHT AND LEVEL","UNKNOWN","NO DEFECTS","NOT ON SCENE (DESK REPORT)","INJURY AND / OR TOW DUE TO CRASH",,,,"OVER $1,500","2025-01-22T14:40:00.000","UNABLE TO DETERMINE","UNABLE TO DETERMINE","3707","N","SACRAMENTO AVE","1733",,,,,,,"2","NONINCAPACITATING INJURY","1","0","0","1","0","0","0","21","3","1","41.9487433565","-87.702837182","POINT (-87.702837181983 41.94874335654)"
"60fdea655c8629b1782826d160039fe7ae4466e4e2ee014b3108b4ecd5a73b2af57054957d95df0deb7bfdda11db58e4849f468f97756b87d5c09e8c53e4d551",,"2025-01-21T20:49:00.000","30","TRAFFIC SIGNAL","FUNCTIONING PROPERLY","CLEAR","DARKNESS","TURNING","FOUR WAY",,"STRAIGHT AND LEVEL","DRY","NO DEFECTS","ON SCENE","NO INJURY / DRIVE AWAY","Y",,,"OVER $1,500","2025-01-21T21:37:00.000","IMPROPER OVERTAKING/PASSING","NOT APPLICABLE","7500","S","COTTAGE GROVE AVE","624",,,,,,,"2","NO INDICATION OF INJURY","0","0","0","0","0","2","0","20","3","1","41.7584848876","-87.6055332197","POINT (-87.605533219704 41.758484887637)"
"350a49c95953b97c684761e524eb1aec55419cf83b7031b2f46e6c3b6c39484d2e33f71ed0bf04c76e6bf6c4d936e952752fcf1a16938ed63d2c94763920c042",,"2025-01-21T20:30:00.000","20","NO CONTROLS","NO CONTROLS","CLEAR","DARKNESS","PARKED MOTOR VEHICLE","NOT DIVIDED",,"STRAIGHT AND LEVEL","DRY","NO DEFECTS","NOT ON SCENE (DESK REPORT)","NO INJURY / DRIVE AWAY",,,,"OVER $1,500","2025-01-22T11:48:00.000","UNABLE TO DETERMINE","UNABLE TO DETERMINE","4935","W","RICE ST","1531",,,,,,,"2","NO INDICATION OF INJURY","0","0","0","0","0","3","0","20","3","1","41.8958111377","-87.7496926403","POINT (-87.749692640254 41.895811137721)"
"f3a2db022ad463fe3fed2053a998943e966de6c6ec0a2e60618acf193dea3aaef5f94b093273dc75a901bce1b6c5cf3c8d5c3c0b5301e80ff1b6a8200da76951",,"2025-01-21T20:26:00.000","25","NO CONTROLS","NO CONTROLS","CLEAR","DARKNESS, LIGHTED ROAD","SIDESWIPE SAME DIRECTION","NOT DIVIDED",,"STRAIGHT AND LEVEL","DRY","NO DEFECTS","ON SCENE","NO INJURY / DRIVE AWAY",,,,"OVER $1,500","2025-01-21T20:26:00.000","IMPROPER OVERTAKING/PASSING","UNABLE TO DETERMINE","1300","W","ESTES AVE","2423",,,,"N",,,"2","NO INDICATION OF INJURY","0","0","0","0","0","2","0","20","3","1","42.0117198833","-87.6630401984","POINT (-87.663040198414 42.011719883259)"
"94a6ad9191f136156b85b3740b6a3ee4f35bbc20c45a70c2c315b92c03363c283c007e81997b3651d54ea55e654589f13208e5d534ef7c7571f21f9dbaf3f510",,"2025-01-21T20:10:00.000","30","NO CONTROLS","NO CONTROLS","CLEAR","DUSK","REAR END","NOT DIVIDED",,"STRAIGHT AND LEVEL","DRY","NO DEFECTS","ON SCENE","NO INJURY / DRIVE AWAY",,,"Y","OVER $1,500","2025-01-21T20:16:00.000","FOLLOWING TOO CLOSELY","UNABLE TO DETERMINE","4120","W","BELMONT AVE","1731",,,,,,,"3","NO INDICATION OF INJURY","0","0","0","0","0","4","0","20","3","1","41.9391613004","-87.7305084831","POINT (-87.73050848311 41.939161300433)"
"f31230f6171a76e7a8b86a8737d16ead8b17e8283493b4410372b4b696ab1ec028ef122135173a224c7dedfb549158870dffe6f314ad92a9656b5ebf9ccf1b30","Y","2025-01-21T20:00:00.000","30","NO CONTROLS","NO CONTROLS","CLEAR","UNKNOWN","PARKED MOTOR VEHICLE","ONE-WAY",,"STRAIGHT AND LEVEL","UNKNOWN","UNKNOWN","NOT ON SCENE (DESK REPORT)","NO INJURY / DRIVE AWAY",,,"Y","$501 - $1,500","2025-01-22T11:03:00.000","UNABLE TO DETERMINE","NOT APPLICABLE","12801","S","SAGINAW AVE","433",,,,,,,"2","NO INDICATION OF INJURY","0","0","0","0","0","1","0","20","3","1","41.6627631578","-87.5579108004","POINT (-87.55791080038 41.662763157811)"
"db276358f4b04a99e752742a3da9ae40cf7ee09c60ea1ebb0a6e1f660b9b508f8b7892ce40d2a4d43c7dd5c326177d58cc9b5d142441871b88cf037b9d175f3c",,"2025-01-21T19:56:00.000","30","TRAFFIC SIGNAL","FUNCTIONING PROPERLY","CLEAR","DARKNESS","REAR END","DIVIDED - W/MEDIAN BARRIER",,"STRAIGHT AND LEVEL","DRY","NO DEFECTS","NOT ON SCENE (DESK REPORT)","NO INJURY / DRIVE AWAY",,,,"OVER $1,500","2025-01-22T13:30:00.000","UNABLE TO DETERMINE","NOT APPLICABLE","132","S","ASHLAND AVE","1224",,,,,,,"2","NO INDICATION OF INJURY","0","0","0","0","0","2","0","19","3","1","41.8791403683","-87.6668999989","POINT (-87.666899998867 41.879140368266)"
"dabe5c831c50c14ecaac2bd2c41af9387c2be3600b45c4a17f087de44745cfabfb646df3baedbddbdcd13361501c95c752983bc4d7da39af039de53dbe40950b",,"2025-01-21T19:51:00.000","30","UNKNOWN","UNKNOWN","OTHER","DARKNESS, LIGHTED ROAD","ANGLE","UNKNOWN INTERSECTION TYPE",,"STRAIGHT AND LEVEL","DRY","UNKNOWN","ON SCENE","NO INJURY / DRIVE AWAY","Y",,,"OVER $1,500","2025-01-21T19:51:00.000","DISREGARDING TRAFFIC SIGNALS","DISREGARDING OTHER TRAFFIC SIGNS","7600","S","STATE ST","623",,,,,,,"2","NO INDICATION OF INJURY","0","0","0","0","0","2","0","19","3","1","41.7564004067","-87.6248696859","POINT (-87.624869685896 41.756400406673)"
"8124721056814afdc39756321f8954e8c63938c25917c9474f3fc7cb73c4ed976440f112eb3b0274f5e409622db05216c649d2e4b57b9af0440219c04d936f59",,"2025-01-21T19:50:00.000","30","TRAFFIC SIGNAL","FUNCTIONING PROPERLY","CLEAR","DARKNESS, LIGHTED ROAD","SIDESWIPE SAME DIRECTION","NOT DIVIDED",,"STRAIGHT AND LEVEL","DRY","NO DEFECTS","ON SCENE","NO INJURY / DRIVE AWAY",,,,"OVER $1,500","2025-01-21T19:53:00.000","IMPROPER LANE USAGE","FAILING TO YIELD RIGHT-OF-WAY","6351","W","55TH ST","811",,,,,,,"2","NO INDICATION OF INJURY","0","0","0","0","0","2","0","19","3","1","41.7922093097","-87.7814212567","POINT (-87.781421256663 41.792209309715)"
"a74800402631613c43fde880952562407f64df72c1fcd8fb04a34038c13c60dbe00869c4152fe4f0f3057cd8dff6c6d7978000a5703fae041be9662744d8eebb",,"2025-01-21T19:50:00.000","10","NO CONTROLS","NO CONTROLS","CLEAR","DARKNESS, LIGHTED ROAD","SIDESWIPE SAME DIRECTION","OTHER",,"STRAIGHT AND LEVEL","WET","NO DEFECTS","ON SCENE","NO INJURY / DRIVE AWAY",,,,"OVER $1,500","2025-01-21T19:55:00.000","FAILING TO YIELD RIGHT-OF-WAY","DRIVING SKILLS/KNOWLEDGE/EXPERIENCE","5","W","TERMINAL ST","1655",,,,,,,"2","NO INDICATION OF INJURY","0","0","0","0","0","2","0","19","3","1",,,
"f86bbe1dd60ce155a9b6525e39c89768f50449e6c3ac8844c5278c5f06e1953c5b0c6d5d6d640ccbc1a1fa028a5f0f2f0588f4f8f077db9560ff9741c7d3f6b6",,"2025-01-21T19:49:00.000","30","TRAFFIC SIGNAL","FUNCTIONING PROPERLY","CLEAR","DARKNESS, LIGHTED ROAD","TURNING","DIVIDED - W/MEDIAN BARRIER",,"STRAIGHT AND LEVEL","DRY","NO DEFECTS","ON SCENE","INJURY AND / OR TOW DUE TO CRASH","Y",,,"OVER $1,500","2025-01-21T19:55:00.000","IMPROPER TURNING/NO SIGNAL","IMPROPER LANE USAGE","64","W","LOWER WACKER DR","111",,,,,,,"2","NO INDICATION OF INJURY","0","0","0","0","0","2","0","19","3","1","41.8870693044","-87.6303678686","POINT (-87.630367868642 41.887069304408)"
"0de91d33d488e70e1ea91c6d50de3041b73a25bf8b3bc6616a8499fea44b359e5a73215beb19d4d668b578264853bccba87413208b085162d2beea37a5754145",,"2025-01-21T19:30:00.000","30","NO CONTROLS","NO CONTROLS","CLEAR","DARKNESS, LIGHTED ROAD","TURNING","NOT DIVIDED",,"STRAIGHT AND LEVEL","DRY","NO DEFECTS","NOT ON SCENE (DESK REPORT)","NO INJURY / DRIVE AWAY",,,"Y","OVER $1,500","2025-01-21T19:50:00.000","IMPROPER TURNING/NO SIGNAL","FOLLOWING TOO CLOSELY","4700","S","CHRISTIANA AVE","821",,,,,,,"2","NO INDICATION OF INJURY","0","0","0","0","0","2","0","19","3","1","41.8080067449","-87.7078036455","POINT (-87.707803645505 41.808006744866)"
"222c54586f690b3e4b5478ea3f4d27e149bac7f0a96e853b99d6c6ff8d2480ef52e20275e847cade636de70731831534e86e9a20a82d92a45a53b16355ec53f8",,"2025-01-21T19:26:00.000","30","NO CONTROLS","NO CONTROLS","CLEAR","DARKNESS","PARKED MOTOR VEHICLE","NOT DIVIDED",,"STRAIGHT AND LEVEL","DRY","NO DEFECTS","NOT ON SCENE (DESK REPORT)","NO INJURY / DRIVE AWAY",,,"Y","$501 - $1,500","2025-01-25T17:45:00.000","UNABLE TO DETERMINE","UNABLE TO DETERMINE","150","N","GARLAND CT","111",,,,,,,"2","NO INDICATION OF INJURY","0","0","0","0","0","1","0","19","3","1","41.884529736","-87.625386961","POINT (-87.625386960953 41.884529735989)"
"d8169ef0e161a059e18cebba2da62f0d2a948f85aaf6ccf0555068050db6b38b919760c9a1c1499c688f44489a820c7d493195a9863e883613dcac1dd232fa5e",,"2025-01-21T19:25:00.000","30","TRAFFIC SIGNAL","FUNCTIONING PROPERLY","CLEAR","DARKNESS, LIGHTED ROAD","SIDESWIPE SAME DIRECTION","DIVIDED - W/MEDIAN BARRIER",,"STRAIGHT AND LEVEL","DRY","NO DEFECTS","NOT ON SCENE (DESK REPORT)","NO INJURY / DRIVE AWAY",,,"Y","OVER $1,500","2025-01-21T20:20:00.000","IMPROPER OVERTAKING/PASSING","NOT APPLICABLE","151","E","LOWER WACKER DR","114",,,,,,,"2","NO INDICATION OF INJURY","0","0","0","0","0","2","0","19","3","1","41.8879732039","-87.6225742388","POINT (-87.622574238789 41.88797320385)"
"07c788e6966ec1fa8b0e3f1588ed823c020fd6caab4b85e893d9dd9bbbc6bb38b9d82c6e7701bf4910ed13bc4a575629d4a00e0c7725ad97aa38b97dc1aa1f18",,"2025-01-21T19:08:00.000","30","TRAFFIC SIGNAL","FUNCTIONING PROPERLY","CLEAR","DARKNESS, LIGHTED ROAD","REAR END","NOT DIVIDED",,"STRAIGHT AND LEVEL","WET","NO DEFECTS","NOT ON SCENE (DESK REPORT)","NO INJURY / DRIVE AWAY",,,,"OVER $1,500","2025-01-24T16:26:00.000","DISTRACTION - FROM INSIDE VEHICLE","DISTRACTION - FROM INSIDE VEHICLE","121","W","WACKER DR","122",,,,,,,"2","NO INDICATION OF INJURY","0","0","0","0","0","2","0","19","3","1","41.8867064726","-87.6317409454","POINT (-87.631740945436 41.886706472621)"
"02c4f35e90f26dd6ea64f5fffd434126fda01edabccf73c2bc7f7c06aea4b1f236f0fe0fb710e88ae75e35b33d92140b31bfd5546aff52eec0829a6743e8fa45",,"2025-01-21T19:00:00.000","30","NO CONTROLS","NO CONTROLS","CLEAR","DARKNESS, LIGHTED ROAD","REAR END","DIVIDED - W/MEDIAN (NOT RAISED)",,"STRAIGHT AND LEVEL","DRY","UNKNOWN","NOT ON SCENE (DESK REPORT)","NO INJURY / DRIVE AWAY",,,,"OVER $1,500","2025-01-21T19:35:00.000","UNABLE TO DETERMINE","NOT APPLICABLE","1025","N","WESTERN AVE","1212",,,,,,,"2","NO INDICATION OF INJURY","0","0","0","0","0","2","0","19","3","1","41.9002482019","-87.6868122502","POINT (-87.686812250208 41.900248201896)"
"1ec50c2369690d90ad9b29758f3f342d072d64511173afc162b8907b9ddf9aca9e741d4f4a9971d7ad0135fd849a2f52e1d881624dc4d4e3ed633dd1b6f3ba5a",,"2025-01-21T19:00:00.000","25","TRAFFIC SIGNAL","FUNCTIONING PROPERLY","SNOW","DARKNESS","TURNING","T-INTERSECTION",,"STRAIGHT AND LEVEL","SNOW OR SLUSH","UNKNOWN","NOT ON SCENE (DESK REPORT)","NO INJURY / DRIVE AWAY",,,,"OVER $1,500","2025-01-23T08:55:00.000","DISREGARDING OTHER TRAFFIC SIGNS","DISREGARDING OTHER TRAFFIC SIGNS","951","W","87TH ST","2222",,,,,,,"2","NO INDICATION OF INJURY","0","0","0","0","0","2","0","19","3","1","41.7358996171","-87.6480941098","POINT (-87.648094109755 41.735899617072)"
"5fdf7cc68d053bb39846732298b866a7fc5e82d85b5ae5cd996ebafe1d88caed3a548685fa55366df8bd8ed85de581809f575b9f279e2769a2b41dc93131a510",,"2025-01-21T19:00:00.000","30","NO CONTROLS","NO CONTROLS","CLEAR","DARKNESS, LIGHTED ROAD","SIDESWIPE SAME DIRECTION","NOT DIVIDED",,"STRAIGHT AND LEVEL","DRY","NO DEFECTS","NOT ON SCENE (DESK REPORT)","NO INJURY / DRIVE AWAY",,,,"$501 - $1,500","2025-01-22T14:20:00.000","UNABLE TO DETERMINE","NOT APPLICABLE","1474","N","MILWAUKEE AVE","1424",,,,,,,"2","NO INDICATION OF INJURY","0","0","0","0","0","2","0","19","3","1","41.9086112258","-87.6749320525","POINT (-87.674932052475 41.908611225841)"
"fda2490600398f31cdf11a6979566a22376356e043e32effd58f2c18f1dfb52029226eee8374cb91896e49d4cc26c67431e4fb32f19b3f9aee44c5cecbda30d1",,"2025-01-21T18:52:00.000","30","NO CONTROLS","NO CONTROLS","CLEAR","DARKNESS, LIGHTED ROAD","REAR END","NOT DIVIDED",,"STRAIGHT AND LEVEL","DRY","NO DEFECTS","ON SCENE","NO INJURY / DRIVE AWAY",,,,"OVER $1,500","2025-01-21T18:53:00.000","UNABLE TO DETERMINE","UNABLE TO DETERMINE","9145","S","COTTAGE GROVE AVE","633",,,,,,,"2","NO INDICATION OF INJURY","0","0","0","0","0","2","0","18","3","1","41.7279909218","-87.6044678756","POINT (-87.604467875611 41.727990921754)"
"c40af7c1d03bc838dd6ae15d8d6f1092116d7d57d9e51c1a7f992181a494e7f6cfa7ac54bc0e62b7f97b78baa47c5999ca939103803835487fd9cb58388f4cdc",,"2025-01-21T18:50:00.000","30","UNKNOWN","UNKNOWN","UNKNOWN","UNKNOWN","PARKED MOTOR VEHICLE","ONE-WAY",,"STRAIGHT AND LEVEL","UNKNOWN","UNKNOWN","NOT ON SCENE (DESK REPORT)","NO INJURY / DRIVE AWAY",,,"N","OVER $1,500","2025-01-23T16:40:00.000","UNABLE TO DETERMINE","UNABLE TO DETERMINE","1949","W","ARGYLE ST","2032",,,,,,,"2","NO INDICATION OF INJURY","0","0","0","0","0","1","0","18","3","1","41.9723098996","-87.6782035575","POINT (-87.678203557471 41.972309899585)"
"ff61d31e43756b12c8b93900046dcef11782e9803133dfd719dddfff20852b609a602f5c776a9bad7010594792bdf25f463fd5f53008f0e4b9afaae1f09b4453",,"2025-01-21T18:49:00.000","20","NO CONTROLS","NO CONTROLS","CLEAR","DARKNESS, LIGHTED ROAD","REAR END","NOT DIVIDED",,"STRAIGHT AND LEVEL","DRY","UNKNOWN","NOT ON SCENE (DESK REPORT)","NO INJURY / DRIVE AWAY",,,,"OVER $1,500","2025-01-21T19:00:00.000","FOLLOWING TOO CLOSELY","FOLLOWING TOO CLOSELY","9900","S","PROSPECT AVE","2213",,,,,,,"2","NO INDICATION OF INJURY","0","0","0","0","0","2","0","18","3","1","41.7138784509","-87.6634539866","POINT (-87.663453986593 41.713878450892)"
"d3a6ae64592f50d31246a0c85fb5b5535a149fccd92e9aaee3e0d55f332f388e779e237ab2464a2b6714cd10e1455a4a1b35abddd63da70bc41851a902b4f714",,"2025-01-21T18:43:00.000","30","NO CONTROLS","NO CONTROLS","CLEAR","DUSK","REAR END","NOT DIVIDED",,"STRAIGHT AND LEVEL","ICE","NO DEFECTS","ON SCENE","NO INJURY / DRIVE AWAY",,,,"OVER $1,500","2025-01-21T18:43:00.000","NOT APPLICABLE","NOT APPLICABLE","2651","W","FOSTER AVE","2031",,,,,,,"3","NO INDICATION OF INJURY","0","0","0","0","0","2","0","18","3","1","41.9757317119","-87.6958887134","POINT (-87.695888713376 41.975731711866)"
"753675033834464e8a25934bfc97b66cff5e5463254ef1987f8098da4d8fa14174bce5b2df09af41a07b11e3e91027fb9876b1e54fde8d68b18e315f6b08e18c","Y","2025-01-21T18:30:00.000","30","TRAFFIC SIGNAL","FUNCTIONING PROPERLY","UNKNOWN","UNKNOWN","REAR END","DIVIDED - W/MEDIAN BARRIER",,"STRAIGHT AND LEVEL","UNKNOWN","UNKNOWN","NOT ON SCENE (DESK REPORT)","INJURY AND / OR TOW DUE TO CRASH",,,"Y","OVER $1,500","2025-01-22T14:00:00.000","UNABLE TO DETERMINE","NOT APPLICABLE","123","W","CERMAK RD","914",,,,,,,"2","REPORTED, NOT EVIDENT","2","0","0","0","2","2","0","18","3","1","41.852765062","-87.6302808879","POINT (-87.630280887932 41.852765062015)"
"9f3626a8cf1b95104d2fc05dc2a8bd2b01a2708c1505a608e3cc8c75b04b04bba64300977341269d63cbbf8b12dde10df9e2e68606640a0342b07c9a7455d332",,"2025-01-21T18:13:00.000","30","NO CONTROLS","NO CONTROLS","CLEAR","DARKNESS, LIGHTED ROAD","TURNING","NOT DIVIDED",,"STRAIGHT AND LEVEL","DRY","NO DEFECTS","ON SCENE","INJURY AND / OR TOW DUE TO CRASH","N",,,"OVER $1,500","2025-01-21T18:14:00.000","DRIVING SKILLS/KNOWLEDGE/EXPERIENCE","UNABLE TO DETERMINE","4401","N","NARRAGANSETT AVE","1622",,,,,,,"2","REPORTED, NOT EVIDENT","1","0","0","0","1","1","0","18","3","1","41.960242801","-87.7866592105","POINT (-87.786659210476 41.960242801029)"
"9ecf685b76cac1c911cd4e8a4508e28c42900877d5969be222302de1e4e8ce626022789924c32eaa4ba07aed2bc683af82d5d02edc0061b7e80c1a5cbd55617f",,"2025-01-21T18:11:00.000","30","NO CONTROLS","NO CONTROLS","CLEAR","DARKNESS","PEDESTRIAN","DIVIDED - W/MEDIAN (NOT RAISED)",,"STRAIGHT AND LEVEL","DRY","NO DEFECTS","ON SCENE","INJURY AND / OR TOW DUE TO CRASH",,,,"$500 OR LESS","2025-01-21T18:12:00.000","UNABLE TO DETERMINE","NOT APPLICABLE","5330","N","WESTERN AVE","2011",,,,,,,"2","INCAPACITATING INJURY","1","0","1","0","0","1","0","18","3","1","41.9786409664","-87.6894045636","POINT (-87.689404563649 41.978640966417)"
"191dd2952e09489b414e0e58bb3be026c6417fcf5232d42e2d2130ae18225cf561722a559126b1cdd9e6cd3ac4ce756e755744db65cfb7aa495e1b5e0de5e8e2",,"2025-01-21T18:09:00.000","30","TRAFFIC SIGNAL","UNKNOWN","CLEAR","DARKNESS","PEDALCYCLIST","ONE-WAY",,"STRAIGHT AND LEVEL","DRY","NO DEFECTS","ON SCENE","INJURY AND / OR TOW DUE TO CRASH",,,"Y","OVER $1,500","2025-01-21T18:10:00.000","IMPROPER LANE USAGE","FAILING TO YIELD RIGHT-OF-WAY","500","N","KINGSBURY ST","1831",,,,,,,"2","REPORTED, NOT EVIDENT","1","0","0","0","1","3","0","18","3","1","41.8906843024","-87.6393952834","POINT (-87.63939528337 41.890684302388)"