"crash_record_id","crash_date_est_i","crash_date","posted_speed_limit","traffic_control_device","device_condition","weather_condition","lighting_condition","first_crash_type","trafficway_type","lane_cnt","alignment","roadway_surface_cond","road_defect","report_type","crash_type","intersection_related_i","private_property_i","hit_and_run_i","damage","date_police_notified","prim_contributory_cause","sec_contributory_cause","street_no","street_direction","street_name","beat_of_occurrence","photos_taken_i","statements_taken_i","dooring_i","work_zone_i","work_zone_type","workers_present_i","num_units","most_severe_injury","injuries_total","injuries_fatal","injuries_incapacitating","injuries_non_incapacitating","injuries_reported_not_evident","injuries_no_indication","injuries_unknown","crash_hour","crash_day_of_week","crash_month","latitude","longitude","location"
"5a09d8fba714b0a1d60930716ef462d091b99dc8886d8e69ffdb9e78b4bfe53ee7ecdd54c59be08dd998d182c9ff185c9ddc90591d585f24b0bfc51f24146922",,"2025-01-21T18:08:00.000","45","NO CONTROLS","NO CONTROLS","CLEAR","DARKNESS, LIGHTED ROAD","REAR END","OTHER",,"STRAIGHT AND LEVEL","DRY","NO DEFECTS","ON SCENE","NO INJURY / DRIVE AWAY",,,,"OVER $1,500","2025-01-21T18:30:00.000","UNABLE TO DETERMINE","NOT APPLICABLE","3100","S","LAKE SHORE DR SB","211",,,,,,,"4","NO INDICATION OF INJURY","0","0","0","0","0","4","0","18","3","1","41.8383932992","-87.6087495204","POINT (-87.608749520406 41.838393299151)"
"64c56cd4d259bd768faf65038b18d2a0ce08d7fcf8c7724a3da5fce556f47b5fb3256f4bab176953cc4ea26b6e61515c28ecf94ca5c9481e8800013e6ad2ac2a","Y","2025-01-21T18:00:00.000","30","NO CONTROLS","NO CONTROLS","UNKNOWN","UNKNOWN","PARKED MOTOR VEHICLE","DIVIDED - W/MEDIAN (NOT RAISED)",,"STRAIGHT AND LEVEL","SNOW OR SLUSH","NO DEFECTS","ON SCENE","NO INJURY / DRIVE AWAY",,,"Y","$500 OR LESS","2025-01-22T18:44:00.000","UNABLE TO DETERMINE","UNABLE TO DETERMINE","5459","S","BLACKSTONE AVE","234",,,,,,,"2","NO INDICATION OF INJURY","0","0","0","0","0","1","0","18","3","1","41.7964274223","-87.5902209574","POINT (-87.59022095744 41.796427422289)"
"846cfe8725fd2c9050f7cda1789cc27ce43322d8184c9ce4da151b9332b579a6bb87b162cd0042ddb3d8c6aaca88963681633edeaddcf1b1359a0bb4ecffeae8",,"2025-01-21T18:00:00.000","30","UNKNOWN","UNKNOWN","CLEAR","DARKNESS, LIGHTED ROAD","ANGLE","ALLEY",,"STRAIGHT AND LEVEL","UNKNOWN","UNKNOWN",,"NO INJURY / DRIVE AWAY","Y",,,"OVER $1,500","2025-01-21T18:20:00.000","UNABLE TO DETERMINE","UNABLE TO DETERMINE","550","W","GRANT PL","1812",,,,,,,"2","NO INDICATION OF INJURY","0","0","0","0","0","2","0","18","3","1","41.922911953","-87.6433989756","POINT (-87.643398975644 41.922911953015)"
"f40541958b0f5d9e105df46d3a3de628ea17b11a0facae2984b7a818ff4222ab7bdf325ce42c6e0f19bebef41cee2ca62e27ec979c9ff78d8847195acefbb2e6",,"2025-01-21T18:00:00.000","30","NO CONTROLS","UNKNOWN","CLEAR","UNKNOWN","TURNING","NOT DIVIDED",,"STRAIGHT AND LEVEL","UNKNOWN","UNKNOWN","NOT ON SCENE (DESK REPORT)","NO INJURY / DRIVE AWAY",,,,"OVER $1,500","2025-01-21T19:05:00.000","UNABLE TO DETERMINE","UNABLE TO DETERMINE","7000","N","RIDGE BLVD","2411",,,,,,,"2","NO INDICATION OF INJURY","0","0","0","0","0","2","0","18","3","1","42.0089828887","-87.682054656","POINT (-87.682054656039 42.008982888712)"
"e6a62a105572eed9a27a4dd8e04acfc9a6bd8d2d8007be777d93c1695c6d32c6b888d5a9f9629370965c763b2945c33ab1dd6787188f769ec5657c5a8879a81a",,"2025-01-21T17:53:00.000","30","NO CONTROLS","NO CONTROLS","CLEAR","DARKNESS, LIGHTED ROAD","TURNING","NOT DIVIDED",,"STRAIGHT AND LEVEL","DRY","NO DEFECTS","ON SCENE","NO INJURY / DRIVE AWAY",,,,"OVER $1,500","2025-01-21T18:08:00.000","FAILING TO YIELD RIGHT-OF-WAY","UNABLE TO DETERMINE","1818","W","BELMONT AVE","1922",,,,,,,"2","NO INDICATION OF INJURY","0","0","0","0","0","2","0","17","3","1","41.9397251395","-87.6747529836","POINT (-87.674752983619 41.939725139474)"
"b9adb0f6bdf28a44aca1eb2c1b08aef17c7d55a4433447b4b1cb91ee1342fc8bf38d43eacb15d1b0013706f8870911a200610aa5f905481bd857ab5e36e392af",,"2025-01-21T17:45:00.000","5","NO CONTROLS","NO CONTROLS","CLEAR","DARKNESS, LIGHTED ROAD","ANGLE","OTHER",,"STRAIGHT AND LEVEL","DRY","UNKNOWN","NOT ON SCENE (DESK REPORT)","INJURY AND / OR TOW DUE TO CRASH",,,,"OVER $1,500","2025-01-21T19:05:00.000","IMPROPER OVERTAKING/PASSING","UNABLE TO DETERMINE","7601","S","STATE ST","623",,,,,,,"2","REPORTED, NOT EVIDENT","2","0","0","0","2","0","0","17","3","1","41.7564030926","-87.6245765157","POINT (-87.624576515698 41.756403092616)"
"dcde6272eeddfd3679b15c24c433d06273b6e594b5d8a6b8fdf54fb3fbe8a4dbfb05bd8fdbb11742497b187307c4869db11a10c90c67fbace8b038cd1659127a","Y","2025-01-21T17:45:00.000","30","UNKNOWN","UNKNOWN","UNKNOWN","UNKNOWN","REAR END","NOT DIVIDED",,"STRAIGHT AND LEVEL","UNKNOWN","UNKNOWN","NOT ON SCENE (DESK REPORT)","NO INJURY / DRIVE AWAY",,,,"OVER $1,500","2025-01-21T18:05:00.000","UNABLE TO DETERMINE","NOT APPLICABLE","6658","S","WENTWORTH AVE","722",,,,,,,"2","NO INDICATION OF INJURY","0","0","0","0","0","2","0","17","3","1","41.7727906096","-87.6301119874","POINT (-87.630111987437 41.772790609568)"
"b121191b1e3ef95081f694c05415da4af267b45f7f710848217b015fda90cc86fb8f113f94b72d33304fb4e2e47e9ecf2583c4f63d5240d19871bf483d83c61d",,"2025-01-21T17:35:00.000","25","UNKNOWN","UNKNOWN","CLEAR","DAYLIGHT","SIDESWIPE SAME DIRECTION","DIVIDED - W/MEDIAN (NOT RAISED)",,"STRAIGHT AND LEVEL","UNKNOWN","NO DEFECTS","NOT ON SCENE (DESK REPORT)","NO INJURY / DRIVE AWAY",,,,"OVER $1,500","2025-01-22T11:20:00.000","UNABLE TO DETERMINE","UNABLE TO DETERMINE","1200","N","CENTRAL PARK AVE","2535",,,,,,,"2","NO INDICATION OF INJURY","0","0","0","0","0","2","0","17","3","1","41.9028428105","-87.7167113768","POINT (-87.716711376801 41.902842810544)"
"e2a7608887dc8ee819ac86909866ea3b62e0588d9bb34d69bf3892a3d7494f0c9b249b6ee12837d44ccc9ae43afb3bb1b09333e65b6c36bb351570d504b46e1a",,"2025-01-21T17:35:00.000","30","STOP SIGN/FLASHER","FUNCTIONING PROPERLY","CLEAR","DARKNESS, LIGHTED ROAD","TURNING","NOT DIVIDED",,"STRAIGHT AND LEVEL","UNKNOWN","UNKNOWN","NOT ON SCENE (DESK REPORT)","NO INJURY / DRIVE AWAY",,,,"OVER $1,500","2025-01-21T17:50:00.000","DRIVING SKILLS/KNOWLEDGE/EXPERIENCE","NOT APPLICABLE","4700","S","RICHMOND ST","922",,,,,,,"2","NO INDICATION OF INJURY","0","0","0","0","0","2","0","17","3","1","41.8081210068","-87.6980125312","POINT (-87.698012531155 41.808121006819)"
"61210235372cbce43911fec5749c54d72321065c86f33a333667af6c80c3ae1fce28175302a4bf4d3427fba73ec2a835d20e248789618ccc4c20be3c8d88642f","Y","2025-01-21T17:30:00.000","25","NO CONTROLS","NO CONTROLS","CLEAR","DUSK","PARKED MOTOR VEHICLE","PARKING LOT",,"STRAIGHT AND LEVEL","DRY","NO DEFECTS","ON SCENE","NO INJURY / DRIVE AWAY",,,"Y","$500 OR LESS","2025-01-27T13:06:00.000","UNABLE TO DETERMINE","UNABLE TO DETERMINE","3500","S","LAKE PARK AVE","212",,,,,,,"2","NO INDICATION OF INJURY","0","0","0","0","0","1","0","17","3","1","41.8310968213","-87.6083696625","POINT (-87.608369662514 41.831096821337)"
"6bce3b446fd28931ba0618e25fe1461d360df987d72d918d15f237f0bf184f7ed1649dec5d28f3de0bb8d33526a8a8fa79ef3f0a35d1f69713d9640c8811cbd2",,"2025-01-21T17:29:00.000","30","STOP SIGN/FLASHER","NO CONTROLS","CLEAR","DARKNESS","TURNING","RAMP",,"STRAIGHT AND LEVEL","DRY","NO DEFECTS","ON SCENE","INJURY AND / OR TOW DUE TO CRASH","Y",,,"OVER $1,500","2025-01-21T17:34:00.000","DISREGARDING STOP SIGN","FAILING TO YIELD RIGHT-OF-WAY","764","W","ADAMS ST","1232",,,,,,,"2","NO INDICATION OF INJURY","0","0","0","0","0","2","0","17","3","1","41.8793369893","-87.6465929868","POINT (-87.646592986849 41.879336989342)"
"7e65b47079abd192a72e124a0fc9cba880daeaae4e1d787f426c7689d6d11e88311b2bd49e9741fbb8b320ae7e22942f90f8a19cd482e5b753d1edfeaee2380d",,"2025-01-21T17:25:00.000","30","UNKNOWN","UNKNOWN","FREEZING RAIN/DRIZZLE","UNKNOWN","REAR TO SIDE","PARKING LOT",,"STRAIGHT AND LEVEL","UNKNOWN","UNKNOWN","NOT ON SCENE (DESK REPORT)","NO INJURY / DRIVE AWAY","Y",,,"OVER $1,500","2025-01-21T18:48:00.000","UNABLE TO DETERMINE","UNABLE TO DETERMINE","3033","S","HALSTED ST","914",,,,,,,"2","NO INDICATION OF INJURY","0","0","0","0","0","3","0","17","3","1","41.8388723304","-87.6461509665","POINT (-87.646150966469 41.838872330415)"
"b72161caeeffb67a8036201820897dc48ee08a5a57b0055972a8ede41cb9b536b14491712c8c6a9e7cc9d1a645a05892398d6501923994ae303d8720967af074",,"2025-01-21T17:25:00.000","30","TRAFFIC SIGNAL","FUNCTIONING PROPERLY","UNKNOWN","DUSK","REAR END","NOT DIVIDED",,"STRAIGHT AND LEVEL","DRY","UNKNOWN","NOT ON SCENE (DESK REPORT)","NO INJURY / DRIVE AWAY","Y",,,"$501 - $1,500","2025-01-22T15:00:00.000","FOLLOWING TOO CLOSELY","FOLLOWING TOO CLOSELY","1458","S","CANAL ST","124",,,,,,,"2","NO INDICATION OF INJURY","0","0","0","0","0","2","0","17","3","1","41.8619488347","-87.6392211397","POINT (-87.639221139667 41.86194883473)"
"40fa60f8a73aabb2518cf08f98d256445486ebd9932b63dc2be60029a3b49cea272fec7db2287f932dde1f2afec10ccd55615e2f06bf489565d4b016517c1c93",,"2025-01-21T17:24:00.000","30","NO CONTROLS","NO CONTROLS","CLEAR","DARKNESS","REAR END","FOUR WAY",,"STRAIGHT AND LEVEL","DRY","NO DEFECTS","ON SCENE","NO INJURY / DRIVE AWAY",,,,"OVER $1,500","2025-01-21T17:34:00.000","UNABLE TO DETERMINE","NOT APPLICABLE","6499","N","HARLEM AVE","1611",,,,,,,"2","NO INDICATION OF INJURY","0","0","0","0","0","2","0","17","3","1","41.9985942643","-87.8066351408","POINT (-87.806635140773 41.998594264281)"
"bb0c43ef6df31f412e78c80a6a163274ab479ed4b22a6c68d801d3ad29bd0e12c94d5a350c0fbd8eb1e1d066bc252732c6a794dbb9e003646e49c8c0e008cf5b",,"2025-01-21T17:20:00.000","30","NO CONTROLS","NO CONTROLS","CLEAR","DUSK","REAR END","NOT DIVIDED",,"STRAIGHT AND LEVEL","DRY","UNKNOWN","ON SCENE","INJURY AND / OR TOW DUE TO CRASH",,,,"OVER $1,500","2025-01-21T17:20:00.000","FOLLOWING TOO CLOSELY","NOT APPLICABLE","1128","N","LAWNDALE AVE","1112",,,,,,,"3","NO INDICATION OF INJURY","0","0","0","0","0","3","0","17","3","1","41.9018457632","-87.7191139186","POINT (-87.719113918556 41.901845763247)"
"5ef7c3926a62bb11dba6d606654ddf695a183a9b7ed38eae880b9273cfb6bfd5bfe44b492b547a3ef621a8b554df335260d2e3d70c5a27be2c4f3de265f18380",,"2025-01-21T17:19:00.000","30","NO CONTROLS","NO CONTROLS","CLEAR","DARKNESS, LIGHTED ROAD","HEAD ON","ONE-WAY",,"STRAIGHT AND LEVEL","DRY","UNKNOWN","ON SCENE","NO INJURY / DRIVE AWAY",,,"Y","OVER $1,500","2025-01-21T17:21:00.000","DRIVING ON WRONG SIDE/WRONG WAY","UNABLE TO DETERMINE","1004","W","52ND ST","934",,,,,,,"2","NO INDICATION OF INJURY","0","0","0","0","0","3","0","17","3","1","41.7997862122","-87.6504001936","POINT (-87.65040019357 41.799786212227)"
"18b19f61969f88dcf1d37e38e1398bcac348250c6020ebbfb41014eb368c69f0f460430653d23b1a54f41da80d285e2644ebe595dd471a2c8af0aa4cd7a842e2",,"2025-01-21T17:15:00.000","30","NO CONTROLS","NO CONTROLS","CLEAR","DARKNESS, LIGHTED ROAD","PARKED MOTOR VEHICLE","ONE-WAY",,"STRAIGHT AND LEVEL","UNKNOWN","UNKNOWN","NOT ON SCENE (DESK REPORT)","NO INJURY / DRIVE AWAY",,,"Y","OVER $1,500","2025-01-22T14:00:00.000","DRIVING ON WRONG SIDE/WRONG WAY","NOT APPLICABLE","810","N","LAWNDALE AVE","1112",,,,,,,"2","NO INDICATION OF INJURY","0","0","0","0","0","1","0","17","3","1","41.8958085336","-87.7189126286","POINT (-87.718912628641 41.895808533636)"
"db50340ffa99adc65312f2a5e40dac263a2e189164cae4c9fd4fd41c2eb48b9c6dbbf84e2c9eaeea12d6da5b24902f8df1369b98059064e8936caa908986ca40",,"2025-01-21T17:11:00.000","30","TRAFFIC SIGNAL","FUNCTIONING PROPERLY","CLEAR","DARKNESS, LIGHTED ROAD","REAR END","NOT DIVIDED",,"STRAIGHT AND LEVEL","DRY","NO DEFECTS",,"NO INJURY / DRIVE AWAY",,,,"OVER $1,500","2025-01-21T17:45:00.000","IMPROPER OVERTAKING/PASSING","NOT APPLICABLE","3167","N","HALSTED ST","1934",,,,,,,"2","NO INDICATION OF INJURY","0","0","0","0","0","3","0","17","3","1","41.9398140052","-87.649114589","POINT (-87.649114588991 41.939814005247)"
"172f9cf5292cec28aa4377de01f7dbbeca49ab7696ca6e54943a78ae28a612e75e828de8219c41c37ade1764b49928b6eaafa7ab74897209b5148c6a608f8471",,"2025-01-21T17:06:00.000","35","TRAFFIC SIGNAL","FUNCTIONING PROPERLY","CLEAR","DAWN","REAR END","CENTER TURN LANE",,"STRAIGHT AND LEVEL","DRY","NO DEFECTS","ON SCENE","NO INJURY / DRIVE AWAY",,,,"OVER $1,500","2025-01-21T17:06:00.000","FOLLOWING TOO CLOSELY","FAILING TO REDUCE SPEED TO AVOID CRASH","5616","N","CUMBERLAND AVE","1614",,,,,,,"2","NO INDICATION OF INJURY","0","0","0","0","0","2","0","17","3","1","41.9814536124","-87.836728528","POINT (-87.836728527987 41.981453612429)"
"8e5305e13fbb1018cec6892a2f21341d5d1eefd676cb23231bd19adfc4585b0809c8763656c911b5ab530b2253867d0a7fb45477159a6b8d4bd1779abdd17805",,"2025-01-21T17:03:00.000","30","STOP SIGN/FLASHER","UNKNOWN","CLEAR","DARKNESS, LIGHTED ROAD","REAR END","FOUR WAY",,"STRAIGHT AND LEVEL","UNKNOWN","NO DEFECTS","ON SCENE","INJURY AND / OR TOW DUE TO CRASH","Y",,,"$501 - $1,500","2025-01-21T17:03:00.000","UNABLE TO DETERMINE","UNABLE TO DETERMINE","3102","N","LARAMIE AVE","2514",,,,,,,"2","NONINCAPACITATING INJURY","1","0","0","1","0","1","0","17","3","1","41.9369772665","-87.756775311","POINT (-87.756775310972 41.936977266545)"
"3acfd29924a84773df8adb96fcdc6e48b161691cd4a409f7ec473495dfe518212bfdec30dff39699fbc2fa0566e6591903ac920d59883f818ca084819bb1d574",,"2025-01-21T17:01:00.000","15","NO CONTROLS","NO CONTROLS","CLEAR","DAYLIGHT","PARKED MOTOR VEHICLE","PARKING LOT",,"STRAIGHT AND LEVEL","DRY","NO DEFECTS","ON SCENE","NO INJURY / DRIVE AWAY",,"Y",,"$500 OR LESS","2025-01-21T17:03:00.000","EQUIPMENT - VEHICLE CONDITION","EQUIPMENT - VEHICLE CONDITION","4729","N","CENTRAL AVE","1623",,,,,,,"2","NO INDICATION OF INJURY","0","0","0","0","0","2","0","17","3","1","41.966797112","-87.7672994806","POINT (-87.767299480627 41.966797112001)"
"3fd5e2d867bbf37ba2c170ba87701d1eebe900c65b9fb37c4a32c5483d8b78d651d62a0959eb0683c407c351408a29df63f79fa81caa37c194dfb5f889e7983b",,"2025-01-21T16:50:00.000","30","UNKNOWN","UNKNOWN","UNKNOWN","UNKNOWN","REAR END","ONE-WAY",,"STRAIGHT AND LEVEL","UNKNOWN","UNKNOWN","NOT ON SCENE (DESK REPORT)","NO INJURY / DRIVE AWAY","Y",,,"OVER $1,500","2025-01-21T17:39:00.000","UNABLE TO DETERMINE","UNABLE TO DETERMINE","327","S","WACKER DR","122",,,,,,,"2","NO INDICATION OF INJURY","0","0","0","0","0","2","0","16","3","1","41.8774243668","-87.6365103399","POINT (-87.636510339949 41.877424366834)"
"eb2812ec090eb7f5aa19ac99689ff938dd655122346238cb72cf59a540a96719e3bc602dfc5926755b12cb4f75928eb7456c24f15225f393466bf4e36a4a6184",,"2025-01-21T16:50:00.000","30","NO CONTROLS","UNKNOWN","UNKNOWN","UNKNOWN","REAR TO SIDE","PARKING LOT",,"STRAIGHT AND LEVEL","UNKNOWN","UNKNOWN","NOT ON SCENE (DESK REPORT)","NO INJURY / DRIVE AWAY",,,"Y","OVER $1,500","2025-01-21T17:20:00.000","DRIVING SKILLS/KNOWLEDGE/EXPERIENCE","NOT APPLICABLE","10900","S","DOTY AVE E","513",,,,,,,"2","NO INDICATION OF INJURY","0","0","0","0","0","2","0","16","3","1","41.6962325277","-87.5958061971","POINT (-87.59580619714 41.696232527674)"
"870d340696f972e078e8c4b8ee01046d0821b8bac873e026e85d2e93388398eff58f9b8ab1f7ac3d1951619dd4652a4570f51c69eb4039e715a594055dc01050",,"2025-01-21T16:42:00.000","30","TRAFFIC SIGNAL","FUNCTIONING PROPERLY","CLEAR","DAYLIGHT","REAR END","DIVIDED - W/MEDIAN (NOT RAISED)",,"STRAIGHT AND LEVEL","DRY","UNKNOWN","NOT ON SCENE (DESK REPORT)","NO INJURY / DRIVE AWAY","Y",,"Y","OVER $1,500","2025-01-21T17:17:00.000","FOLLOWING TOO CLOSELY","NOT APPLICABLE","3600","W","DIVISION ST","2535",,,,,,,"2","NO INDICATION OF INJURY","0","0","0","0","0","2","0","16","3","1","41.9028634001","-87.7166254441","POINT (-87.716625444146 41.902863400118)"
"0befb0430a09953def22428b94f33ca7a734220f697e8e3d863895773fb25edd7ac2a748075d9297be847032a3ecc875ea383737a551907d596a6ffbddb6a196",,"2025-01-21T16:40:00.000","20","NO CONTROLS","NO CONTROLS","UNKNOWN","UNKNOWN","PARKED MOTOR VEHICLE","PARKING LOT",,"STRAIGHT AND LEVEL","UNKNOWN","UNKNOWN","NOT ON SCENE (DESK REPORT)","NO INJURY / DRIVE AWAY",,,"Y","OVER $1,500","2025-01-25T14:30:00.000","IMPROPER BACKING","UNABLE TO DETERMINE","1851","N","CICERO AVE","2533",,,,,,,"2","NO INDICATION OF INJURY","0","0","0","0","0","1","0","16","3","1","41.9147480719","-87.7458721147","POINT (-87.745872114699 41.914748071919)"
"24014fd6700e021961325e0695050432c11e149dc51f864e66aa9e124b04e48c7d8fc759a59bc520be880d4546b2effef0d61cfe0dc2483cce9e89b8bc486dd9",,"2025-01-21T16:36:00.000","15","NO CONTROLS","NO CONTROLS","CLEAR","DAYLIGHT","TURNING","PARKING LOT",,"STRAIGHT AND LEVEL","DRY","NO DEFECTS","ON SCENE","NO INJURY / DRIVE AWAY",,,,"OVER $1,500","2025-01-21T16:45:00.000","FAILING TO YIELD RIGHT-OF-WAY","DRIVING SKILLS/KNOWLEDGE/EXPERIENCE","10000","W","OHARE ST","1651",,,,,,,"2","NO INDICATION OF INJURY","0","0","0","0","0","2","0","16","3","1","41.976201139","-87.9053091251","POINT (-87.905309125103 41.976201139024)"
"3f508e7d086b5e30a5ae85fbf25716313ed6f5c2d8bd3744ae162f1b0384a230f6f9ae408821c68593f32c1e6d0d74f03f1ba8140cbf93a5696282b97ccc64c2",,"2025-01-21T16:30:00.000","30","NO CONTROLS","UNKNOWN","UNKNOWN","UNKNOWN","SIDESWIPE OPPOSITE DIRECTION","PARKING LOT",,"STRAIGHT AND LEVEL","UNKNOWN","UNKNOWN","NOT ON SCENE (DESK REPORT)","NO INJURY / DRIVE AWAY",,,,"$500 OR LESS","2025-01-21T16:40:00.000","DRIVING SKILLS/KNOWLEDGE/EXPERIENCE","NOT APPLICABLE","756","E","111TH ST","513",,,,,,,"2","NO INDICATION OF INJURY","0","0","0","0","0","2","0","16","3","1","41.6929759333","-87.6026645172","POINT (-87.602664517247 41.692975933284)"
"a5c70ac460a1e893f7e8475c7c34a83f9fdf29fa2144e1ae1ac056f471944af7a9e2b1cd79169cd895b9e0d9627744250256adaf19742ba874ab9012e4a12f87",,"2025-01-21T16:30:00.000","30","NO CONTROLS","NO CONTROLS","UNKNOWN","DAYLIGHT","PARKED MOTOR VEHICLE","PARKING LOT",,"STRAIGHT AND LEVEL","UNKNOWN","UNKNOWN","NOT ON SCENE (DESK REPORT)","NO INJURY / DRIVE AWAY",,"Y",,"OVER $1,500","2025-01-22T14:35:00.000","IMPROPER BACKING","FAILING TO REDUCE SPEED TO AVOID CRASH","1000","W","NORTH AVE","1811",,,,,,,"2","NO INDICATION OF INJURY","0","0","0","0","0","1","0","16","3","1","41.9109487626","-87.6531595513","POINT (-87.653159551272 41.910948762561)"
"b1bfa5bd0bf3d17bf30bdb36c8050e073108e1a804c4fdb2bae0940d487c0b517d25e428edba4a36f41e960fa75752b403e7c19576b79ec2b4ed13ccbfcd7502",,"2025-01-21T16:30:00.000","30","NO CONTROLS","NO CONTROLS","UNKNOWN","DARKNESS, LIGHTED ROAD","REAR END","DIVIDED - W/MEDIAN (NOT RAISED)",,"STRAIGHT AND LEVEL","UNKNOWN","UNKNOWN","NOT ON SCENE (DESK REPORT)","NO INJURY / DRIVE AWAY",,,,"OVER $1,500","2025-01-21T17:05:00.000","UNABLE TO DETERMINE","NOT APPLICABLE","117","N","AUSTIN BLVD","1512",,,,,,,"2","NO INDICATION OF INJURY","0","0","0","0","0","2","0","16","3","1","41.88267154","-87.774593421","POINT (-87.774593420963 41.882671540024)"
"f089fcad4ff17ae10d7e54b15f55d0a5e691547c72351c91aa155a0592dfc2b8b49474e7294e364481e7add37dcefefc836695b191611cbe43648afd29af1dc2",,"2025-01-21T16:30:00.000","30","NO CONTROLS","NO CONTROLS","CLEAR","DARKNESS, LIGHTED ROAD","SIDESWIPE SAME DIRECTION","NOT DIVIDED",,"STRAIGHT AND LEVEL","DRY","NO DEFECTS","NOT ON SCENE (DESK REPORT)","NO INJURY / DRIVE AWAY","N",,,"OVER $1,500","2025-01-21T18:30:00.000","DRIVING SKILLS/KNOWLEDGE/EXPERIENCE","NOT APPLICABLE","4847","S","CALIFORNIA AVE","922",,,,,,,"3","NO INDICATION OF INJURY","0","0","0","0","0","3","0","16","3","1","41.8050624793","-87.6939664151","POINT (-87.693966415054 41.80506247927)"
"14171ee8851ff4a7f9727ec0aa25011bab8265394b6e7d5c052ef238a26e4d90077e7e077aa521c186c5a2a4f624b35259f2ee742aa0c41dad1b386992508b67",,"2025-01-21T16:25:00.000","30","TRAFFIC SIGNAL","FUNCTIONING PROPERLY","CLEAR","DAYLIGHT","TURNING","DIVIDED - W/MEDIAN (NOT RAISED)",,"STRAIGHT AND LEVEL","DRY","NO DEFECTS","NOT ON SCENE (DESK REPORT)","NO INJURY / DRIVE AWAY","Y",,,"$501 - $1,500","2025-01-21T16:40:00.000","UNABLE TO DETERMINE","NOT APPLICABLE","4035","N","KEELER AVE","1722",,,,,,,"2","NO INDICATION OF INJURY","0","0","0","0","0","2","0","16","3","1","41.9545130901","-87.7323530892","POINT (-87.732353089155 41.954513090069)"
"1907f8ee895da3b29da759943db37aa08e0ff835c61b7a54767b455ae3404284f54b29a84d6ac49f9d6050c48c211cf33db19e319217c0fe9b8ad2de5d02d0a3",,"2025-01-21T16:13:00.000","30","NO CONTROLS","NO CONTROLS","CLEAR","DAYLIGHT","SIDESWIPE SAME DIRECTION","ONE-WAY",,"STRAIGHT AND LEVEL","DRY","UNKNOWN",,"INJURY AND / OR TOW DUE TO CRASH",,,,"OVER $1,500","2025-01-21T16:15:00.000","UNABLE TO DETERMINE","UNABLE TO DETERMINE","6347","N","RAVENSWOOD AVE","2433",,,,,,,"2","REPORTED, NOT EVIDENT","1","0","0","0","1","2","0","16","3","1","41.9969619166","-87.6748279991","POINT (-87.674827999107 41.996961916596)"
"a9e24b07f6171575011740d5354e04615a8deaf523617cdeec668c5795a52ef37e1fcad95716f05f1855ab93577a4fa5b044eba512b7e536684467d441ef028b",,"2025-01-21T16:13:00.000","30","TRAFFIC SIGNAL","FUNCTIONING PROPERLY","CLEAR","DAYLIGHT","SIDESWIPE SAME DIRECTION","FOUR WAY",,"STRAIGHT AND LEVEL","DRY","NO DEFECTS","ON SCENE","NO INJURY / DRIVE AWAY",,,"Y","$501 - $1,500","2025-01-21T16:16:00.000","FAILING TO REDUCE SPEED TO AVOID CRASH","NOT APPLICABLE","1800","W","NORTH AVE","1434",,,,,,,"2","NO INDICATION OF INJURY","0","0","0","0","0","2","0","16","3","1","41.9106704572","-87.6726390811","POINT (-87.672639081104 41.91067045723)"
"5cf3843e0fc71627af49425a2297d69a5d7f8fccc35bb5f58a59e281110a50cf950f229763b1a8e4c46c8594e54f500e528b93fbd09a74639c0a738e9eadb134",,"2025-01-21T16:07:00.000","35","STOP SIGN/FLASHER","FUNCTIONING PROPERLY","CLEAR","DAYLIGHT","PEDALCYCLIST","FOUR WAY",,"STRAIGHT AND LEVEL","DRY","NO DEFECTS","ON SCENE","INJURY AND / OR TOW DUE TO CRASH","Y",,,"OVER $1,500","2025-01-21T16:07:00.000","DISREGARDING STOP SIGN","UNABLE TO DETERMINE","6157","N","CLAREMONT AVE","2413",,,,,,,"2","REPORTED, NOT EVIDENT","1","0","0","0","1","1","0","16","3","1","41.9939681143","-87.6883989075","POINT (-87.688398907508 41.993968114278)"
"45aaec8ba5ac1e119fc7c65ff1d2e3ffb6df208d851fd5dbdabdb375ced5a2fa4e565feb28471a9db13e77b3433b2dfd4bc175aca5fa24ca7072e414a265edde",,"2025-01-21T16:00:00.000","30","UNKNOWN","UNKNOWN","CLEAR","DAYLIGHT","TURNING","OTHER",,"STRAIGHT AND LEVEL","UNKNOWN","UNKNOWN",,"NO INJURY / DRIVE AWAY",,,,"OVER $1,500","2025-01-21T19:30:00.000","UNABLE TO DETERMINE","UNABLE TO DETERMINE","900","W","ARGYLE ST","2024",,,,,,,"2","NO INDICATION OF INJURY","0","0","0","0","0","3","0","16","3","1","41.973454702","-87.6526562767","POINT (-87.652656276732 41.973454702025)"
"52748f0c81119729596ed6d47e2082fd7f8e5fad2c55fe615e0f8915ff8820cbe917ccf8243a51e1f68b210c806f00c635a64b57990d5169b5217a306c6a7d12",,"2025-01-21T16:00:00.000","15","NO CONTROLS","NO CONTROLS","CLEAR","DAYLIGHT","SIDESWIPE SAME DIRECTION","ONE-WAY",,"STRAIGHT AND LEVEL","DRY","NO DEFECTS","ON SCENE","NO INJURY / DRIVE AWAY",,,,"OVER $1,500","2025-01-21T16:02:00.000","DRIVING SKILLS/KNOWLEDGE/EXPERIENCE","OPERATING VEHICLE IN ERRATIC, RECKLESS, CARELESS, NEGLIGENT OR AGGRESSIVE MANNER","7625","N","EASTLAKE TER","2422",,,,,,,"2","NO INDICATION OF INJURY","0","0","0","0","0","2","0","16","3","1","42.0200458099","-87.6646468763","POINT (-87.66464687632 42.020045809879)"