"crash_record_id","crash_date_est_i","crash_date","posted_speed_limit","traffic_control_device","device_condition","weather_condition","lighting_condition","first_crash_type","trafficway_type","lane_cnt","alignment","roadway_surface_cond","road_defect","report_type","crash_type","intersection_related_i","private_property_i","hit_and_run_i","damage","date_police_notified","prim_contributory_cause","sec_contributory_cause","street_no","street_direction","street_name","beat_of_occurrence","photos_taken_i","statements_taken_i","dooring_i","work_zone_i","work_zone_type","workers_present_i","num_units","most_severe_injury","injuries_total","injuries_fatal","injuries_incapacitating","injuries_non_incapacitating","injuries_reported_not_evident","injuries_no_indication","injuries_unknown","crash_hour","crash_day_of_week","crash_month","latitude","longitude","location"
"822f7c898c3bb047eb354ca2a370279fa646132457f130a868f4c301f5f9f12980c475ba4007ce681872c5573483a3eadb52eb936c04bc06d58eb2b5bc942da8",,"2025-01-21T16:00:00.000","30","UNKNOWN","UNKNOWN","CLEAR","DAYLIGHT","SIDESWIPE SAME DIRECTION","UNKNOWN",,"STRAIGHT AND LEVEL","DRY","UNKNOWN","ON SCENE","NO INJURY / DRIVE AWAY",,,,"$501 - $1,500","2025-01-21T16:00:00.000","UNABLE TO DETERMINE","UNABLE TO DETERMINE","192","S","MICHIGAN AVE","112",,,,,,,"2","NO INDICATION OF INJURY","0","0","0","0","0","2","0","16","3","1","41.8796169609","-87.624499957","POINT (-87.624499957019 41.879616960921)"
"1ef045cac72aa75c64b91dc0ced37b241af063f4d3b84d09badb4f2325bbe831f97dfcd59b701ae240f2457207300a1586bbd3238ea9a4b3060b11bff3a9ff21",,"2025-01-21T15:46:00.000","25","TRAFFIC SIGNAL","FUNCTIONING PROPERLY","CLEAR","DAYLIGHT","ANGLE","FOUR WAY",,"STRAIGHT AND LEVEL","DRY","UNKNOWN","ON SCENE","INJURY AND / OR TOW DUE TO CRASH","Y",,"Y","OVER $1,500","2025-01-21T15:46:00.000","FAILING TO YIELD RIGHT-OF-WAY","UNABLE TO DETERMINE","7400","N","CLARK ST","2424",,,,,,,"2","REPORTED, NOT EVIDENT","2","0","0","0","2","1","0","15","3","1","42.0159666773","-87.6753440095","POINT (-87.675344009512 42.015966677306)"
"0c0926fc99c2bd440c4fb75e22e35b1eec048e3987185339eef8fcff087110c62a88a7e11b2dbbcdfc4e5937d0416124880d279541e1370e80db187c800d5b77",,"2025-01-21T15:45:00.000","25","STOP SIGN/FLASHER","FUNCTIONING PROPERLY","CLEAR","DAYLIGHT","REAR END","DIVIDED - W/MEDIAN (NOT RAISED)",,"STRAIGHT AND LEVEL","UNKNOWN","NO DEFECTS","ON SCENE","INJURY AND / OR TOW DUE TO CRASH",,,,"OVER $1,500","2025-01-21T15:45:00.000","FOLLOWING TOO CLOSELY","FOLLOWING TOO CLOSELY","10741","S","EWING AVE","432",,,,,,,"2","NO INDICATION OF INJURY","0","0","0","0","0","2","0","15","3","1","41.699701675","-87.535134138","POINT (-87.535134138004 41.699701674999)"
"53513dec489ff76c3837594ec0dd3eed3502a6e4f593a1c164a81f6d014a290e405747342f05ce5321cfc4155498900e49a495242b6c0ad538bf474c4a602b58",,"2025-01-21T15:45:00.000","30","NO CONTROLS","NO CONTROLS","CLEAR","DAYLIGHT","SIDESWIPE SAME DIRECTION","NOT DIVIDED",,"STRAIGHT AND LEVEL","DRY","NO DEFECTS","NOT ON SCENE (DESK REPORT)","NO INJURY / DRIVE AWAY",,,,"$501 - $1,500","2025-01-22T12:50:00.000","IMPROPER OVERTAKING/PASSING","NOT APPLICABLE","2250","N","SHEFFIELD AVE","1811",,,,,,,"2","NO INDICATION OF INJURY","0","0","0","0","0","2","0","15","3","1","41.9232368657","-87.6536854292","POINT (-87.653685429244 41.923236865685)"
"fc205acd9be869682e006bc64a5a0128c04cb868c7198e0a1bff44a875c32155948a6c48ff5ebf37460e2c7a377c34eb9783310ecb0cad0bec86733f0b2a21a1",,"2025-01-21T15:40:00.000","35","TRAFFIC SIGNAL","FUNCTIONING PROPERLY","CLEAR","DAYLIGHT","ANGLE","FOUR WAY",,"STRAIGHT AND LEVEL","DRY","NO DEFECTS",,"INJURY AND / OR TOW DUE TO CRASH","Y",,,"OVER $1,500","2025-01-21T15:44:00.000","FAILING TO YIELD RIGHT-OF-WAY","NOT APPLICABLE","2400","S","DAMEN AVE","1034",,,,,,,"3","NONINCAPACITATING INJURY","1","0","0","1","0","2","0","15","3","1","41.8484857241","-87.6758929506","POINT (-87.675892950649 41.848485724113)"
"3f1d4cbfad425cf988abf1a90e35689e65df2b0a53fdaa4799be7a160713d5beb15f20d0b8873b6f08d12026171482dce3380dfdada29e02e4a32458bb61fdbd",,"2025-01-21T15:30:00.000","30","TRAFFIC SIGNAL","FUNCTIONING PROPERLY","CLEAR","DAYLIGHT","REAR END","DIVIDED - W/MEDIAN (NOT RAISED)",,"STRAIGHT AND LEVEL","DRY","NO DEFECTS","ON SCENE","INJURY AND / OR TOW DUE TO CRASH",,,,"OVER $1,500","2025-01-21T15:30:00.000","FAILING TO REDUCE SPEED TO AVOID CRASH","NOT APPLICABLE","749","E","87TH ST","632",,,,,,,"3","NO INDICATION OF INJURY","0","0","0","0","0","4","0","15","3","1","41.7365334745","-87.6052915676","POINT (-87.605291567648 41.736533474458)"
"60f678cd24f2c988b06b31b622ac315752b18375f31b33d44ac4bef57a4d4430604209c1229fffd331eac604d5c57f79c9b3104b4da114696c0dd7640db6bb32",,"2025-01-21T15:30:00.000","30","NO CONTROLS","NO CONTROLS","CLEAR","DAYLIGHT","PARKED MOTOR VEHICLE","NOT DIVIDED",,"STRAIGHT AND LEVEL","DRY","NO DEFECTS","NOT ON SCENE (DESK REPORT)","NO INJURY / DRIVE AWAY",,,,"OVER $1,500","2025-01-22T16:20:00.000","DRIVING SKILLS/KNOWLEDGE/EXPERIENCE","NOT APPLICABLE","1606","N","WESTERN AVE","1434",,,,,,,"2","NO INDICATION OF INJURY","0","0","0","0","0","1","0","15","3","1","41.9105779264","-87.6873748443","POINT (-87.687374844334 41.91057792642)"
"6ae4dc58ebabd6c64fe334612b5de03953552f350e49181b4cd2f2b229063cff7729ce4cac31eb1d1b796401083d6479d00b00b48b1f759cc3e02257bfb86902",,"2025-01-21T15:30:00.000","30","NO CONTROLS","NO CONTROLS","CLEAR","DAYLIGHT","REAR END","NOT DIVIDED",,"STRAIGHT AND LEVEL","DRY","NO DEFECTS","NOT ON SCENE (DESK REPORT)","INJURY AND / OR TOW DUE TO CRASH",,,"Y","OVER $1,500","2025-01-21T16:35:00.000","IMPROPER OVERTAKING/PASSING","FOLLOWING TOO CLOSELY","9500","S","COTTAGE GROVE AVE","511",,,,,,,"4","NO INDICATION OF INJURY","0","0","0","0","0","4","0","15","3","1","41.7219704652","-87.6033480401","POINT (-87.603348040077 41.721970465227)"
"b53104aaabbba6817a2089ed88b30629ad5e28796f2c930c53e1bf7604de8a40ef76119f8c88c65444a4e288f3eb194321367477c8cf3d649e254c9ebad5eb7b",,"2025-01-21T15:30:00.000","30","NO CONTROLS","NO CONTROLS","CLEAR","DAYLIGHT","PARKED MOTOR VEHICLE","NOT DIVIDED",,"STRAIGHT AND LEVEL","DRY","NO DEFECTS","NOT ON SCENE (DESK REPORT)","NO INJURY / DRIVE AWAY",,,,"$501 - $1,500","2025-01-22T13:30:00.000","IMPROPER OVERTAKING/PASSING","NOT APPLICABLE","5739","N","RAVENSWOOD AVE","2012",,,,,,,"2","NO INDICATION OF INJURY","0","0","0","0","0","1","0","15","3","1","41.9862308108","-87.6745413631","POINT (-87.674541363101 41.986230810772)"
"24f8539dc6ea52eff21a0d538e498bc3765ee37ce5f7dd0a736e33df40ea59ad5f975831e69f05dbaa2b35b53de298061f42346184ad3cabf8a549ab88581682",,"2025-01-21T15:20:00.000","30","NO CONTROLS","NO CONTROLS","CLEAR","DUSK","SIDESWIPE SAME DIRECTION","ONE-WAY",,"STRAIGHT AND LEVEL","DRY","UNKNOWN","NOT ON SCENE (DESK REPORT)","NO INJURY / DRIVE AWAY",,,"Y","$501 - $1,500","2025-01-21T16:20:00.000","FAILING TO YIELD RIGHT-OF-WAY","NOT APPLICABLE","1342","N","LEAVITT ST","1424",,,,,,,"2","NO INDICATION OF INJURY","0","0","0","0","0","2","0","15","3","1","41.9061971478","-87.6823775724","POINT (-87.682377572412 41.906197147777)"
"507b4e330cfa979e34c7f41acb90f553b7743b5ad6cc42ad5f21b6340b0b99356a14c4edd692e9c8555158cf52e39320011ca459383bf02f81ec899001a5ebc2",,"2025-01-21T15:20:00.000","20","NO CONTROLS","NO CONTROLS","CLEAR","DAYLIGHT","ANGLE","OTHER",,"STRAIGHT AND LEVEL","UNKNOWN","UNKNOWN","NOT ON SCENE (DESK REPORT)","NO INJURY / DRIVE AWAY",,,,"OVER $1,500","2025-01-21T15:30:00.000","UNABLE TO DETERMINE","UNABLE TO DETERMINE","5150","N","WESTERN AVE","2031",,,,,,,"2","NO INDICATION OF INJURY","0","0","0","0","0","2","0","15","3","1","41.9755654383","-87.689284448","POINT (-87.689284448039 41.97556543833)"
"59741d785a6dd9ca18b1394c627cee40f79c59d8e99c85a15d589d7813b8be5cc8f889abb0846949008ff215812915cfcd2ae89138d8164198fdcc316e150a7d",,"2025-01-21T15:19:00.000","30","TRAFFIC SIGNAL","FUNCTIONING PROPERLY","SNOW","DAYLIGHT","TURNING","NOT DIVIDED",,"STRAIGHT AND LEVEL","SNOW OR SLUSH","NO DEFECTS","NOT ON SCENE (DESK REPORT)","NO INJURY / DRIVE AWAY","Y",,,"OVER $1,500","2025-01-22T11:20:00.000","FAILING TO YIELD RIGHT-OF-WAY","NOT APPLICABLE","2398","N","CICERO AVE","2522",,,,,,,"2","NO INDICATION OF INJURY","0","0","0","0","0","2","0","15","3","1","41.9241909106","-87.7464472162","POINT (-87.746447216179 41.924190910575)"
"12c05dd658e7407d154edd0227958ec6357118f454cf1b34c3ec2aa2976c845a0f672960f6245a78ae21c78c23adac9cdda0f671e450a48c3e1292b73adc6576",,"2025-01-21T15:14:00.000","30","NO CONTROLS","NO CONTROLS","CLEAR","DAYLIGHT","OTHER NONCOLLISION","NOT DIVIDED",,"STRAIGHT AND LEVEL","DRY","NO DEFECTS","ON SCENE","NO INJURY / DRIVE AWAY",,,,"OVER $1,500","2025-01-21T15:15:00.000","EQUIPMENT - VEHICLE CONDITION","UNABLE TO DETERMINE","4745","N","PULASKI RD","1723","Y","N",,,,,"1","NO INDICATION OF INJURY","0","0","0","0","0","1","0","15","3","1","41.9677185892","-87.7278651361","POINT (-87.727865136127 41.967718589165)"
"e86294d70268ebfd62a66260ce5765edd4917060a27feb023051fb61ab32f78c608d4b7f045ef052db1988f416112237f912d355e6d9fcbfa579251cdd0712e4",,"2025-01-21T15:11:00.000","30","STOP SIGN/FLASHER","NO CONTROLS","CLEAR","DAYLIGHT","ANGLE","FOUR WAY",,"STRAIGHT AND LEVEL","DRY","UNKNOWN","ON SCENE","INJURY AND / OR TOW DUE TO CRASH","Y",,,"OVER $1,500","2025-01-21T15:13:00.000","UNABLE TO DETERMINE","UNABLE TO DETERMINE","10200","S","YATES AVE","431",,,,,,,"2","REPORTED, NOT EVIDENT","1","0","0","0","1","1","0","15","3","1","41.7098052884","-87.5646818471","POINT (-87.564681847127 41.709805288351)"
"1d21bb25e22cb026dc141cdb4e658b8583981ff2ba82ba5a32394e8d15aa0f1fc698da7c3044364228dd305af29ae64420e7961072cb40645175991a8f981b25",,"2025-01-21T15:05:00.000","25","TRAFFIC SIGNAL","FUNCTIONING PROPERLY","CLEAR","DAYLIGHT","REAR END","FOUR WAY",,"STRAIGHT AND LEVEL","DRY","NO DEFECTS","ON SCENE","INJURY AND / OR TOW DUE TO CRASH","Y",,"Y","$501 - $1,500","2025-01-21T15:40:00.000","UNABLE TO DETERMINE","NOT APPLICABLE","5099","S","WESTERN AVE","923",,,,,,,"2","NONINCAPACITATING INJURY","3","0","0","3","0","1","0","15","3","1","41.8012398039","-87.6840804282","POINT (-87.684080428242 41.80123980394)"
"65d8b3522b7939ec94bac712d4e1ba895538934b857fe8b18f22334045c89bad14ddfd5e42469e753abb7a7a2429ded42264a7609e8dd83783701f379d86356c",,"2025-01-21T15:05:00.000","30","TRAFFIC SIGNAL","NO CONTROLS","CLEAR","DAYLIGHT","SIDESWIPE SAME DIRECTION","DIVIDED - W/MEDIAN BARRIER",,"STRAIGHT AND LEVEL","DRY","NO DEFECTS","NOT ON SCENE (DESK REPORT)","NO INJURY / DRIVE AWAY","Y",,,"$501 - $1,500","2025-01-21T15:25:00.000","UNABLE TO DETERMINE","UNABLE TO DETERMINE","5520","N","LINCOLN AVE","2011",,,,,,,"2","NO INDICATION OF INJURY","0","0","0","0","0","2","0","15","3","1","41.9818735539","-87.6932548521","POINT (-87.693254852077 41.981873553852)"
"48382f25e966d8b97376525797aa598ebc65e5639dea3237f77e96710d3cb89040581843f1edc1a6229aab560b4f3d8f9753f496bc8c09a3a4cf4478232b1cae",,"2025-01-21T15:01:00.000","30","TRAFFIC SIGNAL","FUNCTIONING PROPERLY","CLEAR","DAYLIGHT","ANGLE","NOT DIVIDED",,"STRAIGHT AND LEVEL","DRY","NO DEFECTS","ON SCENE","NO INJURY / DRIVE AWAY","Y",,,"OVER $1,500","2025-01-21T15:10:00.000","DISREGARDING TRAFFIC SIGNALS","NOT APPLICABLE","4187","S","ARCHER AVE","921",,,,,,,"2","NO INDICATION OF INJURY","0","0","0","0","0","3","0","15","3","1","41.8172507841","-87.6988598451","POINT (-87.698859845115 41.817250784102)"
"6714940368f8849c958da6b70427430aa892b18e61ee426e65eb19c0bff6923533963c6ca1286a5b9059eb44c9a2fa40dda81dd22aa574935fc5f39205a3d684",,"2025-01-21T15:00:00.000","30","UNKNOWN","UNKNOWN","CLEAR","DAYLIGHT","ANIMAL","ONE-WAY",,"STRAIGHT AND LEVEL","DRY","UNKNOWN","NOT ON SCENE (DESK REPORT)","NO INJURY / DRIVE AWAY","Y",,,"OVER $1,500","2025-01-21T15:20:00.000","ANIMAL","ANIMAL","9202","S","COTTAGE GROVE AVE","633",,,,,,,"1","NO INDICATION OF INJURY","0","0","0","0","0","1","0","15","3","1","41.7274228422","-87.604750211","POINT (-87.604750211002 41.727422842237)"
"9f3a38e3e5e5d642852fbbbe9e302a615618817ca4ef24440febd1ba0074b6eb211f4d372ac73ac35360f9f3f14f11f34db59011bd6f2b1a6dd4630bb4bbe18f",,"2025-01-21T15:00:00.000","10","NO CONTROLS","NO CONTROLS","UNKNOWN","DAYLIGHT","REAR TO SIDE","PARKING LOT",,"STRAIGHT AND LEVEL","UNKNOWN","NO DEFECTS","NOT ON SCENE (DESK REPORT)","NO INJURY / DRIVE AWAY",,"Y",,"$501 - $1,500","2025-01-29T09:45:00.000","FAILING TO YIELD RIGHT-OF-WAY","NOT APPLICABLE","1969","W","OGDEN AVE","1231",,,,,,,"2","NO INDICATION OF INJURY","0","0","0","0","0","2","0","15","3","1","41.8732169991","-87.6756751765","POINT (-87.67567517654 41.873216999115)"
"df8a629c27d57886035f7177440bc8eb147b208bde436ed234159f5561d6e4d041456af8044e49702b041b600dad56155307dfb22314690d27f0012ab903c133",,"2025-01-21T15:00:00.000","30","NO CONTROLS","NO CONTROLS","CLEAR","DAYLIGHT","REAR END","NOT DIVIDED",,"STRAIGHT AND LEVEL","DRY","NO DEFECTS","NOT ON SCENE (DESK REPORT)","NO INJURY / DRIVE AWAY",,,,"OVER $1,500","2025-01-21T15:10:00.000","FOLLOWING TOO CLOSELY","NOT APPLICABLE","5801","S","CICERO AVE","813",,,,,,,"2","NO INDICATION OF INJURY","0","0","0","0","0","2","0","15","3","1","41.7876639642","-87.7412668115","POINT (-87.741266811509 41.787663964197)"
"840b4f0bce1ee52ed840b7d8c9693221d6838c80d051ece05efec911ec5527fa6c25bf3fab9c10f6693b15509071afd284f21f5bd883ae97e595092848f153cb",,"2025-01-21T14:58:00.000","30","NO CONTROLS","NO CONTROLS","CLEAR","DAYLIGHT","TURNING","NOT DIVIDED",,"STRAIGHT AND LEVEL","DRY","NO DEFECTS","ON SCENE","INJURY AND / OR TOW DUE TO CRASH",,,,"OVER $1,500","2025-01-21T14:59:00.000","FAILING TO REDUCE SPEED TO AVOID CRASH","NOT APPLICABLE","5137","S","CICERO AVE","815",,,,,,,"2","NO INDICATION OF INJURY","0","0","0","0","0","2","0","14","3","1","41.799122187","-87.7428002309","POINT (-87.742800230894 41.799122186966)"
"c478652ffaa180cc898c59fe042919e9a9a0580a30c0ad85f9eed3f352c5b4f3d51ba49bc37084e8ffbe1ec31904d615440a33e09c28657bd4ae075ebc11044b",,"2025-01-21T14:48:00.000","30","NO CONTROLS","NO CONTROLS","CLEAR","DAYLIGHT","OTHER OBJECT","NOT DIVIDED",,"STRAIGHT AND LEVEL","DRY","NO DEFECTS","ON SCENE","INJURY AND / OR TOW DUE TO CRASH",,,"Y","OVER $1,500","2025-01-21T14:56:00.000","UNABLE TO DETERMINE","NOT APPLICABLE","836","E","95TH ST","413",,,,,,,"1","NO INDICATION OF INJURY","0","0","0","0","0","1","0","14","3","1","41.7221621763","-87.6029804549","POINT (-87.602980454887 41.722162176271)"
"803f5b7918b890b526054d2bbef10789e646dc08d0217128677b33111c4632f74a560cb7f6b85676a7a08f17d54f51a73ba76c7cf02e1ededee0031cde882c47",,"2025-01-21T14:40:00.000","30","NO CONTROLS","NO CONTROLS","UNKNOWN","UNKNOWN","PARKED MOTOR VEHICLE","DIVIDED - W/MEDIAN (NOT RAISED)",,"STRAIGHT AND LEVEL","UNKNOWN","UNKNOWN","NOT ON SCENE (DESK REPORT)","NO INJURY / DRIVE AWAY",,,"Y","$501 - $1,500","2025-01-22T15:45:00.000","UNABLE TO DETERMINE","NOT APPLICABLE","4024","N","ELSTON AVE","1723",,,,,,,"2","NO INDICATION OF INJURY","0","0","0","0","0","1","0","14","3","1","41.9541388599","-87.7200155608","POINT (-87.720015560763 41.954138859861)"
"b529f81154caafe01c96d269d419ea1a76d7a118503f63fb0f03acf2192ce6600052deaf35b2925cecec2833a3c1c5cf1805f43b736c15fd593aa18883789ab9",,"2025-01-21T14:40:00.000","30","UNKNOWN","UNKNOWN","CLEAR","DAYLIGHT","REAR END","UNKNOWN",,"STRAIGHT AND LEVEL","UNKNOWN","UNKNOWN","NOT ON SCENE (DESK REPORT)","NO INJURY / DRIVE AWAY",,,,"OVER $1,500","2025-01-21T14:51:00.000","UNABLE TO DETERMINE","UNABLE TO DETERMINE","2432","S","HALSTED ST","913",,,,,,,"2","NO INDICATION OF INJURY","0","0","0","0","0","3","0","14","3","1","41.8481248543","-87.6466679915","POINT (-87.646667991542 41.848124854287)"
"696fd74ad5919bc0ef72304ed6511958fbe853be5164aed4915b1a2b16f3fb7eabdacbc54863f5b95d8b8cc852042615f9582f9abc117645222e9738bb6341f3",,"2025-01-21T14:35:00.000","10","NO CONTROLS","NO CONTROLS","CLEAR","DAYLIGHT","ANGLE","PARKING LOT",,"STRAIGHT AND LEVEL","DRY","NO DEFECTS","NOT ON SCENE (DESK REPORT)","NO INJURY / DRIVE AWAY",,"Y",,"OVER $1,500","2025-01-28T14:30:00.000","UNABLE TO DETERMINE","UNABLE TO DETERMINE","4455","S","PULASKI RD","821",,,,,,,"2","NO INDICATION OF INJURY","0","0","0","0","0","2","0","14","3","1","41.8117480489","-87.7235833181","POINT (-87.723583318072 41.81174804888)"
"a294895f8941c80af02fc5ab76dc2f78ef24ebdc25f7093746e994f2099f6f66573375c6146dae72b6c8542bc1f7d383176a8830df6bb460a5ed789fd9bf9d0f",,"2025-01-21T14:30:00.000","30","NO CONTROLS","NO CONTROLS","CLEAR","DAYLIGHT","TURNING","NOT DIVIDED",,"STRAIGHT AND LEVEL","UNKNOWN","UNKNOWN","NOT ON SCENE (DESK REPORT)","NO INJURY / DRIVE AWAY",,,,"OVER $1,500","2025-01-21T15:40:00.000","DRIVING SKILLS/KNOWLEDGE/EXPERIENCE","NOT APPLICABLE","5844","S","KEDZIE AVE","822",,,,,,,"2","NO INDICATION OF INJURY","0","0","0","0","0","2","0","14","3","1","41.7867316424","-87.7035072404","POINT (-87.703507240384 41.786731642443)"
"bd659e180263f0b3d227e4a8d3059b5bf38d0572a03537803578656343b81123e09115e39c11b9fc48f71c5b4040e3f248d2eee5b0cdb7e56128338539671133","Y","2025-01-21T14:30:00.000","30","STOP SIGN/FLASHER","FUNCTIONING PROPERLY","CLEAR","DAYLIGHT","TURNING","NOT DIVIDED",,"STRAIGHT AND LEVEL","DRY","UNKNOWN","NOT ON SCENE (DESK REPORT)","NO INJURY / DRIVE AWAY",,,,"OVER $1,500","2025-01-21T16:30:00.000","UNABLE TO DETERMINE","NOT APPLICABLE","830","E","59TH ST","235",,,,,,,"2","NO INDICATION OF INJURY","0","0","0","0","0","2","0","14","3","1","41.7878182237","-87.6049557855","POINT (-87.604955785517 41.787818223702)"
"fc74cf8f00e7540a37549d2ed7ccc4270b3ec6f56f2b472395463131a51d0a9147eab68ad03ce26570ccbd40bba15e05656d0072068ebd6e8328ee46a328d084",,"2025-01-21T14:30:00.000","30","NO CONTROLS","NO CONTROLS","CLEAR","DAYLIGHT","ANGLE","NOT DIVIDED",,"STRAIGHT AND LEVEL","UNKNOWN","UNKNOWN","ON SCENE","NO INJURY / DRIVE AWAY",,,"Y","OVER $1,500","2025-01-22T11:35:00.000","UNABLE TO DETERMINE","UNABLE TO DETERMINE","7301","S","VERNON AVE","323",,,,,,,"2","NO INDICATION OF INJURY","0","0","0","0","0","2","0","14","3","1","41.7619895624","-87.6138195017","POINT (-87.613819501681 41.76198956241)"
"1f4e53c54647463fac117440fc758268806bdaf2ef9aadc334e3715c571f1330620abe82aa8a97a5c6b5a3222e046daf63ce0989b931faf65e1a9b34edb93e74",,"2025-01-21T14:29:00.000","30","STOP SIGN/FLASHER","FUNCTIONING PROPERLY","CLEAR","DAYLIGHT","ANGLE","T-INTERSECTION",,"STRAIGHT AND LEVEL","DRY","NO DEFECTS","ON SCENE","INJURY AND / OR TOW DUE TO CRASH","Y",,,"OVER $1,500","2025-01-21T14:30:00.000","FAILING TO YIELD RIGHT-OF-WAY","NOT APPLICABLE","11499","S","DOTY AVE W","531",,,,,,,"2","REPORTED, NOT EVIDENT","1","0","0","0","1","2","0","14","3","1","41.6859687847","-87.6033451532","POINT (-87.603345153236 41.685968784683)"
"a83cbe81f1ec559434a856d260bc60d5d8c768ff46d0863eb7e551dc6d8bc91f78c44fa8a8d5f15edf42ca5749234d77d7003d91e0b38cb165a8b29b0ab66a39",,"2025-01-21T14:25:00.000","25","TRAFFIC SIGNAL","FUNCTIONING PROPERLY","CLEAR","DAYLIGHT","REAR END","NOT DIVIDED",,"STRAIGHT AND LEVEL","DRY","NO DEFECTS","NOT ON SCENE (DESK REPORT)","NO INJURY / DRIVE AWAY","Y",,,"OVER $1,500","2025-01-21T19:00:00.000","FOLLOWING TOO CLOSELY","FOLLOWING TOO CLOSELY","340","S","OAKLEY BLVD","1225",,,,,,,"3","NO INDICATION OF INJURY","0","0","0","0","0","3","0","14","3","1","41.8763090541","-87.683981386","POINT (-87.683981385961 41.87630905414)"
"46896f41f9805afbadea9e734176d64be472f883f32b2b035beacde902bcb7847b64ea67907184c67aebfc0c38b6678aa210406d0474cd29f0a025ccbf5ba8a8",,"2025-01-21T14:20:00.000","30","TRAFFIC SIGNAL","FUNCTIONING PROPERLY","CLEAR","DAYLIGHT","TURNING","NOT DIVIDED",,"STRAIGHT AND LEVEL","DRY","UNKNOWN","ON SCENE","INJURY AND / OR TOW DUE TO CRASH",,,,"OVER $1,500","2025-01-21T14:42:00.000","FAILING TO YIELD RIGHT-OF-WAY","FAILING TO YIELD RIGHT-OF-WAY","4320","N","PULASKI RD","1722",,,,,,,"2","NONINCAPACITATING INJURY","2","0","0","2","0","1","0","14","3","1","41.9595869892","-87.7279354138","POINT (-87.727935413844 41.959586989175)"
"a939fce43a8a173ed6e67086b39de6bd6a76c0d51efc1f10f7a8dc53216186cb7f6ae5ec921ef10d0c45fa6500513cf03288e7a9197e8abcf0e37fc09f9697a1","Y","2025-01-21T14:20:00.000","30","UNKNOWN","UNKNOWN","UNKNOWN","DAYLIGHT","TURNING","NOT DIVIDED",,"STRAIGHT AND LEVEL","UNKNOWN","UNKNOWN","NOT ON SCENE (DESK REPORT)","INJURY AND / OR TOW DUE TO CRASH",,,,"OVER $1,500","2025-01-21T14:45:00.000","UNABLE TO DETERMINE","NOT APPLICABLE","231","W","83RD ST","622",,,,,,,"2","REPORTED, NOT EVIDENT","1","0","0","0","1","1","0","14","3","1","41.743454961","-87.6303235784","POINT (-87.630323578437 41.743454961002)"
"0dd567e33204141a8018cd8557c8c1bee3e9f11336d4a1c360e2fd20d0a1b368d829fb7c8d13931ab2a55345687644845855356a0b74b4372ed607f349b83059",,"2025-01-21T14:15:00.000","25","UNKNOWN","UNKNOWN","UNKNOWN","UNKNOWN","PARKED MOTOR VEHICLE","NOT DIVIDED",,"STRAIGHT AND LEVEL","UNKNOWN","UNKNOWN","NOT ON SCENE (DESK REPORT)","NO INJURY / DRIVE AWAY",,,"Y","$500 OR LESS","2025-01-21T18:30:00.000","UNABLE TO DETERMINE","UNABLE TO DETERMINE","6219","S","MORGAN ST","712",,,,,,,"2","NO INDICATION OF INJURY","0","0","0","0","0","1","0","14","3","1","41.7808952943","-87.649528852","POINT (-87.649528851953 41.780895294291)"
"1fcb063075ed1ae387a2fe2f99ed28947ba7672bb7ffc048300b85ffd96140eabeab4aff0321df0f1d08f43605ae3c9700408a798ab90c358b99dad25f0ba772",,"2025-01-21T14:09:00.000","30","UNKNOWN","UNKNOWN","UNKNOWN","DAYLIGHT","ANGLE","NOT DIVIDED",,"STRAIGHT AND LEVEL","UNKNOWN","UNKNOWN","NOT ON SCENE (DESK REPORT)","NO INJURY / DRIVE AWAY",,,,"OVER $1,500","2025-01-23T14:30:00.000","UNABLE TO DETERMINE","NOT APPLICABLE","2550","W","BRADLEY PL","1921",,,,,,,"2","NO INDICATION OF INJURY","0","0","0","0","0","2","0","14","3","1","41.949572352","-87.6928161059","POINT (-87.692816105858 41.94957235196)"
"ad9c8a49dbd6e25af6afc43efe0762791297e3691307eb27e695530d48495d21966d6597891f88d2ea429a109419593970a94a5c81903aca9ef7cff1ffa0e2cc",,"2025-01-21T14:06:00.000","30","NO CONTROLS","NO CONTROLS","CLEAR","DAYLIGHT","PEDESTRIAN","NOT DIVIDED",,"STRAIGHT AND LEVEL","ICE","NO DEFECTS","ON SCENE","INJURY AND / OR TOW DUE TO CRASH",,,,"OVER $1,500","2025-01-21T14:10:00.000","NOT APPLICABLE","NOT APPLICABLE","1599","W","SUMMERDALE AVE","2012",,,,,,,"2","NONINCAPACITATING INJURY","1","0","0","1","0","1","0","14","3","1","41.9788015908","-87.6696186794","POINT (-87.66961867935 41.978801590808)"
"d26f81623d0347ee87bbd0a2a4ffc66d4841f8fc6704d870110db5c23c34890945853419884b4f87214864bbd4cd15b9a06e871b7325543351422dffd9f95bd4",,"2025-01-21T14:00:00.000","30","NO CONTROLS","NO CONTROLS","CLEAR","DAYLIGHT","SIDESWIPE SAME DIRECTION","ONE-WAY",,"STRAIGHT AND LEVEL","DRY","NO DEFECTS","ON SCENE","INJURY AND / OR TOW DUE TO CRASH",,,"Y","OVER $1,500","2025-01-21T14:00:00.000","NOT APPLICABLE","NOT APPLICABLE","230","S","JEFFERSON ST","121",,,,,,,"3","NO INDICATION OF INJURY","0","0","0","0","0","3","0","14","3","1","41.8782865171","-87.6426918131","POINT (-87.642691813125 41.878286517137)"