"crash_record_id","crash_date_est_i","crash_date","posted_speed_limit","traffic_control_device","device_condition","weather_condition","lighting_condition","first_crash_type","trafficway_type","lane_cnt","alignment","roadway_surface_cond","road_defect","report_type","crash_type","intersection_related_i","private_property_i","hit_and_run_i","damage","date_police_notified","prim_contributory_cause","sec_contributory_cause","street_no","street_direction","street_name","beat_of_occurrence","photos_taken_i","statements_taken_i","dooring_i","work_zone_i","work_zone_type","workers_present_i","num_units","most_severe_injury","injuries_total","injuries_fatal","injuries_incapacitating","injuries_non_incapacitating","injuries_reported_not_evident","injuries_no_indication","injuries_unknown","crash_hour","crash_day_of_week","crash_month","latitude","longitude","location"
"f09ccdd113884551ccc3ca9b518c7ca16df1a631cbf72829803b996329df375265342f94fedafcbda496611f50dd43e55e1dbdcc895a55c0868f356fd8150db9",,"2025-01-21T14:00:00.000","30","STOP SIGN/FLASHER","FUNCTIONING PROPERLY","CLEAR","DAYLIGHT","TURNING","NOT DIVIDED",,"STRAIGHT AND LEVEL","UNKNOWN","UNKNOWN","NOT ON SCENE (DESK REPORT)","INJURY AND / OR TOW DUE TO CRASH","Y",,,"OVER $1,500","2025-01-21T15:11:00.000","FAILING TO REDUCE SPEED TO AVOID CRASH","UNABLE TO DETERMINE","3548","N","KOSTNER AVE","1731","Y","Y",,,,,"2","NO INDICATION OF INJURY","0","0","0","0","0","2","0","14","3","1","41.9458725898","-87.7373670672","POINT (-87.737367067213 41.945872589776)"
"a2940509cf2706b772d80f40a735efb62de021d1e6710e2859321c6e3a71eb2825502ce9429a4704fd05fdf76089ebe92ebee813ac0759c929ca4785ce9494b5",,"2025-01-21T13:54:00.000","30","TRAFFIC SIGNAL","FUNCTIONING PROPERLY","CLEAR","DAYLIGHT","PARKED MOTOR VEHICLE","NOT DIVIDED",,"STRAIGHT AND LEVEL","DRY","NO DEFECTS","ON SCENE","NO INJURY / DRIVE AWAY",,,,"$501 - $1,500","2025-01-21T13:59:00.000","FOLLOWING TOO CLOSELY","FOLLOWING TOO CLOSELY","2218","S","PULASKI RD","1013",,,,,,,"2","NO INDICATION OF INJURY","0","0","0","0","0","4","0","13","3","1","41.8508561301","-87.7248865143","POINT (-87.724886514333 41.850856130061)"
"836b246b74ead80aa2ec14ab0dffec7d629e4225908357ef200635514e3a3e764d3226ca1c50e49fdec2f729fb135141b544c9223e55979fd7bfecbf9066c369",,"2025-01-21T13:45:00.000","10","NO CONTROLS","NO CONTROLS","CLEAR","DAYLIGHT","PARKED MOTOR VEHICLE","PARKING LOT",,"STRAIGHT AND LEVEL","DRY","NO DEFECTS","NOT ON SCENE (DESK REPORT)","NO INJURY / DRIVE AWAY",,,"N","$501 - $1,500","2025-01-21T17:00:00.000","NOT APPLICABLE","NOT APPLICABLE","5758","S","MARYLAND AVE","235",,,,,,,"2","NO INDICATION OF INJURY","0","0","0","0","0","1","0","13","3","1","41.7896118452","-87.6050847221","POINT (-87.605084722125 41.789611845183)"
"c5b87cf70f5c14e7088f7152057c125b01adb2c78dab82632b5c6db06b839d0e0012243057a979ccc649108c78c705221d95e5fd29be88331381c8ea631f9f6c",,"2025-01-21T13:36:00.000","30","TRAFFIC SIGNAL","FUNCTIONING PROPERLY","CLEAR","DAYLIGHT","ANGLE","T-INTERSECTION",,"STRAIGHT AND LEVEL","DRY","NO DEFECTS","ON SCENE","INJURY AND / OR TOW DUE TO CRASH","Y",,,"OVER $1,500","2025-01-21T13:45:00.000","DISTRACTION - FROM INSIDE VEHICLE","UNABLE TO DETERMINE","3800","W","FULLERTON AVE","2524",,,,,,,"2","REPORTED, NOT EVIDENT","1","0","0","0","1","1","0","13","3","1","41.9246512043","-87.7219454547","POINT (-87.721945454729 41.924651204328)"
"e3a263eb855c72e040830fc2b14b1882054cbb3ef84fc75a052cf42974a6a419c45fb0b15b845e6845e986969875798624ac46887825482586e1eeafa7d8fa6c",,"2025-01-21T13:33:00.000","30","NO CONTROLS","NO CONTROLS","CLEAR","DAYLIGHT","REAR END","NOT DIVIDED",,"STRAIGHT AND LEVEL","DRY","UNKNOWN","NOT ON SCENE (DESK REPORT)","INJURY AND / OR TOW DUE TO CRASH",,,,"OVER $1,500","2025-01-21T14:30:00.000","UNABLE TO DETERMINE","UNABLE TO DETERMINE","5050","W","IRVING PARK RD","1624",,,,,,,"2","NONINCAPACITATING INJURY","1","0","0","1","0","1","0","13","3","1","41.9534439022","-87.7543170544","POINT (-87.754317054424 41.953443902186)"
"2f614d14a099cc40a8c0d14ca7a59ada7aa1becf348dac09290f74e08969295b6dd6033e012e9e41b1d294b028db6986dfd6c1935d63c9634f08310a8399eb1a",,"2025-01-21T13:30:00.000","15","NO CONTROLS","NO CONTROLS","CLEAR","DAYLIGHT","PARKED MOTOR VEHICLE","PARKING LOT",,"STRAIGHT AND LEVEL","DRY","NO DEFECTS","NOT ON SCENE (DESK REPORT)","NO INJURY / DRIVE AWAY",,,,"$501 - $1,500","2025-01-21T13:45:00.000","UNABLE TO DETERMINE","UNABLE TO DETERMINE","2200","E","95TH ST","413",,,,,,,"2","NO INDICATION OF INJURY","0","0","0","0","0","1","0","13","3","1","41.7226389707","-87.5704691141","POINT (-87.570469114121 41.72263897072)"
"f5eec12c3dd5720562fab4cff371e34dc73838201b7f0b2e974078b8eb2c792c57980cf5b1db30568dde97abfbc3cb86b1a88fad9a3dbacce9658c7c866c7972",,"2025-01-21T13:28:00.000","30","STOP SIGN/FLASHER","FUNCTIONING PROPERLY","CLEAR","DAYLIGHT","ANGLE","FOUR WAY",,"STRAIGHT AND LEVEL","DRY","NO DEFECTS","NOT ON SCENE (DESK REPORT)","INJURY AND / OR TOW DUE TO CRASH","Y",,,"$501 - $1,500","2025-01-21T15:30:00.000","UNABLE TO DETERMINE","NOT APPLICABLE","7200","N","WOLCOTT AVE","2424",,,,,,,"2","REPORTED, NOT EVIDENT","1","0","0","0","1","1","0","13","3","1","42.0126274519","-87.678337049","POINT (-87.678337048953 42.012627451903)"
"87f02b9d6edb97fca15edfe6530ae401d62dda4e41e809611163b83409efcf66a0ef5ee142815cbec3130f92d7829042e9b263baf374289f092c58d7c3ae0a51",,"2025-01-21T13:25:00.000","30","NO CONTROLS","NO CONTROLS","CLEAR","DAYLIGHT","REAR END","ONE-WAY",,"STRAIGHT AND LEVEL","WET","NO DEFECTS",,"NO INJURY / DRIVE AWAY",,,,"OVER $1,500","2025-01-21T14:10:00.000","FOLLOWING TOO CLOSELY","NOT APPLICABLE","610","W","MONROE ST","121",,,,,,,"2","NO INDICATION OF INJURY","0","0","0","0","0","2","0","13","3","1","41.8806516571","-87.643133111","POINT (-87.64313311103 41.880651657075)"
"b2138534c8bad44da6a5fd71117e0ed1672a0893b2c08adbbd6c4d7c5a9eb81c18012a54e40aa91dc894254b2f94519774e537e4bd9c999e47065690b07ba049",,"2025-01-21T13:23:00.000","25","NO CONTROLS","NO CONTROLS","CLEAR","DAYLIGHT","TURNING","NOT DIVIDED",,"STRAIGHT AND LEVEL","DRY","NO DEFECTS","NOT ON SCENE (DESK REPORT)","NO INJURY / DRIVE AWAY","Y",,,"OVER $1,500","2025-01-21T13:45:00.000","UNABLE TO DETERMINE","NOT APPLICABLE","836","W","WELLINGTON AVE","1933",,,,,,,"2","NO INDICATION OF INJURY","0","0","0","0","0","2","0","13","3","1","41.9364501676","-87.650552452","POINT (-87.650552452041 41.936450167582)"
"2ab67ca6006613e87c60ae2c2910b2d228a78d7237b4c3ae65cc5e60bb8296b61a0227c548647e29001d56cea7397ebaf28b021b40f101ad87b2ba1bb4113d78",,"2025-01-21T13:15:00.000","30","NO CONTROLS","NO CONTROLS","CLEAR","DAYLIGHT","PARKED MOTOR VEHICLE","NOT DIVIDED",,"STRAIGHT AND LEVEL","UNKNOWN","UNKNOWN","NOT ON SCENE (DESK REPORT)","NO INJURY / DRIVE AWAY",,,"Y","$501 - $1,500","2025-01-21T15:10:00.000","UNABLE TO DETERMINE","UNABLE TO DETERMINE","110","S","LEAMINGTON AVE","1533",,,,,,,"2","NO INDICATION OF INJURY","0","0","0","0","0","1","0","13","3","1","41.8790091667","-87.7536498831","POINT (-87.75364988311 41.879009166736)"
"850a55a7c671e60bb36f3bd4c7fb0e063db300a5de72c79c9a134b31c0d00daa777b8d7f3272e01edb88240d84ab3c6b6c03d5504c6017e343ba83b5b984d7ff",,"2025-01-21T13:10:00.000","30","NO CONTROLS","NO CONTROLS","CLEAR","UNKNOWN","SIDESWIPE SAME DIRECTION","NOT DIVIDED",,"STRAIGHT AND LEVEL","UNKNOWN","UNKNOWN","NOT ON SCENE (DESK REPORT)","NO INJURY / DRIVE AWAY",,,"Y","OVER $1,500","2025-01-21T13:50:00.000","DRIVING SKILLS/KNOWLEDGE/EXPERIENCE","NOT APPLICABLE","5150","S","CICERO AVE","814",,,,,,,"2","NO INDICATION OF INJURY","0","0","0","0","0","2","0","13","3","1","41.7987409104","-87.7430789522","POINT (-87.743078952172 41.79874091043)"
"62530f7b1d440bc1d4e0ee756360e1587d169b18f2a35fd9895eb2980044aa981e9e7f957ab8a4cc5cd1efa024e61bdf3451461128044b6e08ebd06b65d37e67",,"2025-01-21T13:08:00.000","30","TRAFFIC SIGNAL","FUNCTIONING PROPERLY","CLEAR","DAYLIGHT","TURNING","FOUR WAY",,"STRAIGHT AND LEVEL","DRY","NO DEFECTS","ON SCENE","INJURY AND / OR TOW DUE TO CRASH","Y",,,"OVER $1,500","2025-01-21T13:08:00.000","DISREGARDING TRAFFIC SIGNALS","DISTRACTION - FROM INSIDE VEHICLE","10","W","IDA B WELLS DR","113",,,,,,,"2","NO INDICATION OF INJURY","0","0","0","0","0","2","0","13","3","1","41.8757452922","-87.6279742471","POINT (-87.627974247109 41.875745292199)"
"23f2dde79ff5882c02b3f49e3c6410945983160b199a6f07ddaf30062a7822ea3de974f180415c6852e68bf85ec3a98220607eb9a6b18ed2b24bfc05f57e5dbb",,"2025-01-21T13:00:00.000","30","NO CONTROLS","NO CONTROLS","CLEAR","DAYLIGHT","PARKED MOTOR VEHICLE","NOT DIVIDED",,"STRAIGHT AND LEVEL","SNOW OR SLUSH","NO DEFECTS","NOT ON SCENE (DESK REPORT)","NO INJURY / DRIVE AWAY",,,"Y","OVER $1,500","2025-01-22T14:29:00.000","UNABLE TO DETERMINE","UNABLE TO DETERMINE","3445","S","RHODES AVE","211",,,,,,,"2","NO INDICATION OF INJURY","0","0","0","0","0","1","0","13","3","1","41.8316305893","-87.6132095259","POINT (-87.613209525868 41.831630589301)"
"24a41599fdb8c08e82d6ce4f903669491fc0cb8ad039838b98a091efec926924a4c344a00f6482e6ec5a201903a1f6ce5322f84cde835c7fe2d2307bb8fecf31",,"2025-01-21T13:00:00.000","30","TRAFFIC SIGNAL","UNKNOWN","CLEAR","DAYLIGHT","ANGLE","NOT DIVIDED",,"STRAIGHT AND LEVEL","UNKNOWN","UNKNOWN","NOT ON SCENE (DESK REPORT)","NO INJURY / DRIVE AWAY","Y",,,"$501 - $1,500","2025-01-21T13:30:00.000","UNABLE TO DETERMINE","UNABLE TO DETERMINE","4398","N","CENTRAL AVE","1624",,,,,,,"2","NO INDICATION OF INJURY","0","0","0","0","0","2","0","13","3","1","41.960436419","-87.7673885369","POINT (-87.767388536885 41.960436418957)"
"2bf3b612d7a403df5478b38b5edad60236a5f1bdefd06e69feeb9adcf71bbf514b56a019d0edbeda18701b9027fe225f1f996ec1469c7b579836bd6fbe4b2647",,"2025-01-21T13:00:00.000","30","TRAFFIC SIGNAL","FUNCTIONING PROPERLY","CLEAR","DAYLIGHT","TURNING","FOUR WAY",,"STRAIGHT AND LEVEL","DRY","NO DEFECTS","NOT ON SCENE (DESK REPORT)","NO INJURY / DRIVE AWAY","Y",,,"$501 - $1,500","2025-01-21T13:20:00.000","UNABLE TO DETERMINE","NOT APPLICABLE","4712","W","IRVING PARK RD","1722",,,,,,,"2","NO INDICATION OF INJURY","0","0","0","0","0","2","0","13","3","1","41.9535497797","-87.7460732842","POINT (-87.746073284243 41.953549779669)"
"3d6121db455b1cf6107164ad9cde4b0f4b8f747cc9f33c7126f42aca814fd25a9a5a4043438dedac34e44f47314b8f7537b4a2ed76b86bd4726289e5f8ed9aa4",,"2025-01-21T13:00:00.000","30","STOP SIGN/FLASHER","FUNCTIONING PROPERLY","CLEAR","DAYLIGHT","TURNING","NOT DIVIDED",,"STRAIGHT AND LEVEL","DRY","NO DEFECTS","ON SCENE","INJURY AND / OR TOW DUE TO CRASH",,,,"$501 - $1,500","2025-01-21T13:09:00.000","UNABLE TO DETERMINE","UNABLE TO DETERMINE","2131","S","WESTERN AVE","1234",,,,,,,"2","NO INDICATION OF INJURY","0","0","0","0","0","2","0","13","3","1","41.8530015006","-87.6855199712","POINT (-87.685519971157 41.853001500586)"
"a939cc3c26775906333605d9ad977ace6eb6b21fe76a309d0a439356024db98f2fd68f33bb808e711f1bb9fc4dbbd2aee9ca1cfa55cb6516c929ba18338ab59e",,"2025-01-21T13:00:00.000","30","TRAFFIC SIGNAL","FUNCTIONING PROPERLY","CLEAR","DAYLIGHT","TURNING","FOUR WAY",,"STRAIGHT AND LEVEL","DRY","NO DEFECTS","NOT ON SCENE (DESK REPORT)","NO INJURY / DRIVE AWAY","Y",,,"OVER $1,500","2025-02-03T10:50:00.000","IMPROPER TURNING/NO SIGNAL","IMPROPER TURNING/NO SIGNAL","6900","N","SHERIDAN RD","2431",,,,,,,"2","NO INDICATION OF INJURY","0","0","0","0","0","2","0","13","3","1","42.006801604","-87.661457734","POINT (-87.661457733969 42.006801603988)"
"10ac7d2ece742d7a0fff22a358f52b7e3a5b9314748709914ac39f599128aa3aae0e67452c51d53f0ac3029f2388b854000b1293fc4a1e29310d4a8fb38d160b",,"2025-01-21T12:55:00.000","30","TRAFFIC SIGNAL","FUNCTIONING PROPERLY","CLEAR","DAYLIGHT","PEDESTRIAN","DIVIDED - W/MEDIAN (NOT RAISED)",,"STRAIGHT AND LEVEL","UNKNOWN","UNKNOWN","NOT ON SCENE (DESK REPORT)","NO INJURY / DRIVE AWAY",,,,"$500 OR LESS","2025-01-21T14:30:00.000","UNABLE TO DETERMINE","NOT APPLICABLE","5700","S","COTTAGE GROVE AVE","233",,,,,,,"2","NO INDICATION OF INJURY","0","0","0","0","0","2","0","12","3","1","41.7912332589","-87.6062982132","POINT (-87.606298213182 41.791233258933)"
"7e0ae846a1e7dabaf69181d45b418a15cc8fad8d5e974d17fd6fa37614c9503124f900992db45cc608db9e523dcebf4b95877370ead9c256b56340b57e5a71be",,"2025-01-21T12:40:00.000","30","NO CONTROLS","NO CONTROLS","CLEAR","DAYLIGHT","ANGLE","OTHER",,"STRAIGHT AND LEVEL","DRY","NO DEFECTS","NOT ON SCENE (DESK REPORT)","INJURY AND / OR TOW DUE TO CRASH",,"Y",,"$501 - $1,500","2025-01-21T13:30:00.000","UNABLE TO DETERMINE","UNABLE TO DETERMINE","8146","S","COTTAGE GROVE AVE","631",,,,,,,"2","REPORTED, NOT EVIDENT","1","0","0","0","1","1","0","12","3","1","41.7462278822","-87.6052430302","POINT (-87.60524303022 41.746227882243)"
"3ddd7b3a50438326ab01c1dc214983022cc2937ed6c3997eab94a1394e74215f6a5f802c2429b37d353d9b4aca832201339d3b6e3bd3a65400ba55bfeee2bf8b",,"2025-01-21T12:30:00.000","25","NO CONTROLS","NO CONTROLS","CLEAR","DAYLIGHT","PARKED MOTOR VEHICLE","NOT DIVIDED",,"STRAIGHT AND LEVEL","DRY","NO DEFECTS","ON SCENE","NO INJURY / DRIVE AWAY",,,,"OVER $1,500","2025-01-21T12:35:00.000","DRIVING SKILLS/KNOWLEDGE/EXPERIENCE","UNABLE TO DETERMINE","2751","W","DEVON AVE","2413",,,,,,,"2","NO INDICATION OF INJURY","0","0","0","0","0","1","0","12","3","1","41.9974591515","-87.6991421749","POINT (-87.699142174939 41.997459151515)"
"415872b165e5e95348dce108d2dd70326185ac51ff593619bdb0f4da5c1e0ca24ade3d8b060279ab7267182605a4ad23f0b04254f92e6a6f106c57ebacd96b56",,"2025-01-21T12:30:00.000","10","NO CONTROLS","NO CONTROLS","CLEAR","DAYLIGHT","HEAD ON","PARKING LOT",,"STRAIGHT AND LEVEL","DRY","NO DEFECTS","NOT ON SCENE (DESK REPORT)","NO INJURY / DRIVE AWAY",,,,"OVER $1,500","2025-01-21T13:00:00.000","NOT APPLICABLE","NOT APPLICABLE","6014","S","COTTAGE GROVE AVE","313",,,,,,,"2","NO INDICATION OF INJURY","0","0","0","0","0","2","0","12","3","1","41.785387445","-87.606183761","POINT (-87.606183761008 41.785387444959)"
"487482cf6c73f4e7e5b2bacf4661a4fb1255bc824f965c1d0746e7c8931170568c1ed05a0b4814b543cd94a92ec22a919c034f6457fedf0240e11c6fd67802a0",,"2025-01-21T12:30:00.000","30","TRAFFIC SIGNAL","FUNCTIONING PROPERLY","CLEAR","DAYLIGHT","TURNING","DIVIDED - W/MEDIAN (NOT RAISED)",,"STRAIGHT AND LEVEL","UNKNOWN","UNKNOWN","NOT ON SCENE (DESK REPORT)","NO INJURY / DRIVE AWAY","Y",,,"OVER $1,500","2025-01-21T12:30:00.000","UNABLE TO DETERMINE","NOT APPLICABLE","6800","W","GRAND AVE","2512",,,,,,,"2","NO INDICATION OF INJURY","0","0","0","0","0","2","0","12","3","1","41.9237081929","-87.7953007812","POINT (-87.795300781231 41.92370819286)"
"a7d34ef1f9063694737c8acd8e754616a36064fa5d5308804a8f044b8c6847f0226599e1dced617feb34b7b5b658c0409bcae30793f4f3bc9bebaea03e24534a",,"2025-01-21T12:30:00.000","15","NO CONTROLS","NO CONTROLS","CLEAR","DAYLIGHT","PEDESTRIAN","PARKING LOT",,"STRAIGHT AND LEVEL","DRY","NO DEFECTS",,"INJURY AND / OR TOW DUE TO CRASH",,"Y","Y","$500 OR LESS","2025-01-21T12:33:00.000","UNABLE TO DETERMINE","UNABLE TO DETERMINE","5960","W","IRVING PARK RD","1624",,,,,,,"2","REPORTED, NOT EVIDENT","1","0","0","0","1","1","0","12","3","1","41.9531678239","-87.7767203871","POINT (-87.776720387061 41.953167823917)"
"49e262ce5698e0f8ff4259f595ba96097c4e250522e55cf3ef8b50a5c4e5bb8eb2d3fab9d9dbc38fc1fd30efd484758c2e74626d5a1d93f97aa67a40749b3928",,"2025-01-21T12:25:00.000","30","NO CONTROLS","NO CONTROLS","CLEAR","DAYLIGHT","SIDESWIPE SAME DIRECTION","NOT DIVIDED",,"STRAIGHT AND LEVEL","DRY","NO DEFECTS","NOT ON SCENE (DESK REPORT)","NO INJURY / DRIVE AWAY",,,,"OVER $1,500","2025-01-21T12:40:00.000","FAILING TO YIELD RIGHT-OF-WAY","IMPROPER LANE USAGE","727","E","61ST ST","313",,,,,,,"2","NO INDICATION OF INJURY","0","0","0","0","0","2","0","12","3","1","41.7839198469","-87.607468897","POINT (-87.607468897048 41.783919846867)"
"c913f408d6a28fece2dfc05f5cb3e88d71df1bd27c334ad1562b72ee8754dc672579eb3e943fad90667c1ff72d321ff4b25ff485e11b5dd781d3f29b625325c9",,"2025-01-21T12:10:00.000","30","NO CONTROLS","NO CONTROLS","CLEAR","DAYLIGHT","PARKED MOTOR VEHICLE","PARKING LOT",,"STRAIGHT AND LEVEL","DRY","NO DEFECTS","NOT ON SCENE (DESK REPORT)","NO INJURY / DRIVE AWAY",,"Y",,"$501 - $1,500","2025-01-21T12:43:00.000","IMPROPER TURNING/NO SIGNAL","UNABLE TO DETERMINE","5353","N","ELSTON AVE","1621",,,,,,,"2","NO INDICATION OF INJURY","0","0","0","0","0","1","0","12","3","1","41.9787102644","-87.757153772","POINT (-87.757153772042 41.978710264377)"
"5d429516f30c0cf40b3520b50fe1f5adb4af845a303caeb8f5df1b588591c0f6175036c637dc3af665c5ea98ca5e640181d35060f844907454fc1f8dfe30c0f3",,"2025-01-21T12:05:00.000","30","STOP SIGN/FLASHER","FUNCTIONING PROPERLY","CLEAR","DAYLIGHT","ANGLE","UNKNOWN INTERSECTION TYPE",,"STRAIGHT AND LEVEL","DRY","NO DEFECTS","ON SCENE","INJURY AND / OR TOW DUE TO CRASH","Y",,"Y","OVER $1,500","2025-01-21T12:13:00.000","DISREGARDING STOP SIGN","FAILING TO YIELD RIGHT-OF-WAY","2300","S","CALIFORNIA AVE","1033",,,,,,,"2","REPORTED, NOT EVIDENT","1","0","0","0","1","1","0","12","3","1","41.850031719","-87.6955434727","POINT (-87.695543472666 41.850031719008)"
"d16c007257a9b76254774aa00514022f0ae5bebb564ce4eea2ccfe1f32f2bb189567ac9cf1714f836062e750907691ab2dbfd33c800366e9c3a4523cf8a5b03d",,"2025-01-21T12:03:00.000","45","NO CONTROLS","NO CONTROLS","CLEAR","DAYLIGHT","PARKED MOTOR VEHICLE","ONE-WAY",,"STRAIGHT AND LEVEL","DRY","NO DEFECTS","ON SCENE","INJURY AND / OR TOW DUE TO CRASH",,,,"OVER $1,500","2025-01-21T12:04:00.000","UNABLE TO DETERMINE","UNABLE TO DETERMINE","3201","N","LAKE SHORE DR NB","1925","Y","Y",,,,,"3","INCAPACITATING INJURY","1","0","1","0","0","1","0","12","3","1","41.9406183489","-87.638193901","POINT (-87.63819390104 41.94061834887)"
"ae8b36315911e39d3a698055565d19546caa2fe0f15a5e29d7cbe348e5c337549d9d37f0eb386c956aa3ca4e4b5b199ec222a89a71a4fd548233d049b67b637f",,"2025-01-21T12:00:00.000","25","NO CONTROLS","NO CONTROLS","UNKNOWN","DAYLIGHT","PARKED MOTOR VEHICLE","OTHER",,"STRAIGHT AND LEVEL","UNKNOWN","NO DEFECTS","NOT ON SCENE (DESK REPORT)","NO INJURY / DRIVE AWAY",,,"Y","OVER $1,500","2025-01-25T10:30:00.000","ROAD CONSTRUCTION/MAINTENANCE","NOT APPLICABLE","4111","W","CERMAK RD","1013",,,,,,,"2","NO INDICATION OF INJURY","0","0","0","0","0","1","0","12","3","1","41.8513902048","-87.7278234267","POINT (-87.727823426733 41.851390204778)"
"9ed7a87beb37bbc2f3570d258bcf27b3659aa946bfddfd646e194a9a920503c37151b4909316caba69cff6a4251b3488ea8ee1b30a23acb92c43a512c714f2b4",,"2025-01-21T11:45:00.000","30","TRAFFIC SIGNAL","FUNCTIONING PROPERLY","CLEAR","DAYLIGHT","SIDESWIPE SAME DIRECTION","NOT DIVIDED",,"STRAIGHT AND LEVEL","WET","NO DEFECTS","NOT ON SCENE (DESK REPORT)","NO INJURY / DRIVE AWAY",,,,"OVER $1,500","2025-01-21T12:05:00.000","UNABLE TO DETERMINE","UNABLE TO DETERMINE","800","W","ADDISON ST","1923",,,,,,,"2","NO INDICATION OF INJURY","0","0","0","0","0","2","0","11","3","1","41.9474264204","-87.649540425","POINT (-87.649540424981 41.9474264204)"
"f8affe6e4478dc1f9259976a2c08665481d299c5101ad73476eefa9b09c03956c41531ce29da5948df4a8f35258b8e1ea147a034cea60a4d39ab2d14e96795fb",,"2025-01-21T11:45:00.000","30","NO CONTROLS","NO CONTROLS","CLEAR","DAYLIGHT","PARKED MOTOR VEHICLE","NOT DIVIDED",,"STRAIGHT AND LEVEL","DRY","NO DEFECTS","NOT ON SCENE (DESK REPORT)","NO INJURY / DRIVE AWAY",,,,"OVER $1,500","2025-01-21T17:25:00.000","IMPROPER BACKING","UNABLE TO DETERMINE","4635","W","LAKE ST","1113",,,,,,,"2","NO INDICATION OF INJURY","0","0","0","0","0","1","0","11","3","1","41.8862694019","-87.7417763682","POINT (-87.741776368184 41.886269401882)"
"405f81a4004966e3967d6625a0832aaee500f5cb8b5262f752ccc644924063cb64f2874a623ea4cc6a5ebf392dbbca1e9f479ca09c10f2651fb5b59a064bd283",,"2025-01-21T11:43:00.000","30","UNKNOWN","UNKNOWN","UNKNOWN","UNKNOWN","TURNING","FOUR WAY",,"STRAIGHT AND LEVEL","UNKNOWN","UNKNOWN","NOT ON SCENE (DESK REPORT)","NO INJURY / DRIVE AWAY","Y",,,"OVER $1,500","2025-01-21T14:38:00.000","UNABLE TO DETERMINE","UNABLE TO DETERMINE","1025","S","PAULINA ST","1231",,,,,,,"2","NO INDICATION OF INJURY","0","0","0","0","0","2","0","11","3","1","41.8684547539","-87.6687993635","POINT (-87.668799363493 41.86845475391)"
"d1a414eba872f74f29c6650cb6198fd03ec18678997d8b89533f2332f5057e1de6c82ffbaa709e31997ef082bba0e89d3e3cb4db4873b3880783ea83db4c385f",,"2025-01-21T11:40:00.000","30","NO CONTROLS","NO CONTROLS","CLEAR","DAYLIGHT","PARKED MOTOR VEHICLE","NOT DIVIDED",,"STRAIGHT AND LEVEL","DRY","NO DEFECTS","NOT ON SCENE (DESK REPORT)","NO INJURY / DRIVE AWAY",,,,"OVER $1,500","2025-01-21T16:40:00.000","DRIVING SKILLS/KNOWLEDGE/EXPERIENCE","NOT APPLICABLE","3535","W","26TH ST","1032",,,,,,,"2","NO INDICATION OF INJURY","0","0","0","0","0","1","0","11","3","1","41.8442889384","-87.7137109183","POINT (-87.713710918278 41.844288938448)"
"f9a4a7c958991e85e42dcb0f860045045d15821cbe77d40fee778e0aaa832406bdc7fefb43ee70854a1e852c1504e46c0cd46f77a8c952bd31c0c31623236a1b",,"2025-01-21T11:40:00.000","30","STOP SIGN/FLASHER","UNKNOWN","CLEAR","DAYLIGHT","ANGLE","FOUR WAY",,"STRAIGHT AND LEVEL","UNKNOWN","UNKNOWN","NOT ON SCENE (DESK REPORT)","NO INJURY / DRIVE AWAY","Y",,,"OVER $1,500","2025-01-21T12:50:00.000","UNABLE TO DETERMINE","UNABLE TO DETERMINE","800","W","ADDISON ST","1923",,,,,,,"2","NO INDICATION OF INJURY","0","0","0","0","0","2","0","11","3","1","41.9474264204","-87.649540425","POINT (-87.649540424981 41.9474264204)"
"e9b79d2cea4c95de1fce70c99ba8b026caebf9526d7ddcde5430649204c939eca28ca12fc88c047b62169a0294ed2a02b6776d05a354cb38fa0343ad22591fdc",,"2025-01-21T11:30:00.000","30","NO CONTROLS","NO CONTROLS","CLEAR","DAYLIGHT","FIXED OBJECT","ALLEY",,"STRAIGHT AND LEVEL","DRY","UNKNOWN","ON SCENE","NO INJURY / DRIVE AWAY",,,,"OVER $1,500","2025-01-21T11:47:00.000","NOT APPLICABLE","NOT APPLICABLE","6428","S","HARVARD AVE","722",,,,,,,"1","NO INDICATION OF INJURY","0","0","0","0","0","1","0","11","3","1","41.7772394124","-87.6335081527","POINT (-87.633508152727 41.777239412444)"
"733d42a45ab2d2be63f7e74468b4ba7c7e1827cdfad2dcf65ef87f1424f49f3147fd6778fd510f08838f0f40db67282c70782d0c2217458fc1e2c670cab671c6",,"2025-01-21T11:25:00.000","30","NO CONTROLS","NO CONTROLS","CLEAR","DAYLIGHT","SIDESWIPE SAME DIRECTION","NOT DIVIDED",,"STRAIGHT AND LEVEL","DRY","NO DEFECTS","NOT ON SCENE (DESK REPORT)","NO INJURY / DRIVE AWAY",,,,"OVER $1,500","2025-02-05T18:02:00.000","FAILING TO YIELD RIGHT-OF-WAY","NOT APPLICABLE","3410","W","79TH ST","835",,,,,,,"2","NO INDICATION OF INJURY","0","0","0","0","0","3","0","11","3","1","41.7498921259","-87.7077614511","POINT (-87.707761451059 41.749892125891)"
"313e0a114b92eda0255ac99af3c89f1aace9b7965a09eae111f15124463689327a07063c2244e4a9ac07a6fbed4fc04a1f073d0ceda4e7372e342689f6296562",,"2025-01-21T11:23:00.000","30","NO CONTROLS","NO CONTROLS","CLEAR","DAYLIGHT","SIDESWIPE SAME DIRECTION","NOT DIVIDED",,"STRAIGHT AND LEVEL","DRY","NO DEFECTS","ON SCENE","INJURY AND / OR TOW DUE TO CRASH",,,,"OVER $1,500","2025-01-21T11:25:00.000","PHYSICAL CONDITION OF DRIVER","NOT APPLICABLE","1534","W","LAWRENCE AVE","2032",,,,,,,"2","NONINCAPACITATING INJURY","1","0","0","1","0","1","0","11","3","1","41.9689878224","-87.6690112266","POINT (-87.669011226613 41.968987822412)"